PDF,Seite,Bitfeld,MSB,LSB,Schreibweise
rm0351-stm32l47xxx-stm32l48xxx-stm32l49xxx-and-stm32l4axxx-advanced-armbased-32bit-mcus-stmicroelectronics_dfsdm_regmap.pdf,1,CNVCNT,27,0,CNVCNT[27:0]
rm0351-stm32l47xxx-stm32l48xxx-stm32l49xxx-and-stm32l4axxx-advanced-armbased-32bit-mcus-stmicroelectronics_dfsdm_regmap.pdf,1,CNVCNT,27,0,CNVCNT[27:0]
rm0351-stm32l47xxx-stm32l48xxx-stm32l49xxx-and-stm32l4axxx-advanced-armbased-32bit-mcus-stmicroelectronics_dfsdm_regmap.pdf,1,FOSR,9,0,FOSR[9:0]
rm0351-stm32l47xxx-stm32l48xxx-stm32l49xxx-and-stm32l4axxx-advanced-armbased-32bit-mcus-stmicroelectronics_dfsdm_regmap.pdf,1,CNVCNT,27,0,CNVCNT[27:0]
rm0351-stm32l47xxx-stm32l48xxx-stm32l49xxx-and-stm32l4axxx-advanced-armbased-32bit-mcus-stmicroelectronics_dfsdm_regmap.pdf,1,FOSR,9,0,FOSR[9:0]
rm0351-stm32l47xxx-stm32l48xxx-stm32l49xxx-and-stm32l4axxx-advanced-armbased-32bit-mcus-stmicroelectronics_dfsdm_regmap.pdf,1,CKOUTDIV,7,0,CKOUTDIV[7:0]
rm0351-stm32l47xxx-stm32l48xxx-stm32l49xxx-and-stm32l4axxx-advanced-armbased-32bit-mcus-stmicroelectronics_dfsdm_regmap.pdf,1,OFFSET,23,0,OFFSET[23:0]
rm0351-stm32l47xxx-stm32l48xxx-stm32l49xxx-and-stm32l4axxx-advanced-armbased-32bit-mcus-stmicroelectronics_dfsdm_regmap.pdf,1,DTRBS,4,0,DTRBS[4:0]
rm0351-stm32l47xxx-stm32l48xxx-stm32l49xxx-and-stm32l4axxx-advanced-armbased-32bit-mcus-stmicroelectronics_dfsdm_regmap.pdf,1,AWFOSR,4,0,AWFOSR[4:0]
rm0351-stm32l47xxx-stm32l48xxx-stm32l49xxx-and-stm32l4axxx-advanced-armbased-32bit-mcus-stmicroelectronics_dfsdm_regmap.pdf,1,BKSCD,3,0,BKSCD[3:0]
rm0351-stm32l47xxx-stm32l48xxx-stm32l49xxx-and-stm32l4axxx-advanced-armbased-32bit-mcus-stmicroelectronics_dfsdm_regmap.pdf,1,SCDT,7,0,SCDT[7:0]
rm0351-stm32l47xxx-stm32l48xxx-stm32l49xxx-and-stm32l4axxx-advanced-armbased-32bit-mcus-stmicroelectronics_dfsdm_regmap.pdf,1,WDATA,15,0,WDATA[15:0]
rm0351-stm32l47xxx-stm32l48xxx-stm32l49xxx-and-stm32l4axxx-advanced-armbased-32bit-mcus-stmicroelectronics_dfsdm_regmap.pdf,1,INDAT1,15,0,INDAT1[15:0]
rm0351-stm32l47xxx-stm32l48xxx-stm32l49xxx-and-stm32l4axxx-advanced-armbased-32bit-mcus-stmicroelectronics_dfsdm_regmap.pdf,1,INDAT0,15,0,INDAT0[15:0]
rm0351-stm32l47xxx-stm32l48xxx-stm32l49xxx-and-stm32l4axxx-advanced-armbased-32bit-mcus-stmicroelectronics_dfsdm_regmap.pdf,2,OFFSET,23,0,OFFSET[23:0]
rm0351-stm32l47xxx-stm32l48xxx-stm32l49xxx-and-stm32l4axxx-advanced-armbased-32bit-mcus-stmicroelectronics_dfsdm_regmap.pdf,2,DTRBS,4,0,DTRBS[4:0]
rm0351-stm32l47xxx-stm32l48xxx-stm32l49xxx-and-stm32l4axxx-advanced-armbased-32bit-mcus-stmicroelectronics_dfsdm_regmap.pdf,2,AWFOSR,4,0,AWFOSR[4:0]
rm0351-stm32l47xxx-stm32l48xxx-stm32l49xxx-and-stm32l4axxx-advanced-armbased-32bit-mcus-stmicroelectronics_dfsdm_regmap.pdf,2,BKSCD,3,0,BKSCD[3:0]
rm0351-stm32l47xxx-stm32l48xxx-stm32l49xxx-and-stm32l4axxx-advanced-armbased-32bit-mcus-stmicroelectronics_dfsdm_regmap.pdf,2,SCDT,7,0,SCDT[7:0]
rm0351-stm32l47xxx-stm32l48xxx-stm32l49xxx-and-stm32l4axxx-advanced-armbased-32bit-mcus-stmicroelectronics_dfsdm_regmap.pdf,2,WDATA,15,0,WDATA[15:0]
rm0351-stm32l47xxx-stm32l48xxx-stm32l49xxx-and-stm32l4axxx-advanced-armbased-32bit-mcus-stmicroelectronics_dfsdm_regmap.pdf,2,INDAT1,15,0,INDAT1[15:0]
rm0351-stm32l47xxx-stm32l48xxx-stm32l49xxx-and-stm32l4axxx-advanced-armbased-32bit-mcus-stmicroelectronics_dfsdm_regmap.pdf,2,INDAT0,15,0,INDAT0[15:0]
rm0351-stm32l47xxx-stm32l48xxx-stm32l49xxx-and-stm32l4axxx-advanced-armbased-32bit-mcus-stmicroelectronics_dfsdm_regmap.pdf,2,OFFSET,23,0,OFFSET[23:0]
rm0351-stm32l47xxx-stm32l48xxx-stm32l49xxx-and-stm32l4axxx-advanced-armbased-32bit-mcus-stmicroelectronics_dfsdm_regmap.pdf,2,DTRBS,4,0,DTRBS[4:0]
rm0351-stm32l47xxx-stm32l48xxx-stm32l49xxx-and-stm32l4axxx-advanced-armbased-32bit-mcus-stmicroelectronics_dfsdm_regmap.pdf,2,AWFOSR,4,0,AWFOSR[4:0]
rm0351-stm32l47xxx-stm32l48xxx-stm32l49xxx-and-stm32l4axxx-advanced-armbased-32bit-mcus-stmicroelectronics_dfsdm_regmap.pdf,2,BKSCD,3,0,BKSCD[3:0]
rm0351-stm32l47xxx-stm32l48xxx-stm32l49xxx-and-stm32l4axxx-advanced-armbased-32bit-mcus-stmicroelectronics_dfsdm_regmap.pdf,2,SCDT,7,0,SCDT[7:0]
rm0351-stm32l47xxx-stm32l48xxx-stm32l49xxx-and-stm32l4axxx-advanced-armbased-32bit-mcus-stmicroelectronics_dfsdm_regmap.pdf,2,WDATA,15,0,WDATA[15:0]
rm0351-stm32l47xxx-stm32l48xxx-stm32l49xxx-and-stm32l4axxx-advanced-armbased-32bit-mcus-stmicroelectronics_dfsdm_regmap.pdf,2,INDAT1,15,0,INDAT1[15:0]
rm0351-stm32l47xxx-stm32l48xxx-stm32l49xxx-and-stm32l4axxx-advanced-armbased-32bit-mcus-stmicroelectronics_dfsdm_regmap.pdf,2,INDAT0,15,0,INDAT0[15:0]
rm0351-stm32l47xxx-stm32l48xxx-stm32l49xxx-and-stm32l4axxx-advanced-armbased-32bit-mcus-stmicroelectronics_dfsdm_regmap.pdf,2,OFFSET,23,0,OFFSET[23:0]
rm0351-stm32l47xxx-stm32l48xxx-stm32l49xxx-and-stm32l4axxx-advanced-armbased-32bit-mcus-stmicroelectronics_dfsdm_regmap.pdf,2,DTRBS,4,0,DTRBS[4:0]
rm0351-stm32l47xxx-stm32l48xxx-stm32l49xxx-and-stm32l4axxx-advanced-armbased-32bit-mcus-stmicroelectronics_dfsdm_regmap.pdf,3,AWFOSR,4,0,AWFOSR[4:0]
rm0351-stm32l47xxx-stm32l48xxx-stm32l49xxx-and-stm32l4axxx-advanced-armbased-32bit-mcus-stmicroelectronics_dfsdm_regmap.pdf,3,BKSCD,3,0,BKSCD[3:0]
rm0351-stm32l47xxx-stm32l48xxx-stm32l49xxx-and-stm32l4axxx-advanced-armbased-32bit-mcus-stmicroelectronics_dfsdm_regmap.pdf,3,SCDT,7,0,SCDT[7:0]
rm0351-stm32l47xxx-stm32l48xxx-stm32l49xxx-and-stm32l4axxx-advanced-armbased-32bit-mcus-stmicroelectronics_dfsdm_regmap.pdf,3,WDATA,15,0,WDATA[15:0]
rm0351-stm32l47xxx-stm32l48xxx-stm32l49xxx-and-stm32l4axxx-advanced-armbased-32bit-mcus-stmicroelectronics_dfsdm_regmap.pdf,3,INDAT1,15,0,INDAT1[15:0]
rm0351-stm32l47xxx-stm32l48xxx-stm32l49xxx-and-stm32l4axxx-advanced-armbased-32bit-mcus-stmicroelectronics_dfsdm_regmap.pdf,3,INDAT0,15,0,INDAT0[15:0]
rm0351-stm32l47xxx-stm32l48xxx-stm32l49xxx-and-stm32l4axxx-advanced-armbased-32bit-mcus-stmicroelectronics_dfsdm_regmap.pdf,3,OFFSET,23,0,OFFSET[23:0]
rm0351-stm32l47xxx-stm32l48xxx-stm32l49xxx-and-stm32l4axxx-advanced-armbased-32bit-mcus-stmicroelectronics_dfsdm_regmap.pdf,3,DTRBS,4,0,DTRBS[4:0]
rm0351-stm32l47xxx-stm32l48xxx-stm32l49xxx-and-stm32l4axxx-advanced-armbased-32bit-mcus-stmicroelectronics_dfsdm_regmap.pdf,3,AWFOSR,4,0,AWFOSR[4:0]
rm0351-stm32l47xxx-stm32l48xxx-stm32l49xxx-and-stm32l4axxx-advanced-armbased-32bit-mcus-stmicroelectronics_dfsdm_regmap.pdf,3,BKSCD,3,0,BKSCD[3:0]
rm0351-stm32l47xxx-stm32l48xxx-stm32l49xxx-and-stm32l4axxx-advanced-armbased-32bit-mcus-stmicroelectronics_dfsdm_regmap.pdf,3,SCDT,7,0,SCDT[7:0]
rm0351-stm32l47xxx-stm32l48xxx-stm32l49xxx-and-stm32l4axxx-advanced-armbased-32bit-mcus-stmicroelectronics_dfsdm_regmap.pdf,3,WDATA,15,0,WDATA[15:0]
rm0351-stm32l47xxx-stm32l48xxx-stm32l49xxx-and-stm32l4axxx-advanced-armbased-32bit-mcus-stmicroelectronics_dfsdm_regmap.pdf,3,INDAT1,15,0,INDAT1[15:0]
rm0351-stm32l47xxx-stm32l48xxx-stm32l49xxx-and-stm32l4axxx-advanced-armbased-32bit-mcus-stmicroelectronics_dfsdm_regmap.pdf,3,INDAT0,15,0,INDAT0[15:0]
rm0351-stm32l47xxx-stm32l48xxx-stm32l49xxx-and-stm32l4axxx-advanced-armbased-32bit-mcus-stmicroelectronics_dfsdm_regmap.pdf,3,OFFSET,23,0,OFFSET[23:0]
rm0351-stm32l47xxx-stm32l48xxx-stm32l49xxx-and-stm32l4axxx-advanced-armbased-32bit-mcus-stmicroelectronics_dfsdm_regmap.pdf,3,DTRBS,4,0,DTRBS[4:0]
rm0351-stm32l47xxx-stm32l48xxx-stm32l49xxx-and-stm32l4axxx-advanced-armbased-32bit-mcus-stmicroelectronics_dfsdm_regmap.pdf,3,AWFOSR,4,0,AWFOSR[4:0]
rm0351-stm32l47xxx-stm32l48xxx-stm32l49xxx-and-stm32l4axxx-advanced-armbased-32bit-mcus-stmicroelectronics_dfsdm_regmap.pdf,3,BKSCD,3,0,BKSCD[3:0]
rm0351-stm32l47xxx-stm32l48xxx-stm32l49xxx-and-stm32l4axxx-advanced-armbased-32bit-mcus-stmicroelectronics_dfsdm_regmap.pdf,3,SCDT,7,0,SCDT[7:0]
rm0351-stm32l47xxx-stm32l48xxx-stm32l49xxx-and-stm32l4axxx-advanced-armbased-32bit-mcus-stmicroelectronics_dfsdm_regmap.pdf,4,WDATA,15,0,WDATA[15:0]
rm0351-stm32l47xxx-stm32l48xxx-stm32l49xxx-and-stm32l4axxx-advanced-armbased-32bit-mcus-stmicroelectronics_dfsdm_regmap.pdf,4,INDAT1,15,0,INDAT1[15:0]
rm0351-stm32l47xxx-stm32l48xxx-stm32l49xxx-and-stm32l4axxx-advanced-armbased-32bit-mcus-stmicroelectronics_dfsdm_regmap.pdf,4,INDAT0,15,0,INDAT0[15:0]
rm0351-stm32l47xxx-stm32l48xxx-stm32l49xxx-and-stm32l4axxx-advanced-armbased-32bit-mcus-stmicroelectronics_dfsdm_regmap.pdf,4,OFFSET,23,0,OFFSET[23:0]
rm0351-stm32l47xxx-stm32l48xxx-stm32l49xxx-and-stm32l4axxx-advanced-armbased-32bit-mcus-stmicroelectronics_dfsdm_regmap.pdf,4,DTRBS,4,0,DTRBS[4:0]
rm0351-stm32l47xxx-stm32l48xxx-stm32l49xxx-and-stm32l4axxx-advanced-armbased-32bit-mcus-stmicroelectronics_dfsdm_regmap.pdf,4,AWFOSR,4,0,AWFOSR[4:0]
rm0351-stm32l47xxx-stm32l48xxx-stm32l49xxx-and-stm32l4axxx-advanced-armbased-32bit-mcus-stmicroelectronics_dfsdm_regmap.pdf,4,BKSCD,3,0,BKSCD[3:0]
rm0351-stm32l47xxx-stm32l48xxx-stm32l49xxx-and-stm32l4axxx-advanced-armbased-32bit-mcus-stmicroelectronics_dfsdm_regmap.pdf,4,SCDT,7,0,SCDT[7:0]
rm0351-stm32l47xxx-stm32l48xxx-stm32l49xxx-and-stm32l4axxx-advanced-armbased-32bit-mcus-stmicroelectronics_dfsdm_regmap.pdf,4,WDATA,15,0,WDATA[15:0]
rm0351-stm32l47xxx-stm32l48xxx-stm32l49xxx-and-stm32l4axxx-advanced-armbased-32bit-mcus-stmicroelectronics_dfsdm_regmap.pdf,4,INDAT1,15,0,INDAT1[15:0]
rm0351-stm32l47xxx-stm32l48xxx-stm32l49xxx-and-stm32l4axxx-advanced-armbased-32bit-mcus-stmicroelectronics_dfsdm_regmap.pdf,4,INDAT0,15,0,INDAT0[15:0]
rm0351-stm32l47xxx-stm32l48xxx-stm32l49xxx-and-stm32l4axxx-advanced-armbased-32bit-mcus-stmicroelectronics_dfsdm_regmap.pdf,4,OFFSET,23,0,OFFSET[23:0]
rm0351-stm32l47xxx-stm32l48xxx-stm32l49xxx-and-stm32l4axxx-advanced-armbased-32bit-mcus-stmicroelectronics_dfsdm_regmap.pdf,4,DTRBS,4,0,DTRBS[4:0]
rm0351-stm32l47xxx-stm32l48xxx-stm32l49xxx-and-stm32l4axxx-advanced-armbased-32bit-mcus-stmicroelectronics_dfsdm_regmap.pdf,4,AWFOSR,4,0,AWFOSR[4:0]
rm0351-stm32l47xxx-stm32l48xxx-stm32l49xxx-and-stm32l4axxx-advanced-armbased-32bit-mcus-stmicroelectronics_dfsdm_regmap.pdf,4,BKSCD,3,0,BKSCD[3:0]
rm0351-stm32l47xxx-stm32l48xxx-stm32l49xxx-and-stm32l4axxx-advanced-armbased-32bit-mcus-stmicroelectronics_dfsdm_regmap.pdf,4,SCDT,7,0,SCDT[7:0]
rm0351-stm32l47xxx-stm32l48xxx-stm32l49xxx-and-stm32l4axxx-advanced-armbased-32bit-mcus-stmicroelectronics_dfsdm_regmap.pdf,4,WDATA,15,0,WDATA[15:0]
rm0351-stm32l47xxx-stm32l48xxx-stm32l49xxx-and-stm32l4axxx-advanced-armbased-32bit-mcus-stmicroelectronics_dfsdm_regmap.pdf,4,INDAT1,15,0,INDAT1[15:0]
rm0351-stm32l47xxx-stm32l48xxx-stm32l49xxx-and-stm32l4axxx-advanced-armbased-32bit-mcus-stmicroelectronics_dfsdm_regmap.pdf,4,INDAT0,15,0,INDAT0[15:0]
rm0351-stm32l47xxx-stm32l48xxx-stm32l49xxx-and-stm32l4axxx-advanced-armbased-32bit-mcus-stmicroelectronics_dfsdm_regmap.pdf,5,RCH,2,0,RCH[2:0]
rm0351-stm32l47xxx-stm32l48xxx-stm32l49xxx-and-stm32l4axxx-advanced-armbased-32bit-mcus-stmicroelectronics_dfsdm_regmap.pdf,5,AWDCH,7,0,AWDCH[7:0]
rm0351-stm32l47xxx-stm32l48xxx-stm32l49xxx-and-stm32l4axxx-advanced-armbased-32bit-mcus-stmicroelectronics_dfsdm_regmap.pdf,5,EXCH,7,0,EXCH[7:0]
rm0351-stm32l47xxx-stm32l48xxx-stm32l49xxx-and-stm32l4axxx-advanced-armbased-32bit-mcus-stmicroelectronics_dfsdm_regmap.pdf,5,SCDF,7,0,SCDF[7:0]
rm0351-stm32l47xxx-stm32l48xxx-stm32l49xxx-and-stm32l4axxx-advanced-armbased-32bit-mcus-stmicroelectronics_dfsdm_regmap.pdf,5,CKABF,7,0,CKABF[7:0]
rm0351-stm32l47xxx-stm32l48xxx-stm32l49xxx-and-stm32l4axxx-advanced-armbased-32bit-mcus-stmicroelectronics_dfsdm_regmap.pdf,5,CLRSCDF,7,0,CLRSCDF[7:0]
rm0351-stm32l47xxx-stm32l48xxx-stm32l49xxx-and-stm32l4axxx-advanced-armbased-32bit-mcus-stmicroelectronics_dfsdm_regmap.pdf,5,CLRCKABF,7,0,CLRCKABF[7:0]
rm0351-stm32l47xxx-stm32l48xxx-stm32l49xxx-and-stm32l4axxx-advanced-armbased-32bit-mcus-stmicroelectronics_dfsdm_regmap.pdf,5,JCHG,7,0,JCHG[7:0]
rm0351-stm32l47xxx-stm32l48xxx-stm32l49xxx-and-stm32l4axxx-advanced-armbased-32bit-mcus-stmicroelectronics_dfsdm_regmap.pdf,5,FOSR,9,0,FOSR[9:0]
rm0351-stm32l47xxx-stm32l48xxx-stm32l49xxx-and-stm32l4axxx-advanced-armbased-32bit-mcus-stmicroelectronics_dfsdm_regmap.pdf,5,IOSR,7,0,IOSR[7:0]
rm0351-stm32l47xxx-stm32l48xxx-stm32l49xxx-and-stm32l4axxx-advanced-armbased-32bit-mcus-stmicroelectronics_dfsdm_regmap.pdf,5,JDATA,23,0,JDATA[23:0]
rm0351-stm32l47xxx-stm32l48xxx-stm32l49xxx-and-stm32l4axxx-advanced-armbased-32bit-mcus-stmicroelectronics_dfsdm_regmap.pdf,5,RDATA,23,0,RDATA[23:0]
rm0351-stm32l47xxx-stm32l48xxx-stm32l49xxx-and-stm32l4axxx-advanced-armbased-32bit-mcus-stmicroelectronics_dfsdm_regmap.pdf,5,CH,2,0,CH[2:0]
rm0351-stm32l47xxx-stm32l48xxx-stm32l49xxx-and-stm32l4axxx-advanced-armbased-32bit-mcus-stmicroelectronics_dfsdm_regmap.pdf,5,AWHT,23,0,AWHT[23:0]
rm0351-stm32l47xxx-stm32l48xxx-stm32l49xxx-and-stm32l4axxx-advanced-armbased-32bit-mcus-stmicroelectronics_dfsdm_regmap.pdf,5,BKAWH,3,0,BKAWH[3:0]
rm0351-stm32l47xxx-stm32l48xxx-stm32l49xxx-and-stm32l4axxx-advanced-armbased-32bit-mcus-stmicroelectronics_dfsdm_regmap.pdf,5,AWLT,23,0,AWLT[23:0]
rm0351-stm32l47xxx-stm32l48xxx-stm32l49xxx-and-stm32l4axxx-advanced-armbased-32bit-mcus-stmicroelectronics_dfsdm_regmap.pdf,5,BKAWL,3,0,BKAWL[3:0]
rm0351-stm32l47xxx-stm32l48xxx-stm32l49xxx-and-stm32l4axxx-advanced-armbased-32bit-mcus-stmicroelectronics_dfsdm_regmap.pdf,5,AWHTF,7,0,AWHTF[7:0]
rm0351-stm32l47xxx-stm32l48xxx-stm32l49xxx-and-stm32l4axxx-advanced-armbased-32bit-mcus-stmicroelectronics_dfsdm_regmap.pdf,5,AWLTF,7,0,AWLTF[7:0]
rm0351-stm32l47xxx-stm32l48xxx-stm32l49xxx-and-stm32l4axxx-advanced-armbased-32bit-mcus-stmicroelectronics_dfsdm_regmap.pdf,5,CLRAWHTF,7,0,CLRAWHTF[7:0]
rm0351-stm32l47xxx-stm32l48xxx-stm32l49xxx-and-stm32l4axxx-advanced-armbased-32bit-mcus-stmicroelectronics_dfsdm_regmap.pdf,5,CLRAWLTF,7,0,CLRAWLTF[7:0]
rm0351-stm32l47xxx-stm32l48xxx-stm32l49xxx-and-stm32l4axxx-advanced-armbased-32bit-mcus-stmicroelectronics_dfsdm_regmap.pdf,6,EXMAX,23,0,EXMAX[23:0]
rm0351-stm32l47xxx-stm32l48xxx-stm32l49xxx-and-stm32l4axxx-advanced-armbased-32bit-mcus-stmicroelectronics_dfsdm_regmap.pdf,6,EXMIN,23,0,EXMIN[23:0]
rm0351-stm32l47xxx-stm32l48xxx-stm32l49xxx-and-stm32l4axxx-advanced-armbased-32bit-mcus-stmicroelectronics_dfsdm_regmap.pdf,6,CNVCNT,27,0,CNVCNT[27:0]
rm0351-stm32l47xxx-stm32l48xxx-stm32l49xxx-and-stm32l4axxx-advanced-armbased-32bit-mcus-stmicroelectronics_dfsdm_regmap.pdf,6,RCH,2,0,RCH[2:0]
rm0351-stm32l47xxx-stm32l48xxx-stm32l49xxx-and-stm32l4axxx-advanced-armbased-32bit-mcus-stmicroelectronics_dfsdm_regmap.pdf,6,AWDCH,7,0,AWDCH[7:0]
rm0351-stm32l47xxx-stm32l48xxx-stm32l49xxx-and-stm32l4axxx-advanced-armbased-32bit-mcus-stmicroelectronics_dfsdm_regmap.pdf,6,EXCH,7,0,EXCH[7:0]
rm0351-stm32l47xxx-stm32l48xxx-stm32l49xxx-and-stm32l4axxx-advanced-armbased-32bit-mcus-stmicroelectronics_dfsdm_regmap.pdf,6,JCHG,7,0,JCHG[7:0]
rm0351-stm32l47xxx-stm32l48xxx-stm32l49xxx-and-stm32l4axxx-advanced-armbased-32bit-mcus-stmicroelectronics_dfsdm_regmap.pdf,6,FOSR,9,0,FOSR[9:0]
rm0351-stm32l47xxx-stm32l48xxx-stm32l49xxx-and-stm32l4axxx-advanced-armbased-32bit-mcus-stmicroelectronics_dfsdm_regmap.pdf,6,IOSR,7,0,IOSR[7:0]
rm0351-stm32l47xxx-stm32l48xxx-stm32l49xxx-and-stm32l4axxx-advanced-armbased-32bit-mcus-stmicroelectronics_dfsdm_regmap.pdf,6,JDATA,23,0,JDATA[23:0]
rm0351-stm32l47xxx-stm32l48xxx-stm32l49xxx-and-stm32l4axxx-advanced-armbased-32bit-mcus-stmicroelectronics_dfsdm_regmap.pdf,7,RDATA,23,0,RDATA[23:0]
rm0351-stm32l47xxx-stm32l48xxx-stm32l49xxx-and-stm32l4axxx-advanced-armbased-32bit-mcus-stmicroelectronics_dfsdm_regmap.pdf,7,CH,2,0,CH[2:0]
rm0351-stm32l47xxx-stm32l48xxx-stm32l49xxx-and-stm32l4axxx-advanced-armbased-32bit-mcus-stmicroelectronics_dfsdm_regmap.pdf,7,AWHT,23,0,AWHT[23:0]
rm0351-stm32l47xxx-stm32l48xxx-stm32l49xxx-and-stm32l4axxx-advanced-armbased-32bit-mcus-stmicroelectronics_dfsdm_regmap.pdf,7,BKAWH,3,0,BKAWH[3:0]
rm0351-stm32l47xxx-stm32l48xxx-stm32l49xxx-and-stm32l4axxx-advanced-armbased-32bit-mcus-stmicroelectronics_dfsdm_regmap.pdf,7,AWLT,23,0,AWLT[23:0]
rm0351-stm32l47xxx-stm32l48xxx-stm32l49xxx-and-stm32l4axxx-advanced-armbased-32bit-mcus-stmicroelectronics_dfsdm_regmap.pdf,7,BKAWL,3,0,BKAWL[3:0]
rm0351-stm32l47xxx-stm32l48xxx-stm32l49xxx-and-stm32l4axxx-advanced-armbased-32bit-mcus-stmicroelectronics_dfsdm_regmap.pdf,7,AWHTF,7,0,AWHTF[7:0]
rm0351-stm32l47xxx-stm32l48xxx-stm32l49xxx-and-stm32l4axxx-advanced-armbased-32bit-mcus-stmicroelectronics_dfsdm_regmap.pdf,7,AWLTF,7,0,AWLTF[7:0]
rm0351-stm32l47xxx-stm32l48xxx-stm32l49xxx-and-stm32l4axxx-advanced-armbased-32bit-mcus-stmicroelectronics_dfsdm_regmap.pdf,7,CLRAWHTF,7,0,CLRAWHTF[7:0]
rm0351-stm32l47xxx-stm32l48xxx-stm32l49xxx-and-stm32l4axxx-advanced-armbased-32bit-mcus-stmicroelectronics_dfsdm_regmap.pdf,7,CLRAWLTF,7,0,CLRAWLTF[7:0]
rm0351-stm32l47xxx-stm32l48xxx-stm32l49xxx-and-stm32l4axxx-advanced-armbased-32bit-mcus-stmicroelectronics_dfsdm_regmap.pdf,7,EXMAX,23,0,EXMAX[23:0]
rm0351-stm32l47xxx-stm32l48xxx-stm32l49xxx-and-stm32l4axxx-advanced-armbased-32bit-mcus-stmicroelectronics_dfsdm_regmap.pdf,7,EXMIN,23,0,EXMIN[23:0]
rm0351-stm32l47xxx-stm32l48xxx-stm32l49xxx-and-stm32l4axxx-advanced-armbased-32bit-mcus-stmicroelectronics_dfsdm_regmap.pdf,7,CNVCNT,27,0,CNVCNT[27:0]
rm0351-stm32l47xxx-stm32l48xxx-stm32l49xxx-and-stm32l4axxx-advanced-armbased-32bit-mcus-stmicroelectronics_dfsdm_regmap.pdf,7,RCH,2,0,RCH[2:0]
rm0351-stm32l47xxx-stm32l48xxx-stm32l49xxx-and-stm32l4axxx-advanced-armbased-32bit-mcus-stmicroelectronics_dfsdm_regmap.pdf,7,AWDCH,7,0,AWDCH[7:0]
rm0351-stm32l47xxx-stm32l48xxx-stm32l49xxx-and-stm32l4axxx-advanced-armbased-32bit-mcus-stmicroelectronics_dfsdm_regmap.pdf,7,EXCH,7,0,EXCH[7:0]
rm0351-stm32l47xxx-stm32l48xxx-stm32l49xxx-and-stm32l4axxx-advanced-armbased-32bit-mcus-stmicroelectronics_dfsdm_regmap.pdf,8,JCHG,7,0,JCHG[7:0]
rm0351-stm32l47xxx-stm32l48xxx-stm32l49xxx-and-stm32l4axxx-advanced-armbased-32bit-mcus-stmicroelectronics_dfsdm_regmap.pdf,8,FOSR,9,0,FOSR[9:0]
rm0351-stm32l47xxx-stm32l48xxx-stm32l49xxx-and-stm32l4axxx-advanced-armbased-32bit-mcus-stmicroelectronics_dfsdm_regmap.pdf,8,IOSR,7,0,IOSR[7:0]
rm0351-stm32l47xxx-stm32l48xxx-stm32l49xxx-and-stm32l4axxx-advanced-armbased-32bit-mcus-stmicroelectronics_dfsdm_regmap.pdf,8,JDATA,23,0,JDATA[23:0]
rm0351-stm32l47xxx-stm32l48xxx-stm32l49xxx-and-stm32l4axxx-advanced-armbased-32bit-mcus-stmicroelectronics_dfsdm_regmap.pdf,8,RDATA,23,0,RDATA[23:0]
rm0351-stm32l47xxx-stm32l48xxx-stm32l49xxx-and-stm32l4axxx-advanced-armbased-32bit-mcus-stmicroelectronics_dfsdm_regmap.pdf,8,CH,2,0,CH[2:0]
rm0351-stm32l47xxx-stm32l48xxx-stm32l49xxx-and-stm32l4axxx-advanced-armbased-32bit-mcus-stmicroelectronics_dfsdm_regmap.pdf,8,AWHT,23,0,AWHT[23:0]
rm0351-stm32l47xxx-stm32l48xxx-stm32l49xxx-and-stm32l4axxx-advanced-armbased-32bit-mcus-stmicroelectronics_dfsdm_regmap.pdf,8,BKAWH,3,0,BKAWH[3:0]
rm0351-stm32l47xxx-stm32l48xxx-stm32l49xxx-and-stm32l4axxx-advanced-armbased-32bit-mcus-stmicroelectronics_dfsdm_regmap.pdf,8,AWLT,23,0,AWLT[23:0]
rm0351-stm32l47xxx-stm32l48xxx-stm32l49xxx-and-stm32l4axxx-advanced-armbased-32bit-mcus-stmicroelectronics_dfsdm_regmap.pdf,8,BKAWL,3,0,BKAWL[3:0]
rm0351-stm32l47xxx-stm32l48xxx-stm32l49xxx-and-stm32l4axxx-advanced-armbased-32bit-mcus-stmicroelectronics_dfsdm_regmap.pdf,8,AWHTF,7,0,AWHTF[7:0]
rm0351-stm32l47xxx-stm32l48xxx-stm32l49xxx-and-stm32l4axxx-advanced-armbased-32bit-mcus-stmicroelectronics_dfsdm_regmap.pdf,8,AWLTF,7,0,AWLTF[7:0]
rm0351-stm32l47xxx-stm32l48xxx-stm32l49xxx-and-stm32l4axxx-advanced-armbased-32bit-mcus-stmicroelectronics_dfsdm_regmap.pdf,8,CLRAWHTF,7,0,CLRAWHTF[7:0]
rm0351-stm32l47xxx-stm32l48xxx-stm32l49xxx-and-stm32l4axxx-advanced-armbased-32bit-mcus-stmicroelectronics_dfsdm_regmap.pdf,8,CLRAWLTF,7,0,CLRAWLTF[7:0]
rm0351-stm32l47xxx-stm32l48xxx-stm32l49xxx-and-stm32l4axxx-advanced-armbased-32bit-mcus-stmicroelectronics_dfsdm_regmap.pdf,8,EXMAX,23,0,EXMAX[23:0]
rm0351-stm32l47xxx-stm32l48xxx-stm32l49xxx-and-stm32l4axxx-advanced-armbased-32bit-mcus-stmicroelectronics_dfsdm_regmap.pdf,8,EXMIN,23,0,EXMIN[23:0]
rm0351-stm32l47xxx-stm32l48xxx-stm32l49xxx-and-stm32l4axxx-advanced-armbased-32bit-mcus-stmicroelectronics_dfsdm_regmap.pdf,8,CNVCNT,27,0,CNVCNT[27:0]
rm0351-stm32l47xxx-stm32l48xxx-stm32l49xxx-and-stm32l4axxx-advanced-armbased-32bit-mcus-stmicroelectronics_dfsdm_regmap.pdf,8,RCH,2,0,RCH[2:0]
rm0351-stm32l47xxx-stm32l48xxx-stm32l49xxx-and-stm32l4axxx-advanced-armbased-32bit-mcus-stmicroelectronics_dfsdm_regmap.pdf,9,AWDCH,7,0,AWDCH[7:0]
rm0351-stm32l47xxx-stm32l48xxx-stm32l49xxx-and-stm32l4axxx-advanced-armbased-32bit-mcus-stmicroelectronics_dfsdm_regmap.pdf,9,EXCH,7,0,EXCH[7:0]
rm0351-stm32l47xxx-stm32l48xxx-stm32l49xxx-and-stm32l4axxx-advanced-armbased-32bit-mcus-stmicroelectronics_dfsdm_regmap.pdf,9,JCHG,7,0,JCHG[7:0]
rm0351-stm32l47xxx-stm32l48xxx-stm32l49xxx-and-stm32l4axxx-advanced-armbased-32bit-mcus-stmicroelectronics_dfsdm_regmap.pdf,9,FOSR,9,0,FOSR[9:0]
rm0351-stm32l47xxx-stm32l48xxx-stm32l49xxx-and-stm32l4axxx-advanced-armbased-32bit-mcus-stmicroelectronics_dfsdm_regmap.pdf,9,IOSR,7,0,IOSR[7:0]
rm0351-stm32l47xxx-stm32l48xxx-stm32l49xxx-and-stm32l4axxx-advanced-armbased-32bit-mcus-stmicroelectronics_dfsdm_regmap.pdf,9,JDATA,23,0,JDATA[23:0]
rm0351-stm32l47xxx-stm32l48xxx-stm32l49xxx-and-stm32l4axxx-advanced-armbased-32bit-mcus-stmicroelectronics_dfsdm_regmap.pdf,9,RDATA,23,0,RDATA[23:0]
rm0351-stm32l47xxx-stm32l48xxx-stm32l49xxx-and-stm32l4axxx-advanced-armbased-32bit-mcus-stmicroelectronics_dfsdm_regmap.pdf,9,CH,2,0,CH[2:0]
rm0351-stm32l47xxx-stm32l48xxx-stm32l49xxx-and-stm32l4axxx-advanced-armbased-32bit-mcus-stmicroelectronics_dfsdm_regmap.pdf,9,AWHT,23,0,AWHT[23:0]
rm0351-stm32l47xxx-stm32l48xxx-stm32l49xxx-and-stm32l4axxx-advanced-armbased-32bit-mcus-stmicroelectronics_dfsdm_regmap.pdf,9,BKAWH,3,0,BKAWH[3:0]
rm0351-stm32l47xxx-stm32l48xxx-stm32l49xxx-and-stm32l4axxx-advanced-armbased-32bit-mcus-stmicroelectronics_dfsdm_regmap.pdf,9,AWLT,23,0,AWLT[23:0]
rm0351-stm32l47xxx-stm32l48xxx-stm32l49xxx-and-stm32l4axxx-advanced-armbased-32bit-mcus-stmicroelectronics_dfsdm_regmap.pdf,9,BKAWL,3,0,BKAWL[3:0]
rm0351-stm32l47xxx-stm32l48xxx-stm32l49xxx-and-stm32l4axxx-advanced-armbased-32bit-mcus-stmicroelectronics_dfsdm_regmap.pdf,9,AWHTF,7,0,AWHTF[7:0]
rm0351-stm32l47xxx-stm32l48xxx-stm32l49xxx-and-stm32l4axxx-advanced-armbased-32bit-mcus-stmicroelectronics_dfsdm_regmap.pdf,9,AWLTF,7,0,AWLTF[7:0]
rm0351-stm32l47xxx-stm32l48xxx-stm32l49xxx-and-stm32l4axxx-advanced-armbased-32bit-mcus-stmicroelectronics_dfsdm_regmap.pdf,9,CLRAWHTF,7,0,CLRAWHTF[7:0]
rm0351-stm32l47xxx-stm32l48xxx-stm32l49xxx-and-stm32l4axxx-advanced-armbased-32bit-mcus-stmicroelectronics_dfsdm_regmap.pdf,9,CLRAWLTF,7,0,CLRAWLTF[7:0]
rm0351-stm32l47xxx-stm32l48xxx-stm32l49xxx-and-stm32l4axxx-advanced-armbased-32bit-mcus-stmicroelectronics_dfsdm_regmap.pdf,9,EXMAX,23,0,EXMAX[23:0]
rm0351-stm32l47xxx-stm32l48xxx-stm32l49xxx-and-stm32l4axxx-advanced-armbased-32bit-mcus-stmicroelectronics_dfsdm_regmap.pdf,10,EXMIN,23,0,EXMIN[23:0]
rm0351-stm32l47xxx-stm32l48xxx-stm32l49xxx-and-stm32l4axxx-advanced-armbased-32bit-mcus-stmicroelectronics_dfsdm_regmap.pdf,10,CNVCNT,27,0,CNVCNT[27:0]
rm0394-stm32l41xxx42xxx43xxx44xxx45xxx46xxx-advanced-armbased-32bit-mcus-stmicroelectronics_dfsdm_regmap.pdf,1,CKOUTDIV,7,0,CKOUTDIV[7:0]
rm0394-stm32l41xxx42xxx43xxx44xxx45xxx46xxx-advanced-armbased-32bit-mcus-stmicroelectronics_dfsdm_regmap.pdf,1,OFFSET,23,0,OFFSET[23:0]
rm0394-stm32l41xxx42xxx43xxx44xxx45xxx46xxx-advanced-armbased-32bit-mcus-stmicroelectronics_dfsdm_regmap.pdf,1,DTRBS,4,0,DTRBS[4:0]
rm0394-stm32l41xxx42xxx43xxx44xxx45xxx46xxx-advanced-armbased-32bit-mcus-stmicroelectronics_dfsdm_regmap.pdf,1,AWFOSR,4,0,AWFOSR[4:0]
rm0394-stm32l41xxx42xxx43xxx44xxx45xxx46xxx-advanced-armbased-32bit-mcus-stmicroelectronics_dfsdm_regmap.pdf,1,BKSCD,3,0,BKSCD[3:0]
rm0394-stm32l41xxx42xxx43xxx44xxx45xxx46xxx-advanced-armbased-32bit-mcus-stmicroelectronics_dfsdm_regmap.pdf,1,SCDT,7,0,SCDT[7:0]
rm0394-stm32l41xxx42xxx43xxx44xxx45xxx46xxx-advanced-armbased-32bit-mcus-stmicroelectronics_dfsdm_regmap.pdf,1,WDATA,15,0,WDATA[15:0]
rm0394-stm32l41xxx42xxx43xxx44xxx45xxx46xxx-advanced-armbased-32bit-mcus-stmicroelectronics_dfsdm_regmap.pdf,1,INDAT1,15,0,INDAT1[15:0]
rm0394-stm32l41xxx42xxx43xxx44xxx45xxx46xxx-advanced-armbased-32bit-mcus-stmicroelectronics_dfsdm_regmap.pdf,1,INDAT0,15,0,INDAT0[15:0]
rm0394-stm32l41xxx42xxx43xxx44xxx45xxx46xxx-advanced-armbased-32bit-mcus-stmicroelectronics_dfsdm_regmap.pdf,1,OFFSET,23,0,OFFSET[23:0]
rm0394-stm32l41xxx42xxx43xxx44xxx45xxx46xxx-advanced-armbased-32bit-mcus-stmicroelectronics_dfsdm_regmap.pdf,1,DTRBS,4,0,DTRBS[4:0]
rm0394-stm32l41xxx42xxx43xxx44xxx45xxx46xxx-advanced-armbased-32bit-mcus-stmicroelectronics_dfsdm_regmap.pdf,1,AWFOSR,4,0,AWFOSR[4:0]
rm0394-stm32l41xxx42xxx43xxx44xxx45xxx46xxx-advanced-armbased-32bit-mcus-stmicroelectronics_dfsdm_regmap.pdf,1,BKSCD,3,0,BKSCD[3:0]
rm0394-stm32l41xxx42xxx43xxx44xxx45xxx46xxx-advanced-armbased-32bit-mcus-stmicroelectronics_dfsdm_regmap.pdf,1,SCDT,7,0,SCDT[7:0]
rm0394-stm32l41xxx42xxx43xxx44xxx45xxx46xxx-advanced-armbased-32bit-mcus-stmicroelectronics_dfsdm_regmap.pdf,1,WDATA,15,0,WDATA[15:0]
rm0394-stm32l41xxx42xxx43xxx44xxx45xxx46xxx-advanced-armbased-32bit-mcus-stmicroelectronics_dfsdm_regmap.pdf,1,INDAT1,15,0,INDAT1[15:0]
rm0394-stm32l41xxx42xxx43xxx44xxx45xxx46xxx-advanced-armbased-32bit-mcus-stmicroelectronics_dfsdm_regmap.pdf,1,INDAT0,15,0,INDAT0[15:0]
rm0394-stm32l41xxx42xxx43xxx44xxx45xxx46xxx-advanced-armbased-32bit-mcus-stmicroelectronics_dfsdm_regmap.pdf,2,OFFSET,23,0,OFFSET[23:0]
rm0394-stm32l41xxx42xxx43xxx44xxx45xxx46xxx-advanced-armbased-32bit-mcus-stmicroelectronics_dfsdm_regmap.pdf,2,DTRBS,4,0,DTRBS[4:0]
rm0394-stm32l41xxx42xxx43xxx44xxx45xxx46xxx-advanced-armbased-32bit-mcus-stmicroelectronics_dfsdm_regmap.pdf,2,AWFOSR,4,0,AWFOSR[4:0]
rm0394-stm32l41xxx42xxx43xxx44xxx45xxx46xxx-advanced-armbased-32bit-mcus-stmicroelectronics_dfsdm_regmap.pdf,2,BKSCD,3,0,BKSCD[3:0]
rm0394-stm32l41xxx42xxx43xxx44xxx45xxx46xxx-advanced-armbased-32bit-mcus-stmicroelectronics_dfsdm_regmap.pdf,2,SCDT,7,0,SCDT[7:0]
rm0394-stm32l41xxx42xxx43xxx44xxx45xxx46xxx-advanced-armbased-32bit-mcus-stmicroelectronics_dfsdm_regmap.pdf,2,WDATA,15,0,WDATA[15:0]
rm0394-stm32l41xxx42xxx43xxx44xxx45xxx46xxx-advanced-armbased-32bit-mcus-stmicroelectronics_dfsdm_regmap.pdf,2,INDAT1,15,0,INDAT1[15:0]
rm0394-stm32l41xxx42xxx43xxx44xxx45xxx46xxx-advanced-armbased-32bit-mcus-stmicroelectronics_dfsdm_regmap.pdf,2,INDAT0,15,0,INDAT0[15:0]
rm0394-stm32l41xxx42xxx43xxx44xxx45xxx46xxx-advanced-armbased-32bit-mcus-stmicroelectronics_dfsdm_regmap.pdf,2,OFFSET,23,0,OFFSET[23:0]
rm0394-stm32l41xxx42xxx43xxx44xxx45xxx46xxx-advanced-armbased-32bit-mcus-stmicroelectronics_dfsdm_regmap.pdf,2,DTRBS,4,0,DTRBS[4:0]
rm0394-stm32l41xxx42xxx43xxx44xxx45xxx46xxx-advanced-armbased-32bit-mcus-stmicroelectronics_dfsdm_regmap.pdf,2,AWFOSR,4,0,AWFOSR[4:0]
rm0394-stm32l41xxx42xxx43xxx44xxx45xxx46xxx-advanced-armbased-32bit-mcus-stmicroelectronics_dfsdm_regmap.pdf,2,BKSCD,3,0,BKSCD[3:0]
rm0394-stm32l41xxx42xxx43xxx44xxx45xxx46xxx-advanced-armbased-32bit-mcus-stmicroelectronics_dfsdm_regmap.pdf,2,SCDT,7,0,SCDT[7:0]
rm0394-stm32l41xxx42xxx43xxx44xxx45xxx46xxx-advanced-armbased-32bit-mcus-stmicroelectronics_dfsdm_regmap.pdf,2,WDATA,15,0,WDATA[15:0]
rm0394-stm32l41xxx42xxx43xxx44xxx45xxx46xxx-advanced-armbased-32bit-mcus-stmicroelectronics_dfsdm_regmap.pdf,2,INDAT1,15,0,INDAT1[15:0]
rm0394-stm32l41xxx42xxx43xxx44xxx45xxx46xxx-advanced-armbased-32bit-mcus-stmicroelectronics_dfsdm_regmap.pdf,2,INDAT0,15,0,INDAT0[15:0]
rm0394-stm32l41xxx42xxx43xxx44xxx45xxx46xxx-advanced-armbased-32bit-mcus-stmicroelectronics_dfsdm_regmap.pdf,3,AWDCH,3,0,AWDCH[3:0]
rm0394-stm32l41xxx42xxx43xxx44xxx45xxx46xxx-advanced-armbased-32bit-mcus-stmicroelectronics_dfsdm_regmap.pdf,3,EXCH,3,0,EXCH[3:0]
rm0394-stm32l41xxx42xxx43xxx44xxx45xxx46xxx-advanced-armbased-32bit-mcus-stmicroelectronics_dfsdm_regmap.pdf,3,SCDF,3,0,SCDF[3:0]
rm0394-stm32l41xxx42xxx43xxx44xxx45xxx46xxx-advanced-armbased-32bit-mcus-stmicroelectronics_dfsdm_regmap.pdf,3,CKABF,3,0,CKABF[3:0]
rm0394-stm32l41xxx42xxx43xxx44xxx45xxx46xxx-advanced-armbased-32bit-mcus-stmicroelectronics_dfsdm_regmap.pdf,3,CLRSCDF,3,0,CLRSCDF[3:0]
rm0394-stm32l41xxx42xxx43xxx44xxx45xxx46xxx-advanced-armbased-32bit-mcus-stmicroelectronics_dfsdm_regmap.pdf,3,CLRCKABF,3,0,CLRCKABF[3:0]
rm0394-stm32l41xxx42xxx43xxx44xxx45xxx46xxx-advanced-armbased-32bit-mcus-stmicroelectronics_dfsdm_regmap.pdf,3,JCHG,3,0,JCHG[3:0]
rm0394-stm32l41xxx42xxx43xxx44xxx45xxx46xxx-advanced-armbased-32bit-mcus-stmicroelectronics_dfsdm_regmap.pdf,3,FOSR,9,0,FOSR[9:0]
rm0394-stm32l41xxx42xxx43xxx44xxx45xxx46xxx-advanced-armbased-32bit-mcus-stmicroelectronics_dfsdm_regmap.pdf,3,IOSR,7,0,IOSR[7:0]
rm0394-stm32l41xxx42xxx43xxx44xxx45xxx46xxx-advanced-armbased-32bit-mcus-stmicroelectronics_dfsdm_regmap.pdf,3,JDATA,23,0,JDATA[23:0]
rm0394-stm32l41xxx42xxx43xxx44xxx45xxx46xxx-advanced-armbased-32bit-mcus-stmicroelectronics_dfsdm_regmap.pdf,3,RDATA,23,0,RDATA[23:0]
rm0394-stm32l41xxx42xxx43xxx44xxx45xxx46xxx-advanced-armbased-32bit-mcus-stmicroelectronics_dfsdm_regmap.pdf,3,AWHT,23,0,AWHT[23:0]
rm0394-stm32l41xxx42xxx43xxx44xxx45xxx46xxx-advanced-armbased-32bit-mcus-stmicroelectronics_dfsdm_regmap.pdf,3,BKAWH,3,0,BKAWH[3:0]
rm0394-stm32l41xxx42xxx43xxx44xxx45xxx46xxx-advanced-armbased-32bit-mcus-stmicroelectronics_dfsdm_regmap.pdf,3,AWLT,23,0,AWLT[23:0]
rm0394-stm32l41xxx42xxx43xxx44xxx45xxx46xxx-advanced-armbased-32bit-mcus-stmicroelectronics_dfsdm_regmap.pdf,3,BKAWL,3,0,BKAWL[3:0]
rm0394-stm32l41xxx42xxx43xxx44xxx45xxx46xxx-advanced-armbased-32bit-mcus-stmicroelectronics_dfsdm_regmap.pdf,3,AWHTF,3,0,AWHTF[3:0]
rm0394-stm32l41xxx42xxx43xxx44xxx45xxx46xxx-advanced-armbased-32bit-mcus-stmicroelectronics_dfsdm_regmap.pdf,3,AWLTF,3,0,AWLTF[3:0]
rm0394-stm32l41xxx42xxx43xxx44xxx45xxx46xxx-advanced-armbased-32bit-mcus-stmicroelectronics_dfsdm_regmap.pdf,3,CLRAWHTF,3,0,CLRAWHTF[3:0]
rm0394-stm32l41xxx42xxx43xxx44xxx45xxx46xxx-advanced-armbased-32bit-mcus-stmicroelectronics_dfsdm_regmap.pdf,3,CLRAWLTF,3,0,CLRAWLTF[3:0]
rm0394-stm32l41xxx42xxx43xxx44xxx45xxx46xxx-advanced-armbased-32bit-mcus-stmicroelectronics_dfsdm_regmap.pdf,3,EXMAX,23,0,EXMAX[23:0]
rm0394-stm32l41xxx42xxx43xxx44xxx45xxx46xxx-advanced-armbased-32bit-mcus-stmicroelectronics_dfsdm_regmap.pdf,4,EXMIN,23,0,EXMIN[23:0]
rm0394-stm32l41xxx42xxx43xxx44xxx45xxx46xxx-advanced-armbased-32bit-mcus-stmicroelectronics_dfsdm_regmap.pdf,4,CNVCNT,27,0,CNVCNT[27:0]
rm0394-stm32l41xxx42xxx43xxx44xxx45xxx46xxx-advanced-armbased-32bit-mcus-stmicroelectronics_dfsdm_regmap.pdf,4,AWDCH,3,0,AWDCH[3:0]
rm0394-stm32l41xxx42xxx43xxx44xxx45xxx46xxx-advanced-armbased-32bit-mcus-stmicroelectronics_dfsdm_regmap.pdf,4,EXCH,3,0,EXCH[3:0]
rm0394-stm32l41xxx42xxx43xxx44xxx45xxx46xxx-advanced-armbased-32bit-mcus-stmicroelectronics_dfsdm_regmap.pdf,4,JCHG,3,0,JCHG[3:0]
rm0394-stm32l41xxx42xxx43xxx44xxx45xxx46xxx-advanced-armbased-32bit-mcus-stmicroelectronics_dfsdm_regmap.pdf,4,FOSR,9,0,FOSR[9:0]
rm0394-stm32l41xxx42xxx43xxx44xxx45xxx46xxx-advanced-armbased-32bit-mcus-stmicroelectronics_dfsdm_regmap.pdf,4,IOSR,7,0,IOSR[7:0]
rm0394-stm32l41xxx42xxx43xxx44xxx45xxx46xxx-advanced-armbased-32bit-mcus-stmicroelectronics_dfsdm_regmap.pdf,4,JDATA,23,0,JDATA[23:0]
rm0394-stm32l41xxx42xxx43xxx44xxx45xxx46xxx-advanced-armbased-32bit-mcus-stmicroelectronics_dfsdm_regmap.pdf,4,RDATA,23,0,RDATA[23:0]
rm0394-stm32l41xxx42xxx43xxx44xxx45xxx46xxx-advanced-armbased-32bit-mcus-stmicroelectronics_dfsdm_regmap.pdf,4,AWHT,23,0,AWHT[23:0]
rm0394-stm32l41xxx42xxx43xxx44xxx45xxx46xxx-advanced-armbased-32bit-mcus-stmicroelectronics_dfsdm_regmap.pdf,4,BKAWH,3,0,BKAWH[3:0]
rm0394-stm32l41xxx42xxx43xxx44xxx45xxx46xxx-advanced-armbased-32bit-mcus-stmicroelectronics_dfsdm_regmap.pdf,5,AWLT,23,0,AWLT[23:0]
rm0394-stm32l41xxx42xxx43xxx44xxx45xxx46xxx-advanced-armbased-32bit-mcus-stmicroelectronics_dfsdm_regmap.pdf,5,BKAWL,3,0,BKAWL[3:0]
rm0394-stm32l41xxx42xxx43xxx44xxx45xxx46xxx-advanced-armbased-32bit-mcus-stmicroelectronics_dfsdm_regmap.pdf,5,AWHTF,3,0,AWHTF[3:0]
rm0394-stm32l41xxx42xxx43xxx44xxx45xxx46xxx-advanced-armbased-32bit-mcus-stmicroelectronics_dfsdm_regmap.pdf,5,AWLTF,3,0,AWLTF[3:0]
rm0394-stm32l41xxx42xxx43xxx44xxx45xxx46xxx-advanced-armbased-32bit-mcus-stmicroelectronics_dfsdm_regmap.pdf,5,CLRAWHTF,3,0,CLRAWHTF[3:0]
rm0394-stm32l41xxx42xxx43xxx44xxx45xxx46xxx-advanced-armbased-32bit-mcus-stmicroelectronics_dfsdm_regmap.pdf,5,CLRAWLTF,3,0,CLRAWLTF[3:0]
rm0394-stm32l41xxx42xxx43xxx44xxx45xxx46xxx-advanced-armbased-32bit-mcus-stmicroelectronics_dfsdm_regmap.pdf,5,EXMAX,23,0,EXMAX[23:0]
rm0394-stm32l41xxx42xxx43xxx44xxx45xxx46xxx-advanced-armbased-32bit-mcus-stmicroelectronics_dfsdm_regmap.pdf,5,EXMIN,23,0,EXMIN[23:0]
rm0394-stm32l41xxx42xxx43xxx44xxx45xxx46xxx-advanced-armbased-32bit-mcus-stmicroelectronics_dfsdm_regmap.pdf,5,CNVCNT,27,0,CNVCNT[27:0]
rm0399-stm32h745755-and-stm32h747757-advanced-armbased-32bit-mcus-stmicroelectronics_dfsdm_regmap.pdf,1,CNVCNT,27,0,CNVCNT[27:0]
rm0399-stm32h745755-and-stm32h747757-advanced-armbased-32bit-mcus-stmicroelectronics_dfsdm_regmap.pdf,1,CNVCNT,27,0,CNVCNT[27:0]
rm0399-stm32h745755-and-stm32h747757-advanced-armbased-32bit-mcus-stmicroelectronics_dfsdm_regmap.pdf,1,FOSR,9,0,FOSR[9:0]
rm0399-stm32h745755-and-stm32h747757-advanced-armbased-32bit-mcus-stmicroelectronics_dfsdm_regmap.pdf,1,CNVCNT,27,0,CNVCNT[27:0]
rm0399-stm32h745755-and-stm32h747757-advanced-armbased-32bit-mcus-stmicroelectronics_dfsdm_regmap.pdf,1,FOSR,9,0,FOSR[9:0]
rm0399-stm32h745755-and-stm32h747757-advanced-armbased-32bit-mcus-stmicroelectronics_dfsdm_regmap.pdf,1,CKOUTDIV,7,0,CKOUTDIV[7:0]
rm0399-stm32h745755-and-stm32h747757-advanced-armbased-32bit-mcus-stmicroelectronics_dfsdm_regmap.pdf,1,OFFSET,23,0,OFFSET[23:0]
rm0399-stm32h745755-and-stm32h747757-advanced-armbased-32bit-mcus-stmicroelectronics_dfsdm_regmap.pdf,1,DTRBS,4,0,DTRBS[4:0]
rm0399-stm32h745755-and-stm32h747757-advanced-armbased-32bit-mcus-stmicroelectronics_dfsdm_regmap.pdf,1,AWFOSR,4,0,AWFOSR[4:0]
rm0399-stm32h745755-and-stm32h747757-advanced-armbased-32bit-mcus-stmicroelectronics_dfsdm_regmap.pdf,1,BKSCD,3,0,BKSCD[3:0]
rm0399-stm32h745755-and-stm32h747757-advanced-armbased-32bit-mcus-stmicroelectronics_dfsdm_regmap.pdf,1,SCDT,7,0,SCDT[7:0]
rm0399-stm32h745755-and-stm32h747757-advanced-armbased-32bit-mcus-stmicroelectronics_dfsdm_regmap.pdf,1,WDATA,15,0,WDATA[15:0]
rm0399-stm32h745755-and-stm32h747757-advanced-armbased-32bit-mcus-stmicroelectronics_dfsdm_regmap.pdf,1,INDAT1,15,0,INDAT1[15:0]
rm0399-stm32h745755-and-stm32h747757-advanced-armbased-32bit-mcus-stmicroelectronics_dfsdm_regmap.pdf,1,INDAT0,15,0,INDAT0[15:0]
rm0399-stm32h745755-and-stm32h747757-advanced-armbased-32bit-mcus-stmicroelectronics_dfsdm_regmap.pdf,2,OFFSET,23,0,OFFSET[23:0]
rm0399-stm32h745755-and-stm32h747757-advanced-armbased-32bit-mcus-stmicroelectronics_dfsdm_regmap.pdf,2,DTRBS,4,0,DTRBS[4:0]
rm0399-stm32h745755-and-stm32h747757-advanced-armbased-32bit-mcus-stmicroelectronics_dfsdm_regmap.pdf,2,AWFOSR,4,0,AWFOSR[4:0]
rm0399-stm32h745755-and-stm32h747757-advanced-armbased-32bit-mcus-stmicroelectronics_dfsdm_regmap.pdf,2,BKSCD,3,0,BKSCD[3:0]
rm0399-stm32h745755-and-stm32h747757-advanced-armbased-32bit-mcus-stmicroelectronics_dfsdm_regmap.pdf,2,SCDT,7,0,SCDT[7:0]
rm0399-stm32h745755-and-stm32h747757-advanced-armbased-32bit-mcus-stmicroelectronics_dfsdm_regmap.pdf,2,WDATA,15,0,WDATA[15:0]
rm0399-stm32h745755-and-stm32h747757-advanced-armbased-32bit-mcus-stmicroelectronics_dfsdm_regmap.pdf,2,INDAT1,15,0,INDAT1[15:0]
rm0399-stm32h745755-and-stm32h747757-advanced-armbased-32bit-mcus-stmicroelectronics_dfsdm_regmap.pdf,2,INDAT0,15,0,INDAT0[15:0]
rm0399-stm32h745755-and-stm32h747757-advanced-armbased-32bit-mcus-stmicroelectronics_dfsdm_regmap.pdf,2,OFFSET,23,0,OFFSET[23:0]
rm0399-stm32h745755-and-stm32h747757-advanced-armbased-32bit-mcus-stmicroelectronics_dfsdm_regmap.pdf,2,DTRBS,4,0,DTRBS[4:0]
rm0399-stm32h745755-and-stm32h747757-advanced-armbased-32bit-mcus-stmicroelectronics_dfsdm_regmap.pdf,2,AWFOSR,4,0,AWFOSR[4:0]
rm0399-stm32h745755-and-stm32h747757-advanced-armbased-32bit-mcus-stmicroelectronics_dfsdm_regmap.pdf,2,BKSCD,3,0,BKSCD[3:0]
rm0399-stm32h745755-and-stm32h747757-advanced-armbased-32bit-mcus-stmicroelectronics_dfsdm_regmap.pdf,2,SCDT,7,0,SCDT[7:0]
rm0399-stm32h745755-and-stm32h747757-advanced-armbased-32bit-mcus-stmicroelectronics_dfsdm_regmap.pdf,2,WDATA,15,0,WDATA[15:0]
rm0399-stm32h745755-and-stm32h747757-advanced-armbased-32bit-mcus-stmicroelectronics_dfsdm_regmap.pdf,2,INDAT1,15,0,INDAT1[15:0]
rm0399-stm32h745755-and-stm32h747757-advanced-armbased-32bit-mcus-stmicroelectronics_dfsdm_regmap.pdf,2,INDAT0,15,0,INDAT0[15:0]
rm0399-stm32h745755-and-stm32h747757-advanced-armbased-32bit-mcus-stmicroelectronics_dfsdm_regmap.pdf,2,OFFSET,23,0,OFFSET[23:0]
rm0399-stm32h745755-and-stm32h747757-advanced-armbased-32bit-mcus-stmicroelectronics_dfsdm_regmap.pdf,2,DTRBS,4,0,DTRBS[4:0]
rm0399-stm32h745755-and-stm32h747757-advanced-armbased-32bit-mcus-stmicroelectronics_dfsdm_regmap.pdf,3,AWFOSR,4,0,AWFOSR[4:0]
rm0399-stm32h745755-and-stm32h747757-advanced-armbased-32bit-mcus-stmicroelectronics_dfsdm_regmap.pdf,3,BKSCD,3,0,BKSCD[3:0]
rm0399-stm32h745755-and-stm32h747757-advanced-armbased-32bit-mcus-stmicroelectronics_dfsdm_regmap.pdf,3,SCDT,7,0,SCDT[7:0]
rm0399-stm32h745755-and-stm32h747757-advanced-armbased-32bit-mcus-stmicroelectronics_dfsdm_regmap.pdf,3,WDATA,15,0,WDATA[15:0]
rm0399-stm32h745755-and-stm32h747757-advanced-armbased-32bit-mcus-stmicroelectronics_dfsdm_regmap.pdf,3,INDAT1,15,0,INDAT1[15:0]
rm0399-stm32h745755-and-stm32h747757-advanced-armbased-32bit-mcus-stmicroelectronics_dfsdm_regmap.pdf,3,INDAT0,15,0,INDAT0[15:0]
rm0399-stm32h745755-and-stm32h747757-advanced-armbased-32bit-mcus-stmicroelectronics_dfsdm_regmap.pdf,3,OFFSET,23,0,OFFSET[23:0]
rm0399-stm32h745755-and-stm32h747757-advanced-armbased-32bit-mcus-stmicroelectronics_dfsdm_regmap.pdf,3,DTRBS,4,0,DTRBS[4:0]
rm0399-stm32h745755-and-stm32h747757-advanced-armbased-32bit-mcus-stmicroelectronics_dfsdm_regmap.pdf,3,AWFOSR,4,0,AWFOSR[4:0]
rm0399-stm32h745755-and-stm32h747757-advanced-armbased-32bit-mcus-stmicroelectronics_dfsdm_regmap.pdf,3,BKSCD,3,0,BKSCD[3:0]
rm0399-stm32h745755-and-stm32h747757-advanced-armbased-32bit-mcus-stmicroelectronics_dfsdm_regmap.pdf,3,SCDT,7,0,SCDT[7:0]
rm0399-stm32h745755-and-stm32h747757-advanced-armbased-32bit-mcus-stmicroelectronics_dfsdm_regmap.pdf,3,WDATA,15,0,WDATA[15:0]
rm0399-stm32h745755-and-stm32h747757-advanced-armbased-32bit-mcus-stmicroelectronics_dfsdm_regmap.pdf,3,INDAT1,15,0,INDAT1[15:0]
rm0399-stm32h745755-and-stm32h747757-advanced-armbased-32bit-mcus-stmicroelectronics_dfsdm_regmap.pdf,3,INDAT0,15,0,INDAT0[15:0]
rm0399-stm32h745755-and-stm32h747757-advanced-armbased-32bit-mcus-stmicroelectronics_dfsdm_regmap.pdf,3,OFFSET,23,0,OFFSET[23:0]
rm0399-stm32h745755-and-stm32h747757-advanced-armbased-32bit-mcus-stmicroelectronics_dfsdm_regmap.pdf,3,DTRBS,4,0,DTRBS[4:0]
rm0399-stm32h745755-and-stm32h747757-advanced-armbased-32bit-mcus-stmicroelectronics_dfsdm_regmap.pdf,3,AWFOSR,4,0,AWFOSR[4:0]
rm0399-stm32h745755-and-stm32h747757-advanced-armbased-32bit-mcus-stmicroelectronics_dfsdm_regmap.pdf,3,BKSCD,3,0,BKSCD[3:0]
rm0399-stm32h745755-and-stm32h747757-advanced-armbased-32bit-mcus-stmicroelectronics_dfsdm_regmap.pdf,3,SCDT,7,0,SCDT[7:0]
rm0399-stm32h745755-and-stm32h747757-advanced-armbased-32bit-mcus-stmicroelectronics_dfsdm_regmap.pdf,4,WDATA,15,0,WDATA[15:0]
rm0399-stm32h745755-and-stm32h747757-advanced-armbased-32bit-mcus-stmicroelectronics_dfsdm_regmap.pdf,4,INDAT1,15,0,INDAT1[15:0]
rm0399-stm32h745755-and-stm32h747757-advanced-armbased-32bit-mcus-stmicroelectronics_dfsdm_regmap.pdf,4,INDAT0,15,0,INDAT0[15:0]
rm0399-stm32h745755-and-stm32h747757-advanced-armbased-32bit-mcus-stmicroelectronics_dfsdm_regmap.pdf,4,OFFSET,23,0,OFFSET[23:0]
rm0399-stm32h745755-and-stm32h747757-advanced-armbased-32bit-mcus-stmicroelectronics_dfsdm_regmap.pdf,4,DTRBS,4,0,DTRBS[4:0]
rm0399-stm32h745755-and-stm32h747757-advanced-armbased-32bit-mcus-stmicroelectronics_dfsdm_regmap.pdf,4,AWFOSR,4,0,AWFOSR[4:0]
rm0399-stm32h745755-and-stm32h747757-advanced-armbased-32bit-mcus-stmicroelectronics_dfsdm_regmap.pdf,4,BKSCD,3,0,BKSCD[3:0]
rm0399-stm32h745755-and-stm32h747757-advanced-armbased-32bit-mcus-stmicroelectronics_dfsdm_regmap.pdf,4,SCDT,7,0,SCDT[7:0]
rm0399-stm32h745755-and-stm32h747757-advanced-armbased-32bit-mcus-stmicroelectronics_dfsdm_regmap.pdf,4,WDATA,15,0,WDATA[15:0]
rm0399-stm32h745755-and-stm32h747757-advanced-armbased-32bit-mcus-stmicroelectronics_dfsdm_regmap.pdf,4,INDAT1,15,0,INDAT1[15:0]
rm0399-stm32h745755-and-stm32h747757-advanced-armbased-32bit-mcus-stmicroelectronics_dfsdm_regmap.pdf,4,INDAT0,15,0,INDAT0[15:0]
rm0399-stm32h745755-and-stm32h747757-advanced-armbased-32bit-mcus-stmicroelectronics_dfsdm_regmap.pdf,4,OFFSET,23,0,OFFSET[23:0]
rm0399-stm32h745755-and-stm32h747757-advanced-armbased-32bit-mcus-stmicroelectronics_dfsdm_regmap.pdf,4,DTRBS,4,0,DTRBS[4:0]
rm0399-stm32h745755-and-stm32h747757-advanced-armbased-32bit-mcus-stmicroelectronics_dfsdm_regmap.pdf,4,AWFOSR,4,0,AWFOSR[4:0]
rm0399-stm32h745755-and-stm32h747757-advanced-armbased-32bit-mcus-stmicroelectronics_dfsdm_regmap.pdf,4,BKSCD,3,0,BKSCD[3:0]
rm0399-stm32h745755-and-stm32h747757-advanced-armbased-32bit-mcus-stmicroelectronics_dfsdm_regmap.pdf,4,SCDT,7,0,SCDT[7:0]
rm0399-stm32h745755-and-stm32h747757-advanced-armbased-32bit-mcus-stmicroelectronics_dfsdm_regmap.pdf,4,WDATA,15,0,WDATA[15:0]
rm0399-stm32h745755-and-stm32h747757-advanced-armbased-32bit-mcus-stmicroelectronics_dfsdm_regmap.pdf,4,INDAT1,15,0,INDAT1[15:0]
rm0399-stm32h745755-and-stm32h747757-advanced-armbased-32bit-mcus-stmicroelectronics_dfsdm_regmap.pdf,4,INDAT0,15,0,INDAT0[15:0]
rm0399-stm32h745755-and-stm32h747757-advanced-armbased-32bit-mcus-stmicroelectronics_dfsdm_regmap.pdf,5,RCH,2,0,RCH[2:0]
rm0399-stm32h745755-and-stm32h747757-advanced-armbased-32bit-mcus-stmicroelectronics_dfsdm_regmap.pdf,5,JEXTSEL,4,0,JEXTSEL[4:0]
rm0399-stm32h745755-and-stm32h747757-advanced-armbased-32bit-mcus-stmicroelectronics_dfsdm_regmap.pdf,5,AWDCH,7,0,AWDCH[7:0]
rm0399-stm32h745755-and-stm32h747757-advanced-armbased-32bit-mcus-stmicroelectronics_dfsdm_regmap.pdf,5,EXCH,7,0,EXCH[7:0]
rm0399-stm32h745755-and-stm32h747757-advanced-armbased-32bit-mcus-stmicroelectronics_dfsdm_regmap.pdf,5,SCDF,7,0,SCDF[7:0]
rm0399-stm32h745755-and-stm32h747757-advanced-armbased-32bit-mcus-stmicroelectronics_dfsdm_regmap.pdf,5,CKABF,7,0,CKABF[7:0]
rm0399-stm32h745755-and-stm32h747757-advanced-armbased-32bit-mcus-stmicroelectronics_dfsdm_regmap.pdf,5,CLRSCDF,7,0,CLRSCDF[7:0]
rm0399-stm32h745755-and-stm32h747757-advanced-armbased-32bit-mcus-stmicroelectronics_dfsdm_regmap.pdf,5,CLRCKABF,7,0,CLRCKABF[7:0]
rm0399-stm32h745755-and-stm32h747757-advanced-armbased-32bit-mcus-stmicroelectronics_dfsdm_regmap.pdf,5,JCHG,7,0,JCHG[7:0]
rm0399-stm32h745755-and-stm32h747757-advanced-armbased-32bit-mcus-stmicroelectronics_dfsdm_regmap.pdf,5,FOSR,9,0,FOSR[9:0]
rm0399-stm32h745755-and-stm32h747757-advanced-armbased-32bit-mcus-stmicroelectronics_dfsdm_regmap.pdf,5,IOSR,7,0,IOSR[7:0]
rm0399-stm32h745755-and-stm32h747757-advanced-armbased-32bit-mcus-stmicroelectronics_dfsdm_regmap.pdf,5,JDATA,23,0,JDATA[23:0]
rm0399-stm32h745755-and-stm32h747757-advanced-armbased-32bit-mcus-stmicroelectronics_dfsdm_regmap.pdf,5,RDATA,23,0,RDATA[23:0]
rm0399-stm32h745755-and-stm32h747757-advanced-armbased-32bit-mcus-stmicroelectronics_dfsdm_regmap.pdf,5,CH,2,0,CH[2:0]
rm0399-stm32h745755-and-stm32h747757-advanced-armbased-32bit-mcus-stmicroelectronics_dfsdm_regmap.pdf,5,AWHT,23,0,AWHT[23:0]
rm0399-stm32h745755-and-stm32h747757-advanced-armbased-32bit-mcus-stmicroelectronics_dfsdm_regmap.pdf,5,BKAWH,3,0,BKAWH[3:0]
rm0399-stm32h745755-and-stm32h747757-advanced-armbased-32bit-mcus-stmicroelectronics_dfsdm_regmap.pdf,5,AWLT,23,0,AWLT[23:0]
rm0399-stm32h745755-and-stm32h747757-advanced-armbased-32bit-mcus-stmicroelectronics_dfsdm_regmap.pdf,5,BKAWL,3,0,BKAWL[3:0]
rm0399-stm32h745755-and-stm32h747757-advanced-armbased-32bit-mcus-stmicroelectronics_dfsdm_regmap.pdf,5,AWHTF,7,0,AWHTF[7:0]
rm0399-stm32h745755-and-stm32h747757-advanced-armbased-32bit-mcus-stmicroelectronics_dfsdm_regmap.pdf,5,AWLTF,7,0,AWLTF[7:0]
rm0399-stm32h745755-and-stm32h747757-advanced-armbased-32bit-mcus-stmicroelectronics_dfsdm_regmap.pdf,5,CLRAWHTF,7,0,CLRAWHTF[7:0]
rm0399-stm32h745755-and-stm32h747757-advanced-armbased-32bit-mcus-stmicroelectronics_dfsdm_regmap.pdf,5,CLRAWLTF,7,0,CLRAWLTF[7:0]
rm0399-stm32h745755-and-stm32h747757-advanced-armbased-32bit-mcus-stmicroelectronics_dfsdm_regmap.pdf,6,EXMAX,23,0,EXMAX[23:0]
rm0399-stm32h745755-and-stm32h747757-advanced-armbased-32bit-mcus-stmicroelectronics_dfsdm_regmap.pdf,6,EXMIN,23,0,EXMIN[23:0]
rm0399-stm32h745755-and-stm32h747757-advanced-armbased-32bit-mcus-stmicroelectronics_dfsdm_regmap.pdf,6,CNVCNT,27,0,CNVCNT[27:0]
rm0399-stm32h745755-and-stm32h747757-advanced-armbased-32bit-mcus-stmicroelectronics_dfsdm_regmap.pdf,6,RCH,2,0,RCH[2:0]
rm0399-stm32h745755-and-stm32h747757-advanced-armbased-32bit-mcus-stmicroelectronics_dfsdm_regmap.pdf,6,JEXTSEL,4,0,JEXTSEL[4:0]
rm0399-stm32h745755-and-stm32h747757-advanced-armbased-32bit-mcus-stmicroelectronics_dfsdm_regmap.pdf,6,AWDCH,7,0,AWDCH[7:0]
rm0399-stm32h745755-and-stm32h747757-advanced-armbased-32bit-mcus-stmicroelectronics_dfsdm_regmap.pdf,6,EXCH,7,0,EXCH[7:0]
rm0399-stm32h745755-and-stm32h747757-advanced-armbased-32bit-mcus-stmicroelectronics_dfsdm_regmap.pdf,6,JCHG,7,0,JCHG[7:0]
rm0399-stm32h745755-and-stm32h747757-advanced-armbased-32bit-mcus-stmicroelectronics_dfsdm_regmap.pdf,6,FOSR,9,0,FOSR[9:0]
rm0399-stm32h745755-and-stm32h747757-advanced-armbased-32bit-mcus-stmicroelectronics_dfsdm_regmap.pdf,6,IOSR,7,0,IOSR[7:0]
rm0399-stm32h745755-and-stm32h747757-advanced-armbased-32bit-mcus-stmicroelectronics_dfsdm_regmap.pdf,6,JDATA,23,0,JDATA[23:0]
rm0399-stm32h745755-and-stm32h747757-advanced-armbased-32bit-mcus-stmicroelectronics_dfsdm_regmap.pdf,7,RDATA,23,0,RDATA[23:0]
rm0399-stm32h745755-and-stm32h747757-advanced-armbased-32bit-mcus-stmicroelectronics_dfsdm_regmap.pdf,7,CH,2,0,CH[2:0]
rm0399-stm32h745755-and-stm32h747757-advanced-armbased-32bit-mcus-stmicroelectronics_dfsdm_regmap.pdf,7,AWHT,23,0,AWHT[23:0]
rm0399-stm32h745755-and-stm32h747757-advanced-armbased-32bit-mcus-stmicroelectronics_dfsdm_regmap.pdf,7,BKAWH,3,0,BKAWH[3:0]
rm0399-stm32h745755-and-stm32h747757-advanced-armbased-32bit-mcus-stmicroelectronics_dfsdm_regmap.pdf,7,AWLT,23,0,AWLT[23:0]
rm0399-stm32h745755-and-stm32h747757-advanced-armbased-32bit-mcus-stmicroelectronics_dfsdm_regmap.pdf,7,BKAWL,3,0,BKAWL[3:0]
rm0399-stm32h745755-and-stm32h747757-advanced-armbased-32bit-mcus-stmicroelectronics_dfsdm_regmap.pdf,7,AWHTF,7,0,AWHTF[7:0]
rm0399-stm32h745755-and-stm32h747757-advanced-armbased-32bit-mcus-stmicroelectronics_dfsdm_regmap.pdf,7,AWLTF,7,0,AWLTF[7:0]
rm0399-stm32h745755-and-stm32h747757-advanced-armbased-32bit-mcus-stmicroelectronics_dfsdm_regmap.pdf,7,CLRAWHTF,7,0,CLRAWHTF[7:0]
rm0399-stm32h745755-and-stm32h747757-advanced-armbased-32bit-mcus-stmicroelectronics_dfsdm_regmap.pdf,7,CLRAWLTF,7,0,CLRAWLTF[7:0]
rm0399-stm32h745755-and-stm32h747757-advanced-armbased-32bit-mcus-stmicroelectronics_dfsdm_regmap.pdf,7,EXMAX,23,0,EXMAX[23:0]
rm0399-stm32h745755-and-stm32h747757-advanced-armbased-32bit-mcus-stmicroelectronics_dfsdm_regmap.pdf,7,EXMIN,23,0,EXMIN[23:0]
rm0399-stm32h745755-and-stm32h747757-advanced-armbased-32bit-mcus-stmicroelectronics_dfsdm_regmap.pdf,7,CNVCNT,27,0,CNVCNT[27:0]
rm0399-stm32h745755-and-stm32h747757-advanced-armbased-32bit-mcus-stmicroelectronics_dfsdm_regmap.pdf,7,RCH,2,0,RCH[2:0]
rm0399-stm32h745755-and-stm32h747757-advanced-armbased-32bit-mcus-stmicroelectronics_dfsdm_regmap.pdf,7,JEXTSEL,4,0,JEXTSEL[4:0]
rm0399-stm32h745755-and-stm32h747757-advanced-armbased-32bit-mcus-stmicroelectronics_dfsdm_regmap.pdf,7,AWDCH,7,0,AWDCH[7:0]
rm0399-stm32h745755-and-stm32h747757-advanced-armbased-32bit-mcus-stmicroelectronics_dfsdm_regmap.pdf,7,EXCH,7,0,EXCH[7:0]
rm0399-stm32h745755-and-stm32h747757-advanced-armbased-32bit-mcus-stmicroelectronics_dfsdm_regmap.pdf,8,JCHG,7,0,JCHG[7:0]
rm0399-stm32h745755-and-stm32h747757-advanced-armbased-32bit-mcus-stmicroelectronics_dfsdm_regmap.pdf,8,FOSR,9,0,FOSR[9:0]
rm0399-stm32h745755-and-stm32h747757-advanced-armbased-32bit-mcus-stmicroelectronics_dfsdm_regmap.pdf,8,IOSR,7,0,IOSR[7:0]
rm0399-stm32h745755-and-stm32h747757-advanced-armbased-32bit-mcus-stmicroelectronics_dfsdm_regmap.pdf,8,JDATA,23,0,JDATA[23:0]
rm0399-stm32h745755-and-stm32h747757-advanced-armbased-32bit-mcus-stmicroelectronics_dfsdm_regmap.pdf,8,RDATA,23,0,RDATA[23:0]
rm0399-stm32h745755-and-stm32h747757-advanced-armbased-32bit-mcus-stmicroelectronics_dfsdm_regmap.pdf,8,CH,2,0,CH[2:0]
rm0399-stm32h745755-and-stm32h747757-advanced-armbased-32bit-mcus-stmicroelectronics_dfsdm_regmap.pdf,8,AWHT,23,0,AWHT[23:0]
rm0399-stm32h745755-and-stm32h747757-advanced-armbased-32bit-mcus-stmicroelectronics_dfsdm_regmap.pdf,8,BKAWH,3,0,BKAWH[3:0]
rm0399-stm32h745755-and-stm32h747757-advanced-armbased-32bit-mcus-stmicroelectronics_dfsdm_regmap.pdf,8,AWLT,23,0,AWLT[23:0]
rm0399-stm32h745755-and-stm32h747757-advanced-armbased-32bit-mcus-stmicroelectronics_dfsdm_regmap.pdf,8,BKAWL,3,0,BKAWL[3:0]
rm0399-stm32h745755-and-stm32h747757-advanced-armbased-32bit-mcus-stmicroelectronics_dfsdm_regmap.pdf,8,AWHTF,7,0,AWHTF[7:0]
rm0399-stm32h745755-and-stm32h747757-advanced-armbased-32bit-mcus-stmicroelectronics_dfsdm_regmap.pdf,8,AWLTF,7,0,AWLTF[7:0]
rm0399-stm32h745755-and-stm32h747757-advanced-armbased-32bit-mcus-stmicroelectronics_dfsdm_regmap.pdf,8,CLRAWHTF,7,0,CLRAWHTF[7:0]
rm0399-stm32h745755-and-stm32h747757-advanced-armbased-32bit-mcus-stmicroelectronics_dfsdm_regmap.pdf,8,CLRAWLTF,7,0,CLRAWLTF[7:0]
rm0399-stm32h745755-and-stm32h747757-advanced-armbased-32bit-mcus-stmicroelectronics_dfsdm_regmap.pdf,8,EXMAX,23,0,EXMAX[23:0]
rm0399-stm32h745755-and-stm32h747757-advanced-armbased-32bit-mcus-stmicroelectronics_dfsdm_regmap.pdf,8,EXMIN,23,0,EXMIN[23:0]
rm0399-stm32h745755-and-stm32h747757-advanced-armbased-32bit-mcus-stmicroelectronics_dfsdm_regmap.pdf,8,CNVCNT,27,0,CNVCNT[27:0]
rm0399-stm32h745755-and-stm32h747757-advanced-armbased-32bit-mcus-stmicroelectronics_dfsdm_regmap.pdf,8,RCH,2,0,RCH[2:0]
rm0399-stm32h745755-and-stm32h747757-advanced-armbased-32bit-mcus-stmicroelectronics_dfsdm_regmap.pdf,8,JEXTSEL,4,0,JEXTSEL[4:0]
rm0399-stm32h745755-and-stm32h747757-advanced-armbased-32bit-mcus-stmicroelectronics_dfsdm_regmap.pdf,9,AWDCH,7,0,AWDCH[7:0]
rm0399-stm32h745755-and-stm32h747757-advanced-armbased-32bit-mcus-stmicroelectronics_dfsdm_regmap.pdf,9,EXCH,7,0,EXCH[7:0]
rm0399-stm32h745755-and-stm32h747757-advanced-armbased-32bit-mcus-stmicroelectronics_dfsdm_regmap.pdf,9,JCHG,7,0,JCHG[7:0]
rm0399-stm32h745755-and-stm32h747757-advanced-armbased-32bit-mcus-stmicroelectronics_dfsdm_regmap.pdf,9,FOSR,9,0,FOSR[9:0]
rm0399-stm32h745755-and-stm32h747757-advanced-armbased-32bit-mcus-stmicroelectronics_dfsdm_regmap.pdf,9,IOSR,7,0,IOSR[7:0]
rm0399-stm32h745755-and-stm32h747757-advanced-armbased-32bit-mcus-stmicroelectronics_dfsdm_regmap.pdf,9,JDATA,23,0,JDATA[23:0]
rm0399-stm32h745755-and-stm32h747757-advanced-armbased-32bit-mcus-stmicroelectronics_dfsdm_regmap.pdf,9,RDATA,23,0,RDATA[23:0]
rm0399-stm32h745755-and-stm32h747757-advanced-armbased-32bit-mcus-stmicroelectronics_dfsdm_regmap.pdf,9,CH,2,0,CH[2:0]
rm0399-stm32h745755-and-stm32h747757-advanced-armbased-32bit-mcus-stmicroelectronics_dfsdm_regmap.pdf,9,AWHT,23,0,AWHT[23:0]
rm0399-stm32h745755-and-stm32h747757-advanced-armbased-32bit-mcus-stmicroelectronics_dfsdm_regmap.pdf,9,BKAWH,3,0,BKAWH[3:0]
rm0399-stm32h745755-and-stm32h747757-advanced-armbased-32bit-mcus-stmicroelectronics_dfsdm_regmap.pdf,9,AWLT,23,0,AWLT[23:0]
rm0399-stm32h745755-and-stm32h747757-advanced-armbased-32bit-mcus-stmicroelectronics_dfsdm_regmap.pdf,9,BKAWL,3,0,BKAWL[3:0]
rm0399-stm32h745755-and-stm32h747757-advanced-armbased-32bit-mcus-stmicroelectronics_dfsdm_regmap.pdf,9,AWHTF,7,0,AWHTF[7:0]
rm0399-stm32h745755-and-stm32h747757-advanced-armbased-32bit-mcus-stmicroelectronics_dfsdm_regmap.pdf,9,AWLTF,7,0,AWLTF[7:0]
rm0399-stm32h745755-and-stm32h747757-advanced-armbased-32bit-mcus-stmicroelectronics_dfsdm_regmap.pdf,9,CLRAWHTF,7,0,CLRAWHTF[7:0]
rm0399-stm32h745755-and-stm32h747757-advanced-armbased-32bit-mcus-stmicroelectronics_dfsdm_regmap.pdf,9,CLRAWLTF,7,0,CLRAWLTF[7:0]
rm0399-stm32h745755-and-stm32h747757-advanced-armbased-32bit-mcus-stmicroelectronics_dfsdm_regmap.pdf,9,EXMAX,23,0,EXMAX[23:0]
rm0399-stm32h745755-and-stm32h747757-advanced-armbased-32bit-mcus-stmicroelectronics_dfsdm_regmap.pdf,10,EXMIN,23,0,EXMIN[23:0]
rm0399-stm32h745755-and-stm32h747757-advanced-armbased-32bit-mcus-stmicroelectronics_dfsdm_regmap.pdf,10,CNVCNT,27,0,CNVCNT[27:0]
rm0402-stm32f412-advanced-armbased-32bit-mcus-stmicroelectronics_dfsdm_regmap.pdf,1,CKOUTDIV,7,0,CKOUTDIV[7:0]
rm0402-stm32f412-advanced-armbased-32bit-mcus-stmicroelectronics_dfsdm_regmap.pdf,1,OFFSET,23,0,OFFSET[23:0]
rm0402-stm32f412-advanced-armbased-32bit-mcus-stmicroelectronics_dfsdm_regmap.pdf,1,DTRBS,4,0,DTRBS[4:0]
rm0402-stm32f412-advanced-armbased-32bit-mcus-stmicroelectronics_dfsdm_regmap.pdf,1,AWFOSR,4,0,AWFOSR[4:0]
rm0402-stm32f412-advanced-armbased-32bit-mcus-stmicroelectronics_dfsdm_regmap.pdf,1,BKSCD,3,0,BKSCD[3:0]
rm0402-stm32f412-advanced-armbased-32bit-mcus-stmicroelectronics_dfsdm_regmap.pdf,1,SCDT,7,0,SCDT[7:0]
rm0402-stm32f412-advanced-armbased-32bit-mcus-stmicroelectronics_dfsdm_regmap.pdf,1,WDATA,15,0,WDATA[15:0]
rm0402-stm32f412-advanced-armbased-32bit-mcus-stmicroelectronics_dfsdm_regmap.pdf,1,INDAT1,15,0,INDAT1[15:0]
rm0402-stm32f412-advanced-armbased-32bit-mcus-stmicroelectronics_dfsdm_regmap.pdf,1,INDAT0,15,0,INDAT0[15:0]
rm0402-stm32f412-advanced-armbased-32bit-mcus-stmicroelectronics_dfsdm_regmap.pdf,1,OFFSET,23,0,OFFSET[23:0]
rm0402-stm32f412-advanced-armbased-32bit-mcus-stmicroelectronics_dfsdm_regmap.pdf,1,DTRBS,4,0,DTRBS[4:0]
rm0402-stm32f412-advanced-armbased-32bit-mcus-stmicroelectronics_dfsdm_regmap.pdf,1,AWFOSR,4,0,AWFOSR[4:0]
rm0402-stm32f412-advanced-armbased-32bit-mcus-stmicroelectronics_dfsdm_regmap.pdf,1,BKSCD,3,0,BKSCD[3:0]
rm0402-stm32f412-advanced-armbased-32bit-mcus-stmicroelectronics_dfsdm_regmap.pdf,1,SCDT,7,0,SCDT[7:0]
rm0402-stm32f412-advanced-armbased-32bit-mcus-stmicroelectronics_dfsdm_regmap.pdf,1,WDATA,15,0,WDATA[15:0]
rm0402-stm32f412-advanced-armbased-32bit-mcus-stmicroelectronics_dfsdm_regmap.pdf,1,INDAT1,15,0,INDAT1[15:0]
rm0402-stm32f412-advanced-armbased-32bit-mcus-stmicroelectronics_dfsdm_regmap.pdf,1,INDAT0,15,0,INDAT0[15:0]
rm0402-stm32f412-advanced-armbased-32bit-mcus-stmicroelectronics_dfsdm_regmap.pdf,2,OFFSET,23,0,OFFSET[23:0]
rm0402-stm32f412-advanced-armbased-32bit-mcus-stmicroelectronics_dfsdm_regmap.pdf,2,DTRBS,4,0,DTRBS[4:0]
rm0402-stm32f412-advanced-armbased-32bit-mcus-stmicroelectronics_dfsdm_regmap.pdf,2,AWFOSR,4,0,AWFOSR[4:0]
rm0402-stm32f412-advanced-armbased-32bit-mcus-stmicroelectronics_dfsdm_regmap.pdf,2,BKSCD,3,0,BKSCD[3:0]
rm0402-stm32f412-advanced-armbased-32bit-mcus-stmicroelectronics_dfsdm_regmap.pdf,2,SCDT,7,0,SCDT[7:0]
rm0402-stm32f412-advanced-armbased-32bit-mcus-stmicroelectronics_dfsdm_regmap.pdf,2,WDATA,15,0,WDATA[15:0]
rm0402-stm32f412-advanced-armbased-32bit-mcus-stmicroelectronics_dfsdm_regmap.pdf,2,INDAT1,15,0,INDAT1[15:0]
rm0402-stm32f412-advanced-armbased-32bit-mcus-stmicroelectronics_dfsdm_regmap.pdf,2,INDAT0,15,0,INDAT0[15:0]
rm0402-stm32f412-advanced-armbased-32bit-mcus-stmicroelectronics_dfsdm_regmap.pdf,2,OFFSET,23,0,OFFSET[23:0]
rm0402-stm32f412-advanced-armbased-32bit-mcus-stmicroelectronics_dfsdm_regmap.pdf,2,DTRBS,4,0,DTRBS[4:0]
rm0402-stm32f412-advanced-armbased-32bit-mcus-stmicroelectronics_dfsdm_regmap.pdf,2,AWFOSR,4,0,AWFOSR[4:0]
rm0402-stm32f412-advanced-armbased-32bit-mcus-stmicroelectronics_dfsdm_regmap.pdf,2,BKSCD,3,0,BKSCD[3:0]
rm0402-stm32f412-advanced-armbased-32bit-mcus-stmicroelectronics_dfsdm_regmap.pdf,2,SCDT,7,0,SCDT[7:0]
rm0402-stm32f412-advanced-armbased-32bit-mcus-stmicroelectronics_dfsdm_regmap.pdf,2,WDATA,15,0,WDATA[15:0]
rm0402-stm32f412-advanced-armbased-32bit-mcus-stmicroelectronics_dfsdm_regmap.pdf,2,INDAT1,15,0,INDAT1[15:0]
rm0402-stm32f412-advanced-armbased-32bit-mcus-stmicroelectronics_dfsdm_regmap.pdf,2,INDAT0,15,0,INDAT0[15:0]
rm0402-stm32f412-advanced-armbased-32bit-mcus-stmicroelectronics_dfsdm_regmap.pdf,3,AWDCH,3,0,AWDCH[3:0]
rm0402-stm32f412-advanced-armbased-32bit-mcus-stmicroelectronics_dfsdm_regmap.pdf,3,EXCH,3,0,EXCH[3:0]
rm0402-stm32f412-advanced-armbased-32bit-mcus-stmicroelectronics_dfsdm_regmap.pdf,3,SCDF,3,0,SCDF[3:0]
rm0402-stm32f412-advanced-armbased-32bit-mcus-stmicroelectronics_dfsdm_regmap.pdf,3,CKABF,3,0,CKABF[3:0]
rm0402-stm32f412-advanced-armbased-32bit-mcus-stmicroelectronics_dfsdm_regmap.pdf,3,CLRSCDF,3,0,CLRSCDF[3:0]
rm0402-stm32f412-advanced-armbased-32bit-mcus-stmicroelectronics_dfsdm_regmap.pdf,3,CLRCKABF,3,0,CLRCKABF[3:0]
rm0402-stm32f412-advanced-armbased-32bit-mcus-stmicroelectronics_dfsdm_regmap.pdf,3,JCHG,3,0,JCHG[3:0]
rm0402-stm32f412-advanced-armbased-32bit-mcus-stmicroelectronics_dfsdm_regmap.pdf,3,FOSR,9,0,FOSR[9:0]
rm0402-stm32f412-advanced-armbased-32bit-mcus-stmicroelectronics_dfsdm_regmap.pdf,3,IOSR,7,0,IOSR[7:0]
rm0402-stm32f412-advanced-armbased-32bit-mcus-stmicroelectronics_dfsdm_regmap.pdf,3,JDATA,23,0,JDATA[23:0]
rm0402-stm32f412-advanced-armbased-32bit-mcus-stmicroelectronics_dfsdm_regmap.pdf,3,RDATA,23,0,RDATA[23:0]
rm0402-stm32f412-advanced-armbased-32bit-mcus-stmicroelectronics_dfsdm_regmap.pdf,3,AWHT,23,0,AWHT[23:0]
rm0402-stm32f412-advanced-armbased-32bit-mcus-stmicroelectronics_dfsdm_regmap.pdf,3,BKAWH,3,0,BKAWH[3:0]
rm0402-stm32f412-advanced-armbased-32bit-mcus-stmicroelectronics_dfsdm_regmap.pdf,3,AWLT,23,0,AWLT[23:0]
rm0402-stm32f412-advanced-armbased-32bit-mcus-stmicroelectronics_dfsdm_regmap.pdf,3,BKAWL,3,0,BKAWL[3:0]
rm0402-stm32f412-advanced-armbased-32bit-mcus-stmicroelectronics_dfsdm_regmap.pdf,3,AWHTF,3,0,AWHTF[3:0]
rm0402-stm32f412-advanced-armbased-32bit-mcus-stmicroelectronics_dfsdm_regmap.pdf,3,AWLTF,3,0,AWLTF[3:0]
rm0402-stm32f412-advanced-armbased-32bit-mcus-stmicroelectronics_dfsdm_regmap.pdf,3,CLRAWHTF,3,0,CLRAWHTF[3:0]
rm0402-stm32f412-advanced-armbased-32bit-mcus-stmicroelectronics_dfsdm_regmap.pdf,3,CLRAWLTF,3,0,CLRAWLTF[3:0]
rm0402-stm32f412-advanced-armbased-32bit-mcus-stmicroelectronics_dfsdm_regmap.pdf,3,EXMAX,23,0,EXMAX[23:0]
rm0402-stm32f412-advanced-armbased-32bit-mcus-stmicroelectronics_dfsdm_regmap.pdf,4,EXMIN,23,0,EXMIN[23:0]
rm0402-stm32f412-advanced-armbased-32bit-mcus-stmicroelectronics_dfsdm_regmap.pdf,4,CNVCNT,27,0,CNVCNT[27:0]
rm0402-stm32f412-advanced-armbased-32bit-mcus-stmicroelectronics_dfsdm_regmap.pdf,4,AWDCH,3,0,AWDCH[3:0]
rm0402-stm32f412-advanced-armbased-32bit-mcus-stmicroelectronics_dfsdm_regmap.pdf,4,EXCH,3,0,EXCH[3:0]
rm0402-stm32f412-advanced-armbased-32bit-mcus-stmicroelectronics_dfsdm_regmap.pdf,4,JCHG,3,0,JCHG[3:0]
rm0402-stm32f412-advanced-armbased-32bit-mcus-stmicroelectronics_dfsdm_regmap.pdf,4,FOSR,9,0,FOSR[9:0]
rm0402-stm32f412-advanced-armbased-32bit-mcus-stmicroelectronics_dfsdm_regmap.pdf,4,IOSR,7,0,IOSR[7:0]
rm0402-stm32f412-advanced-armbased-32bit-mcus-stmicroelectronics_dfsdm_regmap.pdf,4,JDATA,23,0,JDATA[23:0]
rm0402-stm32f412-advanced-armbased-32bit-mcus-stmicroelectronics_dfsdm_regmap.pdf,4,RDATA,23,0,RDATA[23:0]
rm0402-stm32f412-advanced-armbased-32bit-mcus-stmicroelectronics_dfsdm_regmap.pdf,4,AWHT,23,0,AWHT[23:0]
rm0402-stm32f412-advanced-armbased-32bit-mcus-stmicroelectronics_dfsdm_regmap.pdf,4,BKAWH,3,0,BKAWH[3:0]
rm0402-stm32f412-advanced-armbased-32bit-mcus-stmicroelectronics_dfsdm_regmap.pdf,5,AWLT,23,0,AWLT[23:0]
rm0402-stm32f412-advanced-armbased-32bit-mcus-stmicroelectronics_dfsdm_regmap.pdf,5,BKAWL,3,0,BKAWL[3:0]
rm0402-stm32f412-advanced-armbased-32bit-mcus-stmicroelectronics_dfsdm_regmap.pdf,5,AWHTF,3,0,AWHTF[3:0]
rm0402-stm32f412-advanced-armbased-32bit-mcus-stmicroelectronics_dfsdm_regmap.pdf,5,AWLTF,3,0,AWLTF[3:0]
rm0402-stm32f412-advanced-armbased-32bit-mcus-stmicroelectronics_dfsdm_regmap.pdf,5,CLRAWHTF,3,0,CLRAWHTF[3:0]
rm0402-stm32f412-advanced-armbased-32bit-mcus-stmicroelectronics_dfsdm_regmap.pdf,5,CLRAWLTF,3,0,CLRAWLTF[3:0]
rm0402-stm32f412-advanced-armbased-32bit-mcus-stmicroelectronics_dfsdm_regmap.pdf,5,EXMAX,23,0,EXMAX[23:0]
rm0402-stm32f412-advanced-armbased-32bit-mcus-stmicroelectronics_dfsdm_regmap.pdf,5,EXMIN,23,0,EXMIN[23:0]
rm0402-stm32f412-advanced-armbased-32bit-mcus-stmicroelectronics_dfsdm_regmap.pdf,5,CNVCNT,27,0,CNVCNT[27:0]
rm0410-stm32f76xxx-and-stm32f77xxx-advanced-armbased-32bit-mcus-stmicroelectronics_dfsdm_regmap.pdf,1,CNVCNT,27,0,CNVCNT[27:0]
rm0410-stm32f76xxx-and-stm32f77xxx-advanced-armbased-32bit-mcus-stmicroelectronics_dfsdm_regmap.pdf,1,CNVCNT,27,0,CNVCNT[27:0]
rm0410-stm32f76xxx-and-stm32f77xxx-advanced-armbased-32bit-mcus-stmicroelectronics_dfsdm_regmap.pdf,1,FOSR,9,0,FOSR[9:0]
rm0410-stm32f76xxx-and-stm32f77xxx-advanced-armbased-32bit-mcus-stmicroelectronics_dfsdm_regmap.pdf,1,CNVCNT,27,0,CNVCNT[27:0]
rm0410-stm32f76xxx-and-stm32f77xxx-advanced-armbased-32bit-mcus-stmicroelectronics_dfsdm_regmap.pdf,1,FOSR,9,0,FOSR[9:0]
rm0410-stm32f76xxx-and-stm32f77xxx-advanced-armbased-32bit-mcus-stmicroelectronics_dfsdm_regmap.pdf,1,CKOUTDIV,7,0,CKOUTDIV[7:0]
rm0410-stm32f76xxx-and-stm32f77xxx-advanced-armbased-32bit-mcus-stmicroelectronics_dfsdm_regmap.pdf,1,OFFSET,23,0,OFFSET[23:0]
rm0410-stm32f76xxx-and-stm32f77xxx-advanced-armbased-32bit-mcus-stmicroelectronics_dfsdm_regmap.pdf,1,DTRBS,4,0,DTRBS[4:0]
rm0410-stm32f76xxx-and-stm32f77xxx-advanced-armbased-32bit-mcus-stmicroelectronics_dfsdm_regmap.pdf,1,AWFOSR,4,0,AWFOSR[4:0]
rm0410-stm32f76xxx-and-stm32f77xxx-advanced-armbased-32bit-mcus-stmicroelectronics_dfsdm_regmap.pdf,1,BKSCD,3,0,BKSCD[3:0]
rm0410-stm32f76xxx-and-stm32f77xxx-advanced-armbased-32bit-mcus-stmicroelectronics_dfsdm_regmap.pdf,1,SCDT,7,0,SCDT[7:0]
rm0410-stm32f76xxx-and-stm32f77xxx-advanced-armbased-32bit-mcus-stmicroelectronics_dfsdm_regmap.pdf,1,WDATA,15,0,WDATA[15:0]
rm0410-stm32f76xxx-and-stm32f77xxx-advanced-armbased-32bit-mcus-stmicroelectronics_dfsdm_regmap.pdf,1,INDAT1,15,0,INDAT1[15:0]
rm0410-stm32f76xxx-and-stm32f77xxx-advanced-armbased-32bit-mcus-stmicroelectronics_dfsdm_regmap.pdf,1,INDAT0,15,0,INDAT0[15:0]
rm0410-stm32f76xxx-and-stm32f77xxx-advanced-armbased-32bit-mcus-stmicroelectronics_dfsdm_regmap.pdf,2,OFFSET,23,0,OFFSET[23:0]
rm0410-stm32f76xxx-and-stm32f77xxx-advanced-armbased-32bit-mcus-stmicroelectronics_dfsdm_regmap.pdf,2,DTRBS,4,0,DTRBS[4:0]
rm0410-stm32f76xxx-and-stm32f77xxx-advanced-armbased-32bit-mcus-stmicroelectronics_dfsdm_regmap.pdf,2,AWFOSR,4,0,AWFOSR[4:0]
rm0410-stm32f76xxx-and-stm32f77xxx-advanced-armbased-32bit-mcus-stmicroelectronics_dfsdm_regmap.pdf,2,BKSCD,3,0,BKSCD[3:0]
rm0410-stm32f76xxx-and-stm32f77xxx-advanced-armbased-32bit-mcus-stmicroelectronics_dfsdm_regmap.pdf,2,SCDT,7,0,SCDT[7:0]
rm0410-stm32f76xxx-and-stm32f77xxx-advanced-armbased-32bit-mcus-stmicroelectronics_dfsdm_regmap.pdf,2,WDATA,15,0,WDATA[15:0]
rm0410-stm32f76xxx-and-stm32f77xxx-advanced-armbased-32bit-mcus-stmicroelectronics_dfsdm_regmap.pdf,2,INDAT1,15,0,INDAT1[15:0]
rm0410-stm32f76xxx-and-stm32f77xxx-advanced-armbased-32bit-mcus-stmicroelectronics_dfsdm_regmap.pdf,2,INDAT0,15,0,INDAT0[15:0]
rm0410-stm32f76xxx-and-stm32f77xxx-advanced-armbased-32bit-mcus-stmicroelectronics_dfsdm_regmap.pdf,2,OFFSET,23,0,OFFSET[23:0]
rm0410-stm32f76xxx-and-stm32f77xxx-advanced-armbased-32bit-mcus-stmicroelectronics_dfsdm_regmap.pdf,2,DTRBS,4,0,DTRBS[4:0]
rm0410-stm32f76xxx-and-stm32f77xxx-advanced-armbased-32bit-mcus-stmicroelectronics_dfsdm_regmap.pdf,2,AWFOSR,4,0,AWFOSR[4:0]
rm0410-stm32f76xxx-and-stm32f77xxx-advanced-armbased-32bit-mcus-stmicroelectronics_dfsdm_regmap.pdf,2,BKSCD,3,0,BKSCD[3:0]
rm0410-stm32f76xxx-and-stm32f77xxx-advanced-armbased-32bit-mcus-stmicroelectronics_dfsdm_regmap.pdf,2,SCDT,7,0,SCDT[7:0]
rm0410-stm32f76xxx-and-stm32f77xxx-advanced-armbased-32bit-mcus-stmicroelectronics_dfsdm_regmap.pdf,2,WDATA,15,0,WDATA[15:0]
rm0410-stm32f76xxx-and-stm32f77xxx-advanced-armbased-32bit-mcus-stmicroelectronics_dfsdm_regmap.pdf,2,INDAT1,15,0,INDAT1[15:0]
rm0410-stm32f76xxx-and-stm32f77xxx-advanced-armbased-32bit-mcus-stmicroelectronics_dfsdm_regmap.pdf,2,INDAT0,15,0,INDAT0[15:0]
rm0410-stm32f76xxx-and-stm32f77xxx-advanced-armbased-32bit-mcus-stmicroelectronics_dfsdm_regmap.pdf,2,OFFSET,23,0,OFFSET[23:0]
rm0410-stm32f76xxx-and-stm32f77xxx-advanced-armbased-32bit-mcus-stmicroelectronics_dfsdm_regmap.pdf,2,DTRBS,4,0,DTRBS[4:0]
rm0410-stm32f76xxx-and-stm32f77xxx-advanced-armbased-32bit-mcus-stmicroelectronics_dfsdm_regmap.pdf,3,AWFOSR,4,0,AWFOSR[4:0]
rm0410-stm32f76xxx-and-stm32f77xxx-advanced-armbased-32bit-mcus-stmicroelectronics_dfsdm_regmap.pdf,3,BKSCD,3,0,BKSCD[3:0]
rm0410-stm32f76xxx-and-stm32f77xxx-advanced-armbased-32bit-mcus-stmicroelectronics_dfsdm_regmap.pdf,3,SCDT,7,0,SCDT[7:0]
rm0410-stm32f76xxx-and-stm32f77xxx-advanced-armbased-32bit-mcus-stmicroelectronics_dfsdm_regmap.pdf,3,WDATA,15,0,WDATA[15:0]
rm0410-stm32f76xxx-and-stm32f77xxx-advanced-armbased-32bit-mcus-stmicroelectronics_dfsdm_regmap.pdf,3,INDAT1,15,0,INDAT1[15:0]
rm0410-stm32f76xxx-and-stm32f77xxx-advanced-armbased-32bit-mcus-stmicroelectronics_dfsdm_regmap.pdf,3,INDAT0,15,0,INDAT0[15:0]
rm0410-stm32f76xxx-and-stm32f77xxx-advanced-armbased-32bit-mcus-stmicroelectronics_dfsdm_regmap.pdf,3,OFFSET,23,0,OFFSET[23:0]
rm0410-stm32f76xxx-and-stm32f77xxx-advanced-armbased-32bit-mcus-stmicroelectronics_dfsdm_regmap.pdf,3,DTRBS,4,0,DTRBS[4:0]
rm0410-stm32f76xxx-and-stm32f77xxx-advanced-armbased-32bit-mcus-stmicroelectronics_dfsdm_regmap.pdf,3,AWFOSR,4,0,AWFOSR[4:0]
rm0410-stm32f76xxx-and-stm32f77xxx-advanced-armbased-32bit-mcus-stmicroelectronics_dfsdm_regmap.pdf,3,BKSCD,3,0,BKSCD[3:0]
rm0410-stm32f76xxx-and-stm32f77xxx-advanced-armbased-32bit-mcus-stmicroelectronics_dfsdm_regmap.pdf,3,SCDT,7,0,SCDT[7:0]
rm0410-stm32f76xxx-and-stm32f77xxx-advanced-armbased-32bit-mcus-stmicroelectronics_dfsdm_regmap.pdf,3,WDATA,15,0,WDATA[15:0]
rm0410-stm32f76xxx-and-stm32f77xxx-advanced-armbased-32bit-mcus-stmicroelectronics_dfsdm_regmap.pdf,3,INDAT1,15,0,INDAT1[15:0]
rm0410-stm32f76xxx-and-stm32f77xxx-advanced-armbased-32bit-mcus-stmicroelectronics_dfsdm_regmap.pdf,3,INDAT0,15,0,INDAT0[15:0]
rm0410-stm32f76xxx-and-stm32f77xxx-advanced-armbased-32bit-mcus-stmicroelectronics_dfsdm_regmap.pdf,3,OFFSET,23,0,OFFSET[23:0]
rm0410-stm32f76xxx-and-stm32f77xxx-advanced-armbased-32bit-mcus-stmicroelectronics_dfsdm_regmap.pdf,3,DTRBS,4,0,DTRBS[4:0]
rm0410-stm32f76xxx-and-stm32f77xxx-advanced-armbased-32bit-mcus-stmicroelectronics_dfsdm_regmap.pdf,3,AWFOSR,4,0,AWFOSR[4:0]
rm0410-stm32f76xxx-and-stm32f77xxx-advanced-armbased-32bit-mcus-stmicroelectronics_dfsdm_regmap.pdf,3,BKSCD,3,0,BKSCD[3:0]
rm0410-stm32f76xxx-and-stm32f77xxx-advanced-armbased-32bit-mcus-stmicroelectronics_dfsdm_regmap.pdf,3,SCDT,7,0,SCDT[7:0]
rm0410-stm32f76xxx-and-stm32f77xxx-advanced-armbased-32bit-mcus-stmicroelectronics_dfsdm_regmap.pdf,4,WDATA,15,0,WDATA[15:0]
rm0410-stm32f76xxx-and-stm32f77xxx-advanced-armbased-32bit-mcus-stmicroelectronics_dfsdm_regmap.pdf,4,INDAT1,15,0,INDAT1[15:0]
rm0410-stm32f76xxx-and-stm32f77xxx-advanced-armbased-32bit-mcus-stmicroelectronics_dfsdm_regmap.pdf,4,INDAT0,15,0,INDAT0[15:0]
rm0410-stm32f76xxx-and-stm32f77xxx-advanced-armbased-32bit-mcus-stmicroelectronics_dfsdm_regmap.pdf,4,OFFSET,23,0,OFFSET[23:0]
rm0410-stm32f76xxx-and-stm32f77xxx-advanced-armbased-32bit-mcus-stmicroelectronics_dfsdm_regmap.pdf,4,DTRBS,4,0,DTRBS[4:0]
rm0410-stm32f76xxx-and-stm32f77xxx-advanced-armbased-32bit-mcus-stmicroelectronics_dfsdm_regmap.pdf,4,AWFOSR,4,0,AWFOSR[4:0]
rm0410-stm32f76xxx-and-stm32f77xxx-advanced-armbased-32bit-mcus-stmicroelectronics_dfsdm_regmap.pdf,4,BKSCD,3,0,BKSCD[3:0]
rm0410-stm32f76xxx-and-stm32f77xxx-advanced-armbased-32bit-mcus-stmicroelectronics_dfsdm_regmap.pdf,4,SCDT,7,0,SCDT[7:0]
rm0410-stm32f76xxx-and-stm32f77xxx-advanced-armbased-32bit-mcus-stmicroelectronics_dfsdm_regmap.pdf,4,WDATA,15,0,WDATA[15:0]
rm0410-stm32f76xxx-and-stm32f77xxx-advanced-armbased-32bit-mcus-stmicroelectronics_dfsdm_regmap.pdf,4,INDAT1,15,0,INDAT1[15:0]
rm0410-stm32f76xxx-and-stm32f77xxx-advanced-armbased-32bit-mcus-stmicroelectronics_dfsdm_regmap.pdf,4,INDAT0,15,0,INDAT0[15:0]
rm0410-stm32f76xxx-and-stm32f77xxx-advanced-armbased-32bit-mcus-stmicroelectronics_dfsdm_regmap.pdf,4,OFFSET,23,0,OFFSET[23:0]
rm0410-stm32f76xxx-and-stm32f77xxx-advanced-armbased-32bit-mcus-stmicroelectronics_dfsdm_regmap.pdf,4,DTRBS,4,0,DTRBS[4:0]
rm0410-stm32f76xxx-and-stm32f77xxx-advanced-armbased-32bit-mcus-stmicroelectronics_dfsdm_regmap.pdf,4,AWFOSR,4,0,AWFOSR[4:0]
rm0410-stm32f76xxx-and-stm32f77xxx-advanced-armbased-32bit-mcus-stmicroelectronics_dfsdm_regmap.pdf,4,BKSCD,3,0,BKSCD[3:0]
rm0410-stm32f76xxx-and-stm32f77xxx-advanced-armbased-32bit-mcus-stmicroelectronics_dfsdm_regmap.pdf,4,SCDT,7,0,SCDT[7:0]
rm0410-stm32f76xxx-and-stm32f77xxx-advanced-armbased-32bit-mcus-stmicroelectronics_dfsdm_regmap.pdf,4,WDATA,15,0,WDATA[15:0]
rm0410-stm32f76xxx-and-stm32f77xxx-advanced-armbased-32bit-mcus-stmicroelectronics_dfsdm_regmap.pdf,4,INDAT1,15,0,INDAT1[15:0]
rm0410-stm32f76xxx-and-stm32f77xxx-advanced-armbased-32bit-mcus-stmicroelectronics_dfsdm_regmap.pdf,4,INDAT0,15,0,INDAT0[15:0]
rm0410-stm32f76xxx-and-stm32f77xxx-advanced-armbased-32bit-mcus-stmicroelectronics_dfsdm_regmap.pdf,5,RCH,2,0,RCH[2:0]
rm0410-stm32f76xxx-and-stm32f77xxx-advanced-armbased-32bit-mcus-stmicroelectronics_dfsdm_regmap.pdf,5,JEXTSEL,4,0,JEXTSEL[4:0]
rm0410-stm32f76xxx-and-stm32f77xxx-advanced-armbased-32bit-mcus-stmicroelectronics_dfsdm_regmap.pdf,5,AWDCH,7,0,AWDCH[7:0]
rm0410-stm32f76xxx-and-stm32f77xxx-advanced-armbased-32bit-mcus-stmicroelectronics_dfsdm_regmap.pdf,5,EXCH,7,0,EXCH[7:0]
rm0410-stm32f76xxx-and-stm32f77xxx-advanced-armbased-32bit-mcus-stmicroelectronics_dfsdm_regmap.pdf,5,SCDF,7,0,SCDF[7:0]
rm0410-stm32f76xxx-and-stm32f77xxx-advanced-armbased-32bit-mcus-stmicroelectronics_dfsdm_regmap.pdf,5,CKABF,7,0,CKABF[7:0]
rm0410-stm32f76xxx-and-stm32f77xxx-advanced-armbased-32bit-mcus-stmicroelectronics_dfsdm_regmap.pdf,5,CLRSCDF,7,0,CLRSCDF[7:0]
rm0410-stm32f76xxx-and-stm32f77xxx-advanced-armbased-32bit-mcus-stmicroelectronics_dfsdm_regmap.pdf,5,CLRCKABF,7,0,CLRCKABF[7:0]
rm0410-stm32f76xxx-and-stm32f77xxx-advanced-armbased-32bit-mcus-stmicroelectronics_dfsdm_regmap.pdf,5,JCHG,7,0,JCHG[7:0]
rm0410-stm32f76xxx-and-stm32f77xxx-advanced-armbased-32bit-mcus-stmicroelectronics_dfsdm_regmap.pdf,5,FOSR,9,0,FOSR[9:0]
rm0410-stm32f76xxx-and-stm32f77xxx-advanced-armbased-32bit-mcus-stmicroelectronics_dfsdm_regmap.pdf,5,IOSR,7,0,IOSR[7:0]
rm0410-stm32f76xxx-and-stm32f77xxx-advanced-armbased-32bit-mcus-stmicroelectronics_dfsdm_regmap.pdf,5,JDATA,23,0,JDATA[23:0]
rm0410-stm32f76xxx-and-stm32f77xxx-advanced-armbased-32bit-mcus-stmicroelectronics_dfsdm_regmap.pdf,5,RDATA,23,0,RDATA[23:0]
rm0410-stm32f76xxx-and-stm32f77xxx-advanced-armbased-32bit-mcus-stmicroelectronics_dfsdm_regmap.pdf,5,CH,2,0,CH[2:0]
rm0410-stm32f76xxx-and-stm32f77xxx-advanced-armbased-32bit-mcus-stmicroelectronics_dfsdm_regmap.pdf,5,AWHT,23,0,AWHT[23:0]
rm0410-stm32f76xxx-and-stm32f77xxx-advanced-armbased-32bit-mcus-stmicroelectronics_dfsdm_regmap.pdf,5,BKAWH,3,0,BKAWH[3:0]
rm0410-stm32f76xxx-and-stm32f77xxx-advanced-armbased-32bit-mcus-stmicroelectronics_dfsdm_regmap.pdf,5,AWLT,23,0,AWLT[23:0]
rm0410-stm32f76xxx-and-stm32f77xxx-advanced-armbased-32bit-mcus-stmicroelectronics_dfsdm_regmap.pdf,5,BKAWL,3,0,BKAWL[3:0]
rm0410-stm32f76xxx-and-stm32f77xxx-advanced-armbased-32bit-mcus-stmicroelectronics_dfsdm_regmap.pdf,5,AWHTF,7,0,AWHTF[7:0]
rm0410-stm32f76xxx-and-stm32f77xxx-advanced-armbased-32bit-mcus-stmicroelectronics_dfsdm_regmap.pdf,5,AWLTF,7,0,AWLTF[7:0]
rm0410-stm32f76xxx-and-stm32f77xxx-advanced-armbased-32bit-mcus-stmicroelectronics_dfsdm_regmap.pdf,5,CLRAWHTF,7,0,CLRAWHTF[7:0]
rm0410-stm32f76xxx-and-stm32f77xxx-advanced-armbased-32bit-mcus-stmicroelectronics_dfsdm_regmap.pdf,5,CLRAWLTF,7,0,CLRAWLTF[7:0]
rm0410-stm32f76xxx-and-stm32f77xxx-advanced-armbased-32bit-mcus-stmicroelectronics_dfsdm_regmap.pdf,6,EXMAX,23,0,EXMAX[23:0]
rm0410-stm32f76xxx-and-stm32f77xxx-advanced-armbased-32bit-mcus-stmicroelectronics_dfsdm_regmap.pdf,6,EXMIN,23,0,EXMIN[23:0]
rm0410-stm32f76xxx-and-stm32f77xxx-advanced-armbased-32bit-mcus-stmicroelectronics_dfsdm_regmap.pdf,6,CNVCNT,27,0,CNVCNT[27:0]
rm0410-stm32f76xxx-and-stm32f77xxx-advanced-armbased-32bit-mcus-stmicroelectronics_dfsdm_regmap.pdf,6,RCH,2,0,RCH[2:0]
rm0410-stm32f76xxx-and-stm32f77xxx-advanced-armbased-32bit-mcus-stmicroelectronics_dfsdm_regmap.pdf,6,JEXTSEL,4,0,JEXTSEL[4:0]
rm0410-stm32f76xxx-and-stm32f77xxx-advanced-armbased-32bit-mcus-stmicroelectronics_dfsdm_regmap.pdf,6,AWDCH,7,0,AWDCH[7:0]
rm0410-stm32f76xxx-and-stm32f77xxx-advanced-armbased-32bit-mcus-stmicroelectronics_dfsdm_regmap.pdf,6,EXCH,7,0,EXCH[7:0]
rm0410-stm32f76xxx-and-stm32f77xxx-advanced-armbased-32bit-mcus-stmicroelectronics_dfsdm_regmap.pdf,6,JCHG,7,0,JCHG[7:0]
rm0410-stm32f76xxx-and-stm32f77xxx-advanced-armbased-32bit-mcus-stmicroelectronics_dfsdm_regmap.pdf,6,FOSR,9,0,FOSR[9:0]
rm0410-stm32f76xxx-and-stm32f77xxx-advanced-armbased-32bit-mcus-stmicroelectronics_dfsdm_regmap.pdf,6,IOSR,7,0,IOSR[7:0]
rm0410-stm32f76xxx-and-stm32f77xxx-advanced-armbased-32bit-mcus-stmicroelectronics_dfsdm_regmap.pdf,6,JDATA,23,0,JDATA[23:0]
rm0410-stm32f76xxx-and-stm32f77xxx-advanced-armbased-32bit-mcus-stmicroelectronics_dfsdm_regmap.pdf,7,RDATA,23,0,RDATA[23:0]
rm0410-stm32f76xxx-and-stm32f77xxx-advanced-armbased-32bit-mcus-stmicroelectronics_dfsdm_regmap.pdf,7,CH,2,0,CH[2:0]
rm0410-stm32f76xxx-and-stm32f77xxx-advanced-armbased-32bit-mcus-stmicroelectronics_dfsdm_regmap.pdf,7,AWHT,23,0,AWHT[23:0]
rm0410-stm32f76xxx-and-stm32f77xxx-advanced-armbased-32bit-mcus-stmicroelectronics_dfsdm_regmap.pdf,7,BKAWH,3,0,BKAWH[3:0]
rm0410-stm32f76xxx-and-stm32f77xxx-advanced-armbased-32bit-mcus-stmicroelectronics_dfsdm_regmap.pdf,7,AWLT,23,0,AWLT[23:0]
rm0410-stm32f76xxx-and-stm32f77xxx-advanced-armbased-32bit-mcus-stmicroelectronics_dfsdm_regmap.pdf,7,BKAWL,3,0,BKAWL[3:0]
rm0410-stm32f76xxx-and-stm32f77xxx-advanced-armbased-32bit-mcus-stmicroelectronics_dfsdm_regmap.pdf,7,AWHTF,7,0,AWHTF[7:0]
rm0410-stm32f76xxx-and-stm32f77xxx-advanced-armbased-32bit-mcus-stmicroelectronics_dfsdm_regmap.pdf,7,AWLTF,7,0,AWLTF[7:0]
rm0410-stm32f76xxx-and-stm32f77xxx-advanced-armbased-32bit-mcus-stmicroelectronics_dfsdm_regmap.pdf,7,CLRAWHTF,7,0,CLRAWHTF[7:0]
rm0410-stm32f76xxx-and-stm32f77xxx-advanced-armbased-32bit-mcus-stmicroelectronics_dfsdm_regmap.pdf,7,CLRAWLTF,7,0,CLRAWLTF[7:0]
rm0410-stm32f76xxx-and-stm32f77xxx-advanced-armbased-32bit-mcus-stmicroelectronics_dfsdm_regmap.pdf,7,EXMAX,23,0,EXMAX[23:0]
rm0410-stm32f76xxx-and-stm32f77xxx-advanced-armbased-32bit-mcus-stmicroelectronics_dfsdm_regmap.pdf,7,EXMIN,23,0,EXMIN[23:0]
rm0410-stm32f76xxx-and-stm32f77xxx-advanced-armbased-32bit-mcus-stmicroelectronics_dfsdm_regmap.pdf,7,CNVCNT,27,0,CNVCNT[27:0]
rm0410-stm32f76xxx-and-stm32f77xxx-advanced-armbased-32bit-mcus-stmicroelectronics_dfsdm_regmap.pdf,7,RCH,2,0,RCH[2:0]
rm0410-stm32f76xxx-and-stm32f77xxx-advanced-armbased-32bit-mcus-stmicroelectronics_dfsdm_regmap.pdf,7,JEXTSEL,4,0,JEXTSEL[4:0]
rm0410-stm32f76xxx-and-stm32f77xxx-advanced-armbased-32bit-mcus-stmicroelectronics_dfsdm_regmap.pdf,7,AWDCH,7,0,AWDCH[7:0]
rm0410-stm32f76xxx-and-stm32f77xxx-advanced-armbased-32bit-mcus-stmicroelectronics_dfsdm_regmap.pdf,7,EXCH,7,0,EXCH[7:0]
rm0410-stm32f76xxx-and-stm32f77xxx-advanced-armbased-32bit-mcus-stmicroelectronics_dfsdm_regmap.pdf,8,JCHG,7,0,JCHG[7:0]
rm0410-stm32f76xxx-and-stm32f77xxx-advanced-armbased-32bit-mcus-stmicroelectronics_dfsdm_regmap.pdf,8,FOSR,9,0,FOSR[9:0]
rm0410-stm32f76xxx-and-stm32f77xxx-advanced-armbased-32bit-mcus-stmicroelectronics_dfsdm_regmap.pdf,8,IOSR,7,0,IOSR[7:0]
rm0410-stm32f76xxx-and-stm32f77xxx-advanced-armbased-32bit-mcus-stmicroelectronics_dfsdm_regmap.pdf,8,JDATA,23,0,JDATA[23:0]
rm0410-stm32f76xxx-and-stm32f77xxx-advanced-armbased-32bit-mcus-stmicroelectronics_dfsdm_regmap.pdf,8,RDATA,23,0,RDATA[23:0]
rm0410-stm32f76xxx-and-stm32f77xxx-advanced-armbased-32bit-mcus-stmicroelectronics_dfsdm_regmap.pdf,8,CH,2,0,CH[2:0]
rm0410-stm32f76xxx-and-stm32f77xxx-advanced-armbased-32bit-mcus-stmicroelectronics_dfsdm_regmap.pdf,8,AWHT,23,0,AWHT[23:0]
rm0410-stm32f76xxx-and-stm32f77xxx-advanced-armbased-32bit-mcus-stmicroelectronics_dfsdm_regmap.pdf,8,BKAWH,3,0,BKAWH[3:0]
rm0410-stm32f76xxx-and-stm32f77xxx-advanced-armbased-32bit-mcus-stmicroelectronics_dfsdm_regmap.pdf,8,AWLT,23,0,AWLT[23:0]
rm0410-stm32f76xxx-and-stm32f77xxx-advanced-armbased-32bit-mcus-stmicroelectronics_dfsdm_regmap.pdf,8,BKAWL,3,0,BKAWL[3:0]
rm0410-stm32f76xxx-and-stm32f77xxx-advanced-armbased-32bit-mcus-stmicroelectronics_dfsdm_regmap.pdf,8,AWHTF,7,0,AWHTF[7:0]
rm0410-stm32f76xxx-and-stm32f77xxx-advanced-armbased-32bit-mcus-stmicroelectronics_dfsdm_regmap.pdf,8,AWLTF,7,0,AWLTF[7:0]
rm0410-stm32f76xxx-and-stm32f77xxx-advanced-armbased-32bit-mcus-stmicroelectronics_dfsdm_regmap.pdf,8,CLRAWHTF,7,0,CLRAWHTF[7:0]
rm0410-stm32f76xxx-and-stm32f77xxx-advanced-armbased-32bit-mcus-stmicroelectronics_dfsdm_regmap.pdf,8,CLRAWLTF,7,0,CLRAWLTF[7:0]
rm0410-stm32f76xxx-and-stm32f77xxx-advanced-armbased-32bit-mcus-stmicroelectronics_dfsdm_regmap.pdf,8,EXMAX,23,0,EXMAX[23:0]
rm0410-stm32f76xxx-and-stm32f77xxx-advanced-armbased-32bit-mcus-stmicroelectronics_dfsdm_regmap.pdf,8,EXMIN,23,0,EXMIN[23:0]
rm0410-stm32f76xxx-and-stm32f77xxx-advanced-armbased-32bit-mcus-stmicroelectronics_dfsdm_regmap.pdf,8,CNVCNT,27,0,CNVCNT[27:0]
rm0410-stm32f76xxx-and-stm32f77xxx-advanced-armbased-32bit-mcus-stmicroelectronics_dfsdm_regmap.pdf,8,RCH,2,0,RCH[2:0]
rm0410-stm32f76xxx-and-stm32f77xxx-advanced-armbased-32bit-mcus-stmicroelectronics_dfsdm_regmap.pdf,8,JEXTSEL,4,0,JEXTSEL[4:0]
rm0410-stm32f76xxx-and-stm32f77xxx-advanced-armbased-32bit-mcus-stmicroelectronics_dfsdm_regmap.pdf,9,AWDCH,7,0,AWDCH[7:0]
rm0410-stm32f76xxx-and-stm32f77xxx-advanced-armbased-32bit-mcus-stmicroelectronics_dfsdm_regmap.pdf,9,EXCH,7,0,EXCH[7:0]
rm0410-stm32f76xxx-and-stm32f77xxx-advanced-armbased-32bit-mcus-stmicroelectronics_dfsdm_regmap.pdf,9,JCHG,7,0,JCHG[7:0]
rm0410-stm32f76xxx-and-stm32f77xxx-advanced-armbased-32bit-mcus-stmicroelectronics_dfsdm_regmap.pdf,9,FOSR,9,0,FOSR[9:0]
rm0410-stm32f76xxx-and-stm32f77xxx-advanced-armbased-32bit-mcus-stmicroelectronics_dfsdm_regmap.pdf,9,IOSR,7,0,IOSR[7:0]
rm0410-stm32f76xxx-and-stm32f77xxx-advanced-armbased-32bit-mcus-stmicroelectronics_dfsdm_regmap.pdf,9,JDATA,23,0,JDATA[23:0]
rm0410-stm32f76xxx-and-stm32f77xxx-advanced-armbased-32bit-mcus-stmicroelectronics_dfsdm_regmap.pdf,9,RDATA,23,0,RDATA[23:0]
rm0410-stm32f76xxx-and-stm32f77xxx-advanced-armbased-32bit-mcus-stmicroelectronics_dfsdm_regmap.pdf,9,CH,2,0,CH[2:0]
rm0410-stm32f76xxx-and-stm32f77xxx-advanced-armbased-32bit-mcus-stmicroelectronics_dfsdm_regmap.pdf,9,AWHT,23,0,AWHT[23:0]
rm0410-stm32f76xxx-and-stm32f77xxx-advanced-armbased-32bit-mcus-stmicroelectronics_dfsdm_regmap.pdf,9,BKAWH,3,0,BKAWH[3:0]
rm0410-stm32f76xxx-and-stm32f77xxx-advanced-armbased-32bit-mcus-stmicroelectronics_dfsdm_regmap.pdf,9,AWLT,23,0,AWLT[23:0]
rm0410-stm32f76xxx-and-stm32f77xxx-advanced-armbased-32bit-mcus-stmicroelectronics_dfsdm_regmap.pdf,9,BKAWL,3,0,BKAWL[3:0]
rm0410-stm32f76xxx-and-stm32f77xxx-advanced-armbased-32bit-mcus-stmicroelectronics_dfsdm_regmap.pdf,9,AWHTF,7,0,AWHTF[7:0]
rm0410-stm32f76xxx-and-stm32f77xxx-advanced-armbased-32bit-mcus-stmicroelectronics_dfsdm_regmap.pdf,9,AWLTF,7,0,AWLTF[7:0]
rm0410-stm32f76xxx-and-stm32f77xxx-advanced-armbased-32bit-mcus-stmicroelectronics_dfsdm_regmap.pdf,9,CLRAWHTF,7,0,CLRAWHTF[7:0]
rm0410-stm32f76xxx-and-stm32f77xxx-advanced-armbased-32bit-mcus-stmicroelectronics_dfsdm_regmap.pdf,9,CLRAWLTF,7,0,CLRAWLTF[7:0]
rm0410-stm32f76xxx-and-stm32f77xxx-advanced-armbased-32bit-mcus-stmicroelectronics_dfsdm_regmap.pdf,9,EXMAX,23,0,EXMAX[23:0]
rm0410-stm32f76xxx-and-stm32f77xxx-advanced-armbased-32bit-mcus-stmicroelectronics_dfsdm_regmap.pdf,10,EXMIN,23,0,EXMIN[23:0]
rm0410-stm32f76xxx-and-stm32f77xxx-advanced-armbased-32bit-mcus-stmicroelectronics_dfsdm_regmap.pdf,10,CNVCNT,27,0,CNVCNT[27:0]
rm0430-stm32f413423-advanced-armbased-32bit-mcus-stmicroelectronics_dfsdm_regmap.pdf,1,CNVCNT,27,0,CNVCNT[27:0]
rm0430-stm32f413423-advanced-armbased-32bit-mcus-stmicroelectronics_dfsdm_regmap.pdf,1,CNVCNT,27,0,CNVCNT[27:0]
rm0430-stm32f413423-advanced-armbased-32bit-mcus-stmicroelectronics_dfsdm_regmap.pdf,1,FOSR,9,0,FOSR[9:0]
rm0430-stm32f413423-advanced-armbased-32bit-mcus-stmicroelectronics_dfsdm_regmap.pdf,1,CNVCNT,27,0,CNVCNT[27:0]
rm0430-stm32f413423-advanced-armbased-32bit-mcus-stmicroelectronics_dfsdm_regmap.pdf,1,FOSR,9,0,FOSR[9:0]
rm0430-stm32f413423-advanced-armbased-32bit-mcus-stmicroelectronics_dfsdm_regmap.pdf,1,CKOUTDIV,7,0,CKOUTDIV[7:0]
rm0430-stm32f413423-advanced-armbased-32bit-mcus-stmicroelectronics_dfsdm_regmap.pdf,1,OFFSET,23,0,OFFSET[23:0]
rm0430-stm32f413423-advanced-armbased-32bit-mcus-stmicroelectronics_dfsdm_regmap.pdf,1,DTRBS,4,0,DTRBS[4:0]
rm0430-stm32f413423-advanced-armbased-32bit-mcus-stmicroelectronics_dfsdm_regmap.pdf,1,AWFOSR,4,0,AWFOSR[4:0]
rm0430-stm32f413423-advanced-armbased-32bit-mcus-stmicroelectronics_dfsdm_regmap.pdf,1,BKSCD,3,0,BKSCD[3:0]
rm0430-stm32f413423-advanced-armbased-32bit-mcus-stmicroelectronics_dfsdm_regmap.pdf,1,SCDT,7,0,SCDT[7:0]
rm0430-stm32f413423-advanced-armbased-32bit-mcus-stmicroelectronics_dfsdm_regmap.pdf,1,WDATA,15,0,WDATA[15:0]
rm0430-stm32f413423-advanced-armbased-32bit-mcus-stmicroelectronics_dfsdm_regmap.pdf,1,INDAT1,15,0,INDAT1[15:0]
rm0430-stm32f413423-advanced-armbased-32bit-mcus-stmicroelectronics_dfsdm_regmap.pdf,1,INDAT0,15,0,INDAT0[15:0]
rm0430-stm32f413423-advanced-armbased-32bit-mcus-stmicroelectronics_dfsdm_regmap.pdf,2,OFFSET,23,0,OFFSET[23:0]
rm0430-stm32f413423-advanced-armbased-32bit-mcus-stmicroelectronics_dfsdm_regmap.pdf,2,DTRBS,4,0,DTRBS[4:0]
rm0430-stm32f413423-advanced-armbased-32bit-mcus-stmicroelectronics_dfsdm_regmap.pdf,2,AWFOSR,4,0,AWFOSR[4:0]
rm0430-stm32f413423-advanced-armbased-32bit-mcus-stmicroelectronics_dfsdm_regmap.pdf,2,BKSCD,3,0,BKSCD[3:0]
rm0430-stm32f413423-advanced-armbased-32bit-mcus-stmicroelectronics_dfsdm_regmap.pdf,2,SCDT,7,0,SCDT[7:0]
rm0430-stm32f413423-advanced-armbased-32bit-mcus-stmicroelectronics_dfsdm_regmap.pdf,2,WDATA,15,0,WDATA[15:0]
rm0430-stm32f413423-advanced-armbased-32bit-mcus-stmicroelectronics_dfsdm_regmap.pdf,2,INDAT1,15,0,INDAT1[15:0]
rm0430-stm32f413423-advanced-armbased-32bit-mcus-stmicroelectronics_dfsdm_regmap.pdf,2,INDAT0,15,0,INDAT0[15:0]
rm0430-stm32f413423-advanced-armbased-32bit-mcus-stmicroelectronics_dfsdm_regmap.pdf,2,OFFSET,23,0,OFFSET[23:0]
rm0430-stm32f413423-advanced-armbased-32bit-mcus-stmicroelectronics_dfsdm_regmap.pdf,2,DTRBS,4,0,DTRBS[4:0]
rm0430-stm32f413423-advanced-armbased-32bit-mcus-stmicroelectronics_dfsdm_regmap.pdf,2,AWFOSR,4,0,AWFOSR[4:0]
rm0430-stm32f413423-advanced-armbased-32bit-mcus-stmicroelectronics_dfsdm_regmap.pdf,2,BKSCD,3,0,BKSCD[3:0]
rm0430-stm32f413423-advanced-armbased-32bit-mcus-stmicroelectronics_dfsdm_regmap.pdf,2,SCDT,7,0,SCDT[7:0]
rm0430-stm32f413423-advanced-armbased-32bit-mcus-stmicroelectronics_dfsdm_regmap.pdf,2,WDATA,15,0,WDATA[15:0]
rm0430-stm32f413423-advanced-armbased-32bit-mcus-stmicroelectronics_dfsdm_regmap.pdf,2,INDAT1,15,0,INDAT1[15:0]
rm0430-stm32f413423-advanced-armbased-32bit-mcus-stmicroelectronics_dfsdm_regmap.pdf,2,INDAT0,15,0,INDAT0[15:0]
rm0430-stm32f413423-advanced-armbased-32bit-mcus-stmicroelectronics_dfsdm_regmap.pdf,2,OFFSET,23,0,OFFSET[23:0]
rm0430-stm32f413423-advanced-armbased-32bit-mcus-stmicroelectronics_dfsdm_regmap.pdf,2,DTRBS,4,0,DTRBS[4:0]
rm0430-stm32f413423-advanced-armbased-32bit-mcus-stmicroelectronics_dfsdm_regmap.pdf,3,AWFOSR,4,0,AWFOSR[4:0]
rm0430-stm32f413423-advanced-armbased-32bit-mcus-stmicroelectronics_dfsdm_regmap.pdf,3,BKSCD,3,0,BKSCD[3:0]
rm0430-stm32f413423-advanced-armbased-32bit-mcus-stmicroelectronics_dfsdm_regmap.pdf,3,SCDT,7,0,SCDT[7:0]
rm0430-stm32f413423-advanced-armbased-32bit-mcus-stmicroelectronics_dfsdm_regmap.pdf,3,WDATA,15,0,WDATA[15:0]
rm0430-stm32f413423-advanced-armbased-32bit-mcus-stmicroelectronics_dfsdm_regmap.pdf,3,INDAT1,15,0,INDAT1[15:0]
rm0430-stm32f413423-advanced-armbased-32bit-mcus-stmicroelectronics_dfsdm_regmap.pdf,3,INDAT0,15,0,INDAT0[15:0]
rm0430-stm32f413423-advanced-armbased-32bit-mcus-stmicroelectronics_dfsdm_regmap.pdf,3,OFFSET,23,0,OFFSET[23:0]
rm0430-stm32f413423-advanced-armbased-32bit-mcus-stmicroelectronics_dfsdm_regmap.pdf,3,DTRBS,4,0,DTRBS[4:0]
rm0430-stm32f413423-advanced-armbased-32bit-mcus-stmicroelectronics_dfsdm_regmap.pdf,3,AWFOSR,4,0,AWFOSR[4:0]
rm0430-stm32f413423-advanced-armbased-32bit-mcus-stmicroelectronics_dfsdm_regmap.pdf,3,BKSCD,3,0,BKSCD[3:0]
rm0430-stm32f413423-advanced-armbased-32bit-mcus-stmicroelectronics_dfsdm_regmap.pdf,3,SCDT,7,0,SCDT[7:0]
rm0430-stm32f413423-advanced-armbased-32bit-mcus-stmicroelectronics_dfsdm_regmap.pdf,3,WDATA,15,0,WDATA[15:0]
rm0430-stm32f413423-advanced-armbased-32bit-mcus-stmicroelectronics_dfsdm_regmap.pdf,3,INDAT1,15,0,INDAT1[15:0]
rm0430-stm32f413423-advanced-armbased-32bit-mcus-stmicroelectronics_dfsdm_regmap.pdf,3,INDAT0,15,0,INDAT0[15:0]
rm0430-stm32f413423-advanced-armbased-32bit-mcus-stmicroelectronics_dfsdm_regmap.pdf,3,OFFSET,23,0,OFFSET[23:0]
rm0430-stm32f413423-advanced-armbased-32bit-mcus-stmicroelectronics_dfsdm_regmap.pdf,3,DTRBS,4,0,DTRBS[4:0]
rm0430-stm32f413423-advanced-armbased-32bit-mcus-stmicroelectronics_dfsdm_regmap.pdf,3,AWFOSR,4,0,AWFOSR[4:0]
rm0430-stm32f413423-advanced-armbased-32bit-mcus-stmicroelectronics_dfsdm_regmap.pdf,3,BKSCD,3,0,BKSCD[3:0]
rm0430-stm32f413423-advanced-armbased-32bit-mcus-stmicroelectronics_dfsdm_regmap.pdf,3,SCDT,7,0,SCDT[7:0]
rm0430-stm32f413423-advanced-armbased-32bit-mcus-stmicroelectronics_dfsdm_regmap.pdf,4,WDATA,15,0,WDATA[15:0]
rm0430-stm32f413423-advanced-armbased-32bit-mcus-stmicroelectronics_dfsdm_regmap.pdf,4,INDAT1,15,0,INDAT1[15:0]
rm0430-stm32f413423-advanced-armbased-32bit-mcus-stmicroelectronics_dfsdm_regmap.pdf,4,INDAT0,15,0,INDAT0[15:0]
rm0430-stm32f413423-advanced-armbased-32bit-mcus-stmicroelectronics_dfsdm_regmap.pdf,4,OFFSET,23,0,OFFSET[23:0]
rm0430-stm32f413423-advanced-armbased-32bit-mcus-stmicroelectronics_dfsdm_regmap.pdf,4,DTRBS,4,0,DTRBS[4:0]
rm0430-stm32f413423-advanced-armbased-32bit-mcus-stmicroelectronics_dfsdm_regmap.pdf,4,AWFOSR,4,0,AWFOSR[4:0]
rm0430-stm32f413423-advanced-armbased-32bit-mcus-stmicroelectronics_dfsdm_regmap.pdf,4,BKSCD,3,0,BKSCD[3:0]
rm0430-stm32f413423-advanced-armbased-32bit-mcus-stmicroelectronics_dfsdm_regmap.pdf,4,SCDT,7,0,SCDT[7:0]
rm0430-stm32f413423-advanced-armbased-32bit-mcus-stmicroelectronics_dfsdm_regmap.pdf,4,WDATA,15,0,WDATA[15:0]
rm0430-stm32f413423-advanced-armbased-32bit-mcus-stmicroelectronics_dfsdm_regmap.pdf,4,INDAT1,15,0,INDAT1[15:0]
rm0430-stm32f413423-advanced-armbased-32bit-mcus-stmicroelectronics_dfsdm_regmap.pdf,4,INDAT0,15,0,INDAT0[15:0]
rm0430-stm32f413423-advanced-armbased-32bit-mcus-stmicroelectronics_dfsdm_regmap.pdf,4,OFFSET,23,0,OFFSET[23:0]
rm0430-stm32f413423-advanced-armbased-32bit-mcus-stmicroelectronics_dfsdm_regmap.pdf,4,DTRBS,4,0,DTRBS[4:0]
rm0430-stm32f413423-advanced-armbased-32bit-mcus-stmicroelectronics_dfsdm_regmap.pdf,4,AWFOSR,4,0,AWFOSR[4:0]
rm0430-stm32f413423-advanced-armbased-32bit-mcus-stmicroelectronics_dfsdm_regmap.pdf,4,BKSCD,3,0,BKSCD[3:0]
rm0430-stm32f413423-advanced-armbased-32bit-mcus-stmicroelectronics_dfsdm_regmap.pdf,4,SCDT,7,0,SCDT[7:0]
rm0430-stm32f413423-advanced-armbased-32bit-mcus-stmicroelectronics_dfsdm_regmap.pdf,4,WDATA,15,0,WDATA[15:0]
rm0430-stm32f413423-advanced-armbased-32bit-mcus-stmicroelectronics_dfsdm_regmap.pdf,4,INDAT1,15,0,INDAT1[15:0]
rm0430-stm32f413423-advanced-armbased-32bit-mcus-stmicroelectronics_dfsdm_regmap.pdf,4,INDAT0,15,0,INDAT0[15:0]
rm0430-stm32f413423-advanced-armbased-32bit-mcus-stmicroelectronics_dfsdm_regmap.pdf,5,RCH,2,0,RCH[2:0]
rm0430-stm32f413423-advanced-armbased-32bit-mcus-stmicroelectronics_dfsdm_regmap.pdf,5,AWDCH,7,0,AWDCH[7:0]
rm0430-stm32f413423-advanced-armbased-32bit-mcus-stmicroelectronics_dfsdm_regmap.pdf,5,EXCH,7,0,EXCH[7:0]
rm0430-stm32f413423-advanced-armbased-32bit-mcus-stmicroelectronics_dfsdm_regmap.pdf,5,SCDF,7,0,SCDF[7:0]
rm0430-stm32f413423-advanced-armbased-32bit-mcus-stmicroelectronics_dfsdm_regmap.pdf,5,CKABF,7,0,CKABF[7:0]
rm0430-stm32f413423-advanced-armbased-32bit-mcus-stmicroelectronics_dfsdm_regmap.pdf,5,CLRSCDF,7,0,CLRSCDF[7:0]
rm0430-stm32f413423-advanced-armbased-32bit-mcus-stmicroelectronics_dfsdm_regmap.pdf,5,CLRCKABF,7,0,CLRCKABF[7:0]
rm0430-stm32f413423-advanced-armbased-32bit-mcus-stmicroelectronics_dfsdm_regmap.pdf,5,JCHG,7,0,JCHG[7:0]
rm0430-stm32f413423-advanced-armbased-32bit-mcus-stmicroelectronics_dfsdm_regmap.pdf,5,FOSR,9,0,FOSR[9:0]
rm0430-stm32f413423-advanced-armbased-32bit-mcus-stmicroelectronics_dfsdm_regmap.pdf,5,IOSR,7,0,IOSR[7:0]
rm0430-stm32f413423-advanced-armbased-32bit-mcus-stmicroelectronics_dfsdm_regmap.pdf,5,JDATA,23,0,JDATA[23:0]
rm0430-stm32f413423-advanced-armbased-32bit-mcus-stmicroelectronics_dfsdm_regmap.pdf,5,RDATA,23,0,RDATA[23:0]
rm0430-stm32f413423-advanced-armbased-32bit-mcus-stmicroelectronics_dfsdm_regmap.pdf,5,CH,2,0,CH[2:0]
rm0430-stm32f413423-advanced-armbased-32bit-mcus-stmicroelectronics_dfsdm_regmap.pdf,5,AWHT,23,0,AWHT[23:0]
rm0430-stm32f413423-advanced-armbased-32bit-mcus-stmicroelectronics_dfsdm_regmap.pdf,5,BKAWH,3,0,BKAWH[3:0]
rm0430-stm32f413423-advanced-armbased-32bit-mcus-stmicroelectronics_dfsdm_regmap.pdf,5,AWLT,23,0,AWLT[23:0]
rm0430-stm32f413423-advanced-armbased-32bit-mcus-stmicroelectronics_dfsdm_regmap.pdf,5,BKAWL,3,0,BKAWL[3:0]
rm0430-stm32f413423-advanced-armbased-32bit-mcus-stmicroelectronics_dfsdm_regmap.pdf,5,AWHTF,7,0,AWHTF[7:0]
rm0430-stm32f413423-advanced-armbased-32bit-mcus-stmicroelectronics_dfsdm_regmap.pdf,5,AWLTF,7,0,AWLTF[7:0]
rm0430-stm32f413423-advanced-armbased-32bit-mcus-stmicroelectronics_dfsdm_regmap.pdf,5,CLRAWHTF,7,0,CLRAWHTF[7:0]
rm0430-stm32f413423-advanced-armbased-32bit-mcus-stmicroelectronics_dfsdm_regmap.pdf,5,CLRAWLTF,7,0,CLRAWLTF[7:0]
rm0430-stm32f413423-advanced-armbased-32bit-mcus-stmicroelectronics_dfsdm_regmap.pdf,6,EXMAX,23,0,EXMAX[23:0]
rm0430-stm32f413423-advanced-armbased-32bit-mcus-stmicroelectronics_dfsdm_regmap.pdf,6,EXMIN,23,0,EXMIN[23:0]
rm0430-stm32f413423-advanced-armbased-32bit-mcus-stmicroelectronics_dfsdm_regmap.pdf,6,CNVCNT,27,0,CNVCNT[27:0]
rm0430-stm32f413423-advanced-armbased-32bit-mcus-stmicroelectronics_dfsdm_regmap.pdf,6,RCH,2,0,RCH[2:0]
rm0430-stm32f413423-advanced-armbased-32bit-mcus-stmicroelectronics_dfsdm_regmap.pdf,6,AWDCH,7,0,AWDCH[7:0]
rm0430-stm32f413423-advanced-armbased-32bit-mcus-stmicroelectronics_dfsdm_regmap.pdf,6,EXCH,7,0,EXCH[7:0]
rm0430-stm32f413423-advanced-armbased-32bit-mcus-stmicroelectronics_dfsdm_regmap.pdf,6,JCHG,7,0,JCHG[7:0]
rm0430-stm32f413423-advanced-armbased-32bit-mcus-stmicroelectronics_dfsdm_regmap.pdf,6,FOSR,9,0,FOSR[9:0]
rm0430-stm32f413423-advanced-armbased-32bit-mcus-stmicroelectronics_dfsdm_regmap.pdf,6,IOSR,7,0,IOSR[7:0]
rm0430-stm32f413423-advanced-armbased-32bit-mcus-stmicroelectronics_dfsdm_regmap.pdf,6,JDATA,23,0,JDATA[23:0]
rm0430-stm32f413423-advanced-armbased-32bit-mcus-stmicroelectronics_dfsdm_regmap.pdf,7,RDATA,23,0,RDATA[23:0]
rm0430-stm32f413423-advanced-armbased-32bit-mcus-stmicroelectronics_dfsdm_regmap.pdf,7,CH,2,0,CH[2:0]
rm0430-stm32f413423-advanced-armbased-32bit-mcus-stmicroelectronics_dfsdm_regmap.pdf,7,AWHT,23,0,AWHT[23:0]
rm0430-stm32f413423-advanced-armbased-32bit-mcus-stmicroelectronics_dfsdm_regmap.pdf,7,BKAWH,3,0,BKAWH[3:0]
rm0430-stm32f413423-advanced-armbased-32bit-mcus-stmicroelectronics_dfsdm_regmap.pdf,7,AWLT,23,0,AWLT[23:0]
rm0430-stm32f413423-advanced-armbased-32bit-mcus-stmicroelectronics_dfsdm_regmap.pdf,7,BKAWL,3,0,BKAWL[3:0]
rm0430-stm32f413423-advanced-armbased-32bit-mcus-stmicroelectronics_dfsdm_regmap.pdf,7,AWHTF,7,0,AWHTF[7:0]
rm0430-stm32f413423-advanced-armbased-32bit-mcus-stmicroelectronics_dfsdm_regmap.pdf,7,AWLTF,7,0,AWLTF[7:0]
rm0430-stm32f413423-advanced-armbased-32bit-mcus-stmicroelectronics_dfsdm_regmap.pdf,7,CLRAWHTF,7,0,CLRAWHTF[7:0]
rm0430-stm32f413423-advanced-armbased-32bit-mcus-stmicroelectronics_dfsdm_regmap.pdf,7,CLRAWLTF,7,0,CLRAWLTF[7:0]
rm0430-stm32f413423-advanced-armbased-32bit-mcus-stmicroelectronics_dfsdm_regmap.pdf,7,EXMAX,23,0,EXMAX[23:0]
rm0430-stm32f413423-advanced-armbased-32bit-mcus-stmicroelectronics_dfsdm_regmap.pdf,7,EXMIN,23,0,EXMIN[23:0]
rm0430-stm32f413423-advanced-armbased-32bit-mcus-stmicroelectronics_dfsdm_regmap.pdf,7,CNVCNT,27,0,CNVCNT[27:0]
rm0430-stm32f413423-advanced-armbased-32bit-mcus-stmicroelectronics_dfsdm_regmap.pdf,7,RCH,2,0,RCH[2:0]
rm0430-stm32f413423-advanced-armbased-32bit-mcus-stmicroelectronics_dfsdm_regmap.pdf,7,AWDCH,7,0,AWDCH[7:0]
rm0430-stm32f413423-advanced-armbased-32bit-mcus-stmicroelectronics_dfsdm_regmap.pdf,7,EXCH,7,0,EXCH[7:0]
rm0430-stm32f413423-advanced-armbased-32bit-mcus-stmicroelectronics_dfsdm_regmap.pdf,8,JCHG,7,0,JCHG[7:0]
rm0430-stm32f413423-advanced-armbased-32bit-mcus-stmicroelectronics_dfsdm_regmap.pdf,8,FOSR,9,0,FOSR[9:0]
rm0430-stm32f413423-advanced-armbased-32bit-mcus-stmicroelectronics_dfsdm_regmap.pdf,8,IOSR,7,0,IOSR[7:0]
rm0430-stm32f413423-advanced-armbased-32bit-mcus-stmicroelectronics_dfsdm_regmap.pdf,8,JDATA,23,0,JDATA[23:0]
rm0430-stm32f413423-advanced-armbased-32bit-mcus-stmicroelectronics_dfsdm_regmap.pdf,8,RDATA,23,0,RDATA[23:0]
rm0430-stm32f413423-advanced-armbased-32bit-mcus-stmicroelectronics_dfsdm_regmap.pdf,8,CH,2,0,CH[2:0]
rm0430-stm32f413423-advanced-armbased-32bit-mcus-stmicroelectronics_dfsdm_regmap.pdf,8,AWHT,23,0,AWHT[23:0]
rm0430-stm32f413423-advanced-armbased-32bit-mcus-stmicroelectronics_dfsdm_regmap.pdf,8,BKAWH,3,0,BKAWH[3:0]
rm0430-stm32f413423-advanced-armbased-32bit-mcus-stmicroelectronics_dfsdm_regmap.pdf,8,AWLT,23,0,AWLT[23:0]
rm0430-stm32f413423-advanced-armbased-32bit-mcus-stmicroelectronics_dfsdm_regmap.pdf,8,BKAWL,3,0,BKAWL[3:0]
rm0430-stm32f413423-advanced-armbased-32bit-mcus-stmicroelectronics_dfsdm_regmap.pdf,8,AWHTF,7,0,AWHTF[7:0]
rm0430-stm32f413423-advanced-armbased-32bit-mcus-stmicroelectronics_dfsdm_regmap.pdf,8,AWLTF,7,0,AWLTF[7:0]
rm0430-stm32f413423-advanced-armbased-32bit-mcus-stmicroelectronics_dfsdm_regmap.pdf,8,CLRAWHTF,7,0,CLRAWHTF[7:0]
rm0430-stm32f413423-advanced-armbased-32bit-mcus-stmicroelectronics_dfsdm_regmap.pdf,8,CLRAWLTF,7,0,CLRAWLTF[7:0]
rm0430-stm32f413423-advanced-armbased-32bit-mcus-stmicroelectronics_dfsdm_regmap.pdf,8,EXMAX,23,0,EXMAX[23:0]
rm0430-stm32f413423-advanced-armbased-32bit-mcus-stmicroelectronics_dfsdm_regmap.pdf,8,EXMIN,23,0,EXMIN[23:0]
rm0430-stm32f413423-advanced-armbased-32bit-mcus-stmicroelectronics_dfsdm_regmap.pdf,8,CNVCNT,27,0,CNVCNT[27:0]
rm0430-stm32f413423-advanced-armbased-32bit-mcus-stmicroelectronics_dfsdm_regmap.pdf,8,RCH,2,0,RCH[2:0]
rm0430-stm32f413423-advanced-armbased-32bit-mcus-stmicroelectronics_dfsdm_regmap.pdf,9,AWDCH,7,0,AWDCH[7:0]
rm0430-stm32f413423-advanced-armbased-32bit-mcus-stmicroelectronics_dfsdm_regmap.pdf,9,EXCH,7,0,EXCH[7:0]
rm0430-stm32f413423-advanced-armbased-32bit-mcus-stmicroelectronics_dfsdm_regmap.pdf,9,JCHG,7,0,JCHG[7:0]
rm0430-stm32f413423-advanced-armbased-32bit-mcus-stmicroelectronics_dfsdm_regmap.pdf,9,FOSR,9,0,FOSR[9:0]
rm0430-stm32f413423-advanced-armbased-32bit-mcus-stmicroelectronics_dfsdm_regmap.pdf,9,IOSR,7,0,IOSR[7:0]
rm0430-stm32f413423-advanced-armbased-32bit-mcus-stmicroelectronics_dfsdm_regmap.pdf,9,JDATA,23,0,JDATA[23:0]
rm0430-stm32f413423-advanced-armbased-32bit-mcus-stmicroelectronics_dfsdm_regmap.pdf,9,RDATA,23,0,RDATA[23:0]
rm0430-stm32f413423-advanced-armbased-32bit-mcus-stmicroelectronics_dfsdm_regmap.pdf,9,CH,2,0,CH[2:0]
rm0430-stm32f413423-advanced-armbased-32bit-mcus-stmicroelectronics_dfsdm_regmap.pdf,9,AWHT,23,0,AWHT[23:0]
rm0430-stm32f413423-advanced-armbased-32bit-mcus-stmicroelectronics_dfsdm_regmap.pdf,9,BKAWH,3,0,BKAWH[3:0]
rm0430-stm32f413423-advanced-armbased-32bit-mcus-stmicroelectronics_dfsdm_regmap.pdf,9,AWLT,23,0,AWLT[23:0]
rm0430-stm32f413423-advanced-armbased-32bit-mcus-stmicroelectronics_dfsdm_regmap.pdf,9,BKAWL,3,0,BKAWL[3:0]
rm0430-stm32f413423-advanced-armbased-32bit-mcus-stmicroelectronics_dfsdm_regmap.pdf,9,AWHTF,7,0,AWHTF[7:0]
rm0430-stm32f413423-advanced-armbased-32bit-mcus-stmicroelectronics_dfsdm_regmap.pdf,9,AWLTF,7,0,AWLTF[7:0]
rm0430-stm32f413423-advanced-armbased-32bit-mcus-stmicroelectronics_dfsdm_regmap.pdf,9,CLRAWHTF,7,0,CLRAWHTF[7:0]
rm0430-stm32f413423-advanced-armbased-32bit-mcus-stmicroelectronics_dfsdm_regmap.pdf,9,CLRAWLTF,7,0,CLRAWLTF[7:0]
rm0430-stm32f413423-advanced-armbased-32bit-mcus-stmicroelectronics_dfsdm_regmap.pdf,9,EXMAX,23,0,EXMAX[23:0]
rm0430-stm32f413423-advanced-armbased-32bit-mcus-stmicroelectronics_dfsdm_regmap.pdf,10,EXMIN,23,0,EXMIN[23:0]
rm0430-stm32f413423-advanced-armbased-32bit-mcus-stmicroelectronics_dfsdm_regmap.pdf,10,CNVCNT,27,0,CNVCNT[27:0]
rm0432-stm32l4-series-advanced-armbased-32bit-mcus-stmicroelectronics_dfsdm_regmap.pdf,1,CNVCNT,27,0,CNVCNT[27:0]
rm0432-stm32l4-series-advanced-armbased-32bit-mcus-stmicroelectronics_dfsdm_regmap.pdf,1,CNVCNT,27,0,CNVCNT[27:0]
rm0432-stm32l4-series-advanced-armbased-32bit-mcus-stmicroelectronics_dfsdm_regmap.pdf,1,FOSR,9,0,FOSR[9:0]
rm0432-stm32l4-series-advanced-armbased-32bit-mcus-stmicroelectronics_dfsdm_regmap.pdf,1,CNVCNT,27,0,CNVCNT[27:0]
rm0432-stm32l4-series-advanced-armbased-32bit-mcus-stmicroelectronics_dfsdm_regmap.pdf,1,FOSR,9,0,FOSR[9:0]
rm0432-stm32l4-series-advanced-armbased-32bit-mcus-stmicroelectronics_dfsdm_regmap.pdf,1,CKOUTDIV,7,0,CKOUTDIV[7:0]
rm0432-stm32l4-series-advanced-armbased-32bit-mcus-stmicroelectronics_dfsdm_regmap.pdf,1,OFFSET,23,0,OFFSET[23:0]
rm0432-stm32l4-series-advanced-armbased-32bit-mcus-stmicroelectronics_dfsdm_regmap.pdf,1,DTRBS,4,0,DTRBS[4:0]
rm0432-stm32l4-series-advanced-armbased-32bit-mcus-stmicroelectronics_dfsdm_regmap.pdf,1,AWFOSR,4,0,AWFOSR[4:0]
rm0432-stm32l4-series-advanced-armbased-32bit-mcus-stmicroelectronics_dfsdm_regmap.pdf,1,BKSCD,3,0,BKSCD[3:0]
rm0432-stm32l4-series-advanced-armbased-32bit-mcus-stmicroelectronics_dfsdm_regmap.pdf,1,SCDT,7,0,SCDT[7:0]
rm0432-stm32l4-series-advanced-armbased-32bit-mcus-stmicroelectronics_dfsdm_regmap.pdf,1,WDATA,15,0,WDATA[15:0]
rm0432-stm32l4-series-advanced-armbased-32bit-mcus-stmicroelectronics_dfsdm_regmap.pdf,1,INDAT1,15,0,INDAT1[15:0]
rm0432-stm32l4-series-advanced-armbased-32bit-mcus-stmicroelectronics_dfsdm_regmap.pdf,1,INDAT0,15,0,INDAT0[15:0]
rm0432-stm32l4-series-advanced-armbased-32bit-mcus-stmicroelectronics_dfsdm_regmap.pdf,1,PLSSKP,5,0,PLSSKP[5:0]
rm0432-stm32l4-series-advanced-armbased-32bit-mcus-stmicroelectronics_dfsdm_regmap.pdf,2,OFFSET,23,0,OFFSET[23:0]
rm0432-stm32l4-series-advanced-armbased-32bit-mcus-stmicroelectronics_dfsdm_regmap.pdf,2,DTRBS,4,0,DTRBS[4:0]
rm0432-stm32l4-series-advanced-armbased-32bit-mcus-stmicroelectronics_dfsdm_regmap.pdf,2,AWFOSR,4,0,AWFOSR[4:0]
rm0432-stm32l4-series-advanced-armbased-32bit-mcus-stmicroelectronics_dfsdm_regmap.pdf,2,BKSCD,3,0,BKSCD[3:0]
rm0432-stm32l4-series-advanced-armbased-32bit-mcus-stmicroelectronics_dfsdm_regmap.pdf,2,SCDT,7,0,SCDT[7:0]
rm0432-stm32l4-series-advanced-armbased-32bit-mcus-stmicroelectronics_dfsdm_regmap.pdf,2,WDATA,15,0,WDATA[15:0]
rm0432-stm32l4-series-advanced-armbased-32bit-mcus-stmicroelectronics_dfsdm_regmap.pdf,2,INDAT1,15,0,INDAT1[15:0]
rm0432-stm32l4-series-advanced-armbased-32bit-mcus-stmicroelectronics_dfsdm_regmap.pdf,2,INDAT0,15,0,INDAT0[15:0]
rm0432-stm32l4-series-advanced-armbased-32bit-mcus-stmicroelectronics_dfsdm_regmap.pdf,2,PLSSKP,5,0,PLSSKP[5:0]
rm0432-stm32l4-series-advanced-armbased-32bit-mcus-stmicroelectronics_dfsdm_regmap.pdf,2,OFFSET,23,0,OFFSET[23:0]
rm0432-stm32l4-series-advanced-armbased-32bit-mcus-stmicroelectronics_dfsdm_regmap.pdf,2,DTRBS,4,0,DTRBS[4:0]
rm0432-stm32l4-series-advanced-armbased-32bit-mcus-stmicroelectronics_dfsdm_regmap.pdf,2,AWFOSR,4,0,AWFOSR[4:0]
rm0432-stm32l4-series-advanced-armbased-32bit-mcus-stmicroelectronics_dfsdm_regmap.pdf,2,BKSCD,3,0,BKSCD[3:0]
rm0432-stm32l4-series-advanced-armbased-32bit-mcus-stmicroelectronics_dfsdm_regmap.pdf,2,SCDT,7,0,SCDT[7:0]
rm0432-stm32l4-series-advanced-armbased-32bit-mcus-stmicroelectronics_dfsdm_regmap.pdf,2,WDATA,15,0,WDATA[15:0]
rm0432-stm32l4-series-advanced-armbased-32bit-mcus-stmicroelectronics_dfsdm_regmap.pdf,2,INDAT1,15,0,INDAT1[15:0]
rm0432-stm32l4-series-advanced-armbased-32bit-mcus-stmicroelectronics_dfsdm_regmap.pdf,2,INDAT0,15,0,INDAT0[15:0]
rm0432-stm32l4-series-advanced-armbased-32bit-mcus-stmicroelectronics_dfsdm_regmap.pdf,2,PLSSKP,5,0,PLSSKP[5:0]
rm0432-stm32l4-series-advanced-armbased-32bit-mcus-stmicroelectronics_dfsdm_regmap.pdf,3,OFFSET,23,0,OFFSET[23:0]
rm0432-stm32l4-series-advanced-armbased-32bit-mcus-stmicroelectronics_dfsdm_regmap.pdf,3,DTRBS,4,0,DTRBS[4:0]
rm0432-stm32l4-series-advanced-armbased-32bit-mcus-stmicroelectronics_dfsdm_regmap.pdf,3,AWFOSR,4,0,AWFOSR[4:0]
rm0432-stm32l4-series-advanced-armbased-32bit-mcus-stmicroelectronics_dfsdm_regmap.pdf,3,BKSCD,3,0,BKSCD[3:0]
rm0432-stm32l4-series-advanced-armbased-32bit-mcus-stmicroelectronics_dfsdm_regmap.pdf,3,SCDT,7,0,SCDT[7:0]
rm0432-stm32l4-series-advanced-armbased-32bit-mcus-stmicroelectronics_dfsdm_regmap.pdf,3,WDATA,15,0,WDATA[15:0]
rm0432-stm32l4-series-advanced-armbased-32bit-mcus-stmicroelectronics_dfsdm_regmap.pdf,3,INDAT1,15,0,INDAT1[15:0]
rm0432-stm32l4-series-advanced-armbased-32bit-mcus-stmicroelectronics_dfsdm_regmap.pdf,3,INDAT0,15,0,INDAT0[15:0]
rm0432-stm32l4-series-advanced-armbased-32bit-mcus-stmicroelectronics_dfsdm_regmap.pdf,3,PLSSKP,5,0,PLSSKP[5:0]
rm0432-stm32l4-series-advanced-armbased-32bit-mcus-stmicroelectronics_dfsdm_regmap.pdf,3,OFFSET,23,0,OFFSET[23:0]
rm0432-stm32l4-series-advanced-armbased-32bit-mcus-stmicroelectronics_dfsdm_regmap.pdf,3,DTRBS,4,0,DTRBS[4:0]
rm0432-stm32l4-series-advanced-armbased-32bit-mcus-stmicroelectronics_dfsdm_regmap.pdf,3,AWFOSR,4,0,AWFOSR[4:0]
rm0432-stm32l4-series-advanced-armbased-32bit-mcus-stmicroelectronics_dfsdm_regmap.pdf,3,BKSCD,3,0,BKSCD[3:0]
rm0432-stm32l4-series-advanced-armbased-32bit-mcus-stmicroelectronics_dfsdm_regmap.pdf,3,SCDT,7,0,SCDT[7:0]
rm0432-stm32l4-series-advanced-armbased-32bit-mcus-stmicroelectronics_dfsdm_regmap.pdf,3,WDATA,15,0,WDATA[15:0]
rm0432-stm32l4-series-advanced-armbased-32bit-mcus-stmicroelectronics_dfsdm_regmap.pdf,3,INDAT1,15,0,INDAT1[15:0]
rm0432-stm32l4-series-advanced-armbased-32bit-mcus-stmicroelectronics_dfsdm_regmap.pdf,3,INDAT0,15,0,INDAT0[15:0]
rm0432-stm32l4-series-advanced-armbased-32bit-mcus-stmicroelectronics_dfsdm_regmap.pdf,3,PLSSKP,5,0,PLSSKP[5:0]
rm0432-stm32l4-series-advanced-armbased-32bit-mcus-stmicroelectronics_dfsdm_regmap.pdf,4,OFFSET,23,0,OFFSET[23:0]
rm0432-stm32l4-series-advanced-armbased-32bit-mcus-stmicroelectronics_dfsdm_regmap.pdf,4,DTRBS,4,0,DTRBS[4:0]
rm0432-stm32l4-series-advanced-armbased-32bit-mcus-stmicroelectronics_dfsdm_regmap.pdf,4,AWFOSR,4,0,AWFOSR[4:0]
rm0432-stm32l4-series-advanced-armbased-32bit-mcus-stmicroelectronics_dfsdm_regmap.pdf,4,BKSCD,3,0,BKSCD[3:0]
rm0432-stm32l4-series-advanced-armbased-32bit-mcus-stmicroelectronics_dfsdm_regmap.pdf,4,SCDT,7,0,SCDT[7:0]
rm0432-stm32l4-series-advanced-armbased-32bit-mcus-stmicroelectronics_dfsdm_regmap.pdf,4,WDATA,15,0,WDATA[15:0]
rm0432-stm32l4-series-advanced-armbased-32bit-mcus-stmicroelectronics_dfsdm_regmap.pdf,4,INDAT1,15,0,INDAT1[15:0]
rm0432-stm32l4-series-advanced-armbased-32bit-mcus-stmicroelectronics_dfsdm_regmap.pdf,4,INDAT0,15,0,INDAT0[15:0]
rm0432-stm32l4-series-advanced-armbased-32bit-mcus-stmicroelectronics_dfsdm_regmap.pdf,4,PLSSKP,5,0,PLSSKP[5:0]
rm0432-stm32l4-series-advanced-armbased-32bit-mcus-stmicroelectronics_dfsdm_regmap.pdf,4,OFFSET,23,0,OFFSET[23:0]
rm0432-stm32l4-series-advanced-armbased-32bit-mcus-stmicroelectronics_dfsdm_regmap.pdf,4,DTRBS,4,0,DTRBS[4:0]
rm0432-stm32l4-series-advanced-armbased-32bit-mcus-stmicroelectronics_dfsdm_regmap.pdf,4,AWFOSR,4,0,AWFOSR[4:0]
rm0432-stm32l4-series-advanced-armbased-32bit-mcus-stmicroelectronics_dfsdm_regmap.pdf,4,BKSCD,3,0,BKSCD[3:0]
rm0432-stm32l4-series-advanced-armbased-32bit-mcus-stmicroelectronics_dfsdm_regmap.pdf,4,SCDT,7,0,SCDT[7:0]
rm0432-stm32l4-series-advanced-armbased-32bit-mcus-stmicroelectronics_dfsdm_regmap.pdf,4,WDATA,15,0,WDATA[15:0]
rm0432-stm32l4-series-advanced-armbased-32bit-mcus-stmicroelectronics_dfsdm_regmap.pdf,4,INDAT1,15,0,INDAT1[15:0]
rm0432-stm32l4-series-advanced-armbased-32bit-mcus-stmicroelectronics_dfsdm_regmap.pdf,4,INDAT0,15,0,INDAT0[15:0]
rm0432-stm32l4-series-advanced-armbased-32bit-mcus-stmicroelectronics_dfsdm_regmap.pdf,4,PLSSKP,5,0,PLSSKP[5:0]
rm0432-stm32l4-series-advanced-armbased-32bit-mcus-stmicroelectronics_dfsdm_regmap.pdf,5,OFFSET,23,0,OFFSET[23:0]
rm0432-stm32l4-series-advanced-armbased-32bit-mcus-stmicroelectronics_dfsdm_regmap.pdf,5,DTRBS,4,0,DTRBS[4:0]
rm0432-stm32l4-series-advanced-armbased-32bit-mcus-stmicroelectronics_dfsdm_regmap.pdf,5,AWFOSR,4,0,AWFOSR[4:0]
rm0432-stm32l4-series-advanced-armbased-32bit-mcus-stmicroelectronics_dfsdm_regmap.pdf,5,BKSCD,3,0,BKSCD[3:0]
rm0432-stm32l4-series-advanced-armbased-32bit-mcus-stmicroelectronics_dfsdm_regmap.pdf,5,SCDT,7,0,SCDT[7:0]
rm0432-stm32l4-series-advanced-armbased-32bit-mcus-stmicroelectronics_dfsdm_regmap.pdf,5,WDATA,15,0,WDATA[15:0]
rm0432-stm32l4-series-advanced-armbased-32bit-mcus-stmicroelectronics_dfsdm_regmap.pdf,5,INDAT1,15,0,INDAT1[15:0]
rm0432-stm32l4-series-advanced-armbased-32bit-mcus-stmicroelectronics_dfsdm_regmap.pdf,5,INDAT0,15,0,INDAT0[15:0]
rm0432-stm32l4-series-advanced-armbased-32bit-mcus-stmicroelectronics_dfsdm_regmap.pdf,5,PLSSKP,5,0,PLSSKP[5:0]
rm0432-stm32l4-series-advanced-armbased-32bit-mcus-stmicroelectronics_dfsdm_regmap.pdf,5,RCH,2,0,RCH[2:0]
rm0432-stm32l4-series-advanced-armbased-32bit-mcus-stmicroelectronics_dfsdm_regmap.pdf,5,JEXTSEL,4,0,JEXTSEL[4:0]
rm0432-stm32l4-series-advanced-armbased-32bit-mcus-stmicroelectronics_dfsdm_regmap.pdf,5,AWDCH,7,0,AWDCH[7:0]
rm0432-stm32l4-series-advanced-armbased-32bit-mcus-stmicroelectronics_dfsdm_regmap.pdf,5,EXCH,7,0,EXCH[7:0]
rm0432-stm32l4-series-advanced-armbased-32bit-mcus-stmicroelectronics_dfsdm_regmap.pdf,5,SCDF,7,0,SCDF[7:0]
rm0432-stm32l4-series-advanced-armbased-32bit-mcus-stmicroelectronics_dfsdm_regmap.pdf,5,CKABF,7,0,CKABF[7:0]
rm0432-stm32l4-series-advanced-armbased-32bit-mcus-stmicroelectronics_dfsdm_regmap.pdf,5,CLRSCDF,7,0,CLRSCDF[7:0]
rm0432-stm32l4-series-advanced-armbased-32bit-mcus-stmicroelectronics_dfsdm_regmap.pdf,5,CLRCKABF,7,0,CLRCKABF[7:0]
rm0432-stm32l4-series-advanced-armbased-32bit-mcus-stmicroelectronics_dfsdm_regmap.pdf,5,JCHG,7,0,JCHG[7:0]
rm0432-stm32l4-series-advanced-armbased-32bit-mcus-stmicroelectronics_dfsdm_regmap.pdf,5,FOSR,9,0,FOSR[9:0]
rm0432-stm32l4-series-advanced-armbased-32bit-mcus-stmicroelectronics_dfsdm_regmap.pdf,5,IOSR,7,0,IOSR[7:0]
rm0432-stm32l4-series-advanced-armbased-32bit-mcus-stmicroelectronics_dfsdm_regmap.pdf,6,JDATA,23,0,JDATA[23:0]
rm0432-stm32l4-series-advanced-armbased-32bit-mcus-stmicroelectronics_dfsdm_regmap.pdf,6,RDATA,23,0,RDATA[23:0]
rm0432-stm32l4-series-advanced-armbased-32bit-mcus-stmicroelectronics_dfsdm_regmap.pdf,6,CH,2,0,CH[2:0]
rm0432-stm32l4-series-advanced-armbased-32bit-mcus-stmicroelectronics_dfsdm_regmap.pdf,6,AWHT,23,0,AWHT[23:0]
rm0432-stm32l4-series-advanced-armbased-32bit-mcus-stmicroelectronics_dfsdm_regmap.pdf,6,BKAWH,3,0,BKAWH[3:0]
rm0432-stm32l4-series-advanced-armbased-32bit-mcus-stmicroelectronics_dfsdm_regmap.pdf,6,AWLT,23,0,AWLT[23:0]
rm0432-stm32l4-series-advanced-armbased-32bit-mcus-stmicroelectronics_dfsdm_regmap.pdf,6,BKAWL,3,0,BKAWL[3:0]
rm0432-stm32l4-series-advanced-armbased-32bit-mcus-stmicroelectronics_dfsdm_regmap.pdf,6,AWHTF,7,0,AWHTF[7:0]
rm0432-stm32l4-series-advanced-armbased-32bit-mcus-stmicroelectronics_dfsdm_regmap.pdf,6,AWLTF,7,0,AWLTF[7:0]
rm0432-stm32l4-series-advanced-armbased-32bit-mcus-stmicroelectronics_dfsdm_regmap.pdf,6,CLRAWHTF,7,0,CLRAWHTF[7:0]
rm0432-stm32l4-series-advanced-armbased-32bit-mcus-stmicroelectronics_dfsdm_regmap.pdf,6,CLRAWLTF,7,0,CLRAWLTF[7:0]
rm0432-stm32l4-series-advanced-armbased-32bit-mcus-stmicroelectronics_dfsdm_regmap.pdf,6,EXMAX,23,0,EXMAX[23:0]
rm0432-stm32l4-series-advanced-armbased-32bit-mcus-stmicroelectronics_dfsdm_regmap.pdf,6,EXMIN,23,0,EXMIN[23:0]
rm0432-stm32l4-series-advanced-armbased-32bit-mcus-stmicroelectronics_dfsdm_regmap.pdf,6,CNVCNT,27,0,CNVCNT[27:0]
rm0432-stm32l4-series-advanced-armbased-32bit-mcus-stmicroelectronics_dfsdm_regmap.pdf,6,RCH,2,0,RCH[2:0]
rm0432-stm32l4-series-advanced-armbased-32bit-mcus-stmicroelectronics_dfsdm_regmap.pdf,6,JEXTSEL,4,0,JEXTSEL[4:0]
rm0432-stm32l4-series-advanced-armbased-32bit-mcus-stmicroelectronics_dfsdm_regmap.pdf,6,AWDCH,7,0,AWDCH[7:0]
rm0432-stm32l4-series-advanced-armbased-32bit-mcus-stmicroelectronics_dfsdm_regmap.pdf,6,EXCH,7,0,EXCH[7:0]
rm0432-stm32l4-series-advanced-armbased-32bit-mcus-stmicroelectronics_dfsdm_regmap.pdf,7,JCHG,7,0,JCHG[7:0]
rm0432-stm32l4-series-advanced-armbased-32bit-mcus-stmicroelectronics_dfsdm_regmap.pdf,7,FOSR,9,0,FOSR[9:0]
rm0432-stm32l4-series-advanced-armbased-32bit-mcus-stmicroelectronics_dfsdm_regmap.pdf,7,IOSR,7,0,IOSR[7:0]
rm0432-stm32l4-series-advanced-armbased-32bit-mcus-stmicroelectronics_dfsdm_regmap.pdf,7,JDATA,23,0,JDATA[23:0]
rm0432-stm32l4-series-advanced-armbased-32bit-mcus-stmicroelectronics_dfsdm_regmap.pdf,7,RDATA,23,0,RDATA[23:0]
rm0432-stm32l4-series-advanced-armbased-32bit-mcus-stmicroelectronics_dfsdm_regmap.pdf,7,CH,2,0,CH[2:0]
rm0432-stm32l4-series-advanced-armbased-32bit-mcus-stmicroelectronics_dfsdm_regmap.pdf,7,AWHT,23,0,AWHT[23:0]
rm0432-stm32l4-series-advanced-armbased-32bit-mcus-stmicroelectronics_dfsdm_regmap.pdf,7,BKAWH,3,0,BKAWH[3:0]
rm0432-stm32l4-series-advanced-armbased-32bit-mcus-stmicroelectronics_dfsdm_regmap.pdf,7,AWLT,23,0,AWLT[23:0]
rm0432-stm32l4-series-advanced-armbased-32bit-mcus-stmicroelectronics_dfsdm_regmap.pdf,7,BKAWL,3,0,BKAWL[3:0]
rm0432-stm32l4-series-advanced-armbased-32bit-mcus-stmicroelectronics_dfsdm_regmap.pdf,7,AWHTF,7,0,AWHTF[7:0]
rm0432-stm32l4-series-advanced-armbased-32bit-mcus-stmicroelectronics_dfsdm_regmap.pdf,7,AWLTF,7,0,AWLTF[7:0]
rm0432-stm32l4-series-advanced-armbased-32bit-mcus-stmicroelectronics_dfsdm_regmap.pdf,7,CLRAWHTF,7,0,CLRAWHTF[7:0]
rm0432-stm32l4-series-advanced-armbased-32bit-mcus-stmicroelectronics_dfsdm_regmap.pdf,7,CLRAWLTF,7,0,CLRAWLTF[7:0]
rm0432-stm32l4-series-advanced-armbased-32bit-mcus-stmicroelectronics_dfsdm_regmap.pdf,7,EXMAX,23,0,EXMAX[23:0]
rm0432-stm32l4-series-advanced-armbased-32bit-mcus-stmicroelectronics_dfsdm_regmap.pdf,7,EXMIN,23,0,EXMIN[23:0]
rm0432-stm32l4-series-advanced-armbased-32bit-mcus-stmicroelectronics_dfsdm_regmap.pdf,7,CNVCNT,27,0,CNVCNT[27:0]
rm0432-stm32l4-series-advanced-armbased-32bit-mcus-stmicroelectronics_dfsdm_regmap.pdf,8,RCH,2,0,RCH[2:0]
rm0432-stm32l4-series-advanced-armbased-32bit-mcus-stmicroelectronics_dfsdm_regmap.pdf,8,JEXTSEL,4,0,JEXTSEL[4:0]
rm0432-stm32l4-series-advanced-armbased-32bit-mcus-stmicroelectronics_dfsdm_regmap.pdf,8,AWDCH,7,0,AWDCH[7:0]
rm0432-stm32l4-series-advanced-armbased-32bit-mcus-stmicroelectronics_dfsdm_regmap.pdf,8,EXCH,7,0,EXCH[7:0]
rm0432-stm32l4-series-advanced-armbased-32bit-mcus-stmicroelectronics_dfsdm_regmap.pdf,8,JCHG,7,0,JCHG[7:0]
rm0432-stm32l4-series-advanced-armbased-32bit-mcus-stmicroelectronics_dfsdm_regmap.pdf,8,FOSR,9,0,FOSR[9:0]
rm0432-stm32l4-series-advanced-armbased-32bit-mcus-stmicroelectronics_dfsdm_regmap.pdf,8,IOSR,7,0,IOSR[7:0]
rm0432-stm32l4-series-advanced-armbased-32bit-mcus-stmicroelectronics_dfsdm_regmap.pdf,8,JDATA,23,0,JDATA[23:0]
rm0432-stm32l4-series-advanced-armbased-32bit-mcus-stmicroelectronics_dfsdm_regmap.pdf,8,RDATA,23,0,RDATA[23:0]
rm0432-stm32l4-series-advanced-armbased-32bit-mcus-stmicroelectronics_dfsdm_regmap.pdf,8,CH,2,0,CH[2:0]
rm0432-stm32l4-series-advanced-armbased-32bit-mcus-stmicroelectronics_dfsdm_regmap.pdf,8,AWHT,23,0,AWHT[23:0]
rm0432-stm32l4-series-advanced-armbased-32bit-mcus-stmicroelectronics_dfsdm_regmap.pdf,8,BKAWH,3,0,BKAWH[3:0]
rm0432-stm32l4-series-advanced-armbased-32bit-mcus-stmicroelectronics_dfsdm_regmap.pdf,8,AWLT,23,0,AWLT[23:0]
rm0432-stm32l4-series-advanced-armbased-32bit-mcus-stmicroelectronics_dfsdm_regmap.pdf,8,BKAWL,3,0,BKAWL[3:0]
rm0432-stm32l4-series-advanced-armbased-32bit-mcus-stmicroelectronics_dfsdm_regmap.pdf,8,AWHTF,7,0,AWHTF[7:0]
rm0432-stm32l4-series-advanced-armbased-32bit-mcus-stmicroelectronics_dfsdm_regmap.pdf,8,AWLTF,7,0,AWLTF[7:0]
rm0432-stm32l4-series-advanced-armbased-32bit-mcus-stmicroelectronics_dfsdm_regmap.pdf,8,CLRAWHTF,7,0,CLRAWHTF[7:0]
rm0432-stm32l4-series-advanced-armbased-32bit-mcus-stmicroelectronics_dfsdm_regmap.pdf,8,CLRAWLTF,7,0,CLRAWLTF[7:0]
rm0432-stm32l4-series-advanced-armbased-32bit-mcus-stmicroelectronics_dfsdm_regmap.pdf,9,EXMAX,23,0,EXMAX[23:0]
rm0432-stm32l4-series-advanced-armbased-32bit-mcus-stmicroelectronics_dfsdm_regmap.pdf,9,EXMIN,23,0,EXMIN[23:0]
rm0432-stm32l4-series-advanced-armbased-32bit-mcus-stmicroelectronics_dfsdm_regmap.pdf,9,CNVCNT,27,0,CNVCNT[27:0]
rm0432-stm32l4-series-advanced-armbased-32bit-mcus-stmicroelectronics_dfsdm_regmap.pdf,9,RCH,2,0,RCH[2:0]
rm0432-stm32l4-series-advanced-armbased-32bit-mcus-stmicroelectronics_dfsdm_regmap.pdf,9,JEXTSEL,4,0,JEXTSEL[4:0]
rm0432-stm32l4-series-advanced-armbased-32bit-mcus-stmicroelectronics_dfsdm_regmap.pdf,9,AWDCH,7,0,AWDCH[7:0]
rm0432-stm32l4-series-advanced-armbased-32bit-mcus-stmicroelectronics_dfsdm_regmap.pdf,9,EXCH,7,0,EXCH[7:0]
rm0432-stm32l4-series-advanced-armbased-32bit-mcus-stmicroelectronics_dfsdm_regmap.pdf,9,JCHG,7,0,JCHG[7:0]
rm0432-stm32l4-series-advanced-armbased-32bit-mcus-stmicroelectronics_dfsdm_regmap.pdf,9,FOSR,9,0,FOSR[9:0]
rm0432-stm32l4-series-advanced-armbased-32bit-mcus-stmicroelectronics_dfsdm_regmap.pdf,9,IOSR,7,0,IOSR[7:0]
rm0432-stm32l4-series-advanced-armbased-32bit-mcus-stmicroelectronics_dfsdm_regmap.pdf,9,JDATA,23,0,JDATA[23:0]
rm0432-stm32l4-series-advanced-armbased-32bit-mcus-stmicroelectronics_dfsdm_regmap.pdf,10,RDATA,23,0,RDATA[23:0]
rm0432-stm32l4-series-advanced-armbased-32bit-mcus-stmicroelectronics_dfsdm_regmap.pdf,10,CH,2,0,CH[2:0]
rm0432-stm32l4-series-advanced-armbased-32bit-mcus-stmicroelectronics_dfsdm_regmap.pdf,10,AWHT,23,0,AWHT[23:0]
rm0432-stm32l4-series-advanced-armbased-32bit-mcus-stmicroelectronics_dfsdm_regmap.pdf,10,BKAWH,3,0,BKAWH[3:0]
rm0432-stm32l4-series-advanced-armbased-32bit-mcus-stmicroelectronics_dfsdm_regmap.pdf,10,AWLT,23,0,AWLT[23:0]
rm0432-stm32l4-series-advanced-armbased-32bit-mcus-stmicroelectronics_dfsdm_regmap.pdf,10,BKAWL,3,0,BKAWL[3:0]
rm0432-stm32l4-series-advanced-armbased-32bit-mcus-stmicroelectronics_dfsdm_regmap.pdf,10,AWHTF,7,0,AWHTF[7:0]
rm0432-stm32l4-series-advanced-armbased-32bit-mcus-stmicroelectronics_dfsdm_regmap.pdf,10,AWLTF,7,0,AWLTF[7:0]
rm0432-stm32l4-series-advanced-armbased-32bit-mcus-stmicroelectronics_dfsdm_regmap.pdf,10,CLRAWHTF,7,0,CLRAWHTF[7:0]
rm0432-stm32l4-series-advanced-armbased-32bit-mcus-stmicroelectronics_dfsdm_regmap.pdf,10,CLRAWLTF,7,0,CLRAWLTF[7:0]
rm0432-stm32l4-series-advanced-armbased-32bit-mcus-stmicroelectronics_dfsdm_regmap.pdf,10,EXMAX,23,0,EXMAX[23:0]
rm0432-stm32l4-series-advanced-armbased-32bit-mcus-stmicroelectronics_dfsdm_regmap.pdf,10,EXMIN,23,0,EXMIN[23:0]
rm0432-stm32l4-series-advanced-armbased-32bit-mcus-stmicroelectronics_dfsdm_regmap.pdf,10,CNVCNT,27,0,CNVCNT[27:0]
rm0433-stm32h742-stm32h743753-and-stm32h750-value-line-advanced-armbased-32bit-mcus-stmicroelectronics_dfsdm_regmap.pdf,1,CNVCNT,27,0,CNVCNT[27:0]
rm0433-stm32h742-stm32h743753-and-stm32h750-value-line-advanced-armbased-32bit-mcus-stmicroelectronics_dfsdm_regmap.pdf,1,CNVCNT,27,0,CNVCNT[27:0]
rm0433-stm32h742-stm32h743753-and-stm32h750-value-line-advanced-armbased-32bit-mcus-stmicroelectronics_dfsdm_regmap.pdf,1,FOSR,9,0,FOSR[9:0]
rm0433-stm32h742-stm32h743753-and-stm32h750-value-line-advanced-armbased-32bit-mcus-stmicroelectronics_dfsdm_regmap.pdf,1,CNVCNT,27,0,CNVCNT[27:0]
rm0433-stm32h742-stm32h743753-and-stm32h750-value-line-advanced-armbased-32bit-mcus-stmicroelectronics_dfsdm_regmap.pdf,1,FOSR,9,0,FOSR[9:0]
rm0433-stm32h742-stm32h743753-and-stm32h750-value-line-advanced-armbased-32bit-mcus-stmicroelectronics_dfsdm_regmap.pdf,1,CKOUTDIV,7,0,CKOUTDIV[7:0]
rm0433-stm32h742-stm32h743753-and-stm32h750-value-line-advanced-armbased-32bit-mcus-stmicroelectronics_dfsdm_regmap.pdf,1,OFFSET,23,0,OFFSET[23:0]
rm0433-stm32h742-stm32h743753-and-stm32h750-value-line-advanced-armbased-32bit-mcus-stmicroelectronics_dfsdm_regmap.pdf,1,DTRBS,4,0,DTRBS[4:0]
rm0433-stm32h742-stm32h743753-and-stm32h750-value-line-advanced-armbased-32bit-mcus-stmicroelectronics_dfsdm_regmap.pdf,1,AWFOSR,4,0,AWFOSR[4:0]
rm0433-stm32h742-stm32h743753-and-stm32h750-value-line-advanced-armbased-32bit-mcus-stmicroelectronics_dfsdm_regmap.pdf,1,BKSCD,3,0,BKSCD[3:0]
rm0433-stm32h742-stm32h743753-and-stm32h750-value-line-advanced-armbased-32bit-mcus-stmicroelectronics_dfsdm_regmap.pdf,1,SCDT,7,0,SCDT[7:0]
rm0433-stm32h742-stm32h743753-and-stm32h750-value-line-advanced-armbased-32bit-mcus-stmicroelectronics_dfsdm_regmap.pdf,1,WDATA,15,0,WDATA[15:0]
rm0433-stm32h742-stm32h743753-and-stm32h750-value-line-advanced-armbased-32bit-mcus-stmicroelectronics_dfsdm_regmap.pdf,1,INDAT1,15,0,INDAT1[15:0]
rm0433-stm32h742-stm32h743753-and-stm32h750-value-line-advanced-armbased-32bit-mcus-stmicroelectronics_dfsdm_regmap.pdf,1,INDAT0,15,0,INDAT0[15:0]
rm0433-stm32h742-stm32h743753-and-stm32h750-value-line-advanced-armbased-32bit-mcus-stmicroelectronics_dfsdm_regmap.pdf,2,OFFSET,23,0,OFFSET[23:0]
rm0433-stm32h742-stm32h743753-and-stm32h750-value-line-advanced-armbased-32bit-mcus-stmicroelectronics_dfsdm_regmap.pdf,2,DTRBS,4,0,DTRBS[4:0]
rm0433-stm32h742-stm32h743753-and-stm32h750-value-line-advanced-armbased-32bit-mcus-stmicroelectronics_dfsdm_regmap.pdf,2,AWFOSR,4,0,AWFOSR[4:0]
rm0433-stm32h742-stm32h743753-and-stm32h750-value-line-advanced-armbased-32bit-mcus-stmicroelectronics_dfsdm_regmap.pdf,2,BKSCD,3,0,BKSCD[3:0]
rm0433-stm32h742-stm32h743753-and-stm32h750-value-line-advanced-armbased-32bit-mcus-stmicroelectronics_dfsdm_regmap.pdf,2,SCDT,7,0,SCDT[7:0]
rm0433-stm32h742-stm32h743753-and-stm32h750-value-line-advanced-armbased-32bit-mcus-stmicroelectronics_dfsdm_regmap.pdf,2,WDATA,15,0,WDATA[15:0]
rm0433-stm32h742-stm32h743753-and-stm32h750-value-line-advanced-armbased-32bit-mcus-stmicroelectronics_dfsdm_regmap.pdf,2,INDAT1,15,0,INDAT1[15:0]
rm0433-stm32h742-stm32h743753-and-stm32h750-value-line-advanced-armbased-32bit-mcus-stmicroelectronics_dfsdm_regmap.pdf,2,INDAT0,15,0,INDAT0[15:0]
rm0433-stm32h742-stm32h743753-and-stm32h750-value-line-advanced-armbased-32bit-mcus-stmicroelectronics_dfsdm_regmap.pdf,2,OFFSET,23,0,OFFSET[23:0]
rm0433-stm32h742-stm32h743753-and-stm32h750-value-line-advanced-armbased-32bit-mcus-stmicroelectronics_dfsdm_regmap.pdf,2,DTRBS,4,0,DTRBS[4:0]
rm0433-stm32h742-stm32h743753-and-stm32h750-value-line-advanced-armbased-32bit-mcus-stmicroelectronics_dfsdm_regmap.pdf,2,AWFOSR,4,0,AWFOSR[4:0]
rm0433-stm32h742-stm32h743753-and-stm32h750-value-line-advanced-armbased-32bit-mcus-stmicroelectronics_dfsdm_regmap.pdf,2,BKSCD,3,0,BKSCD[3:0]
rm0433-stm32h742-stm32h743753-and-stm32h750-value-line-advanced-armbased-32bit-mcus-stmicroelectronics_dfsdm_regmap.pdf,2,SCDT,7,0,SCDT[7:0]
rm0433-stm32h742-stm32h743753-and-stm32h750-value-line-advanced-armbased-32bit-mcus-stmicroelectronics_dfsdm_regmap.pdf,2,WDATA,15,0,WDATA[15:0]
rm0433-stm32h742-stm32h743753-and-stm32h750-value-line-advanced-armbased-32bit-mcus-stmicroelectronics_dfsdm_regmap.pdf,2,INDAT1,15,0,INDAT1[15:0]
rm0433-stm32h742-stm32h743753-and-stm32h750-value-line-advanced-armbased-32bit-mcus-stmicroelectronics_dfsdm_regmap.pdf,2,INDAT0,15,0,INDAT0[15:0]
rm0433-stm32h742-stm32h743753-and-stm32h750-value-line-advanced-armbased-32bit-mcus-stmicroelectronics_dfsdm_regmap.pdf,2,OFFSET,23,0,OFFSET[23:0]
rm0433-stm32h742-stm32h743753-and-stm32h750-value-line-advanced-armbased-32bit-mcus-stmicroelectronics_dfsdm_regmap.pdf,2,DTRBS,4,0,DTRBS[4:0]
rm0433-stm32h742-stm32h743753-and-stm32h750-value-line-advanced-armbased-32bit-mcus-stmicroelectronics_dfsdm_regmap.pdf,3,AWFOSR,4,0,AWFOSR[4:0]
rm0433-stm32h742-stm32h743753-and-stm32h750-value-line-advanced-armbased-32bit-mcus-stmicroelectronics_dfsdm_regmap.pdf,3,BKSCD,3,0,BKSCD[3:0]
rm0433-stm32h742-stm32h743753-and-stm32h750-value-line-advanced-armbased-32bit-mcus-stmicroelectronics_dfsdm_regmap.pdf,3,SCDT,7,0,SCDT[7:0]
rm0433-stm32h742-stm32h743753-and-stm32h750-value-line-advanced-armbased-32bit-mcus-stmicroelectronics_dfsdm_regmap.pdf,3,WDATA,15,0,WDATA[15:0]
rm0433-stm32h742-stm32h743753-and-stm32h750-value-line-advanced-armbased-32bit-mcus-stmicroelectronics_dfsdm_regmap.pdf,3,INDAT1,15,0,INDAT1[15:0]
rm0433-stm32h742-stm32h743753-and-stm32h750-value-line-advanced-armbased-32bit-mcus-stmicroelectronics_dfsdm_regmap.pdf,3,INDAT0,15,0,INDAT0[15:0]
rm0433-stm32h742-stm32h743753-and-stm32h750-value-line-advanced-armbased-32bit-mcus-stmicroelectronics_dfsdm_regmap.pdf,3,OFFSET,23,0,OFFSET[23:0]
rm0433-stm32h742-stm32h743753-and-stm32h750-value-line-advanced-armbased-32bit-mcus-stmicroelectronics_dfsdm_regmap.pdf,3,DTRBS,4,0,DTRBS[4:0]
rm0433-stm32h742-stm32h743753-and-stm32h750-value-line-advanced-armbased-32bit-mcus-stmicroelectronics_dfsdm_regmap.pdf,3,AWFOSR,4,0,AWFOSR[4:0]
rm0433-stm32h742-stm32h743753-and-stm32h750-value-line-advanced-armbased-32bit-mcus-stmicroelectronics_dfsdm_regmap.pdf,3,BKSCD,3,0,BKSCD[3:0]
rm0433-stm32h742-stm32h743753-and-stm32h750-value-line-advanced-armbased-32bit-mcus-stmicroelectronics_dfsdm_regmap.pdf,3,SCDT,7,0,SCDT[7:0]
rm0433-stm32h742-stm32h743753-and-stm32h750-value-line-advanced-armbased-32bit-mcus-stmicroelectronics_dfsdm_regmap.pdf,3,WDATA,15,0,WDATA[15:0]
rm0433-stm32h742-stm32h743753-and-stm32h750-value-line-advanced-armbased-32bit-mcus-stmicroelectronics_dfsdm_regmap.pdf,3,INDAT1,15,0,INDAT1[15:0]
rm0433-stm32h742-stm32h743753-and-stm32h750-value-line-advanced-armbased-32bit-mcus-stmicroelectronics_dfsdm_regmap.pdf,3,INDAT0,15,0,INDAT0[15:0]
rm0433-stm32h742-stm32h743753-and-stm32h750-value-line-advanced-armbased-32bit-mcus-stmicroelectronics_dfsdm_regmap.pdf,3,OFFSET,23,0,OFFSET[23:0]
rm0433-stm32h742-stm32h743753-and-stm32h750-value-line-advanced-armbased-32bit-mcus-stmicroelectronics_dfsdm_regmap.pdf,3,DTRBS,4,0,DTRBS[4:0]
rm0433-stm32h742-stm32h743753-and-stm32h750-value-line-advanced-armbased-32bit-mcus-stmicroelectronics_dfsdm_regmap.pdf,3,AWFOSR,4,0,AWFOSR[4:0]
rm0433-stm32h742-stm32h743753-and-stm32h750-value-line-advanced-armbased-32bit-mcus-stmicroelectronics_dfsdm_regmap.pdf,3,BKSCD,3,0,BKSCD[3:0]
rm0433-stm32h742-stm32h743753-and-stm32h750-value-line-advanced-armbased-32bit-mcus-stmicroelectronics_dfsdm_regmap.pdf,3,SCDT,7,0,SCDT[7:0]
rm0433-stm32h742-stm32h743753-and-stm32h750-value-line-advanced-armbased-32bit-mcus-stmicroelectronics_dfsdm_regmap.pdf,4,WDATA,15,0,WDATA[15:0]
rm0433-stm32h742-stm32h743753-and-stm32h750-value-line-advanced-armbased-32bit-mcus-stmicroelectronics_dfsdm_regmap.pdf,4,INDAT1,15,0,INDAT1[15:0]
rm0433-stm32h742-stm32h743753-and-stm32h750-value-line-advanced-armbased-32bit-mcus-stmicroelectronics_dfsdm_regmap.pdf,4,INDAT0,15,0,INDAT0[15:0]
rm0433-stm32h742-stm32h743753-and-stm32h750-value-line-advanced-armbased-32bit-mcus-stmicroelectronics_dfsdm_regmap.pdf,4,OFFSET,23,0,OFFSET[23:0]
rm0433-stm32h742-stm32h743753-and-stm32h750-value-line-advanced-armbased-32bit-mcus-stmicroelectronics_dfsdm_regmap.pdf,4,DTRBS,4,0,DTRBS[4:0]
rm0433-stm32h742-stm32h743753-and-stm32h750-value-line-advanced-armbased-32bit-mcus-stmicroelectronics_dfsdm_regmap.pdf,4,AWFOSR,4,0,AWFOSR[4:0]
rm0433-stm32h742-stm32h743753-and-stm32h750-value-line-advanced-armbased-32bit-mcus-stmicroelectronics_dfsdm_regmap.pdf,4,BKSCD,3,0,BKSCD[3:0]
rm0433-stm32h742-stm32h743753-and-stm32h750-value-line-advanced-armbased-32bit-mcus-stmicroelectronics_dfsdm_regmap.pdf,4,SCDT,7,0,SCDT[7:0]
rm0433-stm32h742-stm32h743753-and-stm32h750-value-line-advanced-armbased-32bit-mcus-stmicroelectronics_dfsdm_regmap.pdf,4,WDATA,15,0,WDATA[15:0]
rm0433-stm32h742-stm32h743753-and-stm32h750-value-line-advanced-armbased-32bit-mcus-stmicroelectronics_dfsdm_regmap.pdf,4,INDAT1,15,0,INDAT1[15:0]
rm0433-stm32h742-stm32h743753-and-stm32h750-value-line-advanced-armbased-32bit-mcus-stmicroelectronics_dfsdm_regmap.pdf,4,INDAT0,15,0,INDAT0[15:0]
rm0433-stm32h742-stm32h743753-and-stm32h750-value-line-advanced-armbased-32bit-mcus-stmicroelectronics_dfsdm_regmap.pdf,4,OFFSET,23,0,OFFSET[23:0]
rm0433-stm32h742-stm32h743753-and-stm32h750-value-line-advanced-armbased-32bit-mcus-stmicroelectronics_dfsdm_regmap.pdf,4,DTRBS,4,0,DTRBS[4:0]
rm0433-stm32h742-stm32h743753-and-stm32h750-value-line-advanced-armbased-32bit-mcus-stmicroelectronics_dfsdm_regmap.pdf,4,AWFOSR,4,0,AWFOSR[4:0]
rm0433-stm32h742-stm32h743753-and-stm32h750-value-line-advanced-armbased-32bit-mcus-stmicroelectronics_dfsdm_regmap.pdf,4,BKSCD,3,0,BKSCD[3:0]
rm0433-stm32h742-stm32h743753-and-stm32h750-value-line-advanced-armbased-32bit-mcus-stmicroelectronics_dfsdm_regmap.pdf,4,SCDT,7,0,SCDT[7:0]
rm0433-stm32h742-stm32h743753-and-stm32h750-value-line-advanced-armbased-32bit-mcus-stmicroelectronics_dfsdm_regmap.pdf,4,WDATA,15,0,WDATA[15:0]
rm0433-stm32h742-stm32h743753-and-stm32h750-value-line-advanced-armbased-32bit-mcus-stmicroelectronics_dfsdm_regmap.pdf,4,INDAT1,15,0,INDAT1[15:0]
rm0433-stm32h742-stm32h743753-and-stm32h750-value-line-advanced-armbased-32bit-mcus-stmicroelectronics_dfsdm_regmap.pdf,4,INDAT0,15,0,INDAT0[15:0]
rm0433-stm32h742-stm32h743753-and-stm32h750-value-line-advanced-armbased-32bit-mcus-stmicroelectronics_dfsdm_regmap.pdf,5,RCH,2,0,RCH[2:0]
rm0433-stm32h742-stm32h743753-and-stm32h750-value-line-advanced-armbased-32bit-mcus-stmicroelectronics_dfsdm_regmap.pdf,5,JEXTSEL,4,0,JEXTSEL[4:0]
rm0433-stm32h742-stm32h743753-and-stm32h750-value-line-advanced-armbased-32bit-mcus-stmicroelectronics_dfsdm_regmap.pdf,5,AWDCH,7,0,AWDCH[7:0]
rm0433-stm32h742-stm32h743753-and-stm32h750-value-line-advanced-armbased-32bit-mcus-stmicroelectronics_dfsdm_regmap.pdf,5,EXCH,7,0,EXCH[7:0]
rm0433-stm32h742-stm32h743753-and-stm32h750-value-line-advanced-armbased-32bit-mcus-stmicroelectronics_dfsdm_regmap.pdf,5,SCDF,7,0,SCDF[7:0]
rm0433-stm32h742-stm32h743753-and-stm32h750-value-line-advanced-armbased-32bit-mcus-stmicroelectronics_dfsdm_regmap.pdf,5,CKABF,7,0,CKABF[7:0]
rm0433-stm32h742-stm32h743753-and-stm32h750-value-line-advanced-armbased-32bit-mcus-stmicroelectronics_dfsdm_regmap.pdf,5,CLRSCDF,7,0,CLRSCDF[7:0]
rm0433-stm32h742-stm32h743753-and-stm32h750-value-line-advanced-armbased-32bit-mcus-stmicroelectronics_dfsdm_regmap.pdf,5,CLRCKABF,7,0,CLRCKABF[7:0]
rm0433-stm32h742-stm32h743753-and-stm32h750-value-line-advanced-armbased-32bit-mcus-stmicroelectronics_dfsdm_regmap.pdf,5,JCHG,7,0,JCHG[7:0]
rm0433-stm32h742-stm32h743753-and-stm32h750-value-line-advanced-armbased-32bit-mcus-stmicroelectronics_dfsdm_regmap.pdf,5,FOSR,9,0,FOSR[9:0]
rm0433-stm32h742-stm32h743753-and-stm32h750-value-line-advanced-armbased-32bit-mcus-stmicroelectronics_dfsdm_regmap.pdf,5,IOSR,7,0,IOSR[7:0]
rm0433-stm32h742-stm32h743753-and-stm32h750-value-line-advanced-armbased-32bit-mcus-stmicroelectronics_dfsdm_regmap.pdf,5,JDATA,23,0,JDATA[23:0]
rm0433-stm32h742-stm32h743753-and-stm32h750-value-line-advanced-armbased-32bit-mcus-stmicroelectronics_dfsdm_regmap.pdf,5,RDATA,23,0,RDATA[23:0]
rm0433-stm32h742-stm32h743753-and-stm32h750-value-line-advanced-armbased-32bit-mcus-stmicroelectronics_dfsdm_regmap.pdf,5,CH,2,0,CH[2:0]
rm0433-stm32h742-stm32h743753-and-stm32h750-value-line-advanced-armbased-32bit-mcus-stmicroelectronics_dfsdm_regmap.pdf,5,AWHT,23,0,AWHT[23:0]
rm0433-stm32h742-stm32h743753-and-stm32h750-value-line-advanced-armbased-32bit-mcus-stmicroelectronics_dfsdm_regmap.pdf,5,BKAWH,3,0,BKAWH[3:0]
rm0433-stm32h742-stm32h743753-and-stm32h750-value-line-advanced-armbased-32bit-mcus-stmicroelectronics_dfsdm_regmap.pdf,5,AWLT,23,0,AWLT[23:0]
rm0433-stm32h742-stm32h743753-and-stm32h750-value-line-advanced-armbased-32bit-mcus-stmicroelectronics_dfsdm_regmap.pdf,5,BKAWL,3,0,BKAWL[3:0]
rm0433-stm32h742-stm32h743753-and-stm32h750-value-line-advanced-armbased-32bit-mcus-stmicroelectronics_dfsdm_regmap.pdf,5,AWHTF,7,0,AWHTF[7:0]
rm0433-stm32h742-stm32h743753-and-stm32h750-value-line-advanced-armbased-32bit-mcus-stmicroelectronics_dfsdm_regmap.pdf,5,AWLTF,7,0,AWLTF[7:0]
rm0433-stm32h742-stm32h743753-and-stm32h750-value-line-advanced-armbased-32bit-mcus-stmicroelectronics_dfsdm_regmap.pdf,5,CLRAWHTF,7,0,CLRAWHTF[7:0]
rm0433-stm32h742-stm32h743753-and-stm32h750-value-line-advanced-armbased-32bit-mcus-stmicroelectronics_dfsdm_regmap.pdf,5,CLRAWLTF,7,0,CLRAWLTF[7:0]
rm0433-stm32h742-stm32h743753-and-stm32h750-value-line-advanced-armbased-32bit-mcus-stmicroelectronics_dfsdm_regmap.pdf,6,EXMAX,23,0,EXMAX[23:0]
rm0433-stm32h742-stm32h743753-and-stm32h750-value-line-advanced-armbased-32bit-mcus-stmicroelectronics_dfsdm_regmap.pdf,6,EXMIN,23,0,EXMIN[23:0]
rm0433-stm32h742-stm32h743753-and-stm32h750-value-line-advanced-armbased-32bit-mcus-stmicroelectronics_dfsdm_regmap.pdf,6,CNVCNT,27,0,CNVCNT[27:0]
rm0433-stm32h742-stm32h743753-and-stm32h750-value-line-advanced-armbased-32bit-mcus-stmicroelectronics_dfsdm_regmap.pdf,6,RCH,2,0,RCH[2:0]
rm0433-stm32h742-stm32h743753-and-stm32h750-value-line-advanced-armbased-32bit-mcus-stmicroelectronics_dfsdm_regmap.pdf,6,JEXTSEL,4,0,JEXTSEL[4:0]
rm0433-stm32h742-stm32h743753-and-stm32h750-value-line-advanced-armbased-32bit-mcus-stmicroelectronics_dfsdm_regmap.pdf,6,AWDCH,7,0,AWDCH[7:0]
rm0433-stm32h742-stm32h743753-and-stm32h750-value-line-advanced-armbased-32bit-mcus-stmicroelectronics_dfsdm_regmap.pdf,6,EXCH,7,0,EXCH[7:0]
rm0433-stm32h742-stm32h743753-and-stm32h750-value-line-advanced-armbased-32bit-mcus-stmicroelectronics_dfsdm_regmap.pdf,6,JCHG,7,0,JCHG[7:0]
rm0433-stm32h742-stm32h743753-and-stm32h750-value-line-advanced-armbased-32bit-mcus-stmicroelectronics_dfsdm_regmap.pdf,6,FOSR,9,0,FOSR[9:0]
rm0433-stm32h742-stm32h743753-and-stm32h750-value-line-advanced-armbased-32bit-mcus-stmicroelectronics_dfsdm_regmap.pdf,6,IOSR,7,0,IOSR[7:0]
rm0433-stm32h742-stm32h743753-and-stm32h750-value-line-advanced-armbased-32bit-mcus-stmicroelectronics_dfsdm_regmap.pdf,6,JDATA,23,0,JDATA[23:0]
rm0433-stm32h742-stm32h743753-and-stm32h750-value-line-advanced-armbased-32bit-mcus-stmicroelectronics_dfsdm_regmap.pdf,7,RDATA,23,0,RDATA[23:0]
rm0433-stm32h742-stm32h743753-and-stm32h750-value-line-advanced-armbased-32bit-mcus-stmicroelectronics_dfsdm_regmap.pdf,7,CH,2,0,CH[2:0]
rm0433-stm32h742-stm32h743753-and-stm32h750-value-line-advanced-armbased-32bit-mcus-stmicroelectronics_dfsdm_regmap.pdf,7,AWHT,23,0,AWHT[23:0]
rm0433-stm32h742-stm32h743753-and-stm32h750-value-line-advanced-armbased-32bit-mcus-stmicroelectronics_dfsdm_regmap.pdf,7,BKAWH,3,0,BKAWH[3:0]
rm0433-stm32h742-stm32h743753-and-stm32h750-value-line-advanced-armbased-32bit-mcus-stmicroelectronics_dfsdm_regmap.pdf,7,AWLT,23,0,AWLT[23:0]
rm0433-stm32h742-stm32h743753-and-stm32h750-value-line-advanced-armbased-32bit-mcus-stmicroelectronics_dfsdm_regmap.pdf,7,BKAWL,3,0,BKAWL[3:0]
rm0433-stm32h742-stm32h743753-and-stm32h750-value-line-advanced-armbased-32bit-mcus-stmicroelectronics_dfsdm_regmap.pdf,7,AWHTF,7,0,AWHTF[7:0]
rm0433-stm32h742-stm32h743753-and-stm32h750-value-line-advanced-armbased-32bit-mcus-stmicroelectronics_dfsdm_regmap.pdf,7,AWLTF,7,0,AWLTF[7:0]
rm0433-stm32h742-stm32h743753-and-stm32h750-value-line-advanced-armbased-32bit-mcus-stmicroelectronics_dfsdm_regmap.pdf,7,CLRAWHTF,7,0,CLRAWHTF[7:0]
rm0433-stm32h742-stm32h743753-and-stm32h750-value-line-advanced-armbased-32bit-mcus-stmicroelectronics_dfsdm_regmap.pdf,7,CLRAWLTF,7,0,CLRAWLTF[7:0]
rm0433-stm32h742-stm32h743753-and-stm32h750-value-line-advanced-armbased-32bit-mcus-stmicroelectronics_dfsdm_regmap.pdf,7,EXMAX,23,0,EXMAX[23:0]
rm0433-stm32h742-stm32h743753-and-stm32h750-value-line-advanced-armbased-32bit-mcus-stmicroelectronics_dfsdm_regmap.pdf,7,EXMIN,23,0,EXMIN[23:0]
rm0433-stm32h742-stm32h743753-and-stm32h750-value-line-advanced-armbased-32bit-mcus-stmicroelectronics_dfsdm_regmap.pdf,7,CNVCNT,27,0,CNVCNT[27:0]
rm0433-stm32h742-stm32h743753-and-stm32h750-value-line-advanced-armbased-32bit-mcus-stmicroelectronics_dfsdm_regmap.pdf,7,RCH,2,0,RCH[2:0]
rm0433-stm32h742-stm32h743753-and-stm32h750-value-line-advanced-armbased-32bit-mcus-stmicroelectronics_dfsdm_regmap.pdf,7,JEXTSEL,4,0,JEXTSEL[4:0]
rm0433-stm32h742-stm32h743753-and-stm32h750-value-line-advanced-armbased-32bit-mcus-stmicroelectronics_dfsdm_regmap.pdf,7,AWDCH,7,0,AWDCH[7:0]
rm0433-stm32h742-stm32h743753-and-stm32h750-value-line-advanced-armbased-32bit-mcus-stmicroelectronics_dfsdm_regmap.pdf,7,EXCH,7,0,EXCH[7:0]
rm0433-stm32h742-stm32h743753-and-stm32h750-value-line-advanced-armbased-32bit-mcus-stmicroelectronics_dfsdm_regmap.pdf,8,JCHG,7,0,JCHG[7:0]
rm0433-stm32h742-stm32h743753-and-stm32h750-value-line-advanced-armbased-32bit-mcus-stmicroelectronics_dfsdm_regmap.pdf,8,FOSR,9,0,FOSR[9:0]
rm0433-stm32h742-stm32h743753-and-stm32h750-value-line-advanced-armbased-32bit-mcus-stmicroelectronics_dfsdm_regmap.pdf,8,IOSR,7,0,IOSR[7:0]
rm0433-stm32h742-stm32h743753-and-stm32h750-value-line-advanced-armbased-32bit-mcus-stmicroelectronics_dfsdm_regmap.pdf,8,JDATA,23,0,JDATA[23:0]
rm0433-stm32h742-stm32h743753-and-stm32h750-value-line-advanced-armbased-32bit-mcus-stmicroelectronics_dfsdm_regmap.pdf,8,RDATA,23,0,RDATA[23:0]
rm0433-stm32h742-stm32h743753-and-stm32h750-value-line-advanced-armbased-32bit-mcus-stmicroelectronics_dfsdm_regmap.pdf,8,CH,2,0,CH[2:0]
rm0433-stm32h742-stm32h743753-and-stm32h750-value-line-advanced-armbased-32bit-mcus-stmicroelectronics_dfsdm_regmap.pdf,8,AWHT,23,0,AWHT[23:0]
rm0433-stm32h742-stm32h743753-and-stm32h750-value-line-advanced-armbased-32bit-mcus-stmicroelectronics_dfsdm_regmap.pdf,8,BKAWH,3,0,BKAWH[3:0]
rm0433-stm32h742-stm32h743753-and-stm32h750-value-line-advanced-armbased-32bit-mcus-stmicroelectronics_dfsdm_regmap.pdf,8,AWLT,23,0,AWLT[23:0]
rm0433-stm32h742-stm32h743753-and-stm32h750-value-line-advanced-armbased-32bit-mcus-stmicroelectronics_dfsdm_regmap.pdf,8,BKAWL,3,0,BKAWL[3:0]
rm0433-stm32h742-stm32h743753-and-stm32h750-value-line-advanced-armbased-32bit-mcus-stmicroelectronics_dfsdm_regmap.pdf,8,AWHTF,7,0,AWHTF[7:0]
rm0433-stm32h742-stm32h743753-and-stm32h750-value-line-advanced-armbased-32bit-mcus-stmicroelectronics_dfsdm_regmap.pdf,8,AWLTF,7,0,AWLTF[7:0]
rm0433-stm32h742-stm32h743753-and-stm32h750-value-line-advanced-armbased-32bit-mcus-stmicroelectronics_dfsdm_regmap.pdf,8,CLRAWHTF,7,0,CLRAWHTF[7:0]
rm0433-stm32h742-stm32h743753-and-stm32h750-value-line-advanced-armbased-32bit-mcus-stmicroelectronics_dfsdm_regmap.pdf,8,CLRAWLTF,7,0,CLRAWLTF[7:0]
rm0433-stm32h742-stm32h743753-and-stm32h750-value-line-advanced-armbased-32bit-mcus-stmicroelectronics_dfsdm_regmap.pdf,8,EXMAX,23,0,EXMAX[23:0]
rm0433-stm32h742-stm32h743753-and-stm32h750-value-line-advanced-armbased-32bit-mcus-stmicroelectronics_dfsdm_regmap.pdf,8,EXMIN,23,0,EXMIN[23:0]
rm0433-stm32h742-stm32h743753-and-stm32h750-value-line-advanced-armbased-32bit-mcus-stmicroelectronics_dfsdm_regmap.pdf,8,CNVCNT,27,0,CNVCNT[27:0]
rm0433-stm32h742-stm32h743753-and-stm32h750-value-line-advanced-armbased-32bit-mcus-stmicroelectronics_dfsdm_regmap.pdf,8,RCH,2,0,RCH[2:0]
rm0433-stm32h742-stm32h743753-and-stm32h750-value-line-advanced-armbased-32bit-mcus-stmicroelectronics_dfsdm_regmap.pdf,8,JEXTSEL,4,0,JEXTSEL[4:0]
rm0433-stm32h742-stm32h743753-and-stm32h750-value-line-advanced-armbased-32bit-mcus-stmicroelectronics_dfsdm_regmap.pdf,9,AWDCH,7,0,AWDCH[7:0]
rm0433-stm32h742-stm32h743753-and-stm32h750-value-line-advanced-armbased-32bit-mcus-stmicroelectronics_dfsdm_regmap.pdf,9,EXCH,7,0,EXCH[7:0]
rm0433-stm32h742-stm32h743753-and-stm32h750-value-line-advanced-armbased-32bit-mcus-stmicroelectronics_dfsdm_regmap.pdf,9,JCHG,7,0,JCHG[7:0]
rm0433-stm32h742-stm32h743753-and-stm32h750-value-line-advanced-armbased-32bit-mcus-stmicroelectronics_dfsdm_regmap.pdf,9,FOSR,9,0,FOSR[9:0]
rm0433-stm32h742-stm32h743753-and-stm32h750-value-line-advanced-armbased-32bit-mcus-stmicroelectronics_dfsdm_regmap.pdf,9,IOSR,7,0,IOSR[7:0]
rm0433-stm32h742-stm32h743753-and-stm32h750-value-line-advanced-armbased-32bit-mcus-stmicroelectronics_dfsdm_regmap.pdf,9,JDATA,23,0,JDATA[23:0]
rm0433-stm32h742-stm32h743753-and-stm32h750-value-line-advanced-armbased-32bit-mcus-stmicroelectronics_dfsdm_regmap.pdf,9,RDATA,23,0,RDATA[23:0]
rm0433-stm32h742-stm32h743753-and-stm32h750-value-line-advanced-armbased-32bit-mcus-stmicroelectronics_dfsdm_regmap.pdf,9,CH,2,0,CH[2:0]
rm0433-stm32h742-stm32h743753-and-stm32h750-value-line-advanced-armbased-32bit-mcus-stmicroelectronics_dfsdm_regmap.pdf,9,AWHT,23,0,AWHT[23:0]
rm0433-stm32h742-stm32h743753-and-stm32h750-value-line-advanced-armbased-32bit-mcus-stmicroelectronics_dfsdm_regmap.pdf,9,BKAWH,3,0,BKAWH[3:0]
rm0433-stm32h742-stm32h743753-and-stm32h750-value-line-advanced-armbased-32bit-mcus-stmicroelectronics_dfsdm_regmap.pdf,9,AWLT,23,0,AWLT[23:0]
rm0433-stm32h742-stm32h743753-and-stm32h750-value-line-advanced-armbased-32bit-mcus-stmicroelectronics_dfsdm_regmap.pdf,9,BKAWL,3,0,BKAWL[3:0]
rm0433-stm32h742-stm32h743753-and-stm32h750-value-line-advanced-armbased-32bit-mcus-stmicroelectronics_dfsdm_regmap.pdf,9,AWHTF,7,0,AWHTF[7:0]
rm0433-stm32h742-stm32h743753-and-stm32h750-value-line-advanced-armbased-32bit-mcus-stmicroelectronics_dfsdm_regmap.pdf,9,AWLTF,7,0,AWLTF[7:0]
rm0433-stm32h742-stm32h743753-and-stm32h750-value-line-advanced-armbased-32bit-mcus-stmicroelectronics_dfsdm_regmap.pdf,9,CLRAWHTF,7,0,CLRAWHTF[7:0]
rm0433-stm32h742-stm32h743753-and-stm32h750-value-line-advanced-armbased-32bit-mcus-stmicroelectronics_dfsdm_regmap.pdf,9,CLRAWLTF,7,0,CLRAWLTF[7:0]
rm0433-stm32h742-stm32h743753-and-stm32h750-value-line-advanced-armbased-32bit-mcus-stmicroelectronics_dfsdm_regmap.pdf,9,EXMAX,23,0,EXMAX[23:0]
rm0433-stm32h742-stm32h743753-and-stm32h750-value-line-advanced-armbased-32bit-mcus-stmicroelectronics_dfsdm_regmap.pdf,10,EXMIN,23,0,EXMIN[23:0]
rm0433-stm32h742-stm32h743753-and-stm32h750-value-line-advanced-armbased-32bit-mcus-stmicroelectronics_dfsdm_regmap.pdf,10,CNVCNT,27,0,CNVCNT[27:0]
rm0436-stm32mp157-advanced-armbased-32bit-mpus-stmicroelectronics_dfsdm_regmap.pdf,1,CKOUTDIV,7,0,CKOUTDIV[7:0]
rm0436-stm32mp157-advanced-armbased-32bit-mpus-stmicroelectronics_dfsdm_regmap.pdf,1,OFFSET,23,0,OFFSET[23:0]
rm0436-stm32mp157-advanced-armbased-32bit-mpus-stmicroelectronics_dfsdm_regmap.pdf,1,DTRBS,4,0,DTRBS[4:0]
rm0436-stm32mp157-advanced-armbased-32bit-mpus-stmicroelectronics_dfsdm_regmap.pdf,1,AWFOSR,4,0,AWFOSR[4:0]
rm0436-stm32mp157-advanced-armbased-32bit-mpus-stmicroelectronics_dfsdm_regmap.pdf,1,BKSCD,3,0,BKSCD[3:0]
rm0436-stm32mp157-advanced-armbased-32bit-mpus-stmicroelectronics_dfsdm_regmap.pdf,1,SCDT,7,0,SCDT[7:0]
rm0436-stm32mp157-advanced-armbased-32bit-mpus-stmicroelectronics_dfsdm_regmap.pdf,1,WDATA,15,0,WDATA[15:0]
rm0436-stm32mp157-advanced-armbased-32bit-mpus-stmicroelectronics_dfsdm_regmap.pdf,1,INDAT1,15,0,INDAT1[15:0]
rm0436-stm32mp157-advanced-armbased-32bit-mpus-stmicroelectronics_dfsdm_regmap.pdf,1,INDAT0,15,0,INDAT0[15:0]
rm0436-stm32mp157-advanced-armbased-32bit-mpus-stmicroelectronics_dfsdm_regmap.pdf,1,PLSSKP,5,0,PLSSKP[5:0]
rm0436-stm32mp157-advanced-armbased-32bit-mpus-stmicroelectronics_dfsdm_regmap.pdf,1,OFFSET,23,0,OFFSET[23:0]
rm0436-stm32mp157-advanced-armbased-32bit-mpus-stmicroelectronics_dfsdm_regmap.pdf,1,DTRBS,4,0,DTRBS[4:0]
rm0436-stm32mp157-advanced-armbased-32bit-mpus-stmicroelectronics_dfsdm_regmap.pdf,1,AWFOSR,4,0,AWFOSR[4:0]
rm0436-stm32mp157-advanced-armbased-32bit-mpus-stmicroelectronics_dfsdm_regmap.pdf,1,BKSCD,3,0,BKSCD[3:0]
rm0436-stm32mp157-advanced-armbased-32bit-mpus-stmicroelectronics_dfsdm_regmap.pdf,1,SCDT,7,0,SCDT[7:0]
rm0436-stm32mp157-advanced-armbased-32bit-mpus-stmicroelectronics_dfsdm_regmap.pdf,1,WDATA,15,0,WDATA[15:0]
rm0436-stm32mp157-advanced-armbased-32bit-mpus-stmicroelectronics_dfsdm_regmap.pdf,1,INDAT1,15,0,INDAT1[15:0]
rm0436-stm32mp157-advanced-armbased-32bit-mpus-stmicroelectronics_dfsdm_regmap.pdf,1,INDAT0,15,0,INDAT0[15:0]
rm0436-stm32mp157-advanced-armbased-32bit-mpus-stmicroelectronics_dfsdm_regmap.pdf,1,PLSSKP,5,0,PLSSKP[5:0]
rm0436-stm32mp157-advanced-armbased-32bit-mpus-stmicroelectronics_dfsdm_regmap.pdf,2,OFFSET,23,0,OFFSET[23:0]
rm0436-stm32mp157-advanced-armbased-32bit-mpus-stmicroelectronics_dfsdm_regmap.pdf,2,DTRBS,4,0,DTRBS[4:0]
rm0436-stm32mp157-advanced-armbased-32bit-mpus-stmicroelectronics_dfsdm_regmap.pdf,2,AWFOSR,4,0,AWFOSR[4:0]
rm0436-stm32mp157-advanced-armbased-32bit-mpus-stmicroelectronics_dfsdm_regmap.pdf,2,BKSCD,3,0,BKSCD[3:0]
rm0436-stm32mp157-advanced-armbased-32bit-mpus-stmicroelectronics_dfsdm_regmap.pdf,2,SCDT,7,0,SCDT[7:0]
rm0436-stm32mp157-advanced-armbased-32bit-mpus-stmicroelectronics_dfsdm_regmap.pdf,2,WDATA,15,0,WDATA[15:0]
rm0436-stm32mp157-advanced-armbased-32bit-mpus-stmicroelectronics_dfsdm_regmap.pdf,2,INDAT1,15,0,INDAT1[15:0]
rm0436-stm32mp157-advanced-armbased-32bit-mpus-stmicroelectronics_dfsdm_regmap.pdf,2,INDAT0,15,0,INDAT0[15:0]
rm0436-stm32mp157-advanced-armbased-32bit-mpus-stmicroelectronics_dfsdm_regmap.pdf,2,PLSSKP,5,0,PLSSKP[5:0]
rm0436-stm32mp157-advanced-armbased-32bit-mpus-stmicroelectronics_dfsdm_regmap.pdf,2,OFFSET,23,0,OFFSET[23:0]
rm0436-stm32mp157-advanced-armbased-32bit-mpus-stmicroelectronics_dfsdm_regmap.pdf,2,DTRBS,4,0,DTRBS[4:0]
rm0436-stm32mp157-advanced-armbased-32bit-mpus-stmicroelectronics_dfsdm_regmap.pdf,2,AWFOSR,4,0,AWFOSR[4:0]
rm0436-stm32mp157-advanced-armbased-32bit-mpus-stmicroelectronics_dfsdm_regmap.pdf,2,BKSCD,3,0,BKSCD[3:0]
rm0436-stm32mp157-advanced-armbased-32bit-mpus-stmicroelectronics_dfsdm_regmap.pdf,2,SCDT,7,0,SCDT[7:0]
rm0436-stm32mp157-advanced-armbased-32bit-mpus-stmicroelectronics_dfsdm_regmap.pdf,2,WDATA,15,0,WDATA[15:0]
rm0436-stm32mp157-advanced-armbased-32bit-mpus-stmicroelectronics_dfsdm_regmap.pdf,2,INDAT1,15,0,INDAT1[15:0]
rm0436-stm32mp157-advanced-armbased-32bit-mpus-stmicroelectronics_dfsdm_regmap.pdf,2,INDAT0,15,0,INDAT0[15:0]
rm0436-stm32mp157-advanced-armbased-32bit-mpus-stmicroelectronics_dfsdm_regmap.pdf,2,PLSSKP,5,0,PLSSKP[5:0]
rm0436-stm32mp157-advanced-armbased-32bit-mpus-stmicroelectronics_dfsdm_regmap.pdf,3,OFFSET,23,0,OFFSET[23:0]
rm0436-stm32mp157-advanced-armbased-32bit-mpus-stmicroelectronics_dfsdm_regmap.pdf,3,DTRBS,4,0,DTRBS[4:0]
rm0436-stm32mp157-advanced-armbased-32bit-mpus-stmicroelectronics_dfsdm_regmap.pdf,3,AWFOSR,4,0,AWFOSR[4:0]
rm0436-stm32mp157-advanced-armbased-32bit-mpus-stmicroelectronics_dfsdm_regmap.pdf,3,BKSCD,3,0,BKSCD[3:0]
rm0436-stm32mp157-advanced-armbased-32bit-mpus-stmicroelectronics_dfsdm_regmap.pdf,3,SCDT,7,0,SCDT[7:0]
rm0436-stm32mp157-advanced-armbased-32bit-mpus-stmicroelectronics_dfsdm_regmap.pdf,3,WDATA,15,0,WDATA[15:0]
rm0436-stm32mp157-advanced-armbased-32bit-mpus-stmicroelectronics_dfsdm_regmap.pdf,3,INDAT1,15,0,INDAT1[15:0]
rm0436-stm32mp157-advanced-armbased-32bit-mpus-stmicroelectronics_dfsdm_regmap.pdf,3,INDAT0,15,0,INDAT0[15:0]
rm0436-stm32mp157-advanced-armbased-32bit-mpus-stmicroelectronics_dfsdm_regmap.pdf,3,PLSSKP,5,0,PLSSKP[5:0]
rm0436-stm32mp157-advanced-armbased-32bit-mpus-stmicroelectronics_dfsdm_regmap.pdf,3,OFFSET,23,0,OFFSET[23:0]
rm0436-stm32mp157-advanced-armbased-32bit-mpus-stmicroelectronics_dfsdm_regmap.pdf,3,DTRBS,4,0,DTRBS[4:0]
rm0436-stm32mp157-advanced-armbased-32bit-mpus-stmicroelectronics_dfsdm_regmap.pdf,3,AWFOSR,4,0,AWFOSR[4:0]
rm0436-stm32mp157-advanced-armbased-32bit-mpus-stmicroelectronics_dfsdm_regmap.pdf,3,BKSCD,3,0,BKSCD[3:0]
rm0436-stm32mp157-advanced-armbased-32bit-mpus-stmicroelectronics_dfsdm_regmap.pdf,3,SCDT,7,0,SCDT[7:0]
rm0436-stm32mp157-advanced-armbased-32bit-mpus-stmicroelectronics_dfsdm_regmap.pdf,3,WDATA,15,0,WDATA[15:0]
rm0436-stm32mp157-advanced-armbased-32bit-mpus-stmicroelectronics_dfsdm_regmap.pdf,3,INDAT1,15,0,INDAT1[15:0]
rm0436-stm32mp157-advanced-armbased-32bit-mpus-stmicroelectronics_dfsdm_regmap.pdf,3,INDAT0,15,0,INDAT0[15:0]
rm0436-stm32mp157-advanced-armbased-32bit-mpus-stmicroelectronics_dfsdm_regmap.pdf,3,PLSSKP,5,0,PLSSKP[5:0]
rm0436-stm32mp157-advanced-armbased-32bit-mpus-stmicroelectronics_dfsdm_regmap.pdf,4,OFFSET,23,0,OFFSET[23:0]
rm0436-stm32mp157-advanced-armbased-32bit-mpus-stmicroelectronics_dfsdm_regmap.pdf,4,DTRBS,4,0,DTRBS[4:0]
rm0436-stm32mp157-advanced-armbased-32bit-mpus-stmicroelectronics_dfsdm_regmap.pdf,4,AWFOSR,4,0,AWFOSR[4:0]
rm0436-stm32mp157-advanced-armbased-32bit-mpus-stmicroelectronics_dfsdm_regmap.pdf,4,BKSCD,3,0,BKSCD[3:0]
rm0436-stm32mp157-advanced-armbased-32bit-mpus-stmicroelectronics_dfsdm_regmap.pdf,4,SCDT,7,0,SCDT[7:0]
rm0436-stm32mp157-advanced-armbased-32bit-mpus-stmicroelectronics_dfsdm_regmap.pdf,4,WDATA,15,0,WDATA[15:0]
rm0436-stm32mp157-advanced-armbased-32bit-mpus-stmicroelectronics_dfsdm_regmap.pdf,4,INDAT1,15,0,INDAT1[15:0]
rm0436-stm32mp157-advanced-armbased-32bit-mpus-stmicroelectronics_dfsdm_regmap.pdf,4,INDAT0,15,0,INDAT0[15:0]
rm0436-stm32mp157-advanced-armbased-32bit-mpus-stmicroelectronics_dfsdm_regmap.pdf,4,PLSSKP,5,0,PLSSKP[5:0]
rm0436-stm32mp157-advanced-armbased-32bit-mpus-stmicroelectronics_dfsdm_regmap.pdf,4,OFFSET,23,0,OFFSET[23:0]
rm0436-stm32mp157-advanced-armbased-32bit-mpus-stmicroelectronics_dfsdm_regmap.pdf,4,DTRBS,4,0,DTRBS[4:0]
rm0436-stm32mp157-advanced-armbased-32bit-mpus-stmicroelectronics_dfsdm_regmap.pdf,4,AWFOSR,4,0,AWFOSR[4:0]
rm0436-stm32mp157-advanced-armbased-32bit-mpus-stmicroelectronics_dfsdm_regmap.pdf,4,BKSCD,3,0,BKSCD[3:0]
rm0436-stm32mp157-advanced-armbased-32bit-mpus-stmicroelectronics_dfsdm_regmap.pdf,4,SCDT,7,0,SCDT[7:0]
rm0436-stm32mp157-advanced-armbased-32bit-mpus-stmicroelectronics_dfsdm_regmap.pdf,4,WDATA,15,0,WDATA[15:0]
rm0436-stm32mp157-advanced-armbased-32bit-mpus-stmicroelectronics_dfsdm_regmap.pdf,4,INDAT1,15,0,INDAT1[15:0]
rm0436-stm32mp157-advanced-armbased-32bit-mpus-stmicroelectronics_dfsdm_regmap.pdf,4,INDAT0,15,0,INDAT0[15:0]
rm0436-stm32mp157-advanced-armbased-32bit-mpus-stmicroelectronics_dfsdm_regmap.pdf,4,PLSSKP,5,0,PLSSKP[5:0]
rm0436-stm32mp157-advanced-armbased-32bit-mpus-stmicroelectronics_dfsdm_regmap.pdf,5,RCH,2,0,RCH[2:0]
rm0436-stm32mp157-advanced-armbased-32bit-mpus-stmicroelectronics_dfsdm_regmap.pdf,5,JEXTSEL,4,0,JEXTSEL[4:0]
rm0436-stm32mp157-advanced-armbased-32bit-mpus-stmicroelectronics_dfsdm_regmap.pdf,5,AWDCH,7,0,AWDCH[7:0]
rm0436-stm32mp157-advanced-armbased-32bit-mpus-stmicroelectronics_dfsdm_regmap.pdf,5,EXCH,7,0,EXCH[7:0]
rm0436-stm32mp157-advanced-armbased-32bit-mpus-stmicroelectronics_dfsdm_regmap.pdf,5,SCDF,7,0,SCDF[7:0]
rm0436-stm32mp157-advanced-armbased-32bit-mpus-stmicroelectronics_dfsdm_regmap.pdf,5,CKABF,7,0,CKABF[7:0]
rm0436-stm32mp157-advanced-armbased-32bit-mpus-stmicroelectronics_dfsdm_regmap.pdf,5,CLRSCDF,7,0,CLRSCDF[7:0]
rm0436-stm32mp157-advanced-armbased-32bit-mpus-stmicroelectronics_dfsdm_regmap.pdf,5,CLRCKABF,7,0,CLRCKABF[7:0]
rm0436-stm32mp157-advanced-armbased-32bit-mpus-stmicroelectronics_dfsdm_regmap.pdf,5,JCHG,7,0,JCHG[7:0]
rm0436-stm32mp157-advanced-armbased-32bit-mpus-stmicroelectronics_dfsdm_regmap.pdf,5,FOSR,9,0,FOSR[9:0]
rm0436-stm32mp157-advanced-armbased-32bit-mpus-stmicroelectronics_dfsdm_regmap.pdf,5,IOSR,7,0,IOSR[7:0]
rm0436-stm32mp157-advanced-armbased-32bit-mpus-stmicroelectronics_dfsdm_regmap.pdf,5,JDATA,23,0,JDATA[23:0]
rm0436-stm32mp157-advanced-armbased-32bit-mpus-stmicroelectronics_dfsdm_regmap.pdf,5,RDATA,23,0,RDATA[23:0]
rm0436-stm32mp157-advanced-armbased-32bit-mpus-stmicroelectronics_dfsdm_regmap.pdf,5,CH,2,0,CH[2:0]
rm0436-stm32mp157-advanced-armbased-32bit-mpus-stmicroelectronics_dfsdm_regmap.pdf,5,AWHT,23,0,AWHT[23:0]
rm0436-stm32mp157-advanced-armbased-32bit-mpus-stmicroelectronics_dfsdm_regmap.pdf,5,BKAWH,3,0,BKAWH[3:0]
rm0436-stm32mp157-advanced-armbased-32bit-mpus-stmicroelectronics_dfsdm_regmap.pdf,5,AWLT,23,0,AWLT[23:0]
rm0436-stm32mp157-advanced-armbased-32bit-mpus-stmicroelectronics_dfsdm_regmap.pdf,5,BKAWL,3,0,BKAWL[3:0]
rm0436-stm32mp157-advanced-armbased-32bit-mpus-stmicroelectronics_dfsdm_regmap.pdf,5,AWHTF,7,0,AWHTF[7:0]
rm0436-stm32mp157-advanced-armbased-32bit-mpus-stmicroelectronics_dfsdm_regmap.pdf,5,AWLTF,7,0,AWLTF[7:0]
rm0436-stm32mp157-advanced-armbased-32bit-mpus-stmicroelectronics_dfsdm_regmap.pdf,5,CLRAWHTF,7,0,CLRAWHTF[7:0]
rm0436-stm32mp157-advanced-armbased-32bit-mpus-stmicroelectronics_dfsdm_regmap.pdf,5,CLRAWLTF,7,0,CLRAWLTF[7:0]
rm0436-stm32mp157-advanced-armbased-32bit-mpus-stmicroelectronics_dfsdm_regmap.pdf,6,EXMAX,23,0,EXMAX[23:0]
rm0436-stm32mp157-advanced-armbased-32bit-mpus-stmicroelectronics_dfsdm_regmap.pdf,6,EXMIN,23,0,EXMIN[23:0]
rm0436-stm32mp157-advanced-armbased-32bit-mpus-stmicroelectronics_dfsdm_regmap.pdf,6,CNVCNT,27,0,CNVCNT[27:0]
rm0436-stm32mp157-advanced-armbased-32bit-mpus-stmicroelectronics_dfsdm_regmap.pdf,6,RCH,2,0,RCH[2:0]
rm0436-stm32mp157-advanced-armbased-32bit-mpus-stmicroelectronics_dfsdm_regmap.pdf,6,JEXTSEL,4,0,JEXTSEL[4:0]
rm0436-stm32mp157-advanced-armbased-32bit-mpus-stmicroelectronics_dfsdm_regmap.pdf,6,AWDCH,7,0,AWDCH[7:0]
rm0436-stm32mp157-advanced-armbased-32bit-mpus-stmicroelectronics_dfsdm_regmap.pdf,6,EXCH,7,0,EXCH[7:0]
rm0436-stm32mp157-advanced-armbased-32bit-mpus-stmicroelectronics_dfsdm_regmap.pdf,6,JCHG,7,0,JCHG[7:0]
rm0436-stm32mp157-advanced-armbased-32bit-mpus-stmicroelectronics_dfsdm_regmap.pdf,6,FOSR,9,0,FOSR[9:0]
rm0436-stm32mp157-advanced-armbased-32bit-mpus-stmicroelectronics_dfsdm_regmap.pdf,6,IOSR,7,0,IOSR[7:0]
rm0436-stm32mp157-advanced-armbased-32bit-mpus-stmicroelectronics_dfsdm_regmap.pdf,6,JDATA,23,0,JDATA[23:0]
rm0436-stm32mp157-advanced-armbased-32bit-mpus-stmicroelectronics_dfsdm_regmap.pdf,7,RDATA,23,0,RDATA[23:0]
rm0436-stm32mp157-advanced-armbased-32bit-mpus-stmicroelectronics_dfsdm_regmap.pdf,7,H,2,0,H[2:0]
rm0436-stm32mp157-advanced-armbased-32bit-mpus-stmicroelectronics_dfsdm_regmap.pdf,7,AWHT,23,0,AWHT[23:0]
rm0436-stm32mp157-advanced-armbased-32bit-mpus-stmicroelectronics_dfsdm_regmap.pdf,7,BKAWH,3,0,BKAWH[3:0]
rm0436-stm32mp157-advanced-armbased-32bit-mpus-stmicroelectronics_dfsdm_regmap.pdf,7,AWLT,23,0,AWLT[23:0]
rm0436-stm32mp157-advanced-armbased-32bit-mpus-stmicroelectronics_dfsdm_regmap.pdf,7,BKAWL,3,0,BKAWL[3:0]
rm0436-stm32mp157-advanced-armbased-32bit-mpus-stmicroelectronics_dfsdm_regmap.pdf,7,AWHTF,7,0,AWHTF[7:0]
rm0436-stm32mp157-advanced-armbased-32bit-mpus-stmicroelectronics_dfsdm_regmap.pdf,7,AWLTF,7,0,AWLTF[7:0]
rm0436-stm32mp157-advanced-armbased-32bit-mpus-stmicroelectronics_dfsdm_regmap.pdf,7,CLRAWHTF,7,0,CLRAWHTF[7:0]
rm0436-stm32mp157-advanced-armbased-32bit-mpus-stmicroelectronics_dfsdm_regmap.pdf,7,CLRAWLTF,7,0,CLRAWLTF[7:0]
rm0436-stm32mp157-advanced-armbased-32bit-mpus-stmicroelectronics_dfsdm_regmap.pdf,7,EXMAX,23,0,EXMAX[23:0]
rm0436-stm32mp157-advanced-armbased-32bit-mpus-stmicroelectronics_dfsdm_regmap.pdf,7,EXMIN,23,0,EXMIN[23:0]
rm0436-stm32mp157-advanced-armbased-32bit-mpus-stmicroelectronics_dfsdm_regmap.pdf,7,CNVCNT,27,0,CNVCNT[27:0]
rm0436-stm32mp157-advanced-armbased-32bit-mpus-stmicroelectronics_dfsdm_regmap.pdf,7,RCH,2,0,RCH[2:0]
rm0436-stm32mp157-advanced-armbased-32bit-mpus-stmicroelectronics_dfsdm_regmap.pdf,7,JEXTSEL,4,0,JEXTSEL[4:0]
rm0436-stm32mp157-advanced-armbased-32bit-mpus-stmicroelectronics_dfsdm_regmap.pdf,7,AWDCH,7,0,AWDCH[7:0]
rm0436-stm32mp157-advanced-armbased-32bit-mpus-stmicroelectronics_dfsdm_regmap.pdf,7,EXCH,7,0,EXCH[7:0]
rm0436-stm32mp157-advanced-armbased-32bit-mpus-stmicroelectronics_dfsdm_regmap.pdf,8,JCHG,7,0,JCHG[7:0]
rm0436-stm32mp157-advanced-armbased-32bit-mpus-stmicroelectronics_dfsdm_regmap.pdf,8,FOSR,9,0,FOSR[9:0]
rm0436-stm32mp157-advanced-armbased-32bit-mpus-stmicroelectronics_dfsdm_regmap.pdf,8,IOSR,7,0,IOSR[7:0]
rm0436-stm32mp157-advanced-armbased-32bit-mpus-stmicroelectronics_dfsdm_regmap.pdf,8,JDATA,23,0,JDATA[23:0]
rm0436-stm32mp157-advanced-armbased-32bit-mpus-stmicroelectronics_dfsdm_regmap.pdf,8,RDATA,23,0,RDATA[23:0]
rm0436-stm32mp157-advanced-armbased-32bit-mpus-stmicroelectronics_dfsdm_regmap.pdf,8,CH,2,0,CH[2:0]
rm0436-stm32mp157-advanced-armbased-32bit-mpus-stmicroelectronics_dfsdm_regmap.pdf,8,AWHT,23,0,AWHT[23:0]
rm0436-stm32mp157-advanced-armbased-32bit-mpus-stmicroelectronics_dfsdm_regmap.pdf,8,BKAWH,3,0,BKAWH[3:0]
rm0436-stm32mp157-advanced-armbased-32bit-mpus-stmicroelectronics_dfsdm_regmap.pdf,8,AWLT,23,0,AWLT[23:0]
rm0436-stm32mp157-advanced-armbased-32bit-mpus-stmicroelectronics_dfsdm_regmap.pdf,8,BKAWL,3,0,BKAWL[3:0]
rm0436-stm32mp157-advanced-armbased-32bit-mpus-stmicroelectronics_dfsdm_regmap.pdf,8,AWHTF,7,0,AWHTF[7:0]
rm0436-stm32mp157-advanced-armbased-32bit-mpus-stmicroelectronics_dfsdm_regmap.pdf,8,AWLTF,7,0,AWLTF[7:0]
rm0436-stm32mp157-advanced-armbased-32bit-mpus-stmicroelectronics_dfsdm_regmap.pdf,8,CLRAWHTF,7,0,CLRAWHTF[7:0]
rm0436-stm32mp157-advanced-armbased-32bit-mpus-stmicroelectronics_dfsdm_regmap.pdf,8,CLRAWLTF,7,0,CLRAWLTF[7:0]
rm0436-stm32mp157-advanced-armbased-32bit-mpus-stmicroelectronics_dfsdm_regmap.pdf,8,EXMAX,23,0,EXMAX[23:0]
rm0436-stm32mp157-advanced-armbased-32bit-mpus-stmicroelectronics_dfsdm_regmap.pdf,8,EXMIN,23,0,EXMIN[23:0]
rm0436-stm32mp157-advanced-armbased-32bit-mpus-stmicroelectronics_dfsdm_regmap.pdf,8,CNVCNT,27,0,CNVCNT[27:0]
rm0436-stm32mp157-advanced-armbased-32bit-mpus-stmicroelectronics_dfsdm_regmap.pdf,8,RCH,2,0,RCH[2:0]
rm0436-stm32mp157-advanced-armbased-32bit-mpus-stmicroelectronics_dfsdm_regmap.pdf,8,JEXTSEL,4,0,JEXTSEL[4:0]
rm0436-stm32mp157-advanced-armbased-32bit-mpus-stmicroelectronics_dfsdm_regmap.pdf,9,AWDCH,7,0,AWDCH[7:0]
rm0436-stm32mp157-advanced-armbased-32bit-mpus-stmicroelectronics_dfsdm_regmap.pdf,9,EXCH,7,0,EXCH[7:0]
rm0436-stm32mp157-advanced-armbased-32bit-mpus-stmicroelectronics_dfsdm_regmap.pdf,9,JCHG,7,0,JCHG[7:0]
rm0436-stm32mp157-advanced-armbased-32bit-mpus-stmicroelectronics_dfsdm_regmap.pdf,9,FOSR,9,0,FOSR[9:0]
rm0436-stm32mp157-advanced-armbased-32bit-mpus-stmicroelectronics_dfsdm_regmap.pdf,9,IOSR,7,0,IOSR[7:0]
rm0436-stm32mp157-advanced-armbased-32bit-mpus-stmicroelectronics_dfsdm_regmap.pdf,9,JDATA,23,0,JDATA[23:0]
rm0436-stm32mp157-advanced-armbased-32bit-mpus-stmicroelectronics_dfsdm_regmap.pdf,9,RDATA,23,0,RDATA[23:0]
rm0436-stm32mp157-advanced-armbased-32bit-mpus-stmicroelectronics_dfsdm_regmap.pdf,9,CH,2,0,CH[2:0]
rm0436-stm32mp157-advanced-armbased-32bit-mpus-stmicroelectronics_dfsdm_regmap.pdf,9,AWHT,23,0,AWHT[23:0]
rm0436-stm32mp157-advanced-armbased-32bit-mpus-stmicroelectronics_dfsdm_regmap.pdf,9,BKAWH,3,0,BKAWH[3:0]
rm0436-stm32mp157-advanced-armbased-32bit-mpus-stmicroelectronics_dfsdm_regmap.pdf,9,AWLT,23,0,AWLT[23:0]
rm0436-stm32mp157-advanced-armbased-32bit-mpus-stmicroelectronics_dfsdm_regmap.pdf,9,BKAWL,3,0,BKAWL[3:0]
rm0436-stm32mp157-advanced-armbased-32bit-mpus-stmicroelectronics_dfsdm_regmap.pdf,9,AWHTF,7,0,AWHTF[7:0]
rm0436-stm32mp157-advanced-armbased-32bit-mpus-stmicroelectronics_dfsdm_regmap.pdf,9,AWLTF,7,0,AWLTF[7:0]
rm0436-stm32mp157-advanced-armbased-32bit-mpus-stmicroelectronics_dfsdm_regmap.pdf,9,CLRAWHTF,7,0,CLRAWHTF[7:0]
rm0436-stm32mp157-advanced-armbased-32bit-mpus-stmicroelectronics_dfsdm_regmap.pdf,9,CLRAWLTF,7,0,CLRAWLTF[7:0]
rm0436-stm32mp157-advanced-armbased-32bit-mpus-stmicroelectronics_dfsdm_regmap.pdf,9,EXMAX,23,0,EXMAX[23:0]
rm0436-stm32mp157-advanced-armbased-32bit-mpus-stmicroelectronics_dfsdm_regmap.pdf,10,EXMIN,23,0,EXMIN[23:0]
rm0436-stm32mp157-advanced-armbased-32bit-mpus-stmicroelectronics_dfsdm_regmap.pdf,10,CNVCNT,27,0,CNVCNT[27:0]
rm0436-stm32mp157-advanced-armbased-32bit-mpus-stmicroelectronics_dfsdm_regmap.pdf,10,RCH,2,0,RCH[2:0]
rm0436-stm32mp157-advanced-armbased-32bit-mpus-stmicroelectronics_dfsdm_regmap.pdf,10,JEXTSEL,4,0,JEXTSEL[4:0]
rm0436-stm32mp157-advanced-armbased-32bit-mpus-stmicroelectronics_dfsdm_regmap.pdf,10,AWDCH,7,0,AWDCH[7:0]
rm0436-stm32mp157-advanced-armbased-32bit-mpus-stmicroelectronics_dfsdm_regmap.pdf,10,EXCH,7,0,EXCH[7:0]
rm0436-stm32mp157-advanced-armbased-32bit-mpus-stmicroelectronics_dfsdm_regmap.pdf,10,JCHG,7,0,JCHG[7:0]
rm0436-stm32mp157-advanced-armbased-32bit-mpus-stmicroelectronics_dfsdm_regmap.pdf,10,FOSR,9,0,FOSR[9:0]
rm0436-stm32mp157-advanced-armbased-32bit-mpus-stmicroelectronics_dfsdm_regmap.pdf,10,IOSR,7,0,IOSR[7:0]
rm0436-stm32mp157-advanced-armbased-32bit-mpus-stmicroelectronics_dfsdm_regmap.pdf,10,JDATA,23,0,JDATA[23:0]
rm0436-stm32mp157-advanced-armbased-32bit-mpus-stmicroelectronics_dfsdm_regmap.pdf,10,RDATA,23,0,RDATA[23:0]
rm0436-stm32mp157-advanced-armbased-32bit-mpus-stmicroelectronics_dfsdm_regmap.pdf,10,CH,2,0,CH[2:0]
rm0436-stm32mp157-advanced-armbased-32bit-mpus-stmicroelectronics_dfsdm_regmap.pdf,10,AWHT,23,0,AWHT[23:0]
rm0436-stm32mp157-advanced-armbased-32bit-mpus-stmicroelectronics_dfsdm_regmap.pdf,10,BKAWH,3,0,BKAWH[3:0]
rm0436-stm32mp157-advanced-armbased-32bit-mpus-stmicroelectronics_dfsdm_regmap.pdf,11,AWLT,23,0,AWLT[23:0]
rm0436-stm32mp157-advanced-armbased-32bit-mpus-stmicroelectronics_dfsdm_regmap.pdf,11,BKAWL,3,0,BKAWL[3:0]
rm0436-stm32mp157-advanced-armbased-32bit-mpus-stmicroelectronics_dfsdm_regmap.pdf,11,AWHTF,7,0,AWHTF[7:0]
rm0436-stm32mp157-advanced-armbased-32bit-mpus-stmicroelectronics_dfsdm_regmap.pdf,11,AWLTF,7,0,AWLTF[7:0]
rm0436-stm32mp157-advanced-armbased-32bit-mpus-stmicroelectronics_dfsdm_regmap.pdf,11,CLRAWHTF,7,0,CLRAWHTF[7:0]
rm0436-stm32mp157-advanced-armbased-32bit-mpus-stmicroelectronics_dfsdm_regmap.pdf,11,CLRAWLTF,7,0,CLRAWLTF[7:0]
rm0436-stm32mp157-advanced-armbased-32bit-mpus-stmicroelectronics_dfsdm_regmap.pdf,11,EXMAX,23,0,EXMAX[23:0]
rm0436-stm32mp157-advanced-armbased-32bit-mpus-stmicroelectronics_dfsdm_regmap.pdf,11,EXMIN,23,0,EXMIN[23:0]
rm0436-stm32mp157-advanced-armbased-32bit-mpus-stmicroelectronics_dfsdm_regmap.pdf,11,CNVCNT,27,0,CNVCNT[27:0]
rm0436-stm32mp157-advanced-armbased-32bit-mpus-stmicroelectronics_dfsdm_regmap.pdf,11,RCH,2,0,RCH[2:0]
rm0436-stm32mp157-advanced-armbased-32bit-mpus-stmicroelectronics_dfsdm_regmap.pdf,11,JEXTSEL,4,0,JEXTSEL[4:0]
rm0436-stm32mp157-advanced-armbased-32bit-mpus-stmicroelectronics_dfsdm_regmap.pdf,11,AWDCH,7,0,AWDCH[7:0]
rm0436-stm32mp157-advanced-armbased-32bit-mpus-stmicroelectronics_dfsdm_regmap.pdf,11,EXCH,7,0,EXCH[7:0]
rm0436-stm32mp157-advanced-armbased-32bit-mpus-stmicroelectronics_dfsdm_regmap.pdf,11,JCHG,7,0,JCHG[7:0]
rm0436-stm32mp157-advanced-armbased-32bit-mpus-stmicroelectronics_dfsdm_regmap.pdf,11,FOSR,9,0,FOSR[9:0]
rm0436-stm32mp157-advanced-armbased-32bit-mpus-stmicroelectronics_dfsdm_regmap.pdf,11,IOSR,7,0,IOSR[7:0]
rm0436-stm32mp157-advanced-armbased-32bit-mpus-stmicroelectronics_dfsdm_regmap.pdf,12,JDATA,23,0,JDATA[23:0]
rm0436-stm32mp157-advanced-armbased-32bit-mpus-stmicroelectronics_dfsdm_regmap.pdf,12,RDATA,23,0,RDATA[23:0]
rm0436-stm32mp157-advanced-armbased-32bit-mpus-stmicroelectronics_dfsdm_regmap.pdf,12,CH,2,0,CH[2:0]
rm0436-stm32mp157-advanced-armbased-32bit-mpus-stmicroelectronics_dfsdm_regmap.pdf,12,AWHT,23,0,AWHT[23:0]
rm0436-stm32mp157-advanced-armbased-32bit-mpus-stmicroelectronics_dfsdm_regmap.pdf,12,BKAWH,3,0,BKAWH[3:0]
rm0436-stm32mp157-advanced-armbased-32bit-mpus-stmicroelectronics_dfsdm_regmap.pdf,12,AWLT,23,0,AWLT[23:0]
rm0436-stm32mp157-advanced-armbased-32bit-mpus-stmicroelectronics_dfsdm_regmap.pdf,12,BKAWL,3,0,BKAWL[3:0]
rm0436-stm32mp157-advanced-armbased-32bit-mpus-stmicroelectronics_dfsdm_regmap.pdf,12,AWHTF,7,0,AWHTF[7:0]
rm0436-stm32mp157-advanced-armbased-32bit-mpus-stmicroelectronics_dfsdm_regmap.pdf,12,AWLTF,7,0,AWLTF[7:0]
rm0436-stm32mp157-advanced-armbased-32bit-mpus-stmicroelectronics_dfsdm_regmap.pdf,12,CLRAWHTF,7,0,CLRAWHTF[7:0]
rm0436-stm32mp157-advanced-armbased-32bit-mpus-stmicroelectronics_dfsdm_regmap.pdf,12,CLRAWLTF,7,0,CLRAWLTF[7:0]
rm0436-stm32mp157-advanced-armbased-32bit-mpus-stmicroelectronics_dfsdm_regmap.pdf,12,EXMAX,23,0,EXMAX[23:0]
rm0436-stm32mp157-advanced-armbased-32bit-mpus-stmicroelectronics_dfsdm_regmap.pdf,12,EXMIN,23,0,EXMIN[23:0]
rm0436-stm32mp157-advanced-armbased-32bit-mpus-stmicroelectronics_dfsdm_regmap.pdf,12,CNVCNT,27,0,CNVCNT[27:0]
rm0436-stm32mp157-advanced-armbased-32bit-mpus-stmicroelectronics_dfsdm_regmap.pdf,12,NBF,7,0,NBF[7:0]
rm0436-stm32mp157-advanced-armbased-32bit-mpus-stmicroelectronics_dfsdm_regmap.pdf,12,NBT,7,0,NBT[7:0]
rm0436-stm32mp157-advanced-armbased-32bit-mpus-stmicroelectronics_dfsdm_regmap.pdf,12,MINREV,3,0,MINREV[3:0]
rm0436-stm32mp157-advanced-armbased-32bit-mpus-stmicroelectronics_dfsdm_regmap.pdf,12,ID,31,0,ID[31:0]
rm0436-stm32mp157-advanced-armbased-32bit-mpus-stmicroelectronics_dfsdm_regmap.pdf,12,SID,31,0,SID[31:0]
rm0438-stm32l5-series-advanced-armbased-32bit-mcus-stmicroelectronics_dfsdm_regmap.pdf,1,CNVCNT,27,0,CNVCNT[27:0]
rm0438-stm32l5-series-advanced-armbased-32bit-mcus-stmicroelectronics_dfsdm_regmap.pdf,1,CNVCNT,27,0,CNVCNT[27:0]
rm0438-stm32l5-series-advanced-armbased-32bit-mcus-stmicroelectronics_dfsdm_regmap.pdf,1,FOSR,9,0,FOSR[9:0]
rm0438-stm32l5-series-advanced-armbased-32bit-mcus-stmicroelectronics_dfsdm_regmap.pdf,1,CNVCNT,27,0,CNVCNT[27:0]
rm0438-stm32l5-series-advanced-armbased-32bit-mcus-stmicroelectronics_dfsdm_regmap.pdf,1,FOSR,9,0,FOSR[9:0]
rm0438-stm32l5-series-advanced-armbased-32bit-mcus-stmicroelectronics_dfsdm_regmap.pdf,1,CKOUTDIV,7,0,CKOUTDIV[7:0]
rm0438-stm32l5-series-advanced-armbased-32bit-mcus-stmicroelectronics_dfsdm_regmap.pdf,1,OFFSET,23,0,OFFSET[23:0]
rm0438-stm32l5-series-advanced-armbased-32bit-mcus-stmicroelectronics_dfsdm_regmap.pdf,1,DTRBS,4,0,DTRBS[4:0]
rm0438-stm32l5-series-advanced-armbased-32bit-mcus-stmicroelectronics_dfsdm_regmap.pdf,1,AWFOSR,4,0,AWFOSR[4:0]
rm0438-stm32l5-series-advanced-armbased-32bit-mcus-stmicroelectronics_dfsdm_regmap.pdf,1,BKSCD,3,0,BKSCD[3:0]
rm0438-stm32l5-series-advanced-armbased-32bit-mcus-stmicroelectronics_dfsdm_regmap.pdf,1,SCDT,7,0,SCDT[7:0]
rm0438-stm32l5-series-advanced-armbased-32bit-mcus-stmicroelectronics_dfsdm_regmap.pdf,1,WDATA,15,0,WDATA[15:0]
rm0438-stm32l5-series-advanced-armbased-32bit-mcus-stmicroelectronics_dfsdm_regmap.pdf,1,INDAT1,15,0,INDAT1[15:0]
rm0438-stm32l5-series-advanced-armbased-32bit-mcus-stmicroelectronics_dfsdm_regmap.pdf,1,INDAT0,15,0,INDAT0[15:0]
rm0438-stm32l5-series-advanced-armbased-32bit-mcus-stmicroelectronics_dfsdm_regmap.pdf,1,PLSSKP,5,0,PLSSKP[5:0]
rm0438-stm32l5-series-advanced-armbased-32bit-mcus-stmicroelectronics_dfsdm_regmap.pdf,2,OFFSET,23,0,OFFSET[23:0]
rm0438-stm32l5-series-advanced-armbased-32bit-mcus-stmicroelectronics_dfsdm_regmap.pdf,2,DTRBS,4,0,DTRBS[4:0]
rm0438-stm32l5-series-advanced-armbased-32bit-mcus-stmicroelectronics_dfsdm_regmap.pdf,2,AWFOSR,4,0,AWFOSR[4:0]
rm0438-stm32l5-series-advanced-armbased-32bit-mcus-stmicroelectronics_dfsdm_regmap.pdf,2,BKSCD,3,0,BKSCD[3:0]
rm0438-stm32l5-series-advanced-armbased-32bit-mcus-stmicroelectronics_dfsdm_regmap.pdf,2,SCDT,7,0,SCDT[7:0]
rm0438-stm32l5-series-advanced-armbased-32bit-mcus-stmicroelectronics_dfsdm_regmap.pdf,2,WDATA,15,0,WDATA[15:0]
rm0438-stm32l5-series-advanced-armbased-32bit-mcus-stmicroelectronics_dfsdm_regmap.pdf,2,INDAT1,15,0,INDAT1[15:0]
rm0438-stm32l5-series-advanced-armbased-32bit-mcus-stmicroelectronics_dfsdm_regmap.pdf,2,INDAT0,15,0,INDAT0[15:0]
rm0438-stm32l5-series-advanced-armbased-32bit-mcus-stmicroelectronics_dfsdm_regmap.pdf,2,PLSSKP,5,0,PLSSKP[5:0]
rm0438-stm32l5-series-advanced-armbased-32bit-mcus-stmicroelectronics_dfsdm_regmap.pdf,2,OFFSET,23,0,OFFSET[23:0]
rm0438-stm32l5-series-advanced-armbased-32bit-mcus-stmicroelectronics_dfsdm_regmap.pdf,2,DTRBS,4,0,DTRBS[4:0]
rm0438-stm32l5-series-advanced-armbased-32bit-mcus-stmicroelectronics_dfsdm_regmap.pdf,2,AWFOSR,4,0,AWFOSR[4:0]
rm0438-stm32l5-series-advanced-armbased-32bit-mcus-stmicroelectronics_dfsdm_regmap.pdf,2,BKSCD,3,0,BKSCD[3:0]
rm0438-stm32l5-series-advanced-armbased-32bit-mcus-stmicroelectronics_dfsdm_regmap.pdf,2,SCDT,7,0,SCDT[7:0]
rm0438-stm32l5-series-advanced-armbased-32bit-mcus-stmicroelectronics_dfsdm_regmap.pdf,2,WDATA,15,0,WDATA[15:0]
rm0438-stm32l5-series-advanced-armbased-32bit-mcus-stmicroelectronics_dfsdm_regmap.pdf,2,INDAT1,15,0,INDAT1[15:0]
rm0438-stm32l5-series-advanced-armbased-32bit-mcus-stmicroelectronics_dfsdm_regmap.pdf,2,INDAT0,15,0,INDAT0[15:0]
rm0438-stm32l5-series-advanced-armbased-32bit-mcus-stmicroelectronics_dfsdm_regmap.pdf,2,PLSSKP,5,0,PLSSKP[5:0]
rm0438-stm32l5-series-advanced-armbased-32bit-mcus-stmicroelectronics_dfsdm_regmap.pdf,3,OFFSET,23,0,OFFSET[23:0]
rm0438-stm32l5-series-advanced-armbased-32bit-mcus-stmicroelectronics_dfsdm_regmap.pdf,3,DTRBS,4,0,DTRBS[4:0]
rm0438-stm32l5-series-advanced-armbased-32bit-mcus-stmicroelectronics_dfsdm_regmap.pdf,3,AWFOSR,4,0,AWFOSR[4:0]
rm0438-stm32l5-series-advanced-armbased-32bit-mcus-stmicroelectronics_dfsdm_regmap.pdf,3,BKSCD,3,0,BKSCD[3:0]
rm0438-stm32l5-series-advanced-armbased-32bit-mcus-stmicroelectronics_dfsdm_regmap.pdf,3,SCDT,7,0,SCDT[7:0]
rm0438-stm32l5-series-advanced-armbased-32bit-mcus-stmicroelectronics_dfsdm_regmap.pdf,3,WDATA,15,0,WDATA[15:0]
rm0438-stm32l5-series-advanced-armbased-32bit-mcus-stmicroelectronics_dfsdm_regmap.pdf,3,INDAT1,15,0,INDAT1[15:0]
rm0438-stm32l5-series-advanced-armbased-32bit-mcus-stmicroelectronics_dfsdm_regmap.pdf,3,INDAT0,15,0,INDAT0[15:0]
rm0438-stm32l5-series-advanced-armbased-32bit-mcus-stmicroelectronics_dfsdm_regmap.pdf,3,PLSSKP,5,0,PLSSKP[5:0]
rm0438-stm32l5-series-advanced-armbased-32bit-mcus-stmicroelectronics_dfsdm_regmap.pdf,3,JEXTSEL,4,0,JEXTSEL[4:0]
rm0438-stm32l5-series-advanced-armbased-32bit-mcus-stmicroelectronics_dfsdm_regmap.pdf,3,AWDCH,3,0,AWDCH[3:0]
rm0438-stm32l5-series-advanced-armbased-32bit-mcus-stmicroelectronics_dfsdm_regmap.pdf,3,EXCH,3,0,EXCH[3:0]
rm0438-stm32l5-series-advanced-armbased-32bit-mcus-stmicroelectronics_dfsdm_regmap.pdf,3,SCDF,3,0,SCDF[3:0]
rm0438-stm32l5-series-advanced-armbased-32bit-mcus-stmicroelectronics_dfsdm_regmap.pdf,3,CKABF,3,0,CKABF[3:0]
rm0438-stm32l5-series-advanced-armbased-32bit-mcus-stmicroelectronics_dfsdm_regmap.pdf,3,CLRSCDF,3,0,CLRSCDF[3:0]
rm0438-stm32l5-series-advanced-armbased-32bit-mcus-stmicroelectronics_dfsdm_regmap.pdf,3,CLRCKABF,3,0,CLRCKABF[3:0]
rm0438-stm32l5-series-advanced-armbased-32bit-mcus-stmicroelectronics_dfsdm_regmap.pdf,3,JCHG,3,0,JCHG[3:0]
rm0438-stm32l5-series-advanced-armbased-32bit-mcus-stmicroelectronics_dfsdm_regmap.pdf,3,FOSR,9,0,FOSR[9:0]
rm0438-stm32l5-series-advanced-armbased-32bit-mcus-stmicroelectronics_dfsdm_regmap.pdf,3,IOSR,7,0,IOSR[7:0]
rm0438-stm32l5-series-advanced-armbased-32bit-mcus-stmicroelectronics_dfsdm_regmap.pdf,4,JDATA,23,0,JDATA[23:0]
rm0438-stm32l5-series-advanced-armbased-32bit-mcus-stmicroelectronics_dfsdm_regmap.pdf,4,RDATA,23,0,RDATA[23:0]
rm0438-stm32l5-series-advanced-armbased-32bit-mcus-stmicroelectronics_dfsdm_regmap.pdf,4,AWHT,23,0,AWHT[23:0]
rm0438-stm32l5-series-advanced-armbased-32bit-mcus-stmicroelectronics_dfsdm_regmap.pdf,4,BKAWH,3,0,BKAWH[3:0]
rm0438-stm32l5-series-advanced-armbased-32bit-mcus-stmicroelectronics_dfsdm_regmap.pdf,4,AWLT,23,0,AWLT[23:0]
rm0438-stm32l5-series-advanced-armbased-32bit-mcus-stmicroelectronics_dfsdm_regmap.pdf,4,BKAWL,3,0,BKAWL[3:0]
rm0438-stm32l5-series-advanced-armbased-32bit-mcus-stmicroelectronics_dfsdm_regmap.pdf,4,AWHTF,3,0,AWHTF[3:0]
rm0438-stm32l5-series-advanced-armbased-32bit-mcus-stmicroelectronics_dfsdm_regmap.pdf,4,AWLTF,3,0,AWLTF[3:0]
rm0438-stm32l5-series-advanced-armbased-32bit-mcus-stmicroelectronics_dfsdm_regmap.pdf,4,CLRAWHTF,3,0,CLRAWHTF[3:0]
rm0438-stm32l5-series-advanced-armbased-32bit-mcus-stmicroelectronics_dfsdm_regmap.pdf,4,CLRAWLTF,3,0,CLRAWLTF[3:0]
rm0438-stm32l5-series-advanced-armbased-32bit-mcus-stmicroelectronics_dfsdm_regmap.pdf,4,EXMAX,23,0,EXMAX[23:0]
rm0438-stm32l5-series-advanced-armbased-32bit-mcus-stmicroelectronics_dfsdm_regmap.pdf,4,EXMIN,23,0,EXMIN[23:0]
rm0438-stm32l5-series-advanced-armbased-32bit-mcus-stmicroelectronics_dfsdm_regmap.pdf,4,CNVCNT,27,0,CNVCNT[27:0]
rm0438-stm32l5-series-advanced-armbased-32bit-mcus-stmicroelectronics_dfsdm_regmap.pdf,4,JEXTSEL,4,0,JEXTSEL[4:0]
rm0438-stm32l5-series-advanced-armbased-32bit-mcus-stmicroelectronics_dfsdm_regmap.pdf,4,AWDCH,3,0,AWDCH[3:0]
rm0438-stm32l5-series-advanced-armbased-32bit-mcus-stmicroelectronics_dfsdm_regmap.pdf,4,EXCH,3,0,EXCH[3:0]
rm0438-stm32l5-series-advanced-armbased-32bit-mcus-stmicroelectronics_dfsdm_regmap.pdf,5,JCHG,3,0,JCHG[3:0]
rm0438-stm32l5-series-advanced-armbased-32bit-mcus-stmicroelectronics_dfsdm_regmap.pdf,5,FOSR,9,0,FOSR[9:0]
rm0438-stm32l5-series-advanced-armbased-32bit-mcus-stmicroelectronics_dfsdm_regmap.pdf,5,IOSR,7,0,IOSR[7:0]
rm0438-stm32l5-series-advanced-armbased-32bit-mcus-stmicroelectronics_dfsdm_regmap.pdf,5,JDATA,23,0,JDATA[23:0]
rm0438-stm32l5-series-advanced-armbased-32bit-mcus-stmicroelectronics_dfsdm_regmap.pdf,5,RDATA,23,0,RDATA[23:0]
rm0438-stm32l5-series-advanced-armbased-32bit-mcus-stmicroelectronics_dfsdm_regmap.pdf,5,AWHT,23,0,AWHT[23:0]
rm0438-stm32l5-series-advanced-armbased-32bit-mcus-stmicroelectronics_dfsdm_regmap.pdf,5,BKAWH,3,0,BKAWH[3:0]
rm0438-stm32l5-series-advanced-armbased-32bit-mcus-stmicroelectronics_dfsdm_regmap.pdf,5,AWLT,23,0,AWLT[23:0]
rm0438-stm32l5-series-advanced-armbased-32bit-mcus-stmicroelectronics_dfsdm_regmap.pdf,5,BKAWL,3,0,BKAWL[3:0]
rm0438-stm32l5-series-advanced-armbased-32bit-mcus-stmicroelectronics_dfsdm_regmap.pdf,5,AWHTF,3,0,AWHTF[3:0]
rm0438-stm32l5-series-advanced-armbased-32bit-mcus-stmicroelectronics_dfsdm_regmap.pdf,5,AWLTF,3,0,AWLTF[3:0]
rm0438-stm32l5-series-advanced-armbased-32bit-mcus-stmicroelectronics_dfsdm_regmap.pdf,5,CLRAWHTF,3,0,CLRAWHTF[3:0]
rm0438-stm32l5-series-advanced-armbased-32bit-mcus-stmicroelectronics_dfsdm_regmap.pdf,5,CLRAWLTF,3,0,CLRAWLTF[3:0]
rm0438-stm32l5-series-advanced-armbased-32bit-mcus-stmicroelectronics_dfsdm_regmap.pdf,5,EXMAX,23,0,EXMAX[23:0]
rm0438-stm32l5-series-advanced-armbased-32bit-mcus-stmicroelectronics_dfsdm_regmap.pdf,5,EXMIN,23,0,EXMIN[23:0]
rm0438-stm32l5-series-advanced-armbased-32bit-mcus-stmicroelectronics_dfsdm_regmap.pdf,6,CNVCNT,27,0,CNVCNT[27:0]
rm0438-stm32l5-series-advanced-armbased-32bit-mcus-stmicroelectronics_dfsdm_regmap.pdf,6,JEXTSEL,4,0,JEXTSEL[4:0]
rm0438-stm32l5-series-advanced-armbased-32bit-mcus-stmicroelectronics_dfsdm_regmap.pdf,6,AWDCH,3,0,AWDCH[3:0]
rm0438-stm32l5-series-advanced-armbased-32bit-mcus-stmicroelectronics_dfsdm_regmap.pdf,6,EXCH,3,0,EXCH[3:0]
rm0438-stm32l5-series-advanced-armbased-32bit-mcus-stmicroelectronics_dfsdm_regmap.pdf,6,JCHG,3,0,JCHG[3:0]
rm0438-stm32l5-series-advanced-armbased-32bit-mcus-stmicroelectronics_dfsdm_regmap.pdf,6,FOSR,9,0,FOSR[9:0]
rm0438-stm32l5-series-advanced-armbased-32bit-mcus-stmicroelectronics_dfsdm_regmap.pdf,6,IOSR,7,0,IOSR[7:0]
rm0438-stm32l5-series-advanced-armbased-32bit-mcus-stmicroelectronics_dfsdm_regmap.pdf,6,JDATA,23,0,JDATA[23:0]
rm0438-stm32l5-series-advanced-armbased-32bit-mcus-stmicroelectronics_dfsdm_regmap.pdf,6,RDATA,23,0,RDATA[23:0]
rm0438-stm32l5-series-advanced-armbased-32bit-mcus-stmicroelectronics_dfsdm_regmap.pdf,6,AWHT,23,0,AWHT[23:0]
rm0438-stm32l5-series-advanced-armbased-32bit-mcus-stmicroelectronics_dfsdm_regmap.pdf,6,BKAWH,3,0,BKAWH[3:0]
rm0438-stm32l5-series-advanced-armbased-32bit-mcus-stmicroelectronics_dfsdm_regmap.pdf,6,AWLT,23,0,AWLT[23:0]
rm0438-stm32l5-series-advanced-armbased-32bit-mcus-stmicroelectronics_dfsdm_regmap.pdf,6,BKAWL,3,0,BKAWL[3:0]
rm0438-stm32l5-series-advanced-armbased-32bit-mcus-stmicroelectronics_dfsdm_regmap.pdf,6,AWHTF,3,0,AWHTF[3:0]
rm0438-stm32l5-series-advanced-armbased-32bit-mcus-stmicroelectronics_dfsdm_regmap.pdf,6,AWLTF,3,0,AWLTF[3:0]
rm0438-stm32l5-series-advanced-armbased-32bit-mcus-stmicroelectronics_dfsdm_regmap.pdf,7,CLRAWHTF,3,0,CLRAWHTF[3:0]
rm0438-stm32l5-series-advanced-armbased-32bit-mcus-stmicroelectronics_dfsdm_regmap.pdf,7,CLRAWLTF,3,0,CLRAWLTF[3:0]
rm0438-stm32l5-series-advanced-armbased-32bit-mcus-stmicroelectronics_dfsdm_regmap.pdf,7,EXMAX,23,0,EXMAX[23:0]
rm0438-stm32l5-series-advanced-armbased-32bit-mcus-stmicroelectronics_dfsdm_regmap.pdf,7,EXMIN,23,0,EXMIN[23:0]
rm0438-stm32l5-series-advanced-armbased-32bit-mcus-stmicroelectronics_dfsdm_regmap.pdf,7,CNVCNT,27,0,CNVCNT[27:0]
rm0438-stm32l5-series-advanced-armbased-32bit-mcus-stmicroelectronics_dfsdm_regmap.pdf,7,JEXTSEL,4,0,JEXTSEL[4:0]
rm0438-stm32l5-series-advanced-armbased-32bit-mcus-stmicroelectronics_dfsdm_regmap.pdf,7,AWDCH,3,0,AWDCH[3:0]
rm0438-stm32l5-series-advanced-armbased-32bit-mcus-stmicroelectronics_dfsdm_regmap.pdf,7,EXCH,3,0,EXCH[3:0]
rm0438-stm32l5-series-advanced-armbased-32bit-mcus-stmicroelectronics_dfsdm_regmap.pdf,7,JCHG,3,0,JCHG[3:0]
rm0438-stm32l5-series-advanced-armbased-32bit-mcus-stmicroelectronics_dfsdm_regmap.pdf,7,FOSR,9,0,FOSR[9:0]
rm0438-stm32l5-series-advanced-armbased-32bit-mcus-stmicroelectronics_dfsdm_regmap.pdf,7,IOSR,7,0,IOSR[7:0]
rm0438-stm32l5-series-advanced-armbased-32bit-mcus-stmicroelectronics_dfsdm_regmap.pdf,7,JDATA,23,0,JDATA[23:0]
rm0438-stm32l5-series-advanced-armbased-32bit-mcus-stmicroelectronics_dfsdm_regmap.pdf,8,RDATA,23,0,RDATA[23:0]
rm0438-stm32l5-series-advanced-armbased-32bit-mcus-stmicroelectronics_dfsdm_regmap.pdf,8,AWHT,23,0,AWHT[23:0]
rm0438-stm32l5-series-advanced-armbased-32bit-mcus-stmicroelectronics_dfsdm_regmap.pdf,8,BKAWH,3,0,BKAWH[3:0]
rm0438-stm32l5-series-advanced-armbased-32bit-mcus-stmicroelectronics_dfsdm_regmap.pdf,8,AWLT,23,0,AWLT[23:0]
rm0438-stm32l5-series-advanced-armbased-32bit-mcus-stmicroelectronics_dfsdm_regmap.pdf,8,BKAWL,3,0,BKAWL[3:0]
rm0438-stm32l5-series-advanced-armbased-32bit-mcus-stmicroelectronics_dfsdm_regmap.pdf,8,AWHTF,3,0,AWHTF[3:0]
rm0438-stm32l5-series-advanced-armbased-32bit-mcus-stmicroelectronics_dfsdm_regmap.pdf,8,AWLTF,3,0,AWLTF[3:0]
rm0438-stm32l5-series-advanced-armbased-32bit-mcus-stmicroelectronics_dfsdm_regmap.pdf,8,CLRAWHTF,3,0,CLRAWHTF[3:0]
rm0438-stm32l5-series-advanced-armbased-32bit-mcus-stmicroelectronics_dfsdm_regmap.pdf,8,CLRAWLTF,3,0,CLRAWLTF[3:0]
rm0438-stm32l5-series-advanced-armbased-32bit-mcus-stmicroelectronics_dfsdm_regmap.pdf,8,EXMAX,23,0,EXMAX[23:0]
rm0438-stm32l5-series-advanced-armbased-32bit-mcus-stmicroelectronics_dfsdm_regmap.pdf,8,EXMIN,23,0,EXMIN[23:0]
rm0438-stm32l5-series-advanced-armbased-32bit-mcus-stmicroelectronics_dfsdm_regmap.pdf,8,CNVCNT,27,0,CNVCNT[27:0]
rm0441-stm32mp151-advanced-armbased-32bit-mpus-stmicroelectronics_dfsdm_regmap.pdf,1,CKOUTDIV,7,0,CKOUTDIV[7:0]
rm0441-stm32mp151-advanced-armbased-32bit-mpus-stmicroelectronics_dfsdm_regmap.pdf,1,OFFSET,23,0,OFFSET[23:0]
rm0441-stm32mp151-advanced-armbased-32bit-mpus-stmicroelectronics_dfsdm_regmap.pdf,1,DTRBS,4,0,DTRBS[4:0]
rm0441-stm32mp151-advanced-armbased-32bit-mpus-stmicroelectronics_dfsdm_regmap.pdf,1,AWFOSR,4,0,AWFOSR[4:0]
rm0441-stm32mp151-advanced-armbased-32bit-mpus-stmicroelectronics_dfsdm_regmap.pdf,1,BKSCD,3,0,BKSCD[3:0]
rm0441-stm32mp151-advanced-armbased-32bit-mpus-stmicroelectronics_dfsdm_regmap.pdf,1,SCDT,7,0,SCDT[7:0]
rm0441-stm32mp151-advanced-armbased-32bit-mpus-stmicroelectronics_dfsdm_regmap.pdf,1,WDATA,15,0,WDATA[15:0]
rm0441-stm32mp151-advanced-armbased-32bit-mpus-stmicroelectronics_dfsdm_regmap.pdf,1,INDAT1,15,0,INDAT1[15:0]
rm0441-stm32mp151-advanced-armbased-32bit-mpus-stmicroelectronics_dfsdm_regmap.pdf,1,INDAT0,15,0,INDAT0[15:0]
rm0441-stm32mp151-advanced-armbased-32bit-mpus-stmicroelectronics_dfsdm_regmap.pdf,1,PLSSKP,5,0,PLSSKP[5:0]
rm0441-stm32mp151-advanced-armbased-32bit-mpus-stmicroelectronics_dfsdm_regmap.pdf,1,OFFSET,23,0,OFFSET[23:0]
rm0441-stm32mp151-advanced-armbased-32bit-mpus-stmicroelectronics_dfsdm_regmap.pdf,1,DTRBS,4,0,DTRBS[4:0]
rm0441-stm32mp151-advanced-armbased-32bit-mpus-stmicroelectronics_dfsdm_regmap.pdf,1,AWFOSR,4,0,AWFOSR[4:0]
rm0441-stm32mp151-advanced-armbased-32bit-mpus-stmicroelectronics_dfsdm_regmap.pdf,1,BKSCD,3,0,BKSCD[3:0]
rm0441-stm32mp151-advanced-armbased-32bit-mpus-stmicroelectronics_dfsdm_regmap.pdf,1,SCDT,7,0,SCDT[7:0]
rm0441-stm32mp151-advanced-armbased-32bit-mpus-stmicroelectronics_dfsdm_regmap.pdf,1,WDATA,15,0,WDATA[15:0]
rm0441-stm32mp151-advanced-armbased-32bit-mpus-stmicroelectronics_dfsdm_regmap.pdf,1,INDAT1,15,0,INDAT1[15:0]
rm0441-stm32mp151-advanced-armbased-32bit-mpus-stmicroelectronics_dfsdm_regmap.pdf,1,INDAT0,15,0,INDAT0[15:0]
rm0441-stm32mp151-advanced-armbased-32bit-mpus-stmicroelectronics_dfsdm_regmap.pdf,1,PLSSKP,5,0,PLSSKP[5:0]
rm0441-stm32mp151-advanced-armbased-32bit-mpus-stmicroelectronics_dfsdm_regmap.pdf,2,OFFSET,23,0,OFFSET[23:0]
rm0441-stm32mp151-advanced-armbased-32bit-mpus-stmicroelectronics_dfsdm_regmap.pdf,2,DTRBS,4,0,DTRBS[4:0]
rm0441-stm32mp151-advanced-armbased-32bit-mpus-stmicroelectronics_dfsdm_regmap.pdf,2,AWFOSR,4,0,AWFOSR[4:0]
rm0441-stm32mp151-advanced-armbased-32bit-mpus-stmicroelectronics_dfsdm_regmap.pdf,2,BKSCD,3,0,BKSCD[3:0]
rm0441-stm32mp151-advanced-armbased-32bit-mpus-stmicroelectronics_dfsdm_regmap.pdf,2,SCDT,7,0,SCDT[7:0]
rm0441-stm32mp151-advanced-armbased-32bit-mpus-stmicroelectronics_dfsdm_regmap.pdf,2,WDATA,15,0,WDATA[15:0]
rm0441-stm32mp151-advanced-armbased-32bit-mpus-stmicroelectronics_dfsdm_regmap.pdf,2,INDAT1,15,0,INDAT1[15:0]
rm0441-stm32mp151-advanced-armbased-32bit-mpus-stmicroelectronics_dfsdm_regmap.pdf,2,INDAT0,15,0,INDAT0[15:0]
rm0441-stm32mp151-advanced-armbased-32bit-mpus-stmicroelectronics_dfsdm_regmap.pdf,2,PLSSKP,5,0,PLSSKP[5:0]
rm0441-stm32mp151-advanced-armbased-32bit-mpus-stmicroelectronics_dfsdm_regmap.pdf,2,OFFSET,23,0,OFFSET[23:0]
rm0441-stm32mp151-advanced-armbased-32bit-mpus-stmicroelectronics_dfsdm_regmap.pdf,2,DTRBS,4,0,DTRBS[4:0]
rm0441-stm32mp151-advanced-armbased-32bit-mpus-stmicroelectronics_dfsdm_regmap.pdf,2,AWFOSR,4,0,AWFOSR[4:0]
rm0441-stm32mp151-advanced-armbased-32bit-mpus-stmicroelectronics_dfsdm_regmap.pdf,2,BKSCD,3,0,BKSCD[3:0]
rm0441-stm32mp151-advanced-armbased-32bit-mpus-stmicroelectronics_dfsdm_regmap.pdf,2,SCDT,7,0,SCDT[7:0]
rm0441-stm32mp151-advanced-armbased-32bit-mpus-stmicroelectronics_dfsdm_regmap.pdf,2,WDATA,15,0,WDATA[15:0]
rm0441-stm32mp151-advanced-armbased-32bit-mpus-stmicroelectronics_dfsdm_regmap.pdf,2,INDAT1,15,0,INDAT1[15:0]
rm0441-stm32mp151-advanced-armbased-32bit-mpus-stmicroelectronics_dfsdm_regmap.pdf,2,INDAT0,15,0,INDAT0[15:0]
rm0441-stm32mp151-advanced-armbased-32bit-mpus-stmicroelectronics_dfsdm_regmap.pdf,2,PLSSKP,5,0,PLSSKP[5:0]
rm0441-stm32mp151-advanced-armbased-32bit-mpus-stmicroelectronics_dfsdm_regmap.pdf,3,OFFSET,23,0,OFFSET[23:0]
rm0441-stm32mp151-advanced-armbased-32bit-mpus-stmicroelectronics_dfsdm_regmap.pdf,3,DTRBS,4,0,DTRBS[4:0]
rm0441-stm32mp151-advanced-armbased-32bit-mpus-stmicroelectronics_dfsdm_regmap.pdf,3,AWFOSR,4,0,AWFOSR[4:0]
rm0441-stm32mp151-advanced-armbased-32bit-mpus-stmicroelectronics_dfsdm_regmap.pdf,3,BKSCD,3,0,BKSCD[3:0]
rm0441-stm32mp151-advanced-armbased-32bit-mpus-stmicroelectronics_dfsdm_regmap.pdf,3,SCDT,7,0,SCDT[7:0]
rm0441-stm32mp151-advanced-armbased-32bit-mpus-stmicroelectronics_dfsdm_regmap.pdf,3,WDATA,15,0,WDATA[15:0]
rm0441-stm32mp151-advanced-armbased-32bit-mpus-stmicroelectronics_dfsdm_regmap.pdf,3,INDAT1,15,0,INDAT1[15:0]
rm0441-stm32mp151-advanced-armbased-32bit-mpus-stmicroelectronics_dfsdm_regmap.pdf,3,INDAT0,15,0,INDAT0[15:0]
rm0441-stm32mp151-advanced-armbased-32bit-mpus-stmicroelectronics_dfsdm_regmap.pdf,3,PLSSKP,5,0,PLSSKP[5:0]
rm0441-stm32mp151-advanced-armbased-32bit-mpus-stmicroelectronics_dfsdm_regmap.pdf,3,OFFSET,23,0,OFFSET[23:0]
rm0441-stm32mp151-advanced-armbased-32bit-mpus-stmicroelectronics_dfsdm_regmap.pdf,3,DTRBS,4,0,DTRBS[4:0]
rm0441-stm32mp151-advanced-armbased-32bit-mpus-stmicroelectronics_dfsdm_regmap.pdf,3,AWFOSR,4,0,AWFOSR[4:0]
rm0441-stm32mp151-advanced-armbased-32bit-mpus-stmicroelectronics_dfsdm_regmap.pdf,3,BKSCD,3,0,BKSCD[3:0]
rm0441-stm32mp151-advanced-armbased-32bit-mpus-stmicroelectronics_dfsdm_regmap.pdf,3,SCDT,7,0,SCDT[7:0]
rm0441-stm32mp151-advanced-armbased-32bit-mpus-stmicroelectronics_dfsdm_regmap.pdf,3,WDATA,15,0,WDATA[15:0]
rm0441-stm32mp151-advanced-armbased-32bit-mpus-stmicroelectronics_dfsdm_regmap.pdf,3,INDAT1,15,0,INDAT1[15:0]
rm0441-stm32mp151-advanced-armbased-32bit-mpus-stmicroelectronics_dfsdm_regmap.pdf,3,INDAT0,15,0,INDAT0[15:0]
rm0441-stm32mp151-advanced-armbased-32bit-mpus-stmicroelectronics_dfsdm_regmap.pdf,3,PLSSKP,5,0,PLSSKP[5:0]
rm0441-stm32mp151-advanced-armbased-32bit-mpus-stmicroelectronics_dfsdm_regmap.pdf,4,OFFSET,23,0,OFFSET[23:0]
rm0441-stm32mp151-advanced-armbased-32bit-mpus-stmicroelectronics_dfsdm_regmap.pdf,4,DTRBS,4,0,DTRBS[4:0]
rm0441-stm32mp151-advanced-armbased-32bit-mpus-stmicroelectronics_dfsdm_regmap.pdf,4,AWFOSR,4,0,AWFOSR[4:0]
rm0441-stm32mp151-advanced-armbased-32bit-mpus-stmicroelectronics_dfsdm_regmap.pdf,4,BKSCD,3,0,BKSCD[3:0]
rm0441-stm32mp151-advanced-armbased-32bit-mpus-stmicroelectronics_dfsdm_regmap.pdf,4,SCDT,7,0,SCDT[7:0]
rm0441-stm32mp151-advanced-armbased-32bit-mpus-stmicroelectronics_dfsdm_regmap.pdf,4,WDATA,15,0,WDATA[15:0]
rm0441-stm32mp151-advanced-armbased-32bit-mpus-stmicroelectronics_dfsdm_regmap.pdf,4,INDAT1,15,0,INDAT1[15:0]
rm0441-stm32mp151-advanced-armbased-32bit-mpus-stmicroelectronics_dfsdm_regmap.pdf,4,INDAT0,15,0,INDAT0[15:0]
rm0441-stm32mp151-advanced-armbased-32bit-mpus-stmicroelectronics_dfsdm_regmap.pdf,4,PLSSKP,5,0,PLSSKP[5:0]
rm0441-stm32mp151-advanced-armbased-32bit-mpus-stmicroelectronics_dfsdm_regmap.pdf,4,OFFSET,23,0,OFFSET[23:0]
rm0441-stm32mp151-advanced-armbased-32bit-mpus-stmicroelectronics_dfsdm_regmap.pdf,4,DTRBS,4,0,DTRBS[4:0]
rm0441-stm32mp151-advanced-armbased-32bit-mpus-stmicroelectronics_dfsdm_regmap.pdf,4,AWFOSR,4,0,AWFOSR[4:0]
rm0441-stm32mp151-advanced-armbased-32bit-mpus-stmicroelectronics_dfsdm_regmap.pdf,4,BKSCD,3,0,BKSCD[3:0]
rm0441-stm32mp151-advanced-armbased-32bit-mpus-stmicroelectronics_dfsdm_regmap.pdf,4,SCDT,7,0,SCDT[7:0]
rm0441-stm32mp151-advanced-armbased-32bit-mpus-stmicroelectronics_dfsdm_regmap.pdf,4,WDATA,15,0,WDATA[15:0]
rm0441-stm32mp151-advanced-armbased-32bit-mpus-stmicroelectronics_dfsdm_regmap.pdf,4,INDAT1,15,0,INDAT1[15:0]
rm0441-stm32mp151-advanced-armbased-32bit-mpus-stmicroelectronics_dfsdm_regmap.pdf,4,INDAT0,15,0,INDAT0[15:0]
rm0441-stm32mp151-advanced-armbased-32bit-mpus-stmicroelectronics_dfsdm_regmap.pdf,4,PLSSKP,5,0,PLSSKP[5:0]
rm0441-stm32mp151-advanced-armbased-32bit-mpus-stmicroelectronics_dfsdm_regmap.pdf,5,RCH,2,0,RCH[2:0]
rm0441-stm32mp151-advanced-armbased-32bit-mpus-stmicroelectronics_dfsdm_regmap.pdf,5,JEXTSEL,4,0,JEXTSEL[4:0]
rm0441-stm32mp151-advanced-armbased-32bit-mpus-stmicroelectronics_dfsdm_regmap.pdf,5,AWDCH,7,0,AWDCH[7:0]
rm0441-stm32mp151-advanced-armbased-32bit-mpus-stmicroelectronics_dfsdm_regmap.pdf,5,EXCH,7,0,EXCH[7:0]
rm0441-stm32mp151-advanced-armbased-32bit-mpus-stmicroelectronics_dfsdm_regmap.pdf,5,SCDF,7,0,SCDF[7:0]
rm0441-stm32mp151-advanced-armbased-32bit-mpus-stmicroelectronics_dfsdm_regmap.pdf,5,CKABF,7,0,CKABF[7:0]
rm0441-stm32mp151-advanced-armbased-32bit-mpus-stmicroelectronics_dfsdm_regmap.pdf,5,CLRSCDF,7,0,CLRSCDF[7:0]
rm0441-stm32mp151-advanced-armbased-32bit-mpus-stmicroelectronics_dfsdm_regmap.pdf,5,CLRCKABF,7,0,CLRCKABF[7:0]
rm0441-stm32mp151-advanced-armbased-32bit-mpus-stmicroelectronics_dfsdm_regmap.pdf,5,JCHG,7,0,JCHG[7:0]
rm0441-stm32mp151-advanced-armbased-32bit-mpus-stmicroelectronics_dfsdm_regmap.pdf,5,FOSR,9,0,FOSR[9:0]
rm0441-stm32mp151-advanced-armbased-32bit-mpus-stmicroelectronics_dfsdm_regmap.pdf,5,IOSR,7,0,IOSR[7:0]
rm0441-stm32mp151-advanced-armbased-32bit-mpus-stmicroelectronics_dfsdm_regmap.pdf,5,JDATA,23,0,JDATA[23:0]
rm0441-stm32mp151-advanced-armbased-32bit-mpus-stmicroelectronics_dfsdm_regmap.pdf,5,RDATA,23,0,RDATA[23:0]
rm0441-stm32mp151-advanced-armbased-32bit-mpus-stmicroelectronics_dfsdm_regmap.pdf,5,CH,2,0,CH[2:0]
rm0441-stm32mp151-advanced-armbased-32bit-mpus-stmicroelectronics_dfsdm_regmap.pdf,5,AWHT,23,0,AWHT[23:0]
rm0441-stm32mp151-advanced-armbased-32bit-mpus-stmicroelectronics_dfsdm_regmap.pdf,5,BKAWH,3,0,BKAWH[3:0]
rm0441-stm32mp151-advanced-armbased-32bit-mpus-stmicroelectronics_dfsdm_regmap.pdf,5,AWLT,23,0,AWLT[23:0]
rm0441-stm32mp151-advanced-armbased-32bit-mpus-stmicroelectronics_dfsdm_regmap.pdf,5,BKAWL,3,0,BKAWL[3:0]
rm0441-stm32mp151-advanced-armbased-32bit-mpus-stmicroelectronics_dfsdm_regmap.pdf,5,AWHTF,7,0,AWHTF[7:0]
rm0441-stm32mp151-advanced-armbased-32bit-mpus-stmicroelectronics_dfsdm_regmap.pdf,5,AWLTF,7,0,AWLTF[7:0]
rm0441-stm32mp151-advanced-armbased-32bit-mpus-stmicroelectronics_dfsdm_regmap.pdf,5,CLRAWHTF,7,0,CLRAWHTF[7:0]
rm0441-stm32mp151-advanced-armbased-32bit-mpus-stmicroelectronics_dfsdm_regmap.pdf,5,CLRAWLTF,7,0,CLRAWLTF[7:0]
rm0441-stm32mp151-advanced-armbased-32bit-mpus-stmicroelectronics_dfsdm_regmap.pdf,6,EXMAX,23,0,EXMAX[23:0]
rm0441-stm32mp151-advanced-armbased-32bit-mpus-stmicroelectronics_dfsdm_regmap.pdf,6,EXMIN,23,0,EXMIN[23:0]
rm0441-stm32mp151-advanced-armbased-32bit-mpus-stmicroelectronics_dfsdm_regmap.pdf,6,CNVCNT,27,0,CNVCNT[27:0]
rm0441-stm32mp151-advanced-armbased-32bit-mpus-stmicroelectronics_dfsdm_regmap.pdf,6,RCH,2,0,RCH[2:0]
rm0441-stm32mp151-advanced-armbased-32bit-mpus-stmicroelectronics_dfsdm_regmap.pdf,6,JEXTSEL,4,0,JEXTSEL[4:0]
rm0441-stm32mp151-advanced-armbased-32bit-mpus-stmicroelectronics_dfsdm_regmap.pdf,6,AWDCH,7,0,AWDCH[7:0]
rm0441-stm32mp151-advanced-armbased-32bit-mpus-stmicroelectronics_dfsdm_regmap.pdf,6,EXCH,7,0,EXCH[7:0]
rm0441-stm32mp151-advanced-armbased-32bit-mpus-stmicroelectronics_dfsdm_regmap.pdf,6,JCHG,7,0,JCHG[7:0]
rm0441-stm32mp151-advanced-armbased-32bit-mpus-stmicroelectronics_dfsdm_regmap.pdf,6,FOSR,9,0,FOSR[9:0]
rm0441-stm32mp151-advanced-armbased-32bit-mpus-stmicroelectronics_dfsdm_regmap.pdf,6,IOSR,7,0,IOSR[7:0]
rm0441-stm32mp151-advanced-armbased-32bit-mpus-stmicroelectronics_dfsdm_regmap.pdf,6,JDATA,23,0,JDATA[23:0]
rm0441-stm32mp151-advanced-armbased-32bit-mpus-stmicroelectronics_dfsdm_regmap.pdf,7,RDATA,23,0,RDATA[23:0]
rm0441-stm32mp151-advanced-armbased-32bit-mpus-stmicroelectronics_dfsdm_regmap.pdf,7,H,2,0,H[2:0]
rm0441-stm32mp151-advanced-armbased-32bit-mpus-stmicroelectronics_dfsdm_regmap.pdf,7,AWHT,23,0,AWHT[23:0]
rm0441-stm32mp151-advanced-armbased-32bit-mpus-stmicroelectronics_dfsdm_regmap.pdf,7,BKAWH,3,0,BKAWH[3:0]
rm0441-stm32mp151-advanced-armbased-32bit-mpus-stmicroelectronics_dfsdm_regmap.pdf,7,AWLT,23,0,AWLT[23:0]
rm0441-stm32mp151-advanced-armbased-32bit-mpus-stmicroelectronics_dfsdm_regmap.pdf,7,BKAWL,3,0,BKAWL[3:0]
rm0441-stm32mp151-advanced-armbased-32bit-mpus-stmicroelectronics_dfsdm_regmap.pdf,7,AWHTF,7,0,AWHTF[7:0]
rm0441-stm32mp151-advanced-armbased-32bit-mpus-stmicroelectronics_dfsdm_regmap.pdf,7,AWLTF,7,0,AWLTF[7:0]
rm0441-stm32mp151-advanced-armbased-32bit-mpus-stmicroelectronics_dfsdm_regmap.pdf,7,CLRAWHTF,7,0,CLRAWHTF[7:0]
rm0441-stm32mp151-advanced-armbased-32bit-mpus-stmicroelectronics_dfsdm_regmap.pdf,7,CLRAWLTF,7,0,CLRAWLTF[7:0]
rm0441-stm32mp151-advanced-armbased-32bit-mpus-stmicroelectronics_dfsdm_regmap.pdf,7,EXMAX,23,0,EXMAX[23:0]
rm0441-stm32mp151-advanced-armbased-32bit-mpus-stmicroelectronics_dfsdm_regmap.pdf,7,EXMIN,23,0,EXMIN[23:0]
rm0441-stm32mp151-advanced-armbased-32bit-mpus-stmicroelectronics_dfsdm_regmap.pdf,7,CNVCNT,27,0,CNVCNT[27:0]
rm0441-stm32mp151-advanced-armbased-32bit-mpus-stmicroelectronics_dfsdm_regmap.pdf,7,RCH,2,0,RCH[2:0]
rm0441-stm32mp151-advanced-armbased-32bit-mpus-stmicroelectronics_dfsdm_regmap.pdf,7,JEXTSEL,4,0,JEXTSEL[4:0]
rm0441-stm32mp151-advanced-armbased-32bit-mpus-stmicroelectronics_dfsdm_regmap.pdf,7,AWDCH,7,0,AWDCH[7:0]
rm0441-stm32mp151-advanced-armbased-32bit-mpus-stmicroelectronics_dfsdm_regmap.pdf,7,EXCH,7,0,EXCH[7:0]
rm0441-stm32mp151-advanced-armbased-32bit-mpus-stmicroelectronics_dfsdm_regmap.pdf,8,JCHG,7,0,JCHG[7:0]
rm0441-stm32mp151-advanced-armbased-32bit-mpus-stmicroelectronics_dfsdm_regmap.pdf,8,FOSR,9,0,FOSR[9:0]
rm0441-stm32mp151-advanced-armbased-32bit-mpus-stmicroelectronics_dfsdm_regmap.pdf,8,IOSR,7,0,IOSR[7:0]
rm0441-stm32mp151-advanced-armbased-32bit-mpus-stmicroelectronics_dfsdm_regmap.pdf,8,JDATA,23,0,JDATA[23:0]
rm0441-stm32mp151-advanced-armbased-32bit-mpus-stmicroelectronics_dfsdm_regmap.pdf,8,RDATA,23,0,RDATA[23:0]
rm0441-stm32mp151-advanced-armbased-32bit-mpus-stmicroelectronics_dfsdm_regmap.pdf,8,CH,2,0,CH[2:0]
rm0441-stm32mp151-advanced-armbased-32bit-mpus-stmicroelectronics_dfsdm_regmap.pdf,8,AWHT,23,0,AWHT[23:0]
rm0441-stm32mp151-advanced-armbased-32bit-mpus-stmicroelectronics_dfsdm_regmap.pdf,8,BKAWH,3,0,BKAWH[3:0]
rm0441-stm32mp151-advanced-armbased-32bit-mpus-stmicroelectronics_dfsdm_regmap.pdf,8,AWLT,23,0,AWLT[23:0]
rm0441-stm32mp151-advanced-armbased-32bit-mpus-stmicroelectronics_dfsdm_regmap.pdf,8,BKAWL,3,0,BKAWL[3:0]
rm0441-stm32mp151-advanced-armbased-32bit-mpus-stmicroelectronics_dfsdm_regmap.pdf,8,AWHTF,7,0,AWHTF[7:0]
rm0441-stm32mp151-advanced-armbased-32bit-mpus-stmicroelectronics_dfsdm_regmap.pdf,8,AWLTF,7,0,AWLTF[7:0]
rm0441-stm32mp151-advanced-armbased-32bit-mpus-stmicroelectronics_dfsdm_regmap.pdf,8,CLRAWHTF,7,0,CLRAWHTF[7:0]
rm0441-stm32mp151-advanced-armbased-32bit-mpus-stmicroelectronics_dfsdm_regmap.pdf,8,CLRAWLTF,7,0,CLRAWLTF[7:0]
rm0441-stm32mp151-advanced-armbased-32bit-mpus-stmicroelectronics_dfsdm_regmap.pdf,8,EXMAX,23,0,EXMAX[23:0]
rm0441-stm32mp151-advanced-armbased-32bit-mpus-stmicroelectronics_dfsdm_regmap.pdf,8,EXMIN,23,0,EXMIN[23:0]
rm0441-stm32mp151-advanced-armbased-32bit-mpus-stmicroelectronics_dfsdm_regmap.pdf,8,CNVCNT,27,0,CNVCNT[27:0]
rm0441-stm32mp151-advanced-armbased-32bit-mpus-stmicroelectronics_dfsdm_regmap.pdf,8,RCH,2,0,RCH[2:0]
rm0441-stm32mp151-advanced-armbased-32bit-mpus-stmicroelectronics_dfsdm_regmap.pdf,8,JEXTSEL,4,0,JEXTSEL[4:0]
rm0441-stm32mp151-advanced-armbased-32bit-mpus-stmicroelectronics_dfsdm_regmap.pdf,9,AWDCH,7,0,AWDCH[7:0]
rm0441-stm32mp151-advanced-armbased-32bit-mpus-stmicroelectronics_dfsdm_regmap.pdf,9,EXCH,7,0,EXCH[7:0]
rm0441-stm32mp151-advanced-armbased-32bit-mpus-stmicroelectronics_dfsdm_regmap.pdf,9,JCHG,7,0,JCHG[7:0]
rm0441-stm32mp151-advanced-armbased-32bit-mpus-stmicroelectronics_dfsdm_regmap.pdf,9,FOSR,9,0,FOSR[9:0]
rm0441-stm32mp151-advanced-armbased-32bit-mpus-stmicroelectronics_dfsdm_regmap.pdf,9,IOSR,7,0,IOSR[7:0]
rm0441-stm32mp151-advanced-armbased-32bit-mpus-stmicroelectronics_dfsdm_regmap.pdf,9,JDATA,23,0,JDATA[23:0]
rm0441-stm32mp151-advanced-armbased-32bit-mpus-stmicroelectronics_dfsdm_regmap.pdf,9,RDATA,23,0,RDATA[23:0]
rm0441-stm32mp151-advanced-armbased-32bit-mpus-stmicroelectronics_dfsdm_regmap.pdf,9,CH,2,0,CH[2:0]
rm0441-stm32mp151-advanced-armbased-32bit-mpus-stmicroelectronics_dfsdm_regmap.pdf,9,AWHT,23,0,AWHT[23:0]
rm0441-stm32mp151-advanced-armbased-32bit-mpus-stmicroelectronics_dfsdm_regmap.pdf,9,BKAWH,3,0,BKAWH[3:0]
rm0441-stm32mp151-advanced-armbased-32bit-mpus-stmicroelectronics_dfsdm_regmap.pdf,9,AWLT,23,0,AWLT[23:0]
rm0441-stm32mp151-advanced-armbased-32bit-mpus-stmicroelectronics_dfsdm_regmap.pdf,9,BKAWL,3,0,BKAWL[3:0]
rm0441-stm32mp151-advanced-armbased-32bit-mpus-stmicroelectronics_dfsdm_regmap.pdf,9,AWHTF,7,0,AWHTF[7:0]
rm0441-stm32mp151-advanced-armbased-32bit-mpus-stmicroelectronics_dfsdm_regmap.pdf,9,AWLTF,7,0,AWLTF[7:0]
rm0441-stm32mp151-advanced-armbased-32bit-mpus-stmicroelectronics_dfsdm_regmap.pdf,9,CLRAWHTF,7,0,CLRAWHTF[7:0]
rm0441-stm32mp151-advanced-armbased-32bit-mpus-stmicroelectronics_dfsdm_regmap.pdf,9,CLRAWLTF,7,0,CLRAWLTF[7:0]
rm0441-stm32mp151-advanced-armbased-32bit-mpus-stmicroelectronics_dfsdm_regmap.pdf,9,EXMAX,23,0,EXMAX[23:0]
rm0441-stm32mp151-advanced-armbased-32bit-mpus-stmicroelectronics_dfsdm_regmap.pdf,10,EXMIN,23,0,EXMIN[23:0]
rm0441-stm32mp151-advanced-armbased-32bit-mpus-stmicroelectronics_dfsdm_regmap.pdf,10,CNVCNT,27,0,CNVCNT[27:0]
rm0441-stm32mp151-advanced-armbased-32bit-mpus-stmicroelectronics_dfsdm_regmap.pdf,10,RCH,2,0,RCH[2:0]
rm0441-stm32mp151-advanced-armbased-32bit-mpus-stmicroelectronics_dfsdm_regmap.pdf,10,JEXTSEL,4,0,JEXTSEL[4:0]
rm0441-stm32mp151-advanced-armbased-32bit-mpus-stmicroelectronics_dfsdm_regmap.pdf,10,AWDCH,7,0,AWDCH[7:0]
rm0441-stm32mp151-advanced-armbased-32bit-mpus-stmicroelectronics_dfsdm_regmap.pdf,10,EXCH,7,0,EXCH[7:0]
rm0441-stm32mp151-advanced-armbased-32bit-mpus-stmicroelectronics_dfsdm_regmap.pdf,10,JCHG,7,0,JCHG[7:0]
rm0441-stm32mp151-advanced-armbased-32bit-mpus-stmicroelectronics_dfsdm_regmap.pdf,10,FOSR,9,0,FOSR[9:0]
rm0441-stm32mp151-advanced-armbased-32bit-mpus-stmicroelectronics_dfsdm_regmap.pdf,10,IOSR,7,0,IOSR[7:0]
rm0441-stm32mp151-advanced-armbased-32bit-mpus-stmicroelectronics_dfsdm_regmap.pdf,10,JDATA,23,0,JDATA[23:0]
rm0441-stm32mp151-advanced-armbased-32bit-mpus-stmicroelectronics_dfsdm_regmap.pdf,10,RDATA,23,0,RDATA[23:0]
rm0441-stm32mp151-advanced-armbased-32bit-mpus-stmicroelectronics_dfsdm_regmap.pdf,10,CH,2,0,CH[2:0]
rm0441-stm32mp151-advanced-armbased-32bit-mpus-stmicroelectronics_dfsdm_regmap.pdf,10,AWHT,23,0,AWHT[23:0]
rm0441-stm32mp151-advanced-armbased-32bit-mpus-stmicroelectronics_dfsdm_regmap.pdf,10,BKAWH,3,0,BKAWH[3:0]
rm0441-stm32mp151-advanced-armbased-32bit-mpus-stmicroelectronics_dfsdm_regmap.pdf,11,AWLT,23,0,AWLT[23:0]
rm0441-stm32mp151-advanced-armbased-32bit-mpus-stmicroelectronics_dfsdm_regmap.pdf,11,BKAWL,3,0,BKAWL[3:0]
rm0441-stm32mp151-advanced-armbased-32bit-mpus-stmicroelectronics_dfsdm_regmap.pdf,11,AWHTF,7,0,AWHTF[7:0]
rm0441-stm32mp151-advanced-armbased-32bit-mpus-stmicroelectronics_dfsdm_regmap.pdf,11,AWLTF,7,0,AWLTF[7:0]
rm0441-stm32mp151-advanced-armbased-32bit-mpus-stmicroelectronics_dfsdm_regmap.pdf,11,CLRAWHTF,7,0,CLRAWHTF[7:0]
rm0441-stm32mp151-advanced-armbased-32bit-mpus-stmicroelectronics_dfsdm_regmap.pdf,11,CLRAWLTF,7,0,CLRAWLTF[7:0]
rm0441-stm32mp151-advanced-armbased-32bit-mpus-stmicroelectronics_dfsdm_regmap.pdf,11,EXMAX,23,0,EXMAX[23:0]
rm0441-stm32mp151-advanced-armbased-32bit-mpus-stmicroelectronics_dfsdm_regmap.pdf,11,EXMIN,23,0,EXMIN[23:0]
rm0441-stm32mp151-advanced-armbased-32bit-mpus-stmicroelectronics_dfsdm_regmap.pdf,11,CNVCNT,27,0,CNVCNT[27:0]
rm0441-stm32mp151-advanced-armbased-32bit-mpus-stmicroelectronics_dfsdm_regmap.pdf,11,RCH,2,0,RCH[2:0]
rm0441-stm32mp151-advanced-armbased-32bit-mpus-stmicroelectronics_dfsdm_regmap.pdf,11,JEXTSEL,4,0,JEXTSEL[4:0]
rm0441-stm32mp151-advanced-armbased-32bit-mpus-stmicroelectronics_dfsdm_regmap.pdf,11,AWDCH,7,0,AWDCH[7:0]
rm0441-stm32mp151-advanced-armbased-32bit-mpus-stmicroelectronics_dfsdm_regmap.pdf,11,EXCH,7,0,EXCH[7:0]
rm0441-stm32mp151-advanced-armbased-32bit-mpus-stmicroelectronics_dfsdm_regmap.pdf,11,JCHG,7,0,JCHG[7:0]
rm0441-stm32mp151-advanced-armbased-32bit-mpus-stmicroelectronics_dfsdm_regmap.pdf,11,FOSR,9,0,FOSR[9:0]
rm0441-stm32mp151-advanced-armbased-32bit-mpus-stmicroelectronics_dfsdm_regmap.pdf,11,IOSR,7,0,IOSR[7:0]
rm0441-stm32mp151-advanced-armbased-32bit-mpus-stmicroelectronics_dfsdm_regmap.pdf,12,JDATA,23,0,JDATA[23:0]
rm0441-stm32mp151-advanced-armbased-32bit-mpus-stmicroelectronics_dfsdm_regmap.pdf,12,RDATA,23,0,RDATA[23:0]
rm0441-stm32mp151-advanced-armbased-32bit-mpus-stmicroelectronics_dfsdm_regmap.pdf,12,CH,2,0,CH[2:0]
rm0441-stm32mp151-advanced-armbased-32bit-mpus-stmicroelectronics_dfsdm_regmap.pdf,12,AWHT,23,0,AWHT[23:0]
rm0441-stm32mp151-advanced-armbased-32bit-mpus-stmicroelectronics_dfsdm_regmap.pdf,12,BKAWH,3,0,BKAWH[3:0]
rm0441-stm32mp151-advanced-armbased-32bit-mpus-stmicroelectronics_dfsdm_regmap.pdf,12,AWLT,23,0,AWLT[23:0]
rm0441-stm32mp151-advanced-armbased-32bit-mpus-stmicroelectronics_dfsdm_regmap.pdf,12,BKAWL,3,0,BKAWL[3:0]
rm0441-stm32mp151-advanced-armbased-32bit-mpus-stmicroelectronics_dfsdm_regmap.pdf,12,AWHTF,7,0,AWHTF[7:0]
rm0441-stm32mp151-advanced-armbased-32bit-mpus-stmicroelectronics_dfsdm_regmap.pdf,12,AWLTF,7,0,AWLTF[7:0]
rm0441-stm32mp151-advanced-armbased-32bit-mpus-stmicroelectronics_dfsdm_regmap.pdf,12,CLRAWHTF,7,0,CLRAWHTF[7:0]
rm0441-stm32mp151-advanced-armbased-32bit-mpus-stmicroelectronics_dfsdm_regmap.pdf,12,CLRAWLTF,7,0,CLRAWLTF[7:0]
rm0441-stm32mp151-advanced-armbased-32bit-mpus-stmicroelectronics_dfsdm_regmap.pdf,12,EXMAX,23,0,EXMAX[23:0]
rm0441-stm32mp151-advanced-armbased-32bit-mpus-stmicroelectronics_dfsdm_regmap.pdf,12,EXMIN,23,0,EXMIN[23:0]
rm0441-stm32mp151-advanced-armbased-32bit-mpus-stmicroelectronics_dfsdm_regmap.pdf,12,CNVCNT,27,0,CNVCNT[27:0]
rm0441-stm32mp151-advanced-armbased-32bit-mpus-stmicroelectronics_dfsdm_regmap.pdf,12,NBF,7,0,NBF[7:0]
rm0441-stm32mp151-advanced-armbased-32bit-mpus-stmicroelectronics_dfsdm_regmap.pdf,12,NBT,7,0,NBT[7:0]
rm0441-stm32mp151-advanced-armbased-32bit-mpus-stmicroelectronics_dfsdm_regmap.pdf,12,MINREV,3,0,MINREV[3:0]
rm0441-stm32mp151-advanced-armbased-32bit-mpus-stmicroelectronics_dfsdm_regmap.pdf,12,ID,31,0,ID[31:0]
rm0441-stm32mp151-advanced-armbased-32bit-mpus-stmicroelectronics_dfsdm_regmap.pdf,12,SID,31,0,SID[31:0]
rm0442-stm32mp153-advanced-armbased-32bit-mpus-stmicroelectronics_dfsdm_regmap.pdf,1,CKOUTDIV,7,0,CKOUTDIV[7:0]
rm0442-stm32mp153-advanced-armbased-32bit-mpus-stmicroelectronics_dfsdm_regmap.pdf,1,OFFSET,23,0,OFFSET[23:0]
rm0442-stm32mp153-advanced-armbased-32bit-mpus-stmicroelectronics_dfsdm_regmap.pdf,1,DTRBS,4,0,DTRBS[4:0]
rm0442-stm32mp153-advanced-armbased-32bit-mpus-stmicroelectronics_dfsdm_regmap.pdf,1,AWFOSR,4,0,AWFOSR[4:0]
rm0442-stm32mp153-advanced-armbased-32bit-mpus-stmicroelectronics_dfsdm_regmap.pdf,1,BKSCD,3,0,BKSCD[3:0]
rm0442-stm32mp153-advanced-armbased-32bit-mpus-stmicroelectronics_dfsdm_regmap.pdf,1,SCDT,7,0,SCDT[7:0]
rm0442-stm32mp153-advanced-armbased-32bit-mpus-stmicroelectronics_dfsdm_regmap.pdf,1,WDATA,15,0,WDATA[15:0]
rm0442-stm32mp153-advanced-armbased-32bit-mpus-stmicroelectronics_dfsdm_regmap.pdf,1,INDAT1,15,0,INDAT1[15:0]
rm0442-stm32mp153-advanced-armbased-32bit-mpus-stmicroelectronics_dfsdm_regmap.pdf,1,INDAT0,15,0,INDAT0[15:0]
rm0442-stm32mp153-advanced-armbased-32bit-mpus-stmicroelectronics_dfsdm_regmap.pdf,1,PLSSKP,5,0,PLSSKP[5:0]
rm0442-stm32mp153-advanced-armbased-32bit-mpus-stmicroelectronics_dfsdm_regmap.pdf,1,OFFSET,23,0,OFFSET[23:0]
rm0442-stm32mp153-advanced-armbased-32bit-mpus-stmicroelectronics_dfsdm_regmap.pdf,1,DTRBS,4,0,DTRBS[4:0]
rm0442-stm32mp153-advanced-armbased-32bit-mpus-stmicroelectronics_dfsdm_regmap.pdf,1,AWFOSR,4,0,AWFOSR[4:0]
rm0442-stm32mp153-advanced-armbased-32bit-mpus-stmicroelectronics_dfsdm_regmap.pdf,1,BKSCD,3,0,BKSCD[3:0]
rm0442-stm32mp153-advanced-armbased-32bit-mpus-stmicroelectronics_dfsdm_regmap.pdf,1,SCDT,7,0,SCDT[7:0]
rm0442-stm32mp153-advanced-armbased-32bit-mpus-stmicroelectronics_dfsdm_regmap.pdf,1,WDATA,15,0,WDATA[15:0]
rm0442-stm32mp153-advanced-armbased-32bit-mpus-stmicroelectronics_dfsdm_regmap.pdf,1,INDAT1,15,0,INDAT1[15:0]
rm0442-stm32mp153-advanced-armbased-32bit-mpus-stmicroelectronics_dfsdm_regmap.pdf,1,INDAT0,15,0,INDAT0[15:0]
rm0442-stm32mp153-advanced-armbased-32bit-mpus-stmicroelectronics_dfsdm_regmap.pdf,1,PLSSKP,5,0,PLSSKP[5:0]
rm0442-stm32mp153-advanced-armbased-32bit-mpus-stmicroelectronics_dfsdm_regmap.pdf,2,OFFSET,23,0,OFFSET[23:0]
rm0442-stm32mp153-advanced-armbased-32bit-mpus-stmicroelectronics_dfsdm_regmap.pdf,2,DTRBS,4,0,DTRBS[4:0]
rm0442-stm32mp153-advanced-armbased-32bit-mpus-stmicroelectronics_dfsdm_regmap.pdf,2,AWFOSR,4,0,AWFOSR[4:0]
rm0442-stm32mp153-advanced-armbased-32bit-mpus-stmicroelectronics_dfsdm_regmap.pdf,2,BKSCD,3,0,BKSCD[3:0]
rm0442-stm32mp153-advanced-armbased-32bit-mpus-stmicroelectronics_dfsdm_regmap.pdf,2,SCDT,7,0,SCDT[7:0]
rm0442-stm32mp153-advanced-armbased-32bit-mpus-stmicroelectronics_dfsdm_regmap.pdf,2,WDATA,15,0,WDATA[15:0]
rm0442-stm32mp153-advanced-armbased-32bit-mpus-stmicroelectronics_dfsdm_regmap.pdf,2,INDAT1,15,0,INDAT1[15:0]
rm0442-stm32mp153-advanced-armbased-32bit-mpus-stmicroelectronics_dfsdm_regmap.pdf,2,INDAT0,15,0,INDAT0[15:0]
rm0442-stm32mp153-advanced-armbased-32bit-mpus-stmicroelectronics_dfsdm_regmap.pdf,2,PLSSKP,5,0,PLSSKP[5:0]
rm0442-stm32mp153-advanced-armbased-32bit-mpus-stmicroelectronics_dfsdm_regmap.pdf,2,OFFSET,23,0,OFFSET[23:0]
rm0442-stm32mp153-advanced-armbased-32bit-mpus-stmicroelectronics_dfsdm_regmap.pdf,2,DTRBS,4,0,DTRBS[4:0]
rm0442-stm32mp153-advanced-armbased-32bit-mpus-stmicroelectronics_dfsdm_regmap.pdf,2,AWFOSR,4,0,AWFOSR[4:0]
rm0442-stm32mp153-advanced-armbased-32bit-mpus-stmicroelectronics_dfsdm_regmap.pdf,2,BKSCD,3,0,BKSCD[3:0]
rm0442-stm32mp153-advanced-armbased-32bit-mpus-stmicroelectronics_dfsdm_regmap.pdf,2,SCDT,7,0,SCDT[7:0]
rm0442-stm32mp153-advanced-armbased-32bit-mpus-stmicroelectronics_dfsdm_regmap.pdf,2,WDATA,15,0,WDATA[15:0]
rm0442-stm32mp153-advanced-armbased-32bit-mpus-stmicroelectronics_dfsdm_regmap.pdf,2,INDAT1,15,0,INDAT1[15:0]
rm0442-stm32mp153-advanced-armbased-32bit-mpus-stmicroelectronics_dfsdm_regmap.pdf,2,INDAT0,15,0,INDAT0[15:0]
rm0442-stm32mp153-advanced-armbased-32bit-mpus-stmicroelectronics_dfsdm_regmap.pdf,2,PLSSKP,5,0,PLSSKP[5:0]
rm0442-stm32mp153-advanced-armbased-32bit-mpus-stmicroelectronics_dfsdm_regmap.pdf,3,OFFSET,23,0,OFFSET[23:0]
rm0442-stm32mp153-advanced-armbased-32bit-mpus-stmicroelectronics_dfsdm_regmap.pdf,3,DTRBS,4,0,DTRBS[4:0]
rm0442-stm32mp153-advanced-armbased-32bit-mpus-stmicroelectronics_dfsdm_regmap.pdf,3,AWFOSR,4,0,AWFOSR[4:0]
rm0442-stm32mp153-advanced-armbased-32bit-mpus-stmicroelectronics_dfsdm_regmap.pdf,3,BKSCD,3,0,BKSCD[3:0]
rm0442-stm32mp153-advanced-armbased-32bit-mpus-stmicroelectronics_dfsdm_regmap.pdf,3,SCDT,7,0,SCDT[7:0]
rm0442-stm32mp153-advanced-armbased-32bit-mpus-stmicroelectronics_dfsdm_regmap.pdf,3,WDATA,15,0,WDATA[15:0]
rm0442-stm32mp153-advanced-armbased-32bit-mpus-stmicroelectronics_dfsdm_regmap.pdf,3,INDAT1,15,0,INDAT1[15:0]
rm0442-stm32mp153-advanced-armbased-32bit-mpus-stmicroelectronics_dfsdm_regmap.pdf,3,INDAT0,15,0,INDAT0[15:0]
rm0442-stm32mp153-advanced-armbased-32bit-mpus-stmicroelectronics_dfsdm_regmap.pdf,3,PLSSKP,5,0,PLSSKP[5:0]
rm0442-stm32mp153-advanced-armbased-32bit-mpus-stmicroelectronics_dfsdm_regmap.pdf,3,OFFSET,23,0,OFFSET[23:0]
rm0442-stm32mp153-advanced-armbased-32bit-mpus-stmicroelectronics_dfsdm_regmap.pdf,3,DTRBS,4,0,DTRBS[4:0]
rm0442-stm32mp153-advanced-armbased-32bit-mpus-stmicroelectronics_dfsdm_regmap.pdf,3,AWFOSR,4,0,AWFOSR[4:0]
rm0442-stm32mp153-advanced-armbased-32bit-mpus-stmicroelectronics_dfsdm_regmap.pdf,3,BKSCD,3,0,BKSCD[3:0]
rm0442-stm32mp153-advanced-armbased-32bit-mpus-stmicroelectronics_dfsdm_regmap.pdf,3,SCDT,7,0,SCDT[7:0]
rm0442-stm32mp153-advanced-armbased-32bit-mpus-stmicroelectronics_dfsdm_regmap.pdf,3,WDATA,15,0,WDATA[15:0]
rm0442-stm32mp153-advanced-armbased-32bit-mpus-stmicroelectronics_dfsdm_regmap.pdf,3,INDAT1,15,0,INDAT1[15:0]
rm0442-stm32mp153-advanced-armbased-32bit-mpus-stmicroelectronics_dfsdm_regmap.pdf,3,INDAT0,15,0,INDAT0[15:0]
rm0442-stm32mp153-advanced-armbased-32bit-mpus-stmicroelectronics_dfsdm_regmap.pdf,3,PLSSKP,5,0,PLSSKP[5:0]
rm0442-stm32mp153-advanced-armbased-32bit-mpus-stmicroelectronics_dfsdm_regmap.pdf,4,OFFSET,23,0,OFFSET[23:0]
rm0442-stm32mp153-advanced-armbased-32bit-mpus-stmicroelectronics_dfsdm_regmap.pdf,4,DTRBS,4,0,DTRBS[4:0]
rm0442-stm32mp153-advanced-armbased-32bit-mpus-stmicroelectronics_dfsdm_regmap.pdf,4,AWFOSR,4,0,AWFOSR[4:0]
rm0442-stm32mp153-advanced-armbased-32bit-mpus-stmicroelectronics_dfsdm_regmap.pdf,4,BKSCD,3,0,BKSCD[3:0]
rm0442-stm32mp153-advanced-armbased-32bit-mpus-stmicroelectronics_dfsdm_regmap.pdf,4,SCDT,7,0,SCDT[7:0]
rm0442-stm32mp153-advanced-armbased-32bit-mpus-stmicroelectronics_dfsdm_regmap.pdf,4,WDATA,15,0,WDATA[15:0]
rm0442-stm32mp153-advanced-armbased-32bit-mpus-stmicroelectronics_dfsdm_regmap.pdf,4,INDAT1,15,0,INDAT1[15:0]
rm0442-stm32mp153-advanced-armbased-32bit-mpus-stmicroelectronics_dfsdm_regmap.pdf,4,INDAT0,15,0,INDAT0[15:0]
rm0442-stm32mp153-advanced-armbased-32bit-mpus-stmicroelectronics_dfsdm_regmap.pdf,4,PLSSKP,5,0,PLSSKP[5:0]
rm0442-stm32mp153-advanced-armbased-32bit-mpus-stmicroelectronics_dfsdm_regmap.pdf,4,OFFSET,23,0,OFFSET[23:0]
rm0442-stm32mp153-advanced-armbased-32bit-mpus-stmicroelectronics_dfsdm_regmap.pdf,4,DTRBS,4,0,DTRBS[4:0]
rm0442-stm32mp153-advanced-armbased-32bit-mpus-stmicroelectronics_dfsdm_regmap.pdf,4,AWFOSR,4,0,AWFOSR[4:0]
rm0442-stm32mp153-advanced-armbased-32bit-mpus-stmicroelectronics_dfsdm_regmap.pdf,4,BKSCD,3,0,BKSCD[3:0]
rm0442-stm32mp153-advanced-armbased-32bit-mpus-stmicroelectronics_dfsdm_regmap.pdf,4,SCDT,7,0,SCDT[7:0]
rm0442-stm32mp153-advanced-armbased-32bit-mpus-stmicroelectronics_dfsdm_regmap.pdf,4,WDATA,15,0,WDATA[15:0]
rm0442-stm32mp153-advanced-armbased-32bit-mpus-stmicroelectronics_dfsdm_regmap.pdf,4,INDAT1,15,0,INDAT1[15:0]
rm0442-stm32mp153-advanced-armbased-32bit-mpus-stmicroelectronics_dfsdm_regmap.pdf,4,INDAT0,15,0,INDAT0[15:0]
rm0442-stm32mp153-advanced-armbased-32bit-mpus-stmicroelectronics_dfsdm_regmap.pdf,4,PLSSKP,5,0,PLSSKP[5:0]
rm0442-stm32mp153-advanced-armbased-32bit-mpus-stmicroelectronics_dfsdm_regmap.pdf,5,RCH,2,0,RCH[2:0]
rm0442-stm32mp153-advanced-armbased-32bit-mpus-stmicroelectronics_dfsdm_regmap.pdf,5,JEXTSEL,4,0,JEXTSEL[4:0]
rm0442-stm32mp153-advanced-armbased-32bit-mpus-stmicroelectronics_dfsdm_regmap.pdf,5,AWDCH,7,0,AWDCH[7:0]
rm0442-stm32mp153-advanced-armbased-32bit-mpus-stmicroelectronics_dfsdm_regmap.pdf,5,EXCH,7,0,EXCH[7:0]
rm0442-stm32mp153-advanced-armbased-32bit-mpus-stmicroelectronics_dfsdm_regmap.pdf,5,SCDF,7,0,SCDF[7:0]
rm0442-stm32mp153-advanced-armbased-32bit-mpus-stmicroelectronics_dfsdm_regmap.pdf,5,CKABF,7,0,CKABF[7:0]
rm0442-stm32mp153-advanced-armbased-32bit-mpus-stmicroelectronics_dfsdm_regmap.pdf,5,CLRSCDF,7,0,CLRSCDF[7:0]
rm0442-stm32mp153-advanced-armbased-32bit-mpus-stmicroelectronics_dfsdm_regmap.pdf,5,CLRCKABF,7,0,CLRCKABF[7:0]
rm0442-stm32mp153-advanced-armbased-32bit-mpus-stmicroelectronics_dfsdm_regmap.pdf,5,JCHG,7,0,JCHG[7:0]
rm0442-stm32mp153-advanced-armbased-32bit-mpus-stmicroelectronics_dfsdm_regmap.pdf,5,FOSR,9,0,FOSR[9:0]
rm0442-stm32mp153-advanced-armbased-32bit-mpus-stmicroelectronics_dfsdm_regmap.pdf,5,IOSR,7,0,IOSR[7:0]
rm0442-stm32mp153-advanced-armbased-32bit-mpus-stmicroelectronics_dfsdm_regmap.pdf,5,JDATA,23,0,JDATA[23:0]
rm0442-stm32mp153-advanced-armbased-32bit-mpus-stmicroelectronics_dfsdm_regmap.pdf,5,RDATA,23,0,RDATA[23:0]
rm0442-stm32mp153-advanced-armbased-32bit-mpus-stmicroelectronics_dfsdm_regmap.pdf,5,CH,2,0,CH[2:0]
rm0442-stm32mp153-advanced-armbased-32bit-mpus-stmicroelectronics_dfsdm_regmap.pdf,5,AWHT,23,0,AWHT[23:0]
rm0442-stm32mp153-advanced-armbased-32bit-mpus-stmicroelectronics_dfsdm_regmap.pdf,5,BKAWH,3,0,BKAWH[3:0]
rm0442-stm32mp153-advanced-armbased-32bit-mpus-stmicroelectronics_dfsdm_regmap.pdf,5,AWLT,23,0,AWLT[23:0]
rm0442-stm32mp153-advanced-armbased-32bit-mpus-stmicroelectronics_dfsdm_regmap.pdf,5,BKAWL,3,0,BKAWL[3:0]
rm0442-stm32mp153-advanced-armbased-32bit-mpus-stmicroelectronics_dfsdm_regmap.pdf,5,AWHTF,7,0,AWHTF[7:0]
rm0442-stm32mp153-advanced-armbased-32bit-mpus-stmicroelectronics_dfsdm_regmap.pdf,5,AWLTF,7,0,AWLTF[7:0]
rm0442-stm32mp153-advanced-armbased-32bit-mpus-stmicroelectronics_dfsdm_regmap.pdf,5,CLRAWHTF,7,0,CLRAWHTF[7:0]
rm0442-stm32mp153-advanced-armbased-32bit-mpus-stmicroelectronics_dfsdm_regmap.pdf,5,CLRAWLTF,7,0,CLRAWLTF[7:0]
rm0442-stm32mp153-advanced-armbased-32bit-mpus-stmicroelectronics_dfsdm_regmap.pdf,6,EXMAX,23,0,EXMAX[23:0]
rm0442-stm32mp153-advanced-armbased-32bit-mpus-stmicroelectronics_dfsdm_regmap.pdf,6,EXMIN,23,0,EXMIN[23:0]
rm0442-stm32mp153-advanced-armbased-32bit-mpus-stmicroelectronics_dfsdm_regmap.pdf,6,CNVCNT,27,0,CNVCNT[27:0]
rm0442-stm32mp153-advanced-armbased-32bit-mpus-stmicroelectronics_dfsdm_regmap.pdf,6,RCH,2,0,RCH[2:0]
rm0442-stm32mp153-advanced-armbased-32bit-mpus-stmicroelectronics_dfsdm_regmap.pdf,6,JEXTSEL,4,0,JEXTSEL[4:0]
rm0442-stm32mp153-advanced-armbased-32bit-mpus-stmicroelectronics_dfsdm_regmap.pdf,6,AWDCH,7,0,AWDCH[7:0]
rm0442-stm32mp153-advanced-armbased-32bit-mpus-stmicroelectronics_dfsdm_regmap.pdf,6,EXCH,7,0,EXCH[7:0]
rm0442-stm32mp153-advanced-armbased-32bit-mpus-stmicroelectronics_dfsdm_regmap.pdf,6,JCHG,7,0,JCHG[7:0]
rm0442-stm32mp153-advanced-armbased-32bit-mpus-stmicroelectronics_dfsdm_regmap.pdf,6,FOSR,9,0,FOSR[9:0]
rm0442-stm32mp153-advanced-armbased-32bit-mpus-stmicroelectronics_dfsdm_regmap.pdf,6,IOSR,7,0,IOSR[7:0]
rm0442-stm32mp153-advanced-armbased-32bit-mpus-stmicroelectronics_dfsdm_regmap.pdf,6,JDATA,23,0,JDATA[23:0]
rm0442-stm32mp153-advanced-armbased-32bit-mpus-stmicroelectronics_dfsdm_regmap.pdf,7,RDATA,23,0,RDATA[23:0]
rm0442-stm32mp153-advanced-armbased-32bit-mpus-stmicroelectronics_dfsdm_regmap.pdf,7,H,2,0,H[2:0]
rm0442-stm32mp153-advanced-armbased-32bit-mpus-stmicroelectronics_dfsdm_regmap.pdf,7,AWHT,23,0,AWHT[23:0]
rm0442-stm32mp153-advanced-armbased-32bit-mpus-stmicroelectronics_dfsdm_regmap.pdf,7,BKAWH,3,0,BKAWH[3:0]
rm0442-stm32mp153-advanced-armbased-32bit-mpus-stmicroelectronics_dfsdm_regmap.pdf,7,AWLT,23,0,AWLT[23:0]
rm0442-stm32mp153-advanced-armbased-32bit-mpus-stmicroelectronics_dfsdm_regmap.pdf,7,BKAWL,3,0,BKAWL[3:0]
rm0442-stm32mp153-advanced-armbased-32bit-mpus-stmicroelectronics_dfsdm_regmap.pdf,7,AWHTF,7,0,AWHTF[7:0]
rm0442-stm32mp153-advanced-armbased-32bit-mpus-stmicroelectronics_dfsdm_regmap.pdf,7,AWLTF,7,0,AWLTF[7:0]
rm0442-stm32mp153-advanced-armbased-32bit-mpus-stmicroelectronics_dfsdm_regmap.pdf,7,CLRAWHTF,7,0,CLRAWHTF[7:0]
rm0442-stm32mp153-advanced-armbased-32bit-mpus-stmicroelectronics_dfsdm_regmap.pdf,7,CLRAWLTF,7,0,CLRAWLTF[7:0]
rm0442-stm32mp153-advanced-armbased-32bit-mpus-stmicroelectronics_dfsdm_regmap.pdf,7,EXMAX,23,0,EXMAX[23:0]
rm0442-stm32mp153-advanced-armbased-32bit-mpus-stmicroelectronics_dfsdm_regmap.pdf,7,EXMIN,23,0,EXMIN[23:0]
rm0442-stm32mp153-advanced-armbased-32bit-mpus-stmicroelectronics_dfsdm_regmap.pdf,7,CNVCNT,27,0,CNVCNT[27:0]
rm0442-stm32mp153-advanced-armbased-32bit-mpus-stmicroelectronics_dfsdm_regmap.pdf,7,RCH,2,0,RCH[2:0]
rm0442-stm32mp153-advanced-armbased-32bit-mpus-stmicroelectronics_dfsdm_regmap.pdf,7,JEXTSEL,4,0,JEXTSEL[4:0]
rm0442-stm32mp153-advanced-armbased-32bit-mpus-stmicroelectronics_dfsdm_regmap.pdf,7,AWDCH,7,0,AWDCH[7:0]
rm0442-stm32mp153-advanced-armbased-32bit-mpus-stmicroelectronics_dfsdm_regmap.pdf,7,EXCH,7,0,EXCH[7:0]
rm0442-stm32mp153-advanced-armbased-32bit-mpus-stmicroelectronics_dfsdm_regmap.pdf,8,JCHG,7,0,JCHG[7:0]
rm0442-stm32mp153-advanced-armbased-32bit-mpus-stmicroelectronics_dfsdm_regmap.pdf,8,FOSR,9,0,FOSR[9:0]
rm0442-stm32mp153-advanced-armbased-32bit-mpus-stmicroelectronics_dfsdm_regmap.pdf,8,IOSR,7,0,IOSR[7:0]
rm0442-stm32mp153-advanced-armbased-32bit-mpus-stmicroelectronics_dfsdm_regmap.pdf,8,JDATA,23,0,JDATA[23:0]
rm0442-stm32mp153-advanced-armbased-32bit-mpus-stmicroelectronics_dfsdm_regmap.pdf,8,RDATA,23,0,RDATA[23:0]
rm0442-stm32mp153-advanced-armbased-32bit-mpus-stmicroelectronics_dfsdm_regmap.pdf,8,CH,2,0,CH[2:0]
rm0442-stm32mp153-advanced-armbased-32bit-mpus-stmicroelectronics_dfsdm_regmap.pdf,8,AWHT,23,0,AWHT[23:0]
rm0442-stm32mp153-advanced-armbased-32bit-mpus-stmicroelectronics_dfsdm_regmap.pdf,8,BKAWH,3,0,BKAWH[3:0]
rm0442-stm32mp153-advanced-armbased-32bit-mpus-stmicroelectronics_dfsdm_regmap.pdf,8,AWLT,23,0,AWLT[23:0]
rm0442-stm32mp153-advanced-armbased-32bit-mpus-stmicroelectronics_dfsdm_regmap.pdf,8,BKAWL,3,0,BKAWL[3:0]
rm0442-stm32mp153-advanced-armbased-32bit-mpus-stmicroelectronics_dfsdm_regmap.pdf,8,AWHTF,7,0,AWHTF[7:0]
rm0442-stm32mp153-advanced-armbased-32bit-mpus-stmicroelectronics_dfsdm_regmap.pdf,8,AWLTF,7,0,AWLTF[7:0]
rm0442-stm32mp153-advanced-armbased-32bit-mpus-stmicroelectronics_dfsdm_regmap.pdf,8,CLRAWHTF,7,0,CLRAWHTF[7:0]
rm0442-stm32mp153-advanced-armbased-32bit-mpus-stmicroelectronics_dfsdm_regmap.pdf,8,CLRAWLTF,7,0,CLRAWLTF[7:0]
rm0442-stm32mp153-advanced-armbased-32bit-mpus-stmicroelectronics_dfsdm_regmap.pdf,8,EXMAX,23,0,EXMAX[23:0]
rm0442-stm32mp153-advanced-armbased-32bit-mpus-stmicroelectronics_dfsdm_regmap.pdf,8,EXMIN,23,0,EXMIN[23:0]
rm0442-stm32mp153-advanced-armbased-32bit-mpus-stmicroelectronics_dfsdm_regmap.pdf,8,CNVCNT,27,0,CNVCNT[27:0]
rm0442-stm32mp153-advanced-armbased-32bit-mpus-stmicroelectronics_dfsdm_regmap.pdf,8,RCH,2,0,RCH[2:0]
rm0442-stm32mp153-advanced-armbased-32bit-mpus-stmicroelectronics_dfsdm_regmap.pdf,8,JEXTSEL,4,0,JEXTSEL[4:0]
rm0442-stm32mp153-advanced-armbased-32bit-mpus-stmicroelectronics_dfsdm_regmap.pdf,9,AWDCH,7,0,AWDCH[7:0]
rm0442-stm32mp153-advanced-armbased-32bit-mpus-stmicroelectronics_dfsdm_regmap.pdf,9,EXCH,7,0,EXCH[7:0]
rm0442-stm32mp153-advanced-armbased-32bit-mpus-stmicroelectronics_dfsdm_regmap.pdf,9,JCHG,7,0,JCHG[7:0]
rm0442-stm32mp153-advanced-armbased-32bit-mpus-stmicroelectronics_dfsdm_regmap.pdf,9,FOSR,9,0,FOSR[9:0]
rm0442-stm32mp153-advanced-armbased-32bit-mpus-stmicroelectronics_dfsdm_regmap.pdf,9,IOSR,7,0,IOSR[7:0]
rm0442-stm32mp153-advanced-armbased-32bit-mpus-stmicroelectronics_dfsdm_regmap.pdf,9,JDATA,23,0,JDATA[23:0]
rm0442-stm32mp153-advanced-armbased-32bit-mpus-stmicroelectronics_dfsdm_regmap.pdf,9,RDATA,23,0,RDATA[23:0]
rm0442-stm32mp153-advanced-armbased-32bit-mpus-stmicroelectronics_dfsdm_regmap.pdf,9,CH,2,0,CH[2:0]
rm0442-stm32mp153-advanced-armbased-32bit-mpus-stmicroelectronics_dfsdm_regmap.pdf,9,AWHT,23,0,AWHT[23:0]
rm0442-stm32mp153-advanced-armbased-32bit-mpus-stmicroelectronics_dfsdm_regmap.pdf,9,BKAWH,3,0,BKAWH[3:0]
rm0442-stm32mp153-advanced-armbased-32bit-mpus-stmicroelectronics_dfsdm_regmap.pdf,9,AWLT,23,0,AWLT[23:0]
rm0442-stm32mp153-advanced-armbased-32bit-mpus-stmicroelectronics_dfsdm_regmap.pdf,9,BKAWL,3,0,BKAWL[3:0]
rm0442-stm32mp153-advanced-armbased-32bit-mpus-stmicroelectronics_dfsdm_regmap.pdf,9,AWHTF,7,0,AWHTF[7:0]
rm0442-stm32mp153-advanced-armbased-32bit-mpus-stmicroelectronics_dfsdm_regmap.pdf,9,AWLTF,7,0,AWLTF[7:0]
rm0442-stm32mp153-advanced-armbased-32bit-mpus-stmicroelectronics_dfsdm_regmap.pdf,9,CLRAWHTF,7,0,CLRAWHTF[7:0]
rm0442-stm32mp153-advanced-armbased-32bit-mpus-stmicroelectronics_dfsdm_regmap.pdf,9,CLRAWLTF,7,0,CLRAWLTF[7:0]
rm0442-stm32mp153-advanced-armbased-32bit-mpus-stmicroelectronics_dfsdm_regmap.pdf,9,EXMAX,23,0,EXMAX[23:0]
rm0442-stm32mp153-advanced-armbased-32bit-mpus-stmicroelectronics_dfsdm_regmap.pdf,10,EXMIN,23,0,EXMIN[23:0]
rm0442-stm32mp153-advanced-armbased-32bit-mpus-stmicroelectronics_dfsdm_regmap.pdf,10,CNVCNT,27,0,CNVCNT[27:0]
rm0442-stm32mp153-advanced-armbased-32bit-mpus-stmicroelectronics_dfsdm_regmap.pdf,10,RCH,2,0,RCH[2:0]
rm0442-stm32mp153-advanced-armbased-32bit-mpus-stmicroelectronics_dfsdm_regmap.pdf,10,JEXTSEL,4,0,JEXTSEL[4:0]
rm0442-stm32mp153-advanced-armbased-32bit-mpus-stmicroelectronics_dfsdm_regmap.pdf,10,AWDCH,7,0,AWDCH[7:0]
rm0442-stm32mp153-advanced-armbased-32bit-mpus-stmicroelectronics_dfsdm_regmap.pdf,10,EXCH,7,0,EXCH[7:0]
rm0442-stm32mp153-advanced-armbased-32bit-mpus-stmicroelectronics_dfsdm_regmap.pdf,10,JCHG,7,0,JCHG[7:0]
rm0442-stm32mp153-advanced-armbased-32bit-mpus-stmicroelectronics_dfsdm_regmap.pdf,10,FOSR,9,0,FOSR[9:0]
rm0442-stm32mp153-advanced-armbased-32bit-mpus-stmicroelectronics_dfsdm_regmap.pdf,10,IOSR,7,0,IOSR[7:0]
rm0442-stm32mp153-advanced-armbased-32bit-mpus-stmicroelectronics_dfsdm_regmap.pdf,10,JDATA,23,0,JDATA[23:0]
rm0442-stm32mp153-advanced-armbased-32bit-mpus-stmicroelectronics_dfsdm_regmap.pdf,10,RDATA,23,0,RDATA[23:0]
rm0442-stm32mp153-advanced-armbased-32bit-mpus-stmicroelectronics_dfsdm_regmap.pdf,10,CH,2,0,CH[2:0]
rm0442-stm32mp153-advanced-armbased-32bit-mpus-stmicroelectronics_dfsdm_regmap.pdf,10,AWHT,23,0,AWHT[23:0]
rm0442-stm32mp153-advanced-armbased-32bit-mpus-stmicroelectronics_dfsdm_regmap.pdf,10,BKAWH,3,0,BKAWH[3:0]
rm0442-stm32mp153-advanced-armbased-32bit-mpus-stmicroelectronics_dfsdm_regmap.pdf,11,AWLT,23,0,AWLT[23:0]
rm0442-stm32mp153-advanced-armbased-32bit-mpus-stmicroelectronics_dfsdm_regmap.pdf,11,BKAWL,3,0,BKAWL[3:0]
rm0442-stm32mp153-advanced-armbased-32bit-mpus-stmicroelectronics_dfsdm_regmap.pdf,11,AWHTF,7,0,AWHTF[7:0]
rm0442-stm32mp153-advanced-armbased-32bit-mpus-stmicroelectronics_dfsdm_regmap.pdf,11,AWLTF,7,0,AWLTF[7:0]
rm0442-stm32mp153-advanced-armbased-32bit-mpus-stmicroelectronics_dfsdm_regmap.pdf,11,CLRAWHTF,7,0,CLRAWHTF[7:0]
rm0442-stm32mp153-advanced-armbased-32bit-mpus-stmicroelectronics_dfsdm_regmap.pdf,11,CLRAWLTF,7,0,CLRAWLTF[7:0]
rm0442-stm32mp153-advanced-armbased-32bit-mpus-stmicroelectronics_dfsdm_regmap.pdf,11,EXMAX,23,0,EXMAX[23:0]
rm0442-stm32mp153-advanced-armbased-32bit-mpus-stmicroelectronics_dfsdm_regmap.pdf,11,EXMIN,23,0,EXMIN[23:0]
rm0442-stm32mp153-advanced-armbased-32bit-mpus-stmicroelectronics_dfsdm_regmap.pdf,11,CNVCNT,27,0,CNVCNT[27:0]
rm0442-stm32mp153-advanced-armbased-32bit-mpus-stmicroelectronics_dfsdm_regmap.pdf,11,RCH,2,0,RCH[2:0]
rm0442-stm32mp153-advanced-armbased-32bit-mpus-stmicroelectronics_dfsdm_regmap.pdf,11,JEXTSEL,4,0,JEXTSEL[4:0]
rm0442-stm32mp153-advanced-armbased-32bit-mpus-stmicroelectronics_dfsdm_regmap.pdf,11,AWDCH,7,0,AWDCH[7:0]
rm0442-stm32mp153-advanced-armbased-32bit-mpus-stmicroelectronics_dfsdm_regmap.pdf,11,EXCH,7,0,EXCH[7:0]
rm0442-stm32mp153-advanced-armbased-32bit-mpus-stmicroelectronics_dfsdm_regmap.pdf,11,JCHG,7,0,JCHG[7:0]
rm0442-stm32mp153-advanced-armbased-32bit-mpus-stmicroelectronics_dfsdm_regmap.pdf,11,FOSR,9,0,FOSR[9:0]
rm0442-stm32mp153-advanced-armbased-32bit-mpus-stmicroelectronics_dfsdm_regmap.pdf,11,IOSR,7,0,IOSR[7:0]
rm0442-stm32mp153-advanced-armbased-32bit-mpus-stmicroelectronics_dfsdm_regmap.pdf,12,JDATA,23,0,JDATA[23:0]
rm0442-stm32mp153-advanced-armbased-32bit-mpus-stmicroelectronics_dfsdm_regmap.pdf,12,RDATA,23,0,RDATA[23:0]
rm0442-stm32mp153-advanced-armbased-32bit-mpus-stmicroelectronics_dfsdm_regmap.pdf,12,CH,2,0,CH[2:0]
rm0442-stm32mp153-advanced-armbased-32bit-mpus-stmicroelectronics_dfsdm_regmap.pdf,12,AWHT,23,0,AWHT[23:0]
rm0442-stm32mp153-advanced-armbased-32bit-mpus-stmicroelectronics_dfsdm_regmap.pdf,12,BKAWH,3,0,BKAWH[3:0]
rm0442-stm32mp153-advanced-armbased-32bit-mpus-stmicroelectronics_dfsdm_regmap.pdf,12,AWLT,23,0,AWLT[23:0]
rm0442-stm32mp153-advanced-armbased-32bit-mpus-stmicroelectronics_dfsdm_regmap.pdf,12,BKAWL,3,0,BKAWL[3:0]
rm0442-stm32mp153-advanced-armbased-32bit-mpus-stmicroelectronics_dfsdm_regmap.pdf,12,AWHTF,7,0,AWHTF[7:0]
rm0442-stm32mp153-advanced-armbased-32bit-mpus-stmicroelectronics_dfsdm_regmap.pdf,12,AWLTF,7,0,AWLTF[7:0]
rm0442-stm32mp153-advanced-armbased-32bit-mpus-stmicroelectronics_dfsdm_regmap.pdf,12,CLRAWHTF,7,0,CLRAWHTF[7:0]
rm0442-stm32mp153-advanced-armbased-32bit-mpus-stmicroelectronics_dfsdm_regmap.pdf,12,CLRAWLTF,7,0,CLRAWLTF[7:0]
rm0442-stm32mp153-advanced-armbased-32bit-mpus-stmicroelectronics_dfsdm_regmap.pdf,12,EXMAX,23,0,EXMAX[23:0]
rm0442-stm32mp153-advanced-armbased-32bit-mpus-stmicroelectronics_dfsdm_regmap.pdf,12,EXMIN,23,0,EXMIN[23:0]
rm0442-stm32mp153-advanced-armbased-32bit-mpus-stmicroelectronics_dfsdm_regmap.pdf,12,CNVCNT,27,0,CNVCNT[27:0]
rm0442-stm32mp153-advanced-armbased-32bit-mpus-stmicroelectronics_dfsdm_regmap.pdf,12,NBF,7,0,NBF[7:0]
rm0442-stm32mp153-advanced-armbased-32bit-mpus-stmicroelectronics_dfsdm_regmap.pdf,12,NBT,7,0,NBT[7:0]
rm0442-stm32mp153-advanced-armbased-32bit-mpus-stmicroelectronics_dfsdm_regmap.pdf,12,MINREV,3,0,MINREV[3:0]
rm0442-stm32mp153-advanced-armbased-32bit-mpus-stmicroelectronics_dfsdm_regmap.pdf,12,ID,31,0,ID[31:0]
rm0442-stm32mp153-advanced-armbased-32bit-mpus-stmicroelectronics_dfsdm_regmap.pdf,12,SID,31,0,SID[31:0]
rm0455-stm32h7a37b3-and-stm32h7b0-value-line-advanced-armbased-32bit-mcus-stmicroelectronics_dfsdm_regmap.pdf,1,CNVCNT,27,0,CNVCNT[27:0]
rm0455-stm32h7a37b3-and-stm32h7b0-value-line-advanced-armbased-32bit-mcus-stmicroelectronics_dfsdm_regmap.pdf,1,CNVCNT,27,0,CNVCNT[27:0]
rm0455-stm32h7a37b3-and-stm32h7b0-value-line-advanced-armbased-32bit-mcus-stmicroelectronics_dfsdm_regmap.pdf,1,FOSR,9,0,FOSR[9:0]
rm0455-stm32h7a37b3-and-stm32h7b0-value-line-advanced-armbased-32bit-mcus-stmicroelectronics_dfsdm_regmap.pdf,1,CNVCNT,27,0,CNVCNT[27:0]
rm0455-stm32h7a37b3-and-stm32h7b0-value-line-advanced-armbased-32bit-mcus-stmicroelectronics_dfsdm_regmap.pdf,1,FOSR,9,0,FOSR[9:0]
rm0455-stm32h7a37b3-and-stm32h7b0-value-line-advanced-armbased-32bit-mcus-stmicroelectronics_dfsdm_regmap.pdf,1,CKOUTDIV,7,0,CKOUTDIV[7:0]
rm0455-stm32h7a37b3-and-stm32h7b0-value-line-advanced-armbased-32bit-mcus-stmicroelectronics_dfsdm_regmap.pdf,1,OFFSET,23,0,OFFSET[23:0]
rm0455-stm32h7a37b3-and-stm32h7b0-value-line-advanced-armbased-32bit-mcus-stmicroelectronics_dfsdm_regmap.pdf,1,DTRBS,4,0,DTRBS[4:0]
rm0455-stm32h7a37b3-and-stm32h7b0-value-line-advanced-armbased-32bit-mcus-stmicroelectronics_dfsdm_regmap.pdf,1,AWFOSR,4,0,AWFOSR[4:0]
rm0455-stm32h7a37b3-and-stm32h7b0-value-line-advanced-armbased-32bit-mcus-stmicroelectronics_dfsdm_regmap.pdf,1,BKSCD,3,0,BKSCD[3:0]
rm0455-stm32h7a37b3-and-stm32h7b0-value-line-advanced-armbased-32bit-mcus-stmicroelectronics_dfsdm_regmap.pdf,1,SCDT,7,0,SCDT[7:0]
rm0455-stm32h7a37b3-and-stm32h7b0-value-line-advanced-armbased-32bit-mcus-stmicroelectronics_dfsdm_regmap.pdf,1,WDATA,15,0,WDATA[15:0]
rm0455-stm32h7a37b3-and-stm32h7b0-value-line-advanced-armbased-32bit-mcus-stmicroelectronics_dfsdm_regmap.pdf,1,INDAT1,15,0,INDAT1[15:0]
rm0455-stm32h7a37b3-and-stm32h7b0-value-line-advanced-armbased-32bit-mcus-stmicroelectronics_dfsdm_regmap.pdf,1,INDAT0,15,0,INDAT0[15:0]
rm0455-stm32h7a37b3-and-stm32h7b0-value-line-advanced-armbased-32bit-mcus-stmicroelectronics_dfsdm_regmap.pdf,1,PLSSKP,5,0,PLSSKP[5:0]
rm0455-stm32h7a37b3-and-stm32h7b0-value-line-advanced-armbased-32bit-mcus-stmicroelectronics_dfsdm_regmap.pdf,2,OFFSET,23,0,OFFSET[23:0]
rm0455-stm32h7a37b3-and-stm32h7b0-value-line-advanced-armbased-32bit-mcus-stmicroelectronics_dfsdm_regmap.pdf,2,DTRBS,4,0,DTRBS[4:0]
rm0455-stm32h7a37b3-and-stm32h7b0-value-line-advanced-armbased-32bit-mcus-stmicroelectronics_dfsdm_regmap.pdf,2,AWFOSR,4,0,AWFOSR[4:0]
rm0455-stm32h7a37b3-and-stm32h7b0-value-line-advanced-armbased-32bit-mcus-stmicroelectronics_dfsdm_regmap.pdf,2,BKSCD,3,0,BKSCD[3:0]
rm0455-stm32h7a37b3-and-stm32h7b0-value-line-advanced-armbased-32bit-mcus-stmicroelectronics_dfsdm_regmap.pdf,2,SCDT,7,0,SCDT[7:0]
rm0455-stm32h7a37b3-and-stm32h7b0-value-line-advanced-armbased-32bit-mcus-stmicroelectronics_dfsdm_regmap.pdf,2,WDATA,15,0,WDATA[15:0]
rm0455-stm32h7a37b3-and-stm32h7b0-value-line-advanced-armbased-32bit-mcus-stmicroelectronics_dfsdm_regmap.pdf,2,INDAT1,15,0,INDAT1[15:0]
rm0455-stm32h7a37b3-and-stm32h7b0-value-line-advanced-armbased-32bit-mcus-stmicroelectronics_dfsdm_regmap.pdf,2,INDAT0,15,0,INDAT0[15:0]
rm0455-stm32h7a37b3-and-stm32h7b0-value-line-advanced-armbased-32bit-mcus-stmicroelectronics_dfsdm_regmap.pdf,2,PLSSKP,5,0,PLSSKP[5:0]
rm0455-stm32h7a37b3-and-stm32h7b0-value-line-advanced-armbased-32bit-mcus-stmicroelectronics_dfsdm_regmap.pdf,2,OFFSET,23,0,OFFSET[23:0]
rm0455-stm32h7a37b3-and-stm32h7b0-value-line-advanced-armbased-32bit-mcus-stmicroelectronics_dfsdm_regmap.pdf,2,DTRBS,4,0,DTRBS[4:0]
rm0455-stm32h7a37b3-and-stm32h7b0-value-line-advanced-armbased-32bit-mcus-stmicroelectronics_dfsdm_regmap.pdf,2,AWFOSR,4,0,AWFOSR[4:0]
rm0455-stm32h7a37b3-and-stm32h7b0-value-line-advanced-armbased-32bit-mcus-stmicroelectronics_dfsdm_regmap.pdf,2,BKSCD,3,0,BKSCD[3:0]
rm0455-stm32h7a37b3-and-stm32h7b0-value-line-advanced-armbased-32bit-mcus-stmicroelectronics_dfsdm_regmap.pdf,2,SCDT,7,0,SCDT[7:0]
rm0455-stm32h7a37b3-and-stm32h7b0-value-line-advanced-armbased-32bit-mcus-stmicroelectronics_dfsdm_regmap.pdf,2,WDATA,15,0,WDATA[15:0]
rm0455-stm32h7a37b3-and-stm32h7b0-value-line-advanced-armbased-32bit-mcus-stmicroelectronics_dfsdm_regmap.pdf,2,INDAT1,15,0,INDAT1[15:0]
rm0455-stm32h7a37b3-and-stm32h7b0-value-line-advanced-armbased-32bit-mcus-stmicroelectronics_dfsdm_regmap.pdf,2,INDAT0,15,0,INDAT0[15:0]
rm0455-stm32h7a37b3-and-stm32h7b0-value-line-advanced-armbased-32bit-mcus-stmicroelectronics_dfsdm_regmap.pdf,2,PLSSKP,5,0,PLSSKP[5:0]
rm0455-stm32h7a37b3-and-stm32h7b0-value-line-advanced-armbased-32bit-mcus-stmicroelectronics_dfsdm_regmap.pdf,3,OFFSET,23,0,OFFSET[23:0]
rm0455-stm32h7a37b3-and-stm32h7b0-value-line-advanced-armbased-32bit-mcus-stmicroelectronics_dfsdm_regmap.pdf,3,DTRBS,4,0,DTRBS[4:0]
rm0455-stm32h7a37b3-and-stm32h7b0-value-line-advanced-armbased-32bit-mcus-stmicroelectronics_dfsdm_regmap.pdf,3,AWFOSR,4,0,AWFOSR[4:0]
rm0455-stm32h7a37b3-and-stm32h7b0-value-line-advanced-armbased-32bit-mcus-stmicroelectronics_dfsdm_regmap.pdf,3,BKSCD,3,0,BKSCD[3:0]
rm0455-stm32h7a37b3-and-stm32h7b0-value-line-advanced-armbased-32bit-mcus-stmicroelectronics_dfsdm_regmap.pdf,3,SCDT,7,0,SCDT[7:0]
rm0455-stm32h7a37b3-and-stm32h7b0-value-line-advanced-armbased-32bit-mcus-stmicroelectronics_dfsdm_regmap.pdf,3,WDATA,15,0,WDATA[15:0]
rm0455-stm32h7a37b3-and-stm32h7b0-value-line-advanced-armbased-32bit-mcus-stmicroelectronics_dfsdm_regmap.pdf,3,INDAT1,15,0,INDAT1[15:0]
rm0455-stm32h7a37b3-and-stm32h7b0-value-line-advanced-armbased-32bit-mcus-stmicroelectronics_dfsdm_regmap.pdf,3,INDAT0,15,0,INDAT0[15:0]
rm0455-stm32h7a37b3-and-stm32h7b0-value-line-advanced-armbased-32bit-mcus-stmicroelectronics_dfsdm_regmap.pdf,3,PLSSKP,5,0,PLSSKP[5:0]
rm0455-stm32h7a37b3-and-stm32h7b0-value-line-advanced-armbased-32bit-mcus-stmicroelectronics_dfsdm_regmap.pdf,3,OFFSET,23,0,OFFSET[23:0]
rm0455-stm32h7a37b3-and-stm32h7b0-value-line-advanced-armbased-32bit-mcus-stmicroelectronics_dfsdm_regmap.pdf,3,DTRBS,4,0,DTRBS[4:0]
rm0455-stm32h7a37b3-and-stm32h7b0-value-line-advanced-armbased-32bit-mcus-stmicroelectronics_dfsdm_regmap.pdf,3,AWFOSR,4,0,AWFOSR[4:0]
rm0455-stm32h7a37b3-and-stm32h7b0-value-line-advanced-armbased-32bit-mcus-stmicroelectronics_dfsdm_regmap.pdf,3,BKSCD,3,0,BKSCD[3:0]
rm0455-stm32h7a37b3-and-stm32h7b0-value-line-advanced-armbased-32bit-mcus-stmicroelectronics_dfsdm_regmap.pdf,3,SCDT,7,0,SCDT[7:0]
rm0455-stm32h7a37b3-and-stm32h7b0-value-line-advanced-armbased-32bit-mcus-stmicroelectronics_dfsdm_regmap.pdf,3,WDATA,15,0,WDATA[15:0]
rm0455-stm32h7a37b3-and-stm32h7b0-value-line-advanced-armbased-32bit-mcus-stmicroelectronics_dfsdm_regmap.pdf,3,INDAT1,15,0,INDAT1[15:0]
rm0455-stm32h7a37b3-and-stm32h7b0-value-line-advanced-armbased-32bit-mcus-stmicroelectronics_dfsdm_regmap.pdf,3,INDAT0,15,0,INDAT0[15:0]
rm0455-stm32h7a37b3-and-stm32h7b0-value-line-advanced-armbased-32bit-mcus-stmicroelectronics_dfsdm_regmap.pdf,3,PLSSKP,5,0,PLSSKP[5:0]
rm0455-stm32h7a37b3-and-stm32h7b0-value-line-advanced-armbased-32bit-mcus-stmicroelectronics_dfsdm_regmap.pdf,4,OFFSET,23,0,OFFSET[23:0]
rm0455-stm32h7a37b3-and-stm32h7b0-value-line-advanced-armbased-32bit-mcus-stmicroelectronics_dfsdm_regmap.pdf,4,DTRBS,4,0,DTRBS[4:0]
rm0455-stm32h7a37b3-and-stm32h7b0-value-line-advanced-armbased-32bit-mcus-stmicroelectronics_dfsdm_regmap.pdf,4,AWFOSR,4,0,AWFOSR[4:0]
rm0455-stm32h7a37b3-and-stm32h7b0-value-line-advanced-armbased-32bit-mcus-stmicroelectronics_dfsdm_regmap.pdf,4,BKSCD,3,0,BKSCD[3:0]
rm0455-stm32h7a37b3-and-stm32h7b0-value-line-advanced-armbased-32bit-mcus-stmicroelectronics_dfsdm_regmap.pdf,4,SCDT,7,0,SCDT[7:0]
rm0455-stm32h7a37b3-and-stm32h7b0-value-line-advanced-armbased-32bit-mcus-stmicroelectronics_dfsdm_regmap.pdf,4,WDATA,15,0,WDATA[15:0]
rm0455-stm32h7a37b3-and-stm32h7b0-value-line-advanced-armbased-32bit-mcus-stmicroelectronics_dfsdm_regmap.pdf,4,INDAT1,15,0,INDAT1[15:0]
rm0455-stm32h7a37b3-and-stm32h7b0-value-line-advanced-armbased-32bit-mcus-stmicroelectronics_dfsdm_regmap.pdf,4,INDAT0,15,0,INDAT0[15:0]
rm0455-stm32h7a37b3-and-stm32h7b0-value-line-advanced-armbased-32bit-mcus-stmicroelectronics_dfsdm_regmap.pdf,4,PLSSKP,5,0,PLSSKP[5:0]
rm0455-stm32h7a37b3-and-stm32h7b0-value-line-advanced-armbased-32bit-mcus-stmicroelectronics_dfsdm_regmap.pdf,4,OFFSET,23,0,OFFSET[23:0]
rm0455-stm32h7a37b3-and-stm32h7b0-value-line-advanced-armbased-32bit-mcus-stmicroelectronics_dfsdm_regmap.pdf,4,DTRBS,4,0,DTRBS[4:0]
rm0455-stm32h7a37b3-and-stm32h7b0-value-line-advanced-armbased-32bit-mcus-stmicroelectronics_dfsdm_regmap.pdf,4,AWFOSR,4,0,AWFOSR[4:0]
rm0455-stm32h7a37b3-and-stm32h7b0-value-line-advanced-armbased-32bit-mcus-stmicroelectronics_dfsdm_regmap.pdf,4,BKSCD,3,0,BKSCD[3:0]
rm0455-stm32h7a37b3-and-stm32h7b0-value-line-advanced-armbased-32bit-mcus-stmicroelectronics_dfsdm_regmap.pdf,4,SCDT,7,0,SCDT[7:0]
rm0455-stm32h7a37b3-and-stm32h7b0-value-line-advanced-armbased-32bit-mcus-stmicroelectronics_dfsdm_regmap.pdf,4,WDATA,15,0,WDATA[15:0]
rm0455-stm32h7a37b3-and-stm32h7b0-value-line-advanced-armbased-32bit-mcus-stmicroelectronics_dfsdm_regmap.pdf,4,INDAT1,15,0,INDAT1[15:0]
rm0455-stm32h7a37b3-and-stm32h7b0-value-line-advanced-armbased-32bit-mcus-stmicroelectronics_dfsdm_regmap.pdf,4,INDAT0,15,0,INDAT0[15:0]
rm0455-stm32h7a37b3-and-stm32h7b0-value-line-advanced-armbased-32bit-mcus-stmicroelectronics_dfsdm_regmap.pdf,4,PLSSKP,5,0,PLSSKP[5:0]
rm0455-stm32h7a37b3-and-stm32h7b0-value-line-advanced-armbased-32bit-mcus-stmicroelectronics_dfsdm_regmap.pdf,5,OFFSET,23,0,OFFSET[23:0]
rm0455-stm32h7a37b3-and-stm32h7b0-value-line-advanced-armbased-32bit-mcus-stmicroelectronics_dfsdm_regmap.pdf,5,DTRBS,4,0,DTRBS[4:0]
rm0455-stm32h7a37b3-and-stm32h7b0-value-line-advanced-armbased-32bit-mcus-stmicroelectronics_dfsdm_regmap.pdf,5,AWFOSR,4,0,AWFOSR[4:0]
rm0455-stm32h7a37b3-and-stm32h7b0-value-line-advanced-armbased-32bit-mcus-stmicroelectronics_dfsdm_regmap.pdf,5,BKSCD,3,0,BKSCD[3:0]
rm0455-stm32h7a37b3-and-stm32h7b0-value-line-advanced-armbased-32bit-mcus-stmicroelectronics_dfsdm_regmap.pdf,5,SCDT,7,0,SCDT[7:0]
rm0455-stm32h7a37b3-and-stm32h7b0-value-line-advanced-armbased-32bit-mcus-stmicroelectronics_dfsdm_regmap.pdf,5,WDATA,15,0,WDATA[15:0]
rm0455-stm32h7a37b3-and-stm32h7b0-value-line-advanced-armbased-32bit-mcus-stmicroelectronics_dfsdm_regmap.pdf,5,INDAT1,15,0,INDAT1[15:0]
rm0455-stm32h7a37b3-and-stm32h7b0-value-line-advanced-armbased-32bit-mcus-stmicroelectronics_dfsdm_regmap.pdf,5,INDAT0,15,0,INDAT0[15:0]
rm0455-stm32h7a37b3-and-stm32h7b0-value-line-advanced-armbased-32bit-mcus-stmicroelectronics_dfsdm_regmap.pdf,5,PLSSKP,5,0,PLSSKP[5:0]
rm0455-stm32h7a37b3-and-stm32h7b0-value-line-advanced-armbased-32bit-mcus-stmicroelectronics_dfsdm_regmap.pdf,5,RCH,2,0,RCH[2:0]
rm0455-stm32h7a37b3-and-stm32h7b0-value-line-advanced-armbased-32bit-mcus-stmicroelectronics_dfsdm_regmap.pdf,5,JEXTSEL,4,0,JEXTSEL[4:0]
rm0455-stm32h7a37b3-and-stm32h7b0-value-line-advanced-armbased-32bit-mcus-stmicroelectronics_dfsdm_regmap.pdf,5,AWDCH,7,0,AWDCH[7:0]
rm0455-stm32h7a37b3-and-stm32h7b0-value-line-advanced-armbased-32bit-mcus-stmicroelectronics_dfsdm_regmap.pdf,5,EXCH,7,0,EXCH[7:0]
rm0455-stm32h7a37b3-and-stm32h7b0-value-line-advanced-armbased-32bit-mcus-stmicroelectronics_dfsdm_regmap.pdf,5,SCDF,7,0,SCDF[7:0]
rm0455-stm32h7a37b3-and-stm32h7b0-value-line-advanced-armbased-32bit-mcus-stmicroelectronics_dfsdm_regmap.pdf,5,CKABF,7,0,CKABF[7:0]
rm0455-stm32h7a37b3-and-stm32h7b0-value-line-advanced-armbased-32bit-mcus-stmicroelectronics_dfsdm_regmap.pdf,5,CLRSCDF,7,0,CLRSCDF[7:0]
rm0455-stm32h7a37b3-and-stm32h7b0-value-line-advanced-armbased-32bit-mcus-stmicroelectronics_dfsdm_regmap.pdf,5,CLRCKABF,7,0,CLRCKABF[7:0]
rm0455-stm32h7a37b3-and-stm32h7b0-value-line-advanced-armbased-32bit-mcus-stmicroelectronics_dfsdm_regmap.pdf,5,JCHG,7,0,JCHG[7:0]
rm0455-stm32h7a37b3-and-stm32h7b0-value-line-advanced-armbased-32bit-mcus-stmicroelectronics_dfsdm_regmap.pdf,5,FOSR,9,0,FOSR[9:0]
rm0455-stm32h7a37b3-and-stm32h7b0-value-line-advanced-armbased-32bit-mcus-stmicroelectronics_dfsdm_regmap.pdf,5,IOSR,7,0,IOSR[7:0]
rm0455-stm32h7a37b3-and-stm32h7b0-value-line-advanced-armbased-32bit-mcus-stmicroelectronics_dfsdm_regmap.pdf,6,JDATA,23,0,JDATA[23:0]
rm0455-stm32h7a37b3-and-stm32h7b0-value-line-advanced-armbased-32bit-mcus-stmicroelectronics_dfsdm_regmap.pdf,6,RDATA,23,0,RDATA[23:0]
rm0455-stm32h7a37b3-and-stm32h7b0-value-line-advanced-armbased-32bit-mcus-stmicroelectronics_dfsdm_regmap.pdf,6,CH,2,0,CH[2:0]
rm0455-stm32h7a37b3-and-stm32h7b0-value-line-advanced-armbased-32bit-mcus-stmicroelectronics_dfsdm_regmap.pdf,6,AWHT,23,0,AWHT[23:0]
rm0455-stm32h7a37b3-and-stm32h7b0-value-line-advanced-armbased-32bit-mcus-stmicroelectronics_dfsdm_regmap.pdf,6,BKAWH,3,0,BKAWH[3:0]
rm0455-stm32h7a37b3-and-stm32h7b0-value-line-advanced-armbased-32bit-mcus-stmicroelectronics_dfsdm_regmap.pdf,6,AWLT,23,0,AWLT[23:0]
rm0455-stm32h7a37b3-and-stm32h7b0-value-line-advanced-armbased-32bit-mcus-stmicroelectronics_dfsdm_regmap.pdf,6,BKAWL,3,0,BKAWL[3:0]
rm0455-stm32h7a37b3-and-stm32h7b0-value-line-advanced-armbased-32bit-mcus-stmicroelectronics_dfsdm_regmap.pdf,6,AWHTF,7,0,AWHTF[7:0]
rm0455-stm32h7a37b3-and-stm32h7b0-value-line-advanced-armbased-32bit-mcus-stmicroelectronics_dfsdm_regmap.pdf,6,AWLTF,7,0,AWLTF[7:0]
rm0455-stm32h7a37b3-and-stm32h7b0-value-line-advanced-armbased-32bit-mcus-stmicroelectronics_dfsdm_regmap.pdf,6,CLRAWHTF,7,0,CLRAWHTF[7:0]
rm0455-stm32h7a37b3-and-stm32h7b0-value-line-advanced-armbased-32bit-mcus-stmicroelectronics_dfsdm_regmap.pdf,6,CLRAWLTF,7,0,CLRAWLTF[7:0]
rm0455-stm32h7a37b3-and-stm32h7b0-value-line-advanced-armbased-32bit-mcus-stmicroelectronics_dfsdm_regmap.pdf,6,EXMAX,23,0,EXMAX[23:0]
rm0455-stm32h7a37b3-and-stm32h7b0-value-line-advanced-armbased-32bit-mcus-stmicroelectronics_dfsdm_regmap.pdf,6,EXMIN,23,0,EXMIN[23:0]
rm0455-stm32h7a37b3-and-stm32h7b0-value-line-advanced-armbased-32bit-mcus-stmicroelectronics_dfsdm_regmap.pdf,6,CNVCNT,27,0,CNVCNT[27:0]
rm0455-stm32h7a37b3-and-stm32h7b0-value-line-advanced-armbased-32bit-mcus-stmicroelectronics_dfsdm_regmap.pdf,6,RCH,2,0,RCH[2:0]
rm0455-stm32h7a37b3-and-stm32h7b0-value-line-advanced-armbased-32bit-mcus-stmicroelectronics_dfsdm_regmap.pdf,6,JEXTSEL,4,0,JEXTSEL[4:0]
rm0455-stm32h7a37b3-and-stm32h7b0-value-line-advanced-armbased-32bit-mcus-stmicroelectronics_dfsdm_regmap.pdf,6,AWDCH,7,0,AWDCH[7:0]
rm0455-stm32h7a37b3-and-stm32h7b0-value-line-advanced-armbased-32bit-mcus-stmicroelectronics_dfsdm_regmap.pdf,6,EXCH,7,0,EXCH[7:0]
rm0455-stm32h7a37b3-and-stm32h7b0-value-line-advanced-armbased-32bit-mcus-stmicroelectronics_dfsdm_regmap.pdf,7,JCHG,7,0,JCHG[7:0]
rm0455-stm32h7a37b3-and-stm32h7b0-value-line-advanced-armbased-32bit-mcus-stmicroelectronics_dfsdm_regmap.pdf,7,FOSR,9,0,FOSR[9:0]
rm0455-stm32h7a37b3-and-stm32h7b0-value-line-advanced-armbased-32bit-mcus-stmicroelectronics_dfsdm_regmap.pdf,7,IOSR,7,0,IOSR[7:0]
rm0455-stm32h7a37b3-and-stm32h7b0-value-line-advanced-armbased-32bit-mcus-stmicroelectronics_dfsdm_regmap.pdf,7,JDATA,23,0,JDATA[23:0]
rm0455-stm32h7a37b3-and-stm32h7b0-value-line-advanced-armbased-32bit-mcus-stmicroelectronics_dfsdm_regmap.pdf,7,RDATA,23,0,RDATA[23:0]
rm0455-stm32h7a37b3-and-stm32h7b0-value-line-advanced-armbased-32bit-mcus-stmicroelectronics_dfsdm_regmap.pdf,7,H,2,0,H[2:0]
rm0455-stm32h7a37b3-and-stm32h7b0-value-line-advanced-armbased-32bit-mcus-stmicroelectronics_dfsdm_regmap.pdf,7,AWHT,23,0,AWHT[23:0]
rm0455-stm32h7a37b3-and-stm32h7b0-value-line-advanced-armbased-32bit-mcus-stmicroelectronics_dfsdm_regmap.pdf,7,BKAWH,3,0,BKAWH[3:0]
rm0455-stm32h7a37b3-and-stm32h7b0-value-line-advanced-armbased-32bit-mcus-stmicroelectronics_dfsdm_regmap.pdf,7,AWLT,23,0,AWLT[23:0]
rm0455-stm32h7a37b3-and-stm32h7b0-value-line-advanced-armbased-32bit-mcus-stmicroelectronics_dfsdm_regmap.pdf,7,BKAWL,3,0,BKAWL[3:0]
rm0455-stm32h7a37b3-and-stm32h7b0-value-line-advanced-armbased-32bit-mcus-stmicroelectronics_dfsdm_regmap.pdf,7,AWHTF,7,0,AWHTF[7:0]
rm0455-stm32h7a37b3-and-stm32h7b0-value-line-advanced-armbased-32bit-mcus-stmicroelectronics_dfsdm_regmap.pdf,7,AWLTF,7,0,AWLTF[7:0]
rm0455-stm32h7a37b3-and-stm32h7b0-value-line-advanced-armbased-32bit-mcus-stmicroelectronics_dfsdm_regmap.pdf,7,CLRAWHTF,7,0,CLRAWHTF[7:0]
rm0455-stm32h7a37b3-and-stm32h7b0-value-line-advanced-armbased-32bit-mcus-stmicroelectronics_dfsdm_regmap.pdf,7,CLRAWLTF,7,0,CLRAWLTF[7:0]
rm0455-stm32h7a37b3-and-stm32h7b0-value-line-advanced-armbased-32bit-mcus-stmicroelectronics_dfsdm_regmap.pdf,7,EXMAX,23,0,EXMAX[23:0]
rm0455-stm32h7a37b3-and-stm32h7b0-value-line-advanced-armbased-32bit-mcus-stmicroelectronics_dfsdm_regmap.pdf,7,EXMIN,23,0,EXMIN[23:0]
rm0455-stm32h7a37b3-and-stm32h7b0-value-line-advanced-armbased-32bit-mcus-stmicroelectronics_dfsdm_regmap.pdf,7,CNVCNT,27,0,CNVCNT[27:0]
rm0455-stm32h7a37b3-and-stm32h7b0-value-line-advanced-armbased-32bit-mcus-stmicroelectronics_dfsdm_regmap.pdf,8,RCH,2,0,RCH[2:0]
rm0455-stm32h7a37b3-and-stm32h7b0-value-line-advanced-armbased-32bit-mcus-stmicroelectronics_dfsdm_regmap.pdf,8,JEXTSEL,4,0,JEXTSEL[4:0]
rm0455-stm32h7a37b3-and-stm32h7b0-value-line-advanced-armbased-32bit-mcus-stmicroelectronics_dfsdm_regmap.pdf,8,AWDCH,7,0,AWDCH[7:0]
rm0455-stm32h7a37b3-and-stm32h7b0-value-line-advanced-armbased-32bit-mcus-stmicroelectronics_dfsdm_regmap.pdf,8,EXCH,7,0,EXCH[7:0]
rm0455-stm32h7a37b3-and-stm32h7b0-value-line-advanced-armbased-32bit-mcus-stmicroelectronics_dfsdm_regmap.pdf,8,JCHG,7,0,JCHG[7:0]
rm0455-stm32h7a37b3-and-stm32h7b0-value-line-advanced-armbased-32bit-mcus-stmicroelectronics_dfsdm_regmap.pdf,8,FOSR,9,0,FOSR[9:0]
rm0455-stm32h7a37b3-and-stm32h7b0-value-line-advanced-armbased-32bit-mcus-stmicroelectronics_dfsdm_regmap.pdf,8,IOSR,7,0,IOSR[7:0]
rm0455-stm32h7a37b3-and-stm32h7b0-value-line-advanced-armbased-32bit-mcus-stmicroelectronics_dfsdm_regmap.pdf,8,JDATA,23,0,JDATA[23:0]
rm0455-stm32h7a37b3-and-stm32h7b0-value-line-advanced-armbased-32bit-mcus-stmicroelectronics_dfsdm_regmap.pdf,8,RDATA,23,0,RDATA[23:0]
rm0455-stm32h7a37b3-and-stm32h7b0-value-line-advanced-armbased-32bit-mcus-stmicroelectronics_dfsdm_regmap.pdf,8,CH,2,0,CH[2:0]
rm0455-stm32h7a37b3-and-stm32h7b0-value-line-advanced-armbased-32bit-mcus-stmicroelectronics_dfsdm_regmap.pdf,8,AWHT,23,0,AWHT[23:0]
rm0455-stm32h7a37b3-and-stm32h7b0-value-line-advanced-armbased-32bit-mcus-stmicroelectronics_dfsdm_regmap.pdf,8,BKAWH,3,0,BKAWH[3:0]
rm0455-stm32h7a37b3-and-stm32h7b0-value-line-advanced-armbased-32bit-mcus-stmicroelectronics_dfsdm_regmap.pdf,8,AWLT,23,0,AWLT[23:0]
rm0455-stm32h7a37b3-and-stm32h7b0-value-line-advanced-armbased-32bit-mcus-stmicroelectronics_dfsdm_regmap.pdf,8,BKAWL,3,0,BKAWL[3:0]
rm0455-stm32h7a37b3-and-stm32h7b0-value-line-advanced-armbased-32bit-mcus-stmicroelectronics_dfsdm_regmap.pdf,8,AWHTF,7,0,AWHTF[7:0]
rm0455-stm32h7a37b3-and-stm32h7b0-value-line-advanced-armbased-32bit-mcus-stmicroelectronics_dfsdm_regmap.pdf,8,AWLTF,7,0,AWLTF[7:0]
rm0455-stm32h7a37b3-and-stm32h7b0-value-line-advanced-armbased-32bit-mcus-stmicroelectronics_dfsdm_regmap.pdf,8,CLRAWHTF,7,0,CLRAWHTF[7:0]
rm0455-stm32h7a37b3-and-stm32h7b0-value-line-advanced-armbased-32bit-mcus-stmicroelectronics_dfsdm_regmap.pdf,8,CLRAWLTF,7,0,CLRAWLTF[7:0]
rm0455-stm32h7a37b3-and-stm32h7b0-value-line-advanced-armbased-32bit-mcus-stmicroelectronics_dfsdm_regmap.pdf,9,EXMAX,23,0,EXMAX[23:0]
rm0455-stm32h7a37b3-and-stm32h7b0-value-line-advanced-armbased-32bit-mcus-stmicroelectronics_dfsdm_regmap.pdf,9,EXMIN,23,0,EXMIN[23:0]
rm0455-stm32h7a37b3-and-stm32h7b0-value-line-advanced-armbased-32bit-mcus-stmicroelectronics_dfsdm_regmap.pdf,9,CNVCNT,27,0,CNVCNT[27:0]
rm0455-stm32h7a37b3-and-stm32h7b0-value-line-advanced-armbased-32bit-mcus-stmicroelectronics_dfsdm_regmap.pdf,9,RCH,2,0,RCH[2:0]
rm0455-stm32h7a37b3-and-stm32h7b0-value-line-advanced-armbased-32bit-mcus-stmicroelectronics_dfsdm_regmap.pdf,9,JEXTSEL,4,0,JEXTSEL[4:0]
rm0455-stm32h7a37b3-and-stm32h7b0-value-line-advanced-armbased-32bit-mcus-stmicroelectronics_dfsdm_regmap.pdf,9,AWDCH,7,0,AWDCH[7:0]
rm0455-stm32h7a37b3-and-stm32h7b0-value-line-advanced-armbased-32bit-mcus-stmicroelectronics_dfsdm_regmap.pdf,9,EXCH,7,0,EXCH[7:0]
rm0455-stm32h7a37b3-and-stm32h7b0-value-line-advanced-armbased-32bit-mcus-stmicroelectronics_dfsdm_regmap.pdf,9,JCHG,7,0,JCHG[7:0]
rm0455-stm32h7a37b3-and-stm32h7b0-value-line-advanced-armbased-32bit-mcus-stmicroelectronics_dfsdm_regmap.pdf,9,FOSR,9,0,FOSR[9:0]
rm0455-stm32h7a37b3-and-stm32h7b0-value-line-advanced-armbased-32bit-mcus-stmicroelectronics_dfsdm_regmap.pdf,9,IOSR,7,0,IOSR[7:0]
rm0455-stm32h7a37b3-and-stm32h7b0-value-line-advanced-armbased-32bit-mcus-stmicroelectronics_dfsdm_regmap.pdf,9,JDATA,23,0,JDATA[23:0]
rm0455-stm32h7a37b3-and-stm32h7b0-value-line-advanced-armbased-32bit-mcus-stmicroelectronics_dfsdm_regmap.pdf,10,RDATA,23,0,RDATA[23:0]
rm0455-stm32h7a37b3-and-stm32h7b0-value-line-advanced-armbased-32bit-mcus-stmicroelectronics_dfsdm_regmap.pdf,10,CH,2,0,CH[2:0]
rm0455-stm32h7a37b3-and-stm32h7b0-value-line-advanced-armbased-32bit-mcus-stmicroelectronics_dfsdm_regmap.pdf,10,AWHT,23,0,AWHT[23:0]
rm0455-stm32h7a37b3-and-stm32h7b0-value-line-advanced-armbased-32bit-mcus-stmicroelectronics_dfsdm_regmap.pdf,10,BKAWH,3,0,BKAWH[3:0]
rm0455-stm32h7a37b3-and-stm32h7b0-value-line-advanced-armbased-32bit-mcus-stmicroelectronics_dfsdm_regmap.pdf,10,AWLT,23,0,AWLT[23:0]
rm0455-stm32h7a37b3-and-stm32h7b0-value-line-advanced-armbased-32bit-mcus-stmicroelectronics_dfsdm_regmap.pdf,10,BKAWL,3,0,BKAWL[3:0]
rm0455-stm32h7a37b3-and-stm32h7b0-value-line-advanced-armbased-32bit-mcus-stmicroelectronics_dfsdm_regmap.pdf,10,AWHTF,7,0,AWHTF[7:0]
rm0455-stm32h7a37b3-and-stm32h7b0-value-line-advanced-armbased-32bit-mcus-stmicroelectronics_dfsdm_regmap.pdf,10,AWLTF,7,0,AWLTF[7:0]
rm0455-stm32h7a37b3-and-stm32h7b0-value-line-advanced-armbased-32bit-mcus-stmicroelectronics_dfsdm_regmap.pdf,10,CLRAWHTF,7,0,CLRAWHTF[7:0]
rm0455-stm32h7a37b3-and-stm32h7b0-value-line-advanced-armbased-32bit-mcus-stmicroelectronics_dfsdm_regmap.pdf,10,CLRAWLTF,7,0,CLRAWLTF[7:0]
rm0455-stm32h7a37b3-and-stm32h7b0-value-line-advanced-armbased-32bit-mcus-stmicroelectronics_dfsdm_regmap.pdf,10,EXMAX,23,0,EXMAX[23:0]
rm0455-stm32h7a37b3-and-stm32h7b0-value-line-advanced-armbased-32bit-mcus-stmicroelectronics_dfsdm_regmap.pdf,10,EXMIN,23,0,EXMIN[23:0]
rm0455-stm32h7a37b3-and-stm32h7b0-value-line-advanced-armbased-32bit-mcus-stmicroelectronics_dfsdm_regmap.pdf,10,CNVCNT,27,0,CNVCNT[27:0]
rm0455-stm32h7a37b3-and-stm32h7b0-value-line-advanced-armbased-32bit-mcus-stmicroelectronics_dfsdm_regmap.pdf,10,RCH,2,0,RCH[2:0]
rm0455-stm32h7a37b3-and-stm32h7b0-value-line-advanced-armbased-32bit-mcus-stmicroelectronics_dfsdm_regmap.pdf,10,JEXTSEL,4,0,JEXTSEL[4:0]
rm0455-stm32h7a37b3-and-stm32h7b0-value-line-advanced-armbased-32bit-mcus-stmicroelectronics_dfsdm_regmap.pdf,10,AWDCH,7,0,AWDCH[7:0]
rm0455-stm32h7a37b3-and-stm32h7b0-value-line-advanced-armbased-32bit-mcus-stmicroelectronics_dfsdm_regmap.pdf,10,EXCH,7,0,EXCH[7:0]
rm0455-stm32h7a37b3-and-stm32h7b0-value-line-advanced-armbased-32bit-mcus-stmicroelectronics_dfsdm_regmap.pdf,11,JCHG,7,0,JCHG[7:0]
rm0455-stm32h7a37b3-and-stm32h7b0-value-line-advanced-armbased-32bit-mcus-stmicroelectronics_dfsdm_regmap.pdf,11,FOSR,9,0,FOSR[9:0]
rm0455-stm32h7a37b3-and-stm32h7b0-value-line-advanced-armbased-32bit-mcus-stmicroelectronics_dfsdm_regmap.pdf,11,IOSR,7,0,IOSR[7:0]
rm0455-stm32h7a37b3-and-stm32h7b0-value-line-advanced-armbased-32bit-mcus-stmicroelectronics_dfsdm_regmap.pdf,11,JDATA,23,0,JDATA[23:0]
rm0455-stm32h7a37b3-and-stm32h7b0-value-line-advanced-armbased-32bit-mcus-stmicroelectronics_dfsdm_regmap.pdf,11,RDATA,23,0,RDATA[23:0]
rm0455-stm32h7a37b3-and-stm32h7b0-value-line-advanced-armbased-32bit-mcus-stmicroelectronics_dfsdm_regmap.pdf,11,CH,2,0,CH[2:0]
rm0455-stm32h7a37b3-and-stm32h7b0-value-line-advanced-armbased-32bit-mcus-stmicroelectronics_dfsdm_regmap.pdf,11,AWHT,23,0,AWHT[23:0]
rm0455-stm32h7a37b3-and-stm32h7b0-value-line-advanced-armbased-32bit-mcus-stmicroelectronics_dfsdm_regmap.pdf,11,BKAWH,3,0,BKAWH[3:0]
rm0455-stm32h7a37b3-and-stm32h7b0-value-line-advanced-armbased-32bit-mcus-stmicroelectronics_dfsdm_regmap.pdf,11,AWLT,23,0,AWLT[23:0]
rm0455-stm32h7a37b3-and-stm32h7b0-value-line-advanced-armbased-32bit-mcus-stmicroelectronics_dfsdm_regmap.pdf,11,BKAWL,3,0,BKAWL[3:0]
rm0455-stm32h7a37b3-and-stm32h7b0-value-line-advanced-armbased-32bit-mcus-stmicroelectronics_dfsdm_regmap.pdf,11,AWHTF,7,0,AWHTF[7:0]
rm0455-stm32h7a37b3-and-stm32h7b0-value-line-advanced-armbased-32bit-mcus-stmicroelectronics_dfsdm_regmap.pdf,11,AWLTF,7,0,AWLTF[7:0]
rm0455-stm32h7a37b3-and-stm32h7b0-value-line-advanced-armbased-32bit-mcus-stmicroelectronics_dfsdm_regmap.pdf,11,CLRAWHTF,7,0,CLRAWHTF[7:0]
rm0455-stm32h7a37b3-and-stm32h7b0-value-line-advanced-armbased-32bit-mcus-stmicroelectronics_dfsdm_regmap.pdf,11,CLRAWLTF,7,0,CLRAWLTF[7:0]
rm0455-stm32h7a37b3-and-stm32h7b0-value-line-advanced-armbased-32bit-mcus-stmicroelectronics_dfsdm_regmap.pdf,11,EXMAX,23,0,EXMAX[23:0]
rm0455-stm32h7a37b3-and-stm32h7b0-value-line-advanced-armbased-32bit-mcus-stmicroelectronics_dfsdm_regmap.pdf,11,EXMIN,23,0,EXMIN[23:0]
rm0455-stm32h7a37b3-and-stm32h7b0-value-line-advanced-armbased-32bit-mcus-stmicroelectronics_dfsdm_regmap.pdf,11,CNVCNT,27,0,CNVCNT[27:0]
rm0455-stm32h7a37b3-and-stm32h7b0-value-line-advanced-armbased-32bit-mcus-stmicroelectronics_dfsdm_regmap.pdf,11,RCH,2,0,RCH[2:0]
rm0455-stm32h7a37b3-and-stm32h7b0-value-line-advanced-armbased-32bit-mcus-stmicroelectronics_dfsdm_regmap.pdf,11,JEXTSEL,4,0,JEXTSEL[4:0]
rm0455-stm32h7a37b3-and-stm32h7b0-value-line-advanced-armbased-32bit-mcus-stmicroelectronics_dfsdm_regmap.pdf,12,AWDCH,7,0,AWDCH[7:0]
rm0455-stm32h7a37b3-and-stm32h7b0-value-line-advanced-armbased-32bit-mcus-stmicroelectronics_dfsdm_regmap.pdf,12,EXCH,7,0,EXCH[7:0]
rm0455-stm32h7a37b3-and-stm32h7b0-value-line-advanced-armbased-32bit-mcus-stmicroelectronics_dfsdm_regmap.pdf,12,JCHG,7,0,JCHG[7:0]
rm0455-stm32h7a37b3-and-stm32h7b0-value-line-advanced-armbased-32bit-mcus-stmicroelectronics_dfsdm_regmap.pdf,12,FOSR,9,0,FOSR[9:0]
rm0455-stm32h7a37b3-and-stm32h7b0-value-line-advanced-armbased-32bit-mcus-stmicroelectronics_dfsdm_regmap.pdf,12,IOSR,7,0,IOSR[7:0]
rm0455-stm32h7a37b3-and-stm32h7b0-value-line-advanced-armbased-32bit-mcus-stmicroelectronics_dfsdm_regmap.pdf,12,JDATA,23,0,JDATA[23:0]
rm0455-stm32h7a37b3-and-stm32h7b0-value-line-advanced-armbased-32bit-mcus-stmicroelectronics_dfsdm_regmap.pdf,12,RDATA,23,0,RDATA[23:0]
rm0455-stm32h7a37b3-and-stm32h7b0-value-line-advanced-armbased-32bit-mcus-stmicroelectronics_dfsdm_regmap.pdf,12,CH,2,0,CH[2:0]
rm0455-stm32h7a37b3-and-stm32h7b0-value-line-advanced-armbased-32bit-mcus-stmicroelectronics_dfsdm_regmap.pdf,12,AWHT,23,0,AWHT[23:0]
rm0455-stm32h7a37b3-and-stm32h7b0-value-line-advanced-armbased-32bit-mcus-stmicroelectronics_dfsdm_regmap.pdf,12,BKAWH,3,0,BKAWH[3:0]
rm0455-stm32h7a37b3-and-stm32h7b0-value-line-advanced-armbased-32bit-mcus-stmicroelectronics_dfsdm_regmap.pdf,12,AWLT,23,0,AWLT[23:0]
rm0455-stm32h7a37b3-and-stm32h7b0-value-line-advanced-armbased-32bit-mcus-stmicroelectronics_dfsdm_regmap.pdf,12,BKAWL,3,0,BKAWL[3:0]
rm0455-stm32h7a37b3-and-stm32h7b0-value-line-advanced-armbased-32bit-mcus-stmicroelectronics_dfsdm_regmap.pdf,12,AWHTF,7,0,AWHTF[7:0]
rm0455-stm32h7a37b3-and-stm32h7b0-value-line-advanced-armbased-32bit-mcus-stmicroelectronics_dfsdm_regmap.pdf,12,AWLTF,7,0,AWLTF[7:0]
rm0455-stm32h7a37b3-and-stm32h7b0-value-line-advanced-armbased-32bit-mcus-stmicroelectronics_dfsdm_regmap.pdf,12,CLRAWHTF,7,0,CLRAWHTF[7:0]
rm0455-stm32h7a37b3-and-stm32h7b0-value-line-advanced-armbased-32bit-mcus-stmicroelectronics_dfsdm_regmap.pdf,12,CLRAWLTF,7,0,CLRAWLTF[7:0]
rm0455-stm32h7a37b3-and-stm32h7b0-value-line-advanced-armbased-32bit-mcus-stmicroelectronics_dfsdm_regmap.pdf,12,EXMAX,23,0,EXMAX[23:0]
rm0455-stm32h7a37b3-and-stm32h7b0-value-line-advanced-armbased-32bit-mcus-stmicroelectronics_dfsdm_regmap.pdf,13,EXMIN,23,0,EXMIN[23:0]
rm0455-stm32h7a37b3-and-stm32h7b0-value-line-advanced-armbased-32bit-mcus-stmicroelectronics_dfsdm_regmap.pdf,13,CNVCNT,27,0,CNVCNT[27:0]
rm0455-stm32h7a37b3-and-stm32h7b0-value-line-advanced-armbased-32bit-mcus-stmicroelectronics_dfsdm_regmap.pdf,13,RCH,2,0,RCH[2:0]
rm0455-stm32h7a37b3-and-stm32h7b0-value-line-advanced-armbased-32bit-mcus-stmicroelectronics_dfsdm_regmap.pdf,13,JEXTSEL,4,0,JEXTSEL[4:0]
rm0455-stm32h7a37b3-and-stm32h7b0-value-line-advanced-armbased-32bit-mcus-stmicroelectronics_dfsdm_regmap.pdf,13,AWDCH,7,0,AWDCH[7:0]
rm0455-stm32h7a37b3-and-stm32h7b0-value-line-advanced-armbased-32bit-mcus-stmicroelectronics_dfsdm_regmap.pdf,13,EXCH,7,0,EXCH[7:0]
rm0455-stm32h7a37b3-and-stm32h7b0-value-line-advanced-armbased-32bit-mcus-stmicroelectronics_dfsdm_regmap.pdf,13,JCHG,7,0,JCHG[7:0]
rm0455-stm32h7a37b3-and-stm32h7b0-value-line-advanced-armbased-32bit-mcus-stmicroelectronics_dfsdm_regmap.pdf,13,FOSR,9,0,FOSR[9:0]
rm0455-stm32h7a37b3-and-stm32h7b0-value-line-advanced-armbased-32bit-mcus-stmicroelectronics_dfsdm_regmap.pdf,13,IOSR,7,0,IOSR[7:0]
rm0455-stm32h7a37b3-and-stm32h7b0-value-line-advanced-armbased-32bit-mcus-stmicroelectronics_dfsdm_regmap.pdf,13,JDATA,23,0,JDATA[23:0]
rm0455-stm32h7a37b3-and-stm32h7b0-value-line-advanced-armbased-32bit-mcus-stmicroelectronics_dfsdm_regmap.pdf,13,RDATA,23,0,RDATA[23:0]
rm0455-stm32h7a37b3-and-stm32h7b0-value-line-advanced-armbased-32bit-mcus-stmicroelectronics_dfsdm_regmap.pdf,13,CH,2,0,CH[2:0]
rm0455-stm32h7a37b3-and-stm32h7b0-value-line-advanced-armbased-32bit-mcus-stmicroelectronics_dfsdm_regmap.pdf,13,AWHT,23,0,AWHT[23:0]
rm0455-stm32h7a37b3-and-stm32h7b0-value-line-advanced-armbased-32bit-mcus-stmicroelectronics_dfsdm_regmap.pdf,13,BKAWH,3,0,BKAWH[3:0]
rm0455-stm32h7a37b3-and-stm32h7b0-value-line-advanced-armbased-32bit-mcus-stmicroelectronics_dfsdm_regmap.pdf,14,AWLT,23,0,AWLT[23:0]
rm0455-stm32h7a37b3-and-stm32h7b0-value-line-advanced-armbased-32bit-mcus-stmicroelectronics_dfsdm_regmap.pdf,14,BKAWL,3,0,BKAWL[3:0]
rm0455-stm32h7a37b3-and-stm32h7b0-value-line-advanced-armbased-32bit-mcus-stmicroelectronics_dfsdm_regmap.pdf,14,AWHTF,7,0,AWHTF[7:0]
rm0455-stm32h7a37b3-and-stm32h7b0-value-line-advanced-armbased-32bit-mcus-stmicroelectronics_dfsdm_regmap.pdf,14,AWLTF,7,0,AWLTF[7:0]
rm0455-stm32h7a37b3-and-stm32h7b0-value-line-advanced-armbased-32bit-mcus-stmicroelectronics_dfsdm_regmap.pdf,14,CLRAWHTF,7,0,CLRAWHTF[7:0]
rm0455-stm32h7a37b3-and-stm32h7b0-value-line-advanced-armbased-32bit-mcus-stmicroelectronics_dfsdm_regmap.pdf,14,CLRAWLTF,7,0,CLRAWLTF[7:0]
rm0455-stm32h7a37b3-and-stm32h7b0-value-line-advanced-armbased-32bit-mcus-stmicroelectronics_dfsdm_regmap.pdf,14,EXMAX,23,0,EXMAX[23:0]
rm0455-stm32h7a37b3-and-stm32h7b0-value-line-advanced-armbased-32bit-mcus-stmicroelectronics_dfsdm_regmap.pdf,14,EXMIN,23,0,EXMIN[23:0]
rm0455-stm32h7a37b3-and-stm32h7b0-value-line-advanced-armbased-32bit-mcus-stmicroelectronics_dfsdm_regmap.pdf,14,CNVCNT,27,0,CNVCNT[27:0]
rm0455-stm32h7a37b3-and-stm32h7b0-value-line-advanced-armbased-32bit-mcus-stmicroelectronics_dfsdm_regmap.pdf,14,RCH,2,0,RCH[2:0]
rm0455-stm32h7a37b3-and-stm32h7b0-value-line-advanced-armbased-32bit-mcus-stmicroelectronics_dfsdm_regmap.pdf,14,JEXTSEL,4,0,JEXTSEL[4:0]
rm0455-stm32h7a37b3-and-stm32h7b0-value-line-advanced-armbased-32bit-mcus-stmicroelectronics_dfsdm_regmap.pdf,14,AWDCH,7,0,AWDCH[7:0]
rm0455-stm32h7a37b3-and-stm32h7b0-value-line-advanced-armbased-32bit-mcus-stmicroelectronics_dfsdm_regmap.pdf,14,EXCH,7,0,EXCH[7:0]
rm0455-stm32h7a37b3-and-stm32h7b0-value-line-advanced-armbased-32bit-mcus-stmicroelectronics_dfsdm_regmap.pdf,14,JCHG,7,0,JCHG[7:0]
rm0455-stm32h7a37b3-and-stm32h7b0-value-line-advanced-armbased-32bit-mcus-stmicroelectronics_dfsdm_regmap.pdf,14,FOSR,9,0,FOSR[9:0]
rm0455-stm32h7a37b3-and-stm32h7b0-value-line-advanced-armbased-32bit-mcus-stmicroelectronics_dfsdm_regmap.pdf,14,IOSR,7,0,IOSR[7:0]
rm0455-stm32h7a37b3-and-stm32h7b0-value-line-advanced-armbased-32bit-mcus-stmicroelectronics_dfsdm_regmap.pdf,15,JDATA,23,0,JDATA[23:0]
rm0455-stm32h7a37b3-and-stm32h7b0-value-line-advanced-armbased-32bit-mcus-stmicroelectronics_dfsdm_regmap.pdf,15,RDATA,23,0,RDATA[23:0]
rm0455-stm32h7a37b3-and-stm32h7b0-value-line-advanced-armbased-32bit-mcus-stmicroelectronics_dfsdm_regmap.pdf,15,CH,2,0,CH[2:0]
rm0455-stm32h7a37b3-and-stm32h7b0-value-line-advanced-armbased-32bit-mcus-stmicroelectronics_dfsdm_regmap.pdf,15,AWHT,23,0,AWHT[23:0]
rm0455-stm32h7a37b3-and-stm32h7b0-value-line-advanced-armbased-32bit-mcus-stmicroelectronics_dfsdm_regmap.pdf,15,BKAWH,3,0,BKAWH[3:0]
rm0455-stm32h7a37b3-and-stm32h7b0-value-line-advanced-armbased-32bit-mcus-stmicroelectronics_dfsdm_regmap.pdf,15,AWLT,23,0,AWLT[23:0]
rm0455-stm32h7a37b3-and-stm32h7b0-value-line-advanced-armbased-32bit-mcus-stmicroelectronics_dfsdm_regmap.pdf,15,BKAWL,3,0,BKAWL[3:0]
rm0455-stm32h7a37b3-and-stm32h7b0-value-line-advanced-armbased-32bit-mcus-stmicroelectronics_dfsdm_regmap.pdf,15,AWHTF,7,0,AWHTF[7:0]
rm0455-stm32h7a37b3-and-stm32h7b0-value-line-advanced-armbased-32bit-mcus-stmicroelectronics_dfsdm_regmap.pdf,15,AWLTF,7,0,AWLTF[7:0]
rm0455-stm32h7a37b3-and-stm32h7b0-value-line-advanced-armbased-32bit-mcus-stmicroelectronics_dfsdm_regmap.pdf,15,CLRAWHTF,7,0,CLRAWHTF[7:0]
rm0455-stm32h7a37b3-and-stm32h7b0-value-line-advanced-armbased-32bit-mcus-stmicroelectronics_dfsdm_regmap.pdf,15,CLRAWLTF,7,0,CLRAWLTF[7:0]
rm0455-stm32h7a37b3-and-stm32h7b0-value-line-advanced-armbased-32bit-mcus-stmicroelectronics_dfsdm_regmap.pdf,15,EXMAX,23,0,EXMAX[23:0]
rm0455-stm32h7a37b3-and-stm32h7b0-value-line-advanced-armbased-32bit-mcus-stmicroelectronics_dfsdm_regmap.pdf,15,EXMIN,23,0,EXMIN[23:0]
rm0455-stm32h7a37b3-and-stm32h7b0-value-line-advanced-armbased-32bit-mcus-stmicroelectronics_dfsdm_regmap.pdf,15,CNVCNT,27,0,CNVCNT[27:0]
rm0468-stm32h723733-stm32h725735-and-stm32h730-value-line-advanced-armbased-32bit-mcus-stmicroelectronics_dfsdm_regmap.pdf,1,CNVCNT,27,0,CNVCNT[27:0]
rm0468-stm32h723733-stm32h725735-and-stm32h730-value-line-advanced-armbased-32bit-mcus-stmicroelectronics_dfsdm_regmap.pdf,1,CNVCNT,27,0,CNVCNT[27:0]
rm0468-stm32h723733-stm32h725735-and-stm32h730-value-line-advanced-armbased-32bit-mcus-stmicroelectronics_dfsdm_regmap.pdf,1,FOSR,9,0,FOSR[9:0]
rm0468-stm32h723733-stm32h725735-and-stm32h730-value-line-advanced-armbased-32bit-mcus-stmicroelectronics_dfsdm_regmap.pdf,1,CNVCNT,27,0,CNVCNT[27:0]
rm0468-stm32h723733-stm32h725735-and-stm32h730-value-line-advanced-armbased-32bit-mcus-stmicroelectronics_dfsdm_regmap.pdf,1,FOSR,9,0,FOSR[9:0]
rm0468-stm32h723733-stm32h725735-and-stm32h730-value-line-advanced-armbased-32bit-mcus-stmicroelectronics_dfsdm_regmap.pdf,1,CKOUTDIV,7,0,CKOUTDIV[7:0]
rm0468-stm32h723733-stm32h725735-and-stm32h730-value-line-advanced-armbased-32bit-mcus-stmicroelectronics_dfsdm_regmap.pdf,1,OFFSET,23,0,OFFSET[23:0]
rm0468-stm32h723733-stm32h725735-and-stm32h730-value-line-advanced-armbased-32bit-mcus-stmicroelectronics_dfsdm_regmap.pdf,1,DTRBS,4,0,DTRBS[4:0]
rm0468-stm32h723733-stm32h725735-and-stm32h730-value-line-advanced-armbased-32bit-mcus-stmicroelectronics_dfsdm_regmap.pdf,1,AWFOSR,4,0,AWFOSR[4:0]
rm0468-stm32h723733-stm32h725735-and-stm32h730-value-line-advanced-armbased-32bit-mcus-stmicroelectronics_dfsdm_regmap.pdf,1,BKSCD,3,0,BKSCD[3:0]
rm0468-stm32h723733-stm32h725735-and-stm32h730-value-line-advanced-armbased-32bit-mcus-stmicroelectronics_dfsdm_regmap.pdf,1,SCDT,7,0,SCDT[7:0]
rm0468-stm32h723733-stm32h725735-and-stm32h730-value-line-advanced-armbased-32bit-mcus-stmicroelectronics_dfsdm_regmap.pdf,1,WDATA,15,0,WDATA[15:0]
rm0468-stm32h723733-stm32h725735-and-stm32h730-value-line-advanced-armbased-32bit-mcus-stmicroelectronics_dfsdm_regmap.pdf,1,INDAT1,15,0,INDAT1[15:0]
rm0468-stm32h723733-stm32h725735-and-stm32h730-value-line-advanced-armbased-32bit-mcus-stmicroelectronics_dfsdm_regmap.pdf,1,INDAT0,15,0,INDAT0[15:0]
rm0468-stm32h723733-stm32h725735-and-stm32h730-value-line-advanced-armbased-32bit-mcus-stmicroelectronics_dfsdm_regmap.pdf,1,PLSSKP,5,0,PLSSKP[5:0]
rm0468-stm32h723733-stm32h725735-and-stm32h730-value-line-advanced-armbased-32bit-mcus-stmicroelectronics_dfsdm_regmap.pdf,2,OFFSET,23,0,OFFSET[23:0]
rm0468-stm32h723733-stm32h725735-and-stm32h730-value-line-advanced-armbased-32bit-mcus-stmicroelectronics_dfsdm_regmap.pdf,2,DTRBS,4,0,DTRBS[4:0]
rm0468-stm32h723733-stm32h725735-and-stm32h730-value-line-advanced-armbased-32bit-mcus-stmicroelectronics_dfsdm_regmap.pdf,2,AWFOSR,4,0,AWFOSR[4:0]
rm0468-stm32h723733-stm32h725735-and-stm32h730-value-line-advanced-armbased-32bit-mcus-stmicroelectronics_dfsdm_regmap.pdf,2,BKSCD,3,0,BKSCD[3:0]
rm0468-stm32h723733-stm32h725735-and-stm32h730-value-line-advanced-armbased-32bit-mcus-stmicroelectronics_dfsdm_regmap.pdf,2,SCDT,7,0,SCDT[7:0]
rm0468-stm32h723733-stm32h725735-and-stm32h730-value-line-advanced-armbased-32bit-mcus-stmicroelectronics_dfsdm_regmap.pdf,2,WDATA,15,0,WDATA[15:0]
rm0468-stm32h723733-stm32h725735-and-stm32h730-value-line-advanced-armbased-32bit-mcus-stmicroelectronics_dfsdm_regmap.pdf,2,INDAT1,15,0,INDAT1[15:0]
rm0468-stm32h723733-stm32h725735-and-stm32h730-value-line-advanced-armbased-32bit-mcus-stmicroelectronics_dfsdm_regmap.pdf,2,INDAT0,15,0,INDAT0[15:0]
rm0468-stm32h723733-stm32h725735-and-stm32h730-value-line-advanced-armbased-32bit-mcus-stmicroelectronics_dfsdm_regmap.pdf,2,PLSSKP,5,0,PLSSKP[5:0]
rm0468-stm32h723733-stm32h725735-and-stm32h730-value-line-advanced-armbased-32bit-mcus-stmicroelectronics_dfsdm_regmap.pdf,2,OFFSET,23,0,OFFSET[23:0]
rm0468-stm32h723733-stm32h725735-and-stm32h730-value-line-advanced-armbased-32bit-mcus-stmicroelectronics_dfsdm_regmap.pdf,2,DTRBS,4,0,DTRBS[4:0]
rm0468-stm32h723733-stm32h725735-and-stm32h730-value-line-advanced-armbased-32bit-mcus-stmicroelectronics_dfsdm_regmap.pdf,2,AWFOSR,4,0,AWFOSR[4:0]
rm0468-stm32h723733-stm32h725735-and-stm32h730-value-line-advanced-armbased-32bit-mcus-stmicroelectronics_dfsdm_regmap.pdf,2,BKSCD,3,0,BKSCD[3:0]
rm0468-stm32h723733-stm32h725735-and-stm32h730-value-line-advanced-armbased-32bit-mcus-stmicroelectronics_dfsdm_regmap.pdf,2,SCDT,7,0,SCDT[7:0]
rm0468-stm32h723733-stm32h725735-and-stm32h730-value-line-advanced-armbased-32bit-mcus-stmicroelectronics_dfsdm_regmap.pdf,2,WDATA,15,0,WDATA[15:0]
rm0468-stm32h723733-stm32h725735-and-stm32h730-value-line-advanced-armbased-32bit-mcus-stmicroelectronics_dfsdm_regmap.pdf,2,INDAT1,15,0,INDAT1[15:0]
rm0468-stm32h723733-stm32h725735-and-stm32h730-value-line-advanced-armbased-32bit-mcus-stmicroelectronics_dfsdm_regmap.pdf,2,INDAT0,15,0,INDAT0[15:0]
rm0468-stm32h723733-stm32h725735-and-stm32h730-value-line-advanced-armbased-32bit-mcus-stmicroelectronics_dfsdm_regmap.pdf,2,PLSSKP,5,0,PLSSKP[5:0]
rm0468-stm32h723733-stm32h725735-and-stm32h730-value-line-advanced-armbased-32bit-mcus-stmicroelectronics_dfsdm_regmap.pdf,3,OFFSET,23,0,OFFSET[23:0]
rm0468-stm32h723733-stm32h725735-and-stm32h730-value-line-advanced-armbased-32bit-mcus-stmicroelectronics_dfsdm_regmap.pdf,3,DTRBS,4,0,DTRBS[4:0]
rm0468-stm32h723733-stm32h725735-and-stm32h730-value-line-advanced-armbased-32bit-mcus-stmicroelectronics_dfsdm_regmap.pdf,3,AWFOSR,4,0,AWFOSR[4:0]
rm0468-stm32h723733-stm32h725735-and-stm32h730-value-line-advanced-armbased-32bit-mcus-stmicroelectronics_dfsdm_regmap.pdf,3,BKSCD,3,0,BKSCD[3:0]
rm0468-stm32h723733-stm32h725735-and-stm32h730-value-line-advanced-armbased-32bit-mcus-stmicroelectronics_dfsdm_regmap.pdf,3,SCDT,7,0,SCDT[7:0]
rm0468-stm32h723733-stm32h725735-and-stm32h730-value-line-advanced-armbased-32bit-mcus-stmicroelectronics_dfsdm_regmap.pdf,3,WDATA,15,0,WDATA[15:0]
rm0468-stm32h723733-stm32h725735-and-stm32h730-value-line-advanced-armbased-32bit-mcus-stmicroelectronics_dfsdm_regmap.pdf,3,INDAT1,15,0,INDAT1[15:0]
rm0468-stm32h723733-stm32h725735-and-stm32h730-value-line-advanced-armbased-32bit-mcus-stmicroelectronics_dfsdm_regmap.pdf,3,INDAT0,15,0,INDAT0[15:0]
rm0468-stm32h723733-stm32h725735-and-stm32h730-value-line-advanced-armbased-32bit-mcus-stmicroelectronics_dfsdm_regmap.pdf,3,PLSSKP,5,0,PLSSKP[5:0]
rm0468-stm32h723733-stm32h725735-and-stm32h730-value-line-advanced-armbased-32bit-mcus-stmicroelectronics_dfsdm_regmap.pdf,3,OFFSET,23,0,OFFSET[23:0]
rm0468-stm32h723733-stm32h725735-and-stm32h730-value-line-advanced-armbased-32bit-mcus-stmicroelectronics_dfsdm_regmap.pdf,3,DTRBS,4,0,DTRBS[4:0]
rm0468-stm32h723733-stm32h725735-and-stm32h730-value-line-advanced-armbased-32bit-mcus-stmicroelectronics_dfsdm_regmap.pdf,3,AWFOSR,4,0,AWFOSR[4:0]
rm0468-stm32h723733-stm32h725735-and-stm32h730-value-line-advanced-armbased-32bit-mcus-stmicroelectronics_dfsdm_regmap.pdf,3,BKSCD,3,0,BKSCD[3:0]
rm0468-stm32h723733-stm32h725735-and-stm32h730-value-line-advanced-armbased-32bit-mcus-stmicroelectronics_dfsdm_regmap.pdf,3,SCDT,7,0,SCDT[7:0]
rm0468-stm32h723733-stm32h725735-and-stm32h730-value-line-advanced-armbased-32bit-mcus-stmicroelectronics_dfsdm_regmap.pdf,3,WDATA,15,0,WDATA[15:0]
rm0468-stm32h723733-stm32h725735-and-stm32h730-value-line-advanced-armbased-32bit-mcus-stmicroelectronics_dfsdm_regmap.pdf,3,INDAT1,15,0,INDAT1[15:0]
rm0468-stm32h723733-stm32h725735-and-stm32h730-value-line-advanced-armbased-32bit-mcus-stmicroelectronics_dfsdm_regmap.pdf,3,INDAT0,15,0,INDAT0[15:0]
rm0468-stm32h723733-stm32h725735-and-stm32h730-value-line-advanced-armbased-32bit-mcus-stmicroelectronics_dfsdm_regmap.pdf,3,PLSSKP,5,0,PLSSKP[5:0]
rm0468-stm32h723733-stm32h725735-and-stm32h730-value-line-advanced-armbased-32bit-mcus-stmicroelectronics_dfsdm_regmap.pdf,4,OFFSET,23,0,OFFSET[23:0]
rm0468-stm32h723733-stm32h725735-and-stm32h730-value-line-advanced-armbased-32bit-mcus-stmicroelectronics_dfsdm_regmap.pdf,4,DTRBS,4,0,DTRBS[4:0]
rm0468-stm32h723733-stm32h725735-and-stm32h730-value-line-advanced-armbased-32bit-mcus-stmicroelectronics_dfsdm_regmap.pdf,4,AWFOSR,4,0,AWFOSR[4:0]
rm0468-stm32h723733-stm32h725735-and-stm32h730-value-line-advanced-armbased-32bit-mcus-stmicroelectronics_dfsdm_regmap.pdf,4,BKSCD,3,0,BKSCD[3:0]
rm0468-stm32h723733-stm32h725735-and-stm32h730-value-line-advanced-armbased-32bit-mcus-stmicroelectronics_dfsdm_regmap.pdf,4,SCDT,7,0,SCDT[7:0]
rm0468-stm32h723733-stm32h725735-and-stm32h730-value-line-advanced-armbased-32bit-mcus-stmicroelectronics_dfsdm_regmap.pdf,4,WDATA,15,0,WDATA[15:0]
rm0468-stm32h723733-stm32h725735-and-stm32h730-value-line-advanced-armbased-32bit-mcus-stmicroelectronics_dfsdm_regmap.pdf,4,INDAT1,15,0,INDAT1[15:0]
rm0468-stm32h723733-stm32h725735-and-stm32h730-value-line-advanced-armbased-32bit-mcus-stmicroelectronics_dfsdm_regmap.pdf,4,INDAT0,15,0,INDAT0[15:0]
rm0468-stm32h723733-stm32h725735-and-stm32h730-value-line-advanced-armbased-32bit-mcus-stmicroelectronics_dfsdm_regmap.pdf,4,PLSSKP,5,0,PLSSKP[5:0]
rm0468-stm32h723733-stm32h725735-and-stm32h730-value-line-advanced-armbased-32bit-mcus-stmicroelectronics_dfsdm_regmap.pdf,4,OFFSET,23,0,OFFSET[23:0]
rm0468-stm32h723733-stm32h725735-and-stm32h730-value-line-advanced-armbased-32bit-mcus-stmicroelectronics_dfsdm_regmap.pdf,4,DTRBS,4,0,DTRBS[4:0]
rm0468-stm32h723733-stm32h725735-and-stm32h730-value-line-advanced-armbased-32bit-mcus-stmicroelectronics_dfsdm_regmap.pdf,4,AWFOSR,4,0,AWFOSR[4:0]
rm0468-stm32h723733-stm32h725735-and-stm32h730-value-line-advanced-armbased-32bit-mcus-stmicroelectronics_dfsdm_regmap.pdf,4,BKSCD,3,0,BKSCD[3:0]
rm0468-stm32h723733-stm32h725735-and-stm32h730-value-line-advanced-armbased-32bit-mcus-stmicroelectronics_dfsdm_regmap.pdf,4,SCDT,7,0,SCDT[7:0]
rm0468-stm32h723733-stm32h725735-and-stm32h730-value-line-advanced-armbased-32bit-mcus-stmicroelectronics_dfsdm_regmap.pdf,4,WDATA,15,0,WDATA[15:0]
rm0468-stm32h723733-stm32h725735-and-stm32h730-value-line-advanced-armbased-32bit-mcus-stmicroelectronics_dfsdm_regmap.pdf,4,INDAT1,15,0,INDAT1[15:0]
rm0468-stm32h723733-stm32h725735-and-stm32h730-value-line-advanced-armbased-32bit-mcus-stmicroelectronics_dfsdm_regmap.pdf,4,INDAT0,15,0,INDAT0[15:0]
rm0468-stm32h723733-stm32h725735-and-stm32h730-value-line-advanced-armbased-32bit-mcus-stmicroelectronics_dfsdm_regmap.pdf,4,PLSSKP,5,0,PLSSKP[5:0]
rm0468-stm32h723733-stm32h725735-and-stm32h730-value-line-advanced-armbased-32bit-mcus-stmicroelectronics_dfsdm_regmap.pdf,5,OFFSET,23,0,OFFSET[23:0]
rm0468-stm32h723733-stm32h725735-and-stm32h730-value-line-advanced-armbased-32bit-mcus-stmicroelectronics_dfsdm_regmap.pdf,5,DTRBS,4,0,DTRBS[4:0]
rm0468-stm32h723733-stm32h725735-and-stm32h730-value-line-advanced-armbased-32bit-mcus-stmicroelectronics_dfsdm_regmap.pdf,5,AWFOSR,4,0,AWFOSR[4:0]
rm0468-stm32h723733-stm32h725735-and-stm32h730-value-line-advanced-armbased-32bit-mcus-stmicroelectronics_dfsdm_regmap.pdf,5,BKSCD,3,0,BKSCD[3:0]
rm0468-stm32h723733-stm32h725735-and-stm32h730-value-line-advanced-armbased-32bit-mcus-stmicroelectronics_dfsdm_regmap.pdf,5,SCDT,7,0,SCDT[7:0]
rm0468-stm32h723733-stm32h725735-and-stm32h730-value-line-advanced-armbased-32bit-mcus-stmicroelectronics_dfsdm_regmap.pdf,5,WDATA,15,0,WDATA[15:0]
rm0468-stm32h723733-stm32h725735-and-stm32h730-value-line-advanced-armbased-32bit-mcus-stmicroelectronics_dfsdm_regmap.pdf,5,INDAT1,15,0,INDAT1[15:0]
rm0468-stm32h723733-stm32h725735-and-stm32h730-value-line-advanced-armbased-32bit-mcus-stmicroelectronics_dfsdm_regmap.pdf,5,INDAT0,15,0,INDAT0[15:0]
rm0468-stm32h723733-stm32h725735-and-stm32h730-value-line-advanced-armbased-32bit-mcus-stmicroelectronics_dfsdm_regmap.pdf,5,PLSSKP,5,0,PLSSKP[5:0]
rm0468-stm32h723733-stm32h725735-and-stm32h730-value-line-advanced-armbased-32bit-mcus-stmicroelectronics_dfsdm_regmap.pdf,5,RCH,2,0,RCH[2:0]
rm0468-stm32h723733-stm32h725735-and-stm32h730-value-line-advanced-armbased-32bit-mcus-stmicroelectronics_dfsdm_regmap.pdf,5,JEXTSEL,4,0,JEXTSEL[4:0]
rm0468-stm32h723733-stm32h725735-and-stm32h730-value-line-advanced-armbased-32bit-mcus-stmicroelectronics_dfsdm_regmap.pdf,5,AWDCH,7,0,AWDCH[7:0]
rm0468-stm32h723733-stm32h725735-and-stm32h730-value-line-advanced-armbased-32bit-mcus-stmicroelectronics_dfsdm_regmap.pdf,5,EXCH,7,0,EXCH[7:0]
rm0468-stm32h723733-stm32h725735-and-stm32h730-value-line-advanced-armbased-32bit-mcus-stmicroelectronics_dfsdm_regmap.pdf,5,SCDF,7,0,SCDF[7:0]
rm0468-stm32h723733-stm32h725735-and-stm32h730-value-line-advanced-armbased-32bit-mcus-stmicroelectronics_dfsdm_regmap.pdf,5,CKABF,7,0,CKABF[7:0]
rm0468-stm32h723733-stm32h725735-and-stm32h730-value-line-advanced-armbased-32bit-mcus-stmicroelectronics_dfsdm_regmap.pdf,5,CLRSCDF,7,0,CLRSCDF[7:0]
rm0468-stm32h723733-stm32h725735-and-stm32h730-value-line-advanced-armbased-32bit-mcus-stmicroelectronics_dfsdm_regmap.pdf,5,CLRCKABF,7,0,CLRCKABF[7:0]
rm0468-stm32h723733-stm32h725735-and-stm32h730-value-line-advanced-armbased-32bit-mcus-stmicroelectronics_dfsdm_regmap.pdf,5,JCHG,7,0,JCHG[7:0]
rm0468-stm32h723733-stm32h725735-and-stm32h730-value-line-advanced-armbased-32bit-mcus-stmicroelectronics_dfsdm_regmap.pdf,5,FOSR,9,0,FOSR[9:0]
rm0468-stm32h723733-stm32h725735-and-stm32h730-value-line-advanced-armbased-32bit-mcus-stmicroelectronics_dfsdm_regmap.pdf,5,IOSR,7,0,IOSR[7:0]
rm0468-stm32h723733-stm32h725735-and-stm32h730-value-line-advanced-armbased-32bit-mcus-stmicroelectronics_dfsdm_regmap.pdf,6,JDATA,23,0,JDATA[23:0]
rm0468-stm32h723733-stm32h725735-and-stm32h730-value-line-advanced-armbased-32bit-mcus-stmicroelectronics_dfsdm_regmap.pdf,6,RDATA,23,0,RDATA[23:0]
rm0468-stm32h723733-stm32h725735-and-stm32h730-value-line-advanced-armbased-32bit-mcus-stmicroelectronics_dfsdm_regmap.pdf,6,CH,2,0,CH[2:0]
rm0468-stm32h723733-stm32h725735-and-stm32h730-value-line-advanced-armbased-32bit-mcus-stmicroelectronics_dfsdm_regmap.pdf,6,AWHT,23,0,AWHT[23:0]
rm0468-stm32h723733-stm32h725735-and-stm32h730-value-line-advanced-armbased-32bit-mcus-stmicroelectronics_dfsdm_regmap.pdf,6,BKAWH,3,0,BKAWH[3:0]
rm0468-stm32h723733-stm32h725735-and-stm32h730-value-line-advanced-armbased-32bit-mcus-stmicroelectronics_dfsdm_regmap.pdf,6,AWLT,23,0,AWLT[23:0]
rm0468-stm32h723733-stm32h725735-and-stm32h730-value-line-advanced-armbased-32bit-mcus-stmicroelectronics_dfsdm_regmap.pdf,6,BKAWL,3,0,BKAWL[3:0]
rm0468-stm32h723733-stm32h725735-and-stm32h730-value-line-advanced-armbased-32bit-mcus-stmicroelectronics_dfsdm_regmap.pdf,6,AWHTF,7,0,AWHTF[7:0]
rm0468-stm32h723733-stm32h725735-and-stm32h730-value-line-advanced-armbased-32bit-mcus-stmicroelectronics_dfsdm_regmap.pdf,6,AWLTF,7,0,AWLTF[7:0]
rm0468-stm32h723733-stm32h725735-and-stm32h730-value-line-advanced-armbased-32bit-mcus-stmicroelectronics_dfsdm_regmap.pdf,6,CLRAWHTF,7,0,CLRAWHTF[7:0]
rm0468-stm32h723733-stm32h725735-and-stm32h730-value-line-advanced-armbased-32bit-mcus-stmicroelectronics_dfsdm_regmap.pdf,6,CLRAWLTF,7,0,CLRAWLTF[7:0]
rm0468-stm32h723733-stm32h725735-and-stm32h730-value-line-advanced-armbased-32bit-mcus-stmicroelectronics_dfsdm_regmap.pdf,6,EXMAX,23,0,EXMAX[23:0]
rm0468-stm32h723733-stm32h725735-and-stm32h730-value-line-advanced-armbased-32bit-mcus-stmicroelectronics_dfsdm_regmap.pdf,6,EXMIN,23,0,EXMIN[23:0]
rm0468-stm32h723733-stm32h725735-and-stm32h730-value-line-advanced-armbased-32bit-mcus-stmicroelectronics_dfsdm_regmap.pdf,6,CNVCNT,27,0,CNVCNT[27:0]
rm0468-stm32h723733-stm32h725735-and-stm32h730-value-line-advanced-armbased-32bit-mcus-stmicroelectronics_dfsdm_regmap.pdf,6,RCH,2,0,RCH[2:0]
rm0468-stm32h723733-stm32h725735-and-stm32h730-value-line-advanced-armbased-32bit-mcus-stmicroelectronics_dfsdm_regmap.pdf,6,JEXTSEL,4,0,JEXTSEL[4:0]
rm0468-stm32h723733-stm32h725735-and-stm32h730-value-line-advanced-armbased-32bit-mcus-stmicroelectronics_dfsdm_regmap.pdf,6,AWDCH,7,0,AWDCH[7:0]
rm0468-stm32h723733-stm32h725735-and-stm32h730-value-line-advanced-armbased-32bit-mcus-stmicroelectronics_dfsdm_regmap.pdf,6,EXCH,7,0,EXCH[7:0]
rm0468-stm32h723733-stm32h725735-and-stm32h730-value-line-advanced-armbased-32bit-mcus-stmicroelectronics_dfsdm_regmap.pdf,7,JCHG,7,0,JCHG[7:0]
rm0468-stm32h723733-stm32h725735-and-stm32h730-value-line-advanced-armbased-32bit-mcus-stmicroelectronics_dfsdm_regmap.pdf,7,FOSR,9,0,FOSR[9:0]
rm0468-stm32h723733-stm32h725735-and-stm32h730-value-line-advanced-armbased-32bit-mcus-stmicroelectronics_dfsdm_regmap.pdf,7,IOSR,7,0,IOSR[7:0]
rm0468-stm32h723733-stm32h725735-and-stm32h730-value-line-advanced-armbased-32bit-mcus-stmicroelectronics_dfsdm_regmap.pdf,7,JDATA,23,0,JDATA[23:0]
rm0468-stm32h723733-stm32h725735-and-stm32h730-value-line-advanced-armbased-32bit-mcus-stmicroelectronics_dfsdm_regmap.pdf,7,RDATA,23,0,RDATA[23:0]
rm0468-stm32h723733-stm32h725735-and-stm32h730-value-line-advanced-armbased-32bit-mcus-stmicroelectronics_dfsdm_regmap.pdf,7,CH,2,0,CH[2:0]
rm0468-stm32h723733-stm32h725735-and-stm32h730-value-line-advanced-armbased-32bit-mcus-stmicroelectronics_dfsdm_regmap.pdf,7,AWHT,23,0,AWHT[23:0]
rm0468-stm32h723733-stm32h725735-and-stm32h730-value-line-advanced-armbased-32bit-mcus-stmicroelectronics_dfsdm_regmap.pdf,7,BKAWH,3,0,BKAWH[3:0]
rm0468-stm32h723733-stm32h725735-and-stm32h730-value-line-advanced-armbased-32bit-mcus-stmicroelectronics_dfsdm_regmap.pdf,7,AWLT,23,0,AWLT[23:0]
rm0468-stm32h723733-stm32h725735-and-stm32h730-value-line-advanced-armbased-32bit-mcus-stmicroelectronics_dfsdm_regmap.pdf,7,BKAWL,3,0,BKAWL[3:0]
rm0468-stm32h723733-stm32h725735-and-stm32h730-value-line-advanced-armbased-32bit-mcus-stmicroelectronics_dfsdm_regmap.pdf,7,AWHTF,7,0,AWHTF[7:0]
rm0468-stm32h723733-stm32h725735-and-stm32h730-value-line-advanced-armbased-32bit-mcus-stmicroelectronics_dfsdm_regmap.pdf,7,AWLTF,7,0,AWLTF[7:0]
rm0468-stm32h723733-stm32h725735-and-stm32h730-value-line-advanced-armbased-32bit-mcus-stmicroelectronics_dfsdm_regmap.pdf,7,CLRAWHTF,7,0,CLRAWHTF[7:0]
rm0468-stm32h723733-stm32h725735-and-stm32h730-value-line-advanced-armbased-32bit-mcus-stmicroelectronics_dfsdm_regmap.pdf,7,CLRAWLTF,7,0,CLRAWLTF[7:0]
rm0468-stm32h723733-stm32h725735-and-stm32h730-value-line-advanced-armbased-32bit-mcus-stmicroelectronics_dfsdm_regmap.pdf,7,EXMAX,23,0,EXMAX[23:0]
rm0468-stm32h723733-stm32h725735-and-stm32h730-value-line-advanced-armbased-32bit-mcus-stmicroelectronics_dfsdm_regmap.pdf,7,EXMIN,23,0,EXMIN[23:0]
rm0468-stm32h723733-stm32h725735-and-stm32h730-value-line-advanced-armbased-32bit-mcus-stmicroelectronics_dfsdm_regmap.pdf,7,CNVCNT,27,0,CNVCNT[27:0]
rm0468-stm32h723733-stm32h725735-and-stm32h730-value-line-advanced-armbased-32bit-mcus-stmicroelectronics_dfsdm_regmap.pdf,8,RCH,2,0,RCH[2:0]
rm0468-stm32h723733-stm32h725735-and-stm32h730-value-line-advanced-armbased-32bit-mcus-stmicroelectronics_dfsdm_regmap.pdf,8,JEXTSEL,4,0,JEXTSEL[4:0]
rm0468-stm32h723733-stm32h725735-and-stm32h730-value-line-advanced-armbased-32bit-mcus-stmicroelectronics_dfsdm_regmap.pdf,8,AWDCH,7,0,AWDCH[7:0]
rm0468-stm32h723733-stm32h725735-and-stm32h730-value-line-advanced-armbased-32bit-mcus-stmicroelectronics_dfsdm_regmap.pdf,8,EXCH,7,0,EXCH[7:0]
rm0468-stm32h723733-stm32h725735-and-stm32h730-value-line-advanced-armbased-32bit-mcus-stmicroelectronics_dfsdm_regmap.pdf,8,JCHG,7,0,JCHG[7:0]
rm0468-stm32h723733-stm32h725735-and-stm32h730-value-line-advanced-armbased-32bit-mcus-stmicroelectronics_dfsdm_regmap.pdf,8,FOSR,9,0,FOSR[9:0]
rm0468-stm32h723733-stm32h725735-and-stm32h730-value-line-advanced-armbased-32bit-mcus-stmicroelectronics_dfsdm_regmap.pdf,8,IOSR,7,0,IOSR[7:0]
rm0468-stm32h723733-stm32h725735-and-stm32h730-value-line-advanced-armbased-32bit-mcus-stmicroelectronics_dfsdm_regmap.pdf,8,JDATA,23,0,JDATA[23:0]
rm0468-stm32h723733-stm32h725735-and-stm32h730-value-line-advanced-armbased-32bit-mcus-stmicroelectronics_dfsdm_regmap.pdf,8,RDATA,23,0,RDATA[23:0]
rm0468-stm32h723733-stm32h725735-and-stm32h730-value-line-advanced-armbased-32bit-mcus-stmicroelectronics_dfsdm_regmap.pdf,8,CH,2,0,CH[2:0]
rm0468-stm32h723733-stm32h725735-and-stm32h730-value-line-advanced-armbased-32bit-mcus-stmicroelectronics_dfsdm_regmap.pdf,8,AWHT,23,0,AWHT[23:0]
rm0468-stm32h723733-stm32h725735-and-stm32h730-value-line-advanced-armbased-32bit-mcus-stmicroelectronics_dfsdm_regmap.pdf,8,BKAWH,3,0,BKAWH[3:0]
rm0468-stm32h723733-stm32h725735-and-stm32h730-value-line-advanced-armbased-32bit-mcus-stmicroelectronics_dfsdm_regmap.pdf,8,AWLT,23,0,AWLT[23:0]
rm0468-stm32h723733-stm32h725735-and-stm32h730-value-line-advanced-armbased-32bit-mcus-stmicroelectronics_dfsdm_regmap.pdf,8,BKAWL,3,0,BKAWL[3:0]
rm0468-stm32h723733-stm32h725735-and-stm32h730-value-line-advanced-armbased-32bit-mcus-stmicroelectronics_dfsdm_regmap.pdf,8,AWHTF,7,0,AWHTF[7:0]
rm0468-stm32h723733-stm32h725735-and-stm32h730-value-line-advanced-armbased-32bit-mcus-stmicroelectronics_dfsdm_regmap.pdf,8,AWLTF,7,0,AWLTF[7:0]
rm0468-stm32h723733-stm32h725735-and-stm32h730-value-line-advanced-armbased-32bit-mcus-stmicroelectronics_dfsdm_regmap.pdf,8,CLRAWHTF,7,0,CLRAWHTF[7:0]
rm0468-stm32h723733-stm32h725735-and-stm32h730-value-line-advanced-armbased-32bit-mcus-stmicroelectronics_dfsdm_regmap.pdf,8,CLRAWLTF,7,0,CLRAWLTF[7:0]
rm0468-stm32h723733-stm32h725735-and-stm32h730-value-line-advanced-armbased-32bit-mcus-stmicroelectronics_dfsdm_regmap.pdf,9,EXMAX,23,0,EXMAX[23:0]
rm0468-stm32h723733-stm32h725735-and-stm32h730-value-line-advanced-armbased-32bit-mcus-stmicroelectronics_dfsdm_regmap.pdf,9,EXMIN,23,0,EXMIN[23:0]
rm0468-stm32h723733-stm32h725735-and-stm32h730-value-line-advanced-armbased-32bit-mcus-stmicroelectronics_dfsdm_regmap.pdf,9,CNVCNT,27,0,CNVCNT[27:0]
rm0468-stm32h723733-stm32h725735-and-stm32h730-value-line-advanced-armbased-32bit-mcus-stmicroelectronics_dfsdm_regmap.pdf,9,RCH,2,0,RCH[2:0]
rm0468-stm32h723733-stm32h725735-and-stm32h730-value-line-advanced-armbased-32bit-mcus-stmicroelectronics_dfsdm_regmap.pdf,9,JEXTSEL,4,0,JEXTSEL[4:0]
rm0468-stm32h723733-stm32h725735-and-stm32h730-value-line-advanced-armbased-32bit-mcus-stmicroelectronics_dfsdm_regmap.pdf,9,AWDCH,7,0,AWDCH[7:0]
rm0468-stm32h723733-stm32h725735-and-stm32h730-value-line-advanced-armbased-32bit-mcus-stmicroelectronics_dfsdm_regmap.pdf,9,EXCH,7,0,EXCH[7:0]
rm0468-stm32h723733-stm32h725735-and-stm32h730-value-line-advanced-armbased-32bit-mcus-stmicroelectronics_dfsdm_regmap.pdf,9,JCHG,7,0,JCHG[7:0]
rm0468-stm32h723733-stm32h725735-and-stm32h730-value-line-advanced-armbased-32bit-mcus-stmicroelectronics_dfsdm_regmap.pdf,9,FOSR,9,0,FOSR[9:0]
rm0468-stm32h723733-stm32h725735-and-stm32h730-value-line-advanced-armbased-32bit-mcus-stmicroelectronics_dfsdm_regmap.pdf,9,IOSR,7,0,IOSR[7:0]
rm0468-stm32h723733-stm32h725735-and-stm32h730-value-line-advanced-armbased-32bit-mcus-stmicroelectronics_dfsdm_regmap.pdf,9,JDATA,23,0,JDATA[23:0]
rm0468-stm32h723733-stm32h725735-and-stm32h730-value-line-advanced-armbased-32bit-mcus-stmicroelectronics_dfsdm_regmap.pdf,10,RDATA,23,0,RDATA[23:0]
rm0468-stm32h723733-stm32h725735-and-stm32h730-value-line-advanced-armbased-32bit-mcus-stmicroelectronics_dfsdm_regmap.pdf,10,CH,2,0,CH[2:0]
rm0468-stm32h723733-stm32h725735-and-stm32h730-value-line-advanced-armbased-32bit-mcus-stmicroelectronics_dfsdm_regmap.pdf,10,AWHT,23,0,AWHT[23:0]
rm0468-stm32h723733-stm32h725735-and-stm32h730-value-line-advanced-armbased-32bit-mcus-stmicroelectronics_dfsdm_regmap.pdf,10,BKAWH,3,0,BKAWH[3:0]
rm0468-stm32h723733-stm32h725735-and-stm32h730-value-line-advanced-armbased-32bit-mcus-stmicroelectronics_dfsdm_regmap.pdf,10,AWLT,23,0,AWLT[23:0]
rm0468-stm32h723733-stm32h725735-and-stm32h730-value-line-advanced-armbased-32bit-mcus-stmicroelectronics_dfsdm_regmap.pdf,10,BKAWL,3,0,BKAWL[3:0]
rm0468-stm32h723733-stm32h725735-and-stm32h730-value-line-advanced-armbased-32bit-mcus-stmicroelectronics_dfsdm_regmap.pdf,10,AWHTF,7,0,AWHTF[7:0]
rm0468-stm32h723733-stm32h725735-and-stm32h730-value-line-advanced-armbased-32bit-mcus-stmicroelectronics_dfsdm_regmap.pdf,10,AWLTF,7,0,AWLTF[7:0]
rm0468-stm32h723733-stm32h725735-and-stm32h730-value-line-advanced-armbased-32bit-mcus-stmicroelectronics_dfsdm_regmap.pdf,10,CLRAWHTF,7,0,CLRAWHTF[7:0]
rm0468-stm32h723733-stm32h725735-and-stm32h730-value-line-advanced-armbased-32bit-mcus-stmicroelectronics_dfsdm_regmap.pdf,10,CLRAWLTF,7,0,CLRAWLTF[7:0]
rm0468-stm32h723733-stm32h725735-and-stm32h730-value-line-advanced-armbased-32bit-mcus-stmicroelectronics_dfsdm_regmap.pdf,10,EXMAX,23,0,EXMAX[23:0]
rm0468-stm32h723733-stm32h725735-and-stm32h730-value-line-advanced-armbased-32bit-mcus-stmicroelectronics_dfsdm_regmap.pdf,10,EXMIN,23,0,EXMIN[23:0]
rm0468-stm32h723733-stm32h725735-and-stm32h730-value-line-advanced-armbased-32bit-mcus-stmicroelectronics_dfsdm_regmap.pdf,10,CNVCNT,27,0,CNVCNT[27:0]
rm0475-stm32mp13xx-advanced-armbased-32bit-mpus-stmicroelectronics_dfsdm_regmap.pdf,1,CKOUTDIV,7,0,CKOUTDIV[7:0]
rm0475-stm32mp13xx-advanced-armbased-32bit-mpus-stmicroelectronics_dfsdm_regmap.pdf,1,OFFSET,23,0,OFFSET[23:0]
rm0475-stm32mp13xx-advanced-armbased-32bit-mpus-stmicroelectronics_dfsdm_regmap.pdf,1,DTRBS,4,0,DTRBS[4:0]
rm0475-stm32mp13xx-advanced-armbased-32bit-mpus-stmicroelectronics_dfsdm_regmap.pdf,1,AWFOSR,4,0,AWFOSR[4:0]
rm0475-stm32mp13xx-advanced-armbased-32bit-mpus-stmicroelectronics_dfsdm_regmap.pdf,1,BKSCD,3,0,BKSCD[3:0]
rm0475-stm32mp13xx-advanced-armbased-32bit-mpus-stmicroelectronics_dfsdm_regmap.pdf,1,SCDT,7,0,SCDT[7:0]
rm0475-stm32mp13xx-advanced-armbased-32bit-mpus-stmicroelectronics_dfsdm_regmap.pdf,1,WDATA,15,0,WDATA[15:0]
rm0475-stm32mp13xx-advanced-armbased-32bit-mpus-stmicroelectronics_dfsdm_regmap.pdf,1,INDAT1,15,0,INDAT1[15:0]
rm0475-stm32mp13xx-advanced-armbased-32bit-mpus-stmicroelectronics_dfsdm_regmap.pdf,1,INDAT0,15,0,INDAT0[15:0]
rm0475-stm32mp13xx-advanced-armbased-32bit-mpus-stmicroelectronics_dfsdm_regmap.pdf,1,PLSSKP,5,0,PLSSKP[5:0]
rm0475-stm32mp13xx-advanced-armbased-32bit-mpus-stmicroelectronics_dfsdm_regmap.pdf,1,OFFSET,23,0,OFFSET[23:0]
rm0475-stm32mp13xx-advanced-armbased-32bit-mpus-stmicroelectronics_dfsdm_regmap.pdf,1,DTRBS,4,0,DTRBS[4:0]
rm0475-stm32mp13xx-advanced-armbased-32bit-mpus-stmicroelectronics_dfsdm_regmap.pdf,1,AWFOSR,4,0,AWFOSR[4:0]
rm0475-stm32mp13xx-advanced-armbased-32bit-mpus-stmicroelectronics_dfsdm_regmap.pdf,1,BKSCD,3,0,BKSCD[3:0]
rm0475-stm32mp13xx-advanced-armbased-32bit-mpus-stmicroelectronics_dfsdm_regmap.pdf,1,SCDT,7,0,SCDT[7:0]
rm0475-stm32mp13xx-advanced-armbased-32bit-mpus-stmicroelectronics_dfsdm_regmap.pdf,1,WDATA,15,0,WDATA[15:0]
rm0475-stm32mp13xx-advanced-armbased-32bit-mpus-stmicroelectronics_dfsdm_regmap.pdf,1,INDAT1,15,0,INDAT1[15:0]
rm0475-stm32mp13xx-advanced-armbased-32bit-mpus-stmicroelectronics_dfsdm_regmap.pdf,1,INDAT0,15,0,INDAT0[15:0]
rm0475-stm32mp13xx-advanced-armbased-32bit-mpus-stmicroelectronics_dfsdm_regmap.pdf,1,PLSSKP,5,0,PLSSKP[5:0]
rm0475-stm32mp13xx-advanced-armbased-32bit-mpus-stmicroelectronics_dfsdm_regmap.pdf,2,OFFSET,23,0,OFFSET[23:0]
rm0475-stm32mp13xx-advanced-armbased-32bit-mpus-stmicroelectronics_dfsdm_regmap.pdf,2,DTRBS,4,0,DTRBS[4:0]
rm0475-stm32mp13xx-advanced-armbased-32bit-mpus-stmicroelectronics_dfsdm_regmap.pdf,2,AWFOSR,4,0,AWFOSR[4:0]
rm0475-stm32mp13xx-advanced-armbased-32bit-mpus-stmicroelectronics_dfsdm_regmap.pdf,2,BKSCD,3,0,BKSCD[3:0]
rm0475-stm32mp13xx-advanced-armbased-32bit-mpus-stmicroelectronics_dfsdm_regmap.pdf,2,SCDT,7,0,SCDT[7:0]
rm0475-stm32mp13xx-advanced-armbased-32bit-mpus-stmicroelectronics_dfsdm_regmap.pdf,2,WDATA,15,0,WDATA[15:0]
rm0475-stm32mp13xx-advanced-armbased-32bit-mpus-stmicroelectronics_dfsdm_regmap.pdf,2,INDAT1,15,0,INDAT1[15:0]
rm0475-stm32mp13xx-advanced-armbased-32bit-mpus-stmicroelectronics_dfsdm_regmap.pdf,2,INDAT0,15,0,INDAT0[15:0]
rm0475-stm32mp13xx-advanced-armbased-32bit-mpus-stmicroelectronics_dfsdm_regmap.pdf,2,PLSSKP,5,0,PLSSKP[5:0]
rm0475-stm32mp13xx-advanced-armbased-32bit-mpus-stmicroelectronics_dfsdm_regmap.pdf,2,OFFSET,23,0,OFFSET[23:0]
rm0475-stm32mp13xx-advanced-armbased-32bit-mpus-stmicroelectronics_dfsdm_regmap.pdf,2,DTRBS,4,0,DTRBS[4:0]
rm0475-stm32mp13xx-advanced-armbased-32bit-mpus-stmicroelectronics_dfsdm_regmap.pdf,2,AWFOSR,4,0,AWFOSR[4:0]
rm0475-stm32mp13xx-advanced-armbased-32bit-mpus-stmicroelectronics_dfsdm_regmap.pdf,2,BKSCD,3,0,BKSCD[3:0]
rm0475-stm32mp13xx-advanced-armbased-32bit-mpus-stmicroelectronics_dfsdm_regmap.pdf,2,SCDT,7,0,SCDT[7:0]
rm0475-stm32mp13xx-advanced-armbased-32bit-mpus-stmicroelectronics_dfsdm_regmap.pdf,2,WDATA,15,0,WDATA[15:0]
rm0475-stm32mp13xx-advanced-armbased-32bit-mpus-stmicroelectronics_dfsdm_regmap.pdf,2,INDAT1,15,0,INDAT1[15:0]
rm0475-stm32mp13xx-advanced-armbased-32bit-mpus-stmicroelectronics_dfsdm_regmap.pdf,2,INDAT0,15,0,INDAT0[15:0]
rm0475-stm32mp13xx-advanced-armbased-32bit-mpus-stmicroelectronics_dfsdm_regmap.pdf,2,PLSSKP,5,0,PLSSKP[5:0]
rm0475-stm32mp13xx-advanced-armbased-32bit-mpus-stmicroelectronics_dfsdm_regmap.pdf,3,JEXTSEL,4,0,JEXTSEL[4:0]
rm0475-stm32mp13xx-advanced-armbased-32bit-mpus-stmicroelectronics_dfsdm_regmap.pdf,3,AWDCH,3,0,AWDCH[3:0]
rm0475-stm32mp13xx-advanced-armbased-32bit-mpus-stmicroelectronics_dfsdm_regmap.pdf,3,EXCH,3,0,EXCH[3:0]
rm0475-stm32mp13xx-advanced-armbased-32bit-mpus-stmicroelectronics_dfsdm_regmap.pdf,3,SCDF,3,0,SCDF[3:0]
rm0475-stm32mp13xx-advanced-armbased-32bit-mpus-stmicroelectronics_dfsdm_regmap.pdf,3,CKABF,3,0,CKABF[3:0]
rm0475-stm32mp13xx-advanced-armbased-32bit-mpus-stmicroelectronics_dfsdm_regmap.pdf,3,CLRSCDF,3,0,CLRSCDF[3:0]
rm0475-stm32mp13xx-advanced-armbased-32bit-mpus-stmicroelectronics_dfsdm_regmap.pdf,3,CLRCKABF,3,0,CLRCKABF[3:0]
rm0475-stm32mp13xx-advanced-armbased-32bit-mpus-stmicroelectronics_dfsdm_regmap.pdf,3,JCHG,3,0,JCHG[3:0]
rm0475-stm32mp13xx-advanced-armbased-32bit-mpus-stmicroelectronics_dfsdm_regmap.pdf,3,FOSR,9,0,FOSR[9:0]
rm0475-stm32mp13xx-advanced-armbased-32bit-mpus-stmicroelectronics_dfsdm_regmap.pdf,3,IOSR,7,0,IOSR[7:0]
rm0475-stm32mp13xx-advanced-armbased-32bit-mpus-stmicroelectronics_dfsdm_regmap.pdf,3,JDATA,23,0,JDATA[23:0]
rm0475-stm32mp13xx-advanced-armbased-32bit-mpus-stmicroelectronics_dfsdm_regmap.pdf,3,RDATA,23,0,RDATA[23:0]
rm0475-stm32mp13xx-advanced-armbased-32bit-mpus-stmicroelectronics_dfsdm_regmap.pdf,3,AWHT,23,0,AWHT[23:0]
rm0475-stm32mp13xx-advanced-armbased-32bit-mpus-stmicroelectronics_dfsdm_regmap.pdf,3,BKAWH,3,0,BKAWH[3:0]
rm0475-stm32mp13xx-advanced-armbased-32bit-mpus-stmicroelectronics_dfsdm_regmap.pdf,3,AWLT,23,0,AWLT[23:0]
rm0475-stm32mp13xx-advanced-armbased-32bit-mpus-stmicroelectronics_dfsdm_regmap.pdf,3,BKAWL,3,0,BKAWL[3:0]
rm0475-stm32mp13xx-advanced-armbased-32bit-mpus-stmicroelectronics_dfsdm_regmap.pdf,3,AWHTF,3,0,AWHTF[3:0]
rm0475-stm32mp13xx-advanced-armbased-32bit-mpus-stmicroelectronics_dfsdm_regmap.pdf,3,AWLTF,3,0,AWLTF[3:0]
rm0475-stm32mp13xx-advanced-armbased-32bit-mpus-stmicroelectronics_dfsdm_regmap.pdf,3,CLRAWHTF,3,0,CLRAWHTF[3:0]
rm0475-stm32mp13xx-advanced-armbased-32bit-mpus-stmicroelectronics_dfsdm_regmap.pdf,3,CLRAWLTF,3,0,CLRAWLTF[3:0]
rm0475-stm32mp13xx-advanced-armbased-32bit-mpus-stmicroelectronics_dfsdm_regmap.pdf,4,EXMAX,23,0,EXMAX[23:0]
rm0475-stm32mp13xx-advanced-armbased-32bit-mpus-stmicroelectronics_dfsdm_regmap.pdf,4,EXMIN,23,0,EXMIN[23:0]
rm0475-stm32mp13xx-advanced-armbased-32bit-mpus-stmicroelectronics_dfsdm_regmap.pdf,4,CNVCNT,27,0,CNVCNT[27:0]
rm0475-stm32mp13xx-advanced-armbased-32bit-mpus-stmicroelectronics_dfsdm_regmap.pdf,4,JEXTSEL,4,0,JEXTSEL[4:0]
rm0475-stm32mp13xx-advanced-armbased-32bit-mpus-stmicroelectronics_dfsdm_regmap.pdf,4,AWDCH,3,0,AWDCH[3:0]
rm0475-stm32mp13xx-advanced-armbased-32bit-mpus-stmicroelectronics_dfsdm_regmap.pdf,4,EXCH,3,0,EXCH[3:0]
rm0475-stm32mp13xx-advanced-armbased-32bit-mpus-stmicroelectronics_dfsdm_regmap.pdf,4,JCHG,3,0,JCHG[3:0]
rm0475-stm32mp13xx-advanced-armbased-32bit-mpus-stmicroelectronics_dfsdm_regmap.pdf,4,FOSR,9,0,FOSR[9:0]
rm0475-stm32mp13xx-advanced-armbased-32bit-mpus-stmicroelectronics_dfsdm_regmap.pdf,4,IOSR,7,0,IOSR[7:0]
rm0475-stm32mp13xx-advanced-armbased-32bit-mpus-stmicroelectronics_dfsdm_regmap.pdf,4,JDATA,23,0,JDATA[23:0]
rm0475-stm32mp13xx-advanced-armbased-32bit-mpus-stmicroelectronics_dfsdm_regmap.pdf,5,RDATA,23,0,RDATA[23:0]
rm0475-stm32mp13xx-advanced-armbased-32bit-mpus-stmicroelectronics_dfsdm_regmap.pdf,5,AWHT,23,0,AWHT[23:0]
rm0475-stm32mp13xx-advanced-armbased-32bit-mpus-stmicroelectronics_dfsdm_regmap.pdf,5,BKAWH,3,0,BKAWH[3:0]
rm0475-stm32mp13xx-advanced-armbased-32bit-mpus-stmicroelectronics_dfsdm_regmap.pdf,5,AWLT,23,0,AWLT[23:0]
rm0475-stm32mp13xx-advanced-armbased-32bit-mpus-stmicroelectronics_dfsdm_regmap.pdf,5,BKAWL,3,0,BKAWL[3:0]
rm0475-stm32mp13xx-advanced-armbased-32bit-mpus-stmicroelectronics_dfsdm_regmap.pdf,5,AWHTF,3,0,AWHTF[3:0]
rm0475-stm32mp13xx-advanced-armbased-32bit-mpus-stmicroelectronics_dfsdm_regmap.pdf,5,AWLTF,3,0,AWLTF[3:0]
rm0475-stm32mp13xx-advanced-armbased-32bit-mpus-stmicroelectronics_dfsdm_regmap.pdf,5,CLRAWHTF,3,0,CLRAWHTF[3:0]
rm0475-stm32mp13xx-advanced-armbased-32bit-mpus-stmicroelectronics_dfsdm_regmap.pdf,5,CLRAWLTF,3,0,CLRAWLTF[3:0]
rm0475-stm32mp13xx-advanced-armbased-32bit-mpus-stmicroelectronics_dfsdm_regmap.pdf,5,EXMAX,23,0,EXMAX[23:0]
rm0475-stm32mp13xx-advanced-armbased-32bit-mpus-stmicroelectronics_dfsdm_regmap.pdf,5,EXMIN,23,0,EXMIN[23:0]
rm0475-stm32mp13xx-advanced-armbased-32bit-mpus-stmicroelectronics_dfsdm_regmap.pdf,5,CNVCNT,27,0,CNVCNT[27:0]
rm0475-stm32mp13xx-advanced-armbased-32bit-mpus-stmicroelectronics_dfsdm_regmap.pdf,5,NBF,7,0,NBF[7:0]
rm0475-stm32mp13xx-advanced-armbased-32bit-mpus-stmicroelectronics_dfsdm_regmap.pdf,5,NBT,7,0,NBT[7:0]
rm0475-stm32mp13xx-advanced-armbased-32bit-mpus-stmicroelectronics_dfsdm_regmap.pdf,5,MINREV,3,0,MINREV[3:0]
rm0475-stm32mp13xx-advanced-armbased-32bit-mpus-stmicroelectronics_dfsdm_regmap.pdf,5,ID,31,0,ID[31:0]
rm0475-stm32mp13xx-advanced-armbased-32bit-mpus-stmicroelectronics_dfsdm_regmap.pdf,5,SID,31,0,SID[31:0]
