Bitfeld,Registerbits,Feldbits,Kombination,PDFs,Anzahl PDFs
AWDCH,19:16,3:0,19:16 -> [3:0],rm0394-stm32l41xxx42xxx43xxx44xxx45xxx46xxx-advanced-armbased-32bit-mcus-stmicroelectronics_dfsdm.pdf; rm0402-stm32f412-advanced-armbased-32bit-mcus-stmicroelectronics_dfsdm.pdf; rm0438-stm32l5-series-advanced-armbased-32bit-mcus-stmicroelectronics_dfsdm.pdf; rm0475-stm32mp13xx-advanced-armbased-32bit-mpus-stmicroelectronics_dfsdm.pdf,4
AWDCH,23:16,7:0,23:16 -> [7:0],rm0351-stm32l47xxx-stm32l48xxx-stm32l49xxx-and-stm32l4axxx-advanced-armbased-32bit-mcus-stmicroelectronics_dfsdm.pdf; rm0399-stm32h745755-and-stm32h747757-advanced-armbased-32bit-mcus-stmicroelectronics_dfsdm.pdf; rm0410-stm32f76xxx-and-stm32f77xxx-advanced-armbased-32bit-mcus-stmicroelectronics_dfsdm.pdf; rm0430-stm32f413423-advanced-armbased-32bit-mcus-stmicroelectronics_dfsdm.pdf; rm0432-stm32l4-series-advanced-armbased-32bit-mcus-stmicroelectronics_dfsdm.pdf; rm0433-stm32h742-stm32h743753-and-stm32h750-value-line-advanced-armbased-32bit-mcus-stmicroelectronics_dfsdm.pdf; rm0436-stm32mp157-advanced-armbased-32bit-mpus-stmicroelectronics_dfsdm.pdf; rm0441-stm32mp151-advanced-armbased-32bit-mpus-stmicroelectronics_dfsdm.pdf; rm0442-stm32mp153-advanced-armbased-32bit-mpus-stmicroelectronics_dfsdm.pdf; rm0455-stm32h7a37b3-and-stm32h7b0-value-line-advanced-armbased-32bit-mcus-stmicroelectronics_dfsdm.pdf; rm0468-stm32h723733-stm32h725735-and-stm32h730-value-line-advanced-armbased-32bit-mcus-stmicroelectronics_dfsdm.pdf,11
AWDF,4,,4,rm0351-stm32l47xxx-stm32l48xxx-stm32l49xxx-and-stm32l4axxx-advanced-armbased-32bit-mcus-stmicroelectronics_dfsdm.pdf; rm0394-stm32l41xxx42xxx43xxx44xxx45xxx46xxx-advanced-armbased-32bit-mcus-stmicroelectronics_dfsdm.pdf; rm0399-stm32h745755-and-stm32h747757-advanced-armbased-32bit-mcus-stmicroelectronics_dfsdm.pdf; rm0402-stm32f412-advanced-armbased-32bit-mcus-stmicroelectronics_dfsdm.pdf; rm0410-stm32f76xxx-and-stm32f77xxx-advanced-armbased-32bit-mcus-stmicroelectronics_dfsdm.pdf; rm0430-stm32f413423-advanced-armbased-32bit-mcus-stmicroelectronics_dfsdm.pdf; rm0432-stm32l4-series-advanced-armbased-32bit-mcus-stmicroelectronics_dfsdm.pdf; rm0433-stm32h742-stm32h743753-and-stm32h750-value-line-advanced-armbased-32bit-mcus-stmicroelectronics_dfsdm.pdf; rm0436-stm32mp157-advanced-armbased-32bit-mpus-stmicroelectronics_dfsdm.pdf; rm0438-stm32l5-series-advanced-armbased-32bit-mcus-stmicroelectronics_dfsdm.pdf; rm0441-stm32mp151-advanced-armbased-32bit-mpus-stmicroelectronics_dfsdm.pdf; rm0442-stm32mp153-advanced-armbased-32bit-mpus-stmicroelectronics_dfsdm.pdf; rm0455-stm32h7a37b3-and-stm32h7b0-value-line-advanced-armbased-32bit-mcus-stmicroelectronics_dfsdm.pdf; rm0468-stm32h723733-stm32h725735-and-stm32h730-value-line-advanced-armbased-32bit-mcus-stmicroelectronics_dfsdm.pdf; rm0475-stm32mp13xx-advanced-armbased-32bit-mpus-stmicroelectronics_dfsdm.pdf,15
AWDIE,4,,4,rm0351-stm32l47xxx-stm32l48xxx-stm32l49xxx-and-stm32l4axxx-advanced-armbased-32bit-mcus-stmicroelectronics_dfsdm.pdf; rm0394-stm32l41xxx42xxx43xxx44xxx45xxx46xxx-advanced-armbased-32bit-mcus-stmicroelectronics_dfsdm.pdf; rm0399-stm32h745755-and-stm32h747757-advanced-armbased-32bit-mcus-stmicroelectronics_dfsdm.pdf; rm0402-stm32f412-advanced-armbased-32bit-mcus-stmicroelectronics_dfsdm.pdf; rm0410-stm32f76xxx-and-stm32f77xxx-advanced-armbased-32bit-mcus-stmicroelectronics_dfsdm.pdf; rm0430-stm32f413423-advanced-armbased-32bit-mcus-stmicroelectronics_dfsdm.pdf; rm0432-stm32l4-series-advanced-armbased-32bit-mcus-stmicroelectronics_dfsdm.pdf; rm0433-stm32h742-stm32h743753-and-stm32h750-value-line-advanced-armbased-32bit-mcus-stmicroelectronics_dfsdm.pdf; rm0436-stm32mp157-advanced-armbased-32bit-mpus-stmicroelectronics_dfsdm.pdf; rm0438-stm32l5-series-advanced-armbased-32bit-mcus-stmicroelectronics_dfsdm.pdf; rm0441-stm32mp151-advanced-armbased-32bit-mpus-stmicroelectronics_dfsdm.pdf; rm0442-stm32mp153-advanced-armbased-32bit-mpus-stmicroelectronics_dfsdm.pdf; rm0455-stm32h7a37b3-and-stm32h7b0-value-line-advanced-armbased-32bit-mcus-stmicroelectronics_dfsdm.pdf; rm0468-stm32h723733-stm32h725735-and-stm32h730-value-line-advanced-armbased-32bit-mcus-stmicroelectronics_dfsdm.pdf; rm0475-stm32mp13xx-advanced-armbased-32bit-mpus-stmicroelectronics_dfsdm.pdf,15
AWFORD,23:22,1:0,23:22 -> [1:0],rm0351-stm32l47xxx-stm32l48xxx-stm32l49xxx-and-stm32l4axxx-advanced-armbased-32bit-mcus-stmicroelectronics_dfsdm.pdf; rm0394-stm32l41xxx42xxx43xxx44xxx45xxx46xxx-advanced-armbased-32bit-mcus-stmicroelectronics_dfsdm.pdf; rm0399-stm32h745755-and-stm32h747757-advanced-armbased-32bit-mcus-stmicroelectronics_dfsdm.pdf; rm0402-stm32f412-advanced-armbased-32bit-mcus-stmicroelectronics_dfsdm.pdf; rm0410-stm32f76xxx-and-stm32f77xxx-advanced-armbased-32bit-mcus-stmicroelectronics_dfsdm.pdf; rm0430-stm32f413423-advanced-armbased-32bit-mcus-stmicroelectronics_dfsdm.pdf; rm0432-stm32l4-series-advanced-armbased-32bit-mcus-stmicroelectronics_dfsdm.pdf; rm0433-stm32h742-stm32h743753-and-stm32h750-value-line-advanced-armbased-32bit-mcus-stmicroelectronics_dfsdm.pdf; rm0436-stm32mp157-advanced-armbased-32bit-mpus-stmicroelectronics_dfsdm.pdf; rm0438-stm32l5-series-advanced-armbased-32bit-mcus-stmicroelectronics_dfsdm.pdf; rm0441-stm32mp151-advanced-armbased-32bit-mpus-stmicroelectronics_dfsdm.pdf; rm0442-stm32mp153-advanced-armbased-32bit-mpus-stmicroelectronics_dfsdm.pdf; rm0455-stm32h7a37b3-and-stm32h7b0-value-line-advanced-armbased-32bit-mcus-stmicroelectronics_dfsdm.pdf; rm0468-stm32h723733-stm32h725735-and-stm32h730-value-line-advanced-armbased-32bit-mcus-stmicroelectronics_dfsdm.pdf; rm0475-stm32mp13xx-advanced-armbased-32bit-mpus-stmicroelectronics_dfsdm.pdf,15
AWFOSR,20:16,4:0,20:16 -> [4:0],rm0351-stm32l47xxx-stm32l48xxx-stm32l49xxx-and-stm32l4axxx-advanced-armbased-32bit-mcus-stmicroelectronics_dfsdm.pdf; rm0394-stm32l41xxx42xxx43xxx44xxx45xxx46xxx-advanced-armbased-32bit-mcus-stmicroelectronics_dfsdm.pdf; rm0399-stm32h745755-and-stm32h747757-advanced-armbased-32bit-mcus-stmicroelectronics_dfsdm.pdf; rm0402-stm32f412-advanced-armbased-32bit-mcus-stmicroelectronics_dfsdm.pdf; rm0410-stm32f76xxx-and-stm32f77xxx-advanced-armbased-32bit-mcus-stmicroelectronics_dfsdm.pdf; rm0430-stm32f413423-advanced-armbased-32bit-mcus-stmicroelectronics_dfsdm.pdf; rm0432-stm32l4-series-advanced-armbased-32bit-mcus-stmicroelectronics_dfsdm.pdf; rm0433-stm32h742-stm32h743753-and-stm32h750-value-line-advanced-armbased-32bit-mcus-stmicroelectronics_dfsdm.pdf; rm0436-stm32mp157-advanced-armbased-32bit-mpus-stmicroelectronics_dfsdm.pdf; rm0438-stm32l5-series-advanced-armbased-32bit-mcus-stmicroelectronics_dfsdm.pdf; rm0441-stm32mp151-advanced-armbased-32bit-mpus-stmicroelectronics_dfsdm.pdf; rm0442-stm32mp153-advanced-armbased-32bit-mpus-stmicroelectronics_dfsdm.pdf; rm0455-stm32h7a37b3-and-stm32h7b0-value-line-advanced-armbased-32bit-mcus-stmicroelectronics_dfsdm.pdf; rm0468-stm32h723733-stm32h725735-and-stm32h730-value-line-advanced-armbased-32bit-mcus-stmicroelectronics_dfsdm.pdf; rm0475-stm32mp13xx-advanced-armbased-32bit-mpus-stmicroelectronics_dfsdm.pdf,15
AWFSEL,30,,30,rm0351-stm32l47xxx-stm32l48xxx-stm32l49xxx-and-stm32l4axxx-advanced-armbased-32bit-mcus-stmicroelectronics_dfsdm.pdf; rm0394-stm32l41xxx42xxx43xxx44xxx45xxx46xxx-advanced-armbased-32bit-mcus-stmicroelectronics_dfsdm.pdf; rm0399-stm32h745755-and-stm32h747757-advanced-armbased-32bit-mcus-stmicroelectronics_dfsdm.pdf; rm0402-stm32f412-advanced-armbased-32bit-mcus-stmicroelectronics_dfsdm.pdf; rm0410-stm32f76xxx-and-stm32f77xxx-advanced-armbased-32bit-mcus-stmicroelectronics_dfsdm.pdf; rm0430-stm32f413423-advanced-armbased-32bit-mcus-stmicroelectronics_dfsdm.pdf; rm0432-stm32l4-series-advanced-armbased-32bit-mcus-stmicroelectronics_dfsdm.pdf; rm0433-stm32h742-stm32h743753-and-stm32h750-value-line-advanced-armbased-32bit-mcus-stmicroelectronics_dfsdm.pdf; rm0436-stm32mp157-advanced-armbased-32bit-mpus-stmicroelectronics_dfsdm.pdf; rm0438-stm32l5-series-advanced-armbased-32bit-mcus-stmicroelectronics_dfsdm.pdf; rm0441-stm32mp151-advanced-armbased-32bit-mpus-stmicroelectronics_dfsdm.pdf; rm0442-stm32mp153-advanced-armbased-32bit-mpus-stmicroelectronics_dfsdm.pdf; rm0455-stm32h7a37b3-and-stm32h7b0-value-line-advanced-armbased-32bit-mcus-stmicroelectronics_dfsdm.pdf; rm0468-stm32h723733-stm32h725735-and-stm32h730-value-line-advanced-armbased-32bit-mcus-stmicroelectronics_dfsdm.pdf; rm0475-stm32mp13xx-advanced-armbased-32bit-mpus-stmicroelectronics_dfsdm.pdf,15
AWHT,31:8,23:0,31:8 -> [23:0],rm0351-stm32l47xxx-stm32l48xxx-stm32l49xxx-and-stm32l4axxx-advanced-armbased-32bit-mcus-stmicroelectronics_dfsdm.pdf; rm0394-stm32l41xxx42xxx43xxx44xxx45xxx46xxx-advanced-armbased-32bit-mcus-stmicroelectronics_dfsdm.pdf; rm0399-stm32h745755-and-stm32h747757-advanced-armbased-32bit-mcus-stmicroelectronics_dfsdm.pdf; rm0402-stm32f412-advanced-armbased-32bit-mcus-stmicroelectronics_dfsdm.pdf; rm0410-stm32f76xxx-and-stm32f77xxx-advanced-armbased-32bit-mcus-stmicroelectronics_dfsdm.pdf; rm0430-stm32f413423-advanced-armbased-32bit-mcus-stmicroelectronics_dfsdm.pdf; rm0432-stm32l4-series-advanced-armbased-32bit-mcus-stmicroelectronics_dfsdm.pdf; rm0433-stm32h742-stm32h743753-and-stm32h750-value-line-advanced-armbased-32bit-mcus-stmicroelectronics_dfsdm.pdf; rm0436-stm32mp157-advanced-armbased-32bit-mpus-stmicroelectronics_dfsdm.pdf; rm0438-stm32l5-series-advanced-armbased-32bit-mcus-stmicroelectronics_dfsdm.pdf; rm0441-stm32mp151-advanced-armbased-32bit-mpus-stmicroelectronics_dfsdm.pdf; rm0442-stm32mp153-advanced-armbased-32bit-mpus-stmicroelectronics_dfsdm.pdf; rm0455-stm32h7a37b3-and-stm32h7b0-value-line-advanced-armbased-32bit-mcus-stmicroelectronics_dfsdm.pdf; rm0468-stm32h723733-stm32h725735-and-stm32h730-value-line-advanced-armbased-32bit-mcus-stmicroelectronics_dfsdm.pdf; rm0475-stm32mp13xx-advanced-armbased-32bit-mpus-stmicroelectronics_dfsdm.pdf,15
AWHTF,11:8,3:0,11:8 -> [3:0],rm0394-stm32l41xxx42xxx43xxx44xxx45xxx46xxx-advanced-armbased-32bit-mcus-stmicroelectronics_dfsdm.pdf; rm0402-stm32f412-advanced-armbased-32bit-mcus-stmicroelectronics_dfsdm.pdf; rm0438-stm32l5-series-advanced-armbased-32bit-mcus-stmicroelectronics_dfsdm.pdf; rm0475-stm32mp13xx-advanced-armbased-32bit-mpus-stmicroelectronics_dfsdm.pdf,4
AWHTF,15:8,7:0,15:8 -> [7:0],rm0351-stm32l47xxx-stm32l48xxx-stm32l49xxx-and-stm32l4axxx-advanced-armbased-32bit-mcus-stmicroelectronics_dfsdm.pdf; rm0399-stm32h745755-and-stm32h747757-advanced-armbased-32bit-mcus-stmicroelectronics_dfsdm.pdf; rm0410-stm32f76xxx-and-stm32f77xxx-advanced-armbased-32bit-mcus-stmicroelectronics_dfsdm.pdf; rm0430-stm32f413423-advanced-armbased-32bit-mcus-stmicroelectronics_dfsdm.pdf; rm0432-stm32l4-series-advanced-armbased-32bit-mcus-stmicroelectronics_dfsdm.pdf; rm0433-stm32h742-stm32h743753-and-stm32h750-value-line-advanced-armbased-32bit-mcus-stmicroelectronics_dfsdm.pdf; rm0436-stm32mp157-advanced-armbased-32bit-mpus-stmicroelectronics_dfsdm.pdf; rm0441-stm32mp151-advanced-armbased-32bit-mpus-stmicroelectronics_dfsdm.pdf; rm0442-stm32mp153-advanced-armbased-32bit-mpus-stmicroelectronics_dfsdm.pdf; rm0455-stm32h7a37b3-and-stm32h7b0-value-line-advanced-armbased-32bit-mcus-stmicroelectronics_dfsdm.pdf; rm0468-stm32h723733-stm32h725735-and-stm32h730-value-line-advanced-armbased-32bit-mcus-stmicroelectronics_dfsdm.pdf,11
AWLT,31:8,23:0,31:8 -> [23:0],rm0351-stm32l47xxx-stm32l48xxx-stm32l49xxx-and-stm32l4axxx-advanced-armbased-32bit-mcus-stmicroelectronics_dfsdm.pdf; rm0394-stm32l41xxx42xxx43xxx44xxx45xxx46xxx-advanced-armbased-32bit-mcus-stmicroelectronics_dfsdm.pdf; rm0399-stm32h745755-and-stm32h747757-advanced-armbased-32bit-mcus-stmicroelectronics_dfsdm.pdf; rm0402-stm32f412-advanced-armbased-32bit-mcus-stmicroelectronics_dfsdm.pdf; rm0410-stm32f76xxx-and-stm32f77xxx-advanced-armbased-32bit-mcus-stmicroelectronics_dfsdm.pdf; rm0430-stm32f413423-advanced-armbased-32bit-mcus-stmicroelectronics_dfsdm.pdf; rm0432-stm32l4-series-advanced-armbased-32bit-mcus-stmicroelectronics_dfsdm.pdf; rm0433-stm32h742-stm32h743753-and-stm32h750-value-line-advanced-armbased-32bit-mcus-stmicroelectronics_dfsdm.pdf; rm0436-stm32mp157-advanced-armbased-32bit-mpus-stmicroelectronics_dfsdm.pdf; rm0438-stm32l5-series-advanced-armbased-32bit-mcus-stmicroelectronics_dfsdm.pdf; rm0441-stm32mp151-advanced-armbased-32bit-mpus-stmicroelectronics_dfsdm.pdf; rm0442-stm32mp153-advanced-armbased-32bit-mpus-stmicroelectronics_dfsdm.pdf; rm0455-stm32h7a37b3-and-stm32h7b0-value-line-advanced-armbased-32bit-mcus-stmicroelectronics_dfsdm.pdf; rm0468-stm32h723733-stm32h725735-and-stm32h730-value-line-advanced-armbased-32bit-mcus-stmicroelectronics_dfsdm.pdf; rm0475-stm32mp13xx-advanced-armbased-32bit-mpus-stmicroelectronics_dfsdm.pdf,15
AWLTF,3:0,3:0,3:0 -> [3:0],rm0394-stm32l41xxx42xxx43xxx44xxx45xxx46xxx-advanced-armbased-32bit-mcus-stmicroelectronics_dfsdm.pdf; rm0402-stm32f412-advanced-armbased-32bit-mcus-stmicroelectronics_dfsdm.pdf; rm0438-stm32l5-series-advanced-armbased-32bit-mcus-stmicroelectronics_dfsdm.pdf; rm0475-stm32mp13xx-advanced-armbased-32bit-mpus-stmicroelectronics_dfsdm.pdf,4
AWLTF,7:0,7:0,7:0 -> [7:0],rm0351-stm32l47xxx-stm32l48xxx-stm32l49xxx-and-stm32l4axxx-advanced-armbased-32bit-mcus-stmicroelectronics_dfsdm.pdf; rm0399-stm32h745755-and-stm32h747757-advanced-armbased-32bit-mcus-stmicroelectronics_dfsdm.pdf; rm0410-stm32f76xxx-and-stm32f77xxx-advanced-armbased-32bit-mcus-stmicroelectronics_dfsdm.pdf; rm0430-stm32f413423-advanced-armbased-32bit-mcus-stmicroelectronics_dfsdm.pdf; rm0432-stm32l4-series-advanced-armbased-32bit-mcus-stmicroelectronics_dfsdm.pdf; rm0433-stm32h742-stm32h743753-and-stm32h750-value-line-advanced-armbased-32bit-mcus-stmicroelectronics_dfsdm.pdf; rm0436-stm32mp157-advanced-armbased-32bit-mpus-stmicroelectronics_dfsdm.pdf; rm0441-stm32mp151-advanced-armbased-32bit-mpus-stmicroelectronics_dfsdm.pdf; rm0442-stm32mp153-advanced-armbased-32bit-mpus-stmicroelectronics_dfsdm.pdf; rm0455-stm32h7a37b3-and-stm32h7b0-value-line-advanced-armbased-32bit-mcus-stmicroelectronics_dfsdm.pdf; rm0468-stm32h723733-stm32h725735-and-stm32h730-value-line-advanced-armbased-32bit-mcus-stmicroelectronics_dfsdm.pdf,11
BKAWH,3:0,3:0,3:0 -> [3:0],rm0351-stm32l47xxx-stm32l48xxx-stm32l49xxx-and-stm32l4axxx-advanced-armbased-32bit-mcus-stmicroelectronics_dfsdm.pdf; rm0394-stm32l41xxx42xxx43xxx44xxx45xxx46xxx-advanced-armbased-32bit-mcus-stmicroelectronics_dfsdm.pdf; rm0399-stm32h745755-and-stm32h747757-advanced-armbased-32bit-mcus-stmicroelectronics_dfsdm.pdf; rm0402-stm32f412-advanced-armbased-32bit-mcus-stmicroelectronics_dfsdm.pdf; rm0410-stm32f76xxx-and-stm32f77xxx-advanced-armbased-32bit-mcus-stmicroelectronics_dfsdm.pdf; rm0430-stm32f413423-advanced-armbased-32bit-mcus-stmicroelectronics_dfsdm.pdf; rm0432-stm32l4-series-advanced-armbased-32bit-mcus-stmicroelectronics_dfsdm.pdf; rm0433-stm32h742-stm32h743753-and-stm32h750-value-line-advanced-armbased-32bit-mcus-stmicroelectronics_dfsdm.pdf; rm0436-stm32mp157-advanced-armbased-32bit-mpus-stmicroelectronics_dfsdm.pdf; rm0438-stm32l5-series-advanced-armbased-32bit-mcus-stmicroelectronics_dfsdm.pdf; rm0441-stm32mp151-advanced-armbased-32bit-mpus-stmicroelectronics_dfsdm.pdf; rm0442-stm32mp153-advanced-armbased-32bit-mpus-stmicroelectronics_dfsdm.pdf; rm0455-stm32h7a37b3-and-stm32h7b0-value-line-advanced-armbased-32bit-mcus-stmicroelectronics_dfsdm.pdf; rm0468-stm32h723733-stm32h725735-and-stm32h730-value-line-advanced-armbased-32bit-mcus-stmicroelectronics_dfsdm.pdf; rm0475-stm32mp13xx-advanced-armbased-32bit-mpus-stmicroelectronics_dfsdm.pdf,15
BKAWL,3:0,3:0,3:0 -> [3:0],rm0351-stm32l47xxx-stm32l48xxx-stm32l49xxx-and-stm32l4axxx-advanced-armbased-32bit-mcus-stmicroelectronics_dfsdm.pdf; rm0394-stm32l41xxx42xxx43xxx44xxx45xxx46xxx-advanced-armbased-32bit-mcus-stmicroelectronics_dfsdm.pdf; rm0399-stm32h745755-and-stm32h747757-advanced-armbased-32bit-mcus-stmicroelectronics_dfsdm.pdf; rm0402-stm32f412-advanced-armbased-32bit-mcus-stmicroelectronics_dfsdm.pdf; rm0410-stm32f76xxx-and-stm32f77xxx-advanced-armbased-32bit-mcus-stmicroelectronics_dfsdm.pdf; rm0430-stm32f413423-advanced-armbased-32bit-mcus-stmicroelectronics_dfsdm.pdf; rm0432-stm32l4-series-advanced-armbased-32bit-mcus-stmicroelectronics_dfsdm.pdf; rm0433-stm32h742-stm32h743753-and-stm32h750-value-line-advanced-armbased-32bit-mcus-stmicroelectronics_dfsdm.pdf; rm0436-stm32mp157-advanced-armbased-32bit-mpus-stmicroelectronics_dfsdm.pdf; rm0438-stm32l5-series-advanced-armbased-32bit-mcus-stmicroelectronics_dfsdm.pdf; rm0441-stm32mp151-advanced-armbased-32bit-mpus-stmicroelectronics_dfsdm.pdf; rm0442-stm32mp153-advanced-armbased-32bit-mpus-stmicroelectronics_dfsdm.pdf; rm0455-stm32h7a37b3-and-stm32h7b0-value-line-advanced-armbased-32bit-mcus-stmicroelectronics_dfsdm.pdf; rm0468-stm32h723733-stm32h725735-and-stm32h730-value-line-advanced-armbased-32bit-mcus-stmicroelectronics_dfsdm.pdf; rm0475-stm32mp13xx-advanced-armbased-32bit-mpus-stmicroelectronics_dfsdm.pdf,15
BKSCD,15:12,3:0,15:12 -> [3:0],rm0351-stm32l47xxx-stm32l48xxx-stm32l49xxx-and-stm32l4axxx-advanced-armbased-32bit-mcus-stmicroelectronics_dfsdm.pdf; rm0394-stm32l41xxx42xxx43xxx44xxx45xxx46xxx-advanced-armbased-32bit-mcus-stmicroelectronics_dfsdm.pdf; rm0399-stm32h745755-and-stm32h747757-advanced-armbased-32bit-mcus-stmicroelectronics_dfsdm.pdf; rm0402-stm32f412-advanced-armbased-32bit-mcus-stmicroelectronics_dfsdm.pdf; rm0410-stm32f76xxx-and-stm32f77xxx-advanced-armbased-32bit-mcus-stmicroelectronics_dfsdm.pdf; rm0430-stm32f413423-advanced-armbased-32bit-mcus-stmicroelectronics_dfsdm.pdf; rm0432-stm32l4-series-advanced-armbased-32bit-mcus-stmicroelectronics_dfsdm.pdf; rm0433-stm32h742-stm32h743753-and-stm32h750-value-line-advanced-armbased-32bit-mcus-stmicroelectronics_dfsdm.pdf; rm0436-stm32mp157-advanced-armbased-32bit-mpus-stmicroelectronics_dfsdm.pdf; rm0438-stm32l5-series-advanced-armbased-32bit-mcus-stmicroelectronics_dfsdm.pdf; rm0441-stm32mp151-advanced-armbased-32bit-mpus-stmicroelectronics_dfsdm.pdf; rm0442-stm32mp153-advanced-armbased-32bit-mpus-stmicroelectronics_dfsdm.pdf; rm0455-stm32h7a37b3-and-stm32h7b0-value-line-advanced-armbased-32bit-mcus-stmicroelectronics_dfsdm.pdf; rm0468-stm32h723733-stm32h725735-and-stm32h730-value-line-advanced-armbased-32bit-mcus-stmicroelectronics_dfsdm.pdf; rm0475-stm32mp13xx-advanced-armbased-32bit-mpus-stmicroelectronics_dfsdm.pdf,15
CHEN,7,,7,rm0351-stm32l47xxx-stm32l48xxx-stm32l49xxx-and-stm32l4axxx-advanced-armbased-32bit-mcus-stmicroelectronics_dfsdm.pdf; rm0394-stm32l41xxx42xxx43xxx44xxx45xxx46xxx-advanced-armbased-32bit-mcus-stmicroelectronics_dfsdm.pdf; rm0399-stm32h745755-and-stm32h747757-advanced-armbased-32bit-mcus-stmicroelectronics_dfsdm.pdf; rm0402-stm32f412-advanced-armbased-32bit-mcus-stmicroelectronics_dfsdm.pdf; rm0410-stm32f76xxx-and-stm32f77xxx-advanced-armbased-32bit-mcus-stmicroelectronics_dfsdm.pdf; rm0430-stm32f413423-advanced-armbased-32bit-mcus-stmicroelectronics_dfsdm.pdf; rm0432-stm32l4-series-advanced-armbased-32bit-mcus-stmicroelectronics_dfsdm.pdf; rm0433-stm32h742-stm32h743753-and-stm32h750-value-line-advanced-armbased-32bit-mcus-stmicroelectronics_dfsdm.pdf; rm0436-stm32mp157-advanced-armbased-32bit-mpus-stmicroelectronics_dfsdm.pdf; rm0438-stm32l5-series-advanced-armbased-32bit-mcus-stmicroelectronics_dfsdm.pdf; rm0441-stm32mp151-advanced-armbased-32bit-mpus-stmicroelectronics_dfsdm.pdf; rm0442-stm32mp153-advanced-armbased-32bit-mpus-stmicroelectronics_dfsdm.pdf; rm0455-stm32h7a37b3-and-stm32h7b0-value-line-advanced-armbased-32bit-mcus-stmicroelectronics_dfsdm.pdf; rm0468-stm32h723733-stm32h725735-and-stm32h730-value-line-advanced-armbased-32bit-mcus-stmicroelectronics_dfsdm.pdf; rm0475-stm32mp13xx-advanced-armbased-32bit-mpus-stmicroelectronics_dfsdm.pdf,15
CHINSEL,8,,8,rm0351-stm32l47xxx-stm32l48xxx-stm32l49xxx-and-stm32l4axxx-advanced-armbased-32bit-mcus-stmicroelectronics_dfsdm.pdf; rm0394-stm32l41xxx42xxx43xxx44xxx45xxx46xxx-advanced-armbased-32bit-mcus-stmicroelectronics_dfsdm.pdf; rm0399-stm32h745755-and-stm32h747757-advanced-armbased-32bit-mcus-stmicroelectronics_dfsdm.pdf; rm0402-stm32f412-advanced-armbased-32bit-mcus-stmicroelectronics_dfsdm.pdf; rm0410-stm32f76xxx-and-stm32f77xxx-advanced-armbased-32bit-mcus-stmicroelectronics_dfsdm.pdf; rm0430-stm32f413423-advanced-armbased-32bit-mcus-stmicroelectronics_dfsdm.pdf; rm0432-stm32l4-series-advanced-armbased-32bit-mcus-stmicroelectronics_dfsdm.pdf; rm0433-stm32h742-stm32h743753-and-stm32h750-value-line-advanced-armbased-32bit-mcus-stmicroelectronics_dfsdm.pdf; rm0436-stm32mp157-advanced-armbased-32bit-mpus-stmicroelectronics_dfsdm.pdf; rm0438-stm32l5-series-advanced-armbased-32bit-mcus-stmicroelectronics_dfsdm.pdf; rm0441-stm32mp151-advanced-armbased-32bit-mpus-stmicroelectronics_dfsdm.pdf; rm0442-stm32mp153-advanced-armbased-32bit-mpus-stmicroelectronics_dfsdm.pdf; rm0455-stm32h7a37b3-and-stm32h7b0-value-line-advanced-armbased-32bit-mcus-stmicroelectronics_dfsdm.pdf; rm0468-stm32h723733-stm32h725735-and-stm32h730-value-line-advanced-armbased-32bit-mcus-stmicroelectronics_dfsdm.pdf; rm0475-stm32mp13xx-advanced-armbased-32bit-mpus-stmicroelectronics_dfsdm.pdf,15
CKABEN,6,,6,rm0351-stm32l47xxx-stm32l48xxx-stm32l49xxx-and-stm32l4axxx-advanced-armbased-32bit-mcus-stmicroelectronics_dfsdm.pdf; rm0394-stm32l41xxx42xxx43xxx44xxx45xxx46xxx-advanced-armbased-32bit-mcus-stmicroelectronics_dfsdm.pdf; rm0399-stm32h745755-and-stm32h747757-advanced-armbased-32bit-mcus-stmicroelectronics_dfsdm.pdf; rm0402-stm32f412-advanced-armbased-32bit-mcus-stmicroelectronics_dfsdm.pdf; rm0410-stm32f76xxx-and-stm32f77xxx-advanced-armbased-32bit-mcus-stmicroelectronics_dfsdm.pdf; rm0430-stm32f413423-advanced-armbased-32bit-mcus-stmicroelectronics_dfsdm.pdf; rm0432-stm32l4-series-advanced-armbased-32bit-mcus-stmicroelectronics_dfsdm.pdf; rm0433-stm32h742-stm32h743753-and-stm32h750-value-line-advanced-armbased-32bit-mcus-stmicroelectronics_dfsdm.pdf; rm0436-stm32mp157-advanced-armbased-32bit-mpus-stmicroelectronics_dfsdm.pdf; rm0438-stm32l5-series-advanced-armbased-32bit-mcus-stmicroelectronics_dfsdm.pdf; rm0441-stm32mp151-advanced-armbased-32bit-mpus-stmicroelectronics_dfsdm.pdf; rm0442-stm32mp153-advanced-armbased-32bit-mpus-stmicroelectronics_dfsdm.pdf; rm0455-stm32h7a37b3-and-stm32h7b0-value-line-advanced-armbased-32bit-mcus-stmicroelectronics_dfsdm.pdf; rm0468-stm32h723733-stm32h725735-and-stm32h730-value-line-advanced-armbased-32bit-mcus-stmicroelectronics_dfsdm.pdf; rm0475-stm32mp13xx-advanced-armbased-32bit-mpus-stmicroelectronics_dfsdm.pdf,15
CKABF,19:16,3:0,19:16 -> [3:0],rm0394-stm32l41xxx42xxx43xxx44xxx45xxx46xxx-advanced-armbased-32bit-mcus-stmicroelectronics_dfsdm.pdf; rm0402-stm32f412-advanced-armbased-32bit-mcus-stmicroelectronics_dfsdm.pdf; rm0438-stm32l5-series-advanced-armbased-32bit-mcus-stmicroelectronics_dfsdm.pdf; rm0475-stm32mp13xx-advanced-armbased-32bit-mpus-stmicroelectronics_dfsdm.pdf,4
CKABF,23:16,7:0,23:16 -> [7:0],rm0351-stm32l47xxx-stm32l48xxx-stm32l49xxx-and-stm32l4axxx-advanced-armbased-32bit-mcus-stmicroelectronics_dfsdm.pdf; rm0399-stm32h745755-and-stm32h747757-advanced-armbased-32bit-mcus-stmicroelectronics_dfsdm.pdf; rm0410-stm32f76xxx-and-stm32f77xxx-advanced-armbased-32bit-mcus-stmicroelectronics_dfsdm.pdf; rm0430-stm32f413423-advanced-armbased-32bit-mcus-stmicroelectronics_dfsdm.pdf; rm0432-stm32l4-series-advanced-armbased-32bit-mcus-stmicroelectronics_dfsdm.pdf; rm0433-stm32h742-stm32h743753-and-stm32h750-value-line-advanced-armbased-32bit-mcus-stmicroelectronics_dfsdm.pdf; rm0436-stm32mp157-advanced-armbased-32bit-mpus-stmicroelectronics_dfsdm.pdf; rm0441-stm32mp151-advanced-armbased-32bit-mpus-stmicroelectronics_dfsdm.pdf; rm0442-stm32mp153-advanced-armbased-32bit-mpus-stmicroelectronics_dfsdm.pdf; rm0455-stm32h7a37b3-and-stm32h7b0-value-line-advanced-armbased-32bit-mcus-stmicroelectronics_dfsdm.pdf; rm0468-stm32h723733-stm32h725735-and-stm32h730-value-line-advanced-armbased-32bit-mcus-stmicroelectronics_dfsdm.pdf,11
CKABIE,6,,6,rm0351-stm32l47xxx-stm32l48xxx-stm32l49xxx-and-stm32l4axxx-advanced-armbased-32bit-mcus-stmicroelectronics_dfsdm.pdf; rm0394-stm32l41xxx42xxx43xxx44xxx45xxx46xxx-advanced-armbased-32bit-mcus-stmicroelectronics_dfsdm.pdf; rm0399-stm32h745755-and-stm32h747757-advanced-armbased-32bit-mcus-stmicroelectronics_dfsdm.pdf; rm0402-stm32f412-advanced-armbased-32bit-mcus-stmicroelectronics_dfsdm.pdf; rm0410-stm32f76xxx-and-stm32f77xxx-advanced-armbased-32bit-mcus-stmicroelectronics_dfsdm.pdf; rm0430-stm32f413423-advanced-armbased-32bit-mcus-stmicroelectronics_dfsdm.pdf; rm0432-stm32l4-series-advanced-armbased-32bit-mcus-stmicroelectronics_dfsdm.pdf; rm0433-stm32h742-stm32h743753-and-stm32h750-value-line-advanced-armbased-32bit-mcus-stmicroelectronics_dfsdm.pdf; rm0436-stm32mp157-advanced-armbased-32bit-mpus-stmicroelectronics_dfsdm.pdf; rm0438-stm32l5-series-advanced-armbased-32bit-mcus-stmicroelectronics_dfsdm.pdf; rm0441-stm32mp151-advanced-armbased-32bit-mpus-stmicroelectronics_dfsdm.pdf; rm0442-stm32mp153-advanced-armbased-32bit-mpus-stmicroelectronics_dfsdm.pdf; rm0455-stm32h7a37b3-and-stm32h7b0-value-line-advanced-armbased-32bit-mcus-stmicroelectronics_dfsdm.pdf; rm0468-stm32h723733-stm32h725735-and-stm32h730-value-line-advanced-armbased-32bit-mcus-stmicroelectronics_dfsdm.pdf; rm0475-stm32mp13xx-advanced-armbased-32bit-mpus-stmicroelectronics_dfsdm.pdf,15
CKOUTDIV,23:16,7:0,23:16 -> [7:0],rm0351-stm32l47xxx-stm32l48xxx-stm32l49xxx-and-stm32l4axxx-advanced-armbased-32bit-mcus-stmicroelectronics_dfsdm.pdf; rm0394-stm32l41xxx42xxx43xxx44xxx45xxx46xxx-advanced-armbased-32bit-mcus-stmicroelectronics_dfsdm.pdf; rm0399-stm32h745755-and-stm32h747757-advanced-armbased-32bit-mcus-stmicroelectronics_dfsdm.pdf; rm0402-stm32f412-advanced-armbased-32bit-mcus-stmicroelectronics_dfsdm.pdf; rm0410-stm32f76xxx-and-stm32f77xxx-advanced-armbased-32bit-mcus-stmicroelectronics_dfsdm.pdf; rm0430-stm32f413423-advanced-armbased-32bit-mcus-stmicroelectronics_dfsdm.pdf; rm0432-stm32l4-series-advanced-armbased-32bit-mcus-stmicroelectronics_dfsdm.pdf; rm0433-stm32h742-stm32h743753-and-stm32h750-value-line-advanced-armbased-32bit-mcus-stmicroelectronics_dfsdm.pdf; rm0436-stm32mp157-advanced-armbased-32bit-mpus-stmicroelectronics_dfsdm.pdf; rm0438-stm32l5-series-advanced-armbased-32bit-mcus-stmicroelectronics_dfsdm.pdf; rm0441-stm32mp151-advanced-armbased-32bit-mpus-stmicroelectronics_dfsdm.pdf; rm0442-stm32mp153-advanced-armbased-32bit-mpus-stmicroelectronics_dfsdm.pdf; rm0455-stm32h7a37b3-and-stm32h7b0-value-line-advanced-armbased-32bit-mcus-stmicroelectronics_dfsdm.pdf; rm0468-stm32h723733-stm32h725735-and-stm32h730-value-line-advanced-armbased-32bit-mcus-stmicroelectronics_dfsdm.pdf; rm0475-stm32mp13xx-advanced-armbased-32bit-mpus-stmicroelectronics_dfsdm.pdf,15
CKOUTSRC,30,,30,rm0351-stm32l47xxx-stm32l48xxx-stm32l49xxx-and-stm32l4axxx-advanced-armbased-32bit-mcus-stmicroelectronics_dfsdm.pdf; rm0394-stm32l41xxx42xxx43xxx44xxx45xxx46xxx-advanced-armbased-32bit-mcus-stmicroelectronics_dfsdm.pdf; rm0399-stm32h745755-and-stm32h747757-advanced-armbased-32bit-mcus-stmicroelectronics_dfsdm.pdf; rm0402-stm32f412-advanced-armbased-32bit-mcus-stmicroelectronics_dfsdm.pdf; rm0410-stm32f76xxx-and-stm32f77xxx-advanced-armbased-32bit-mcus-stmicroelectronics_dfsdm.pdf; rm0430-stm32f413423-advanced-armbased-32bit-mcus-stmicroelectronics_dfsdm.pdf; rm0432-stm32l4-series-advanced-armbased-32bit-mcus-stmicroelectronics_dfsdm.pdf; rm0433-stm32h742-stm32h743753-and-stm32h750-value-line-advanced-armbased-32bit-mcus-stmicroelectronics_dfsdm.pdf; rm0436-stm32mp157-advanced-armbased-32bit-mpus-stmicroelectronics_dfsdm.pdf; rm0438-stm32l5-series-advanced-armbased-32bit-mcus-stmicroelectronics_dfsdm.pdf; rm0441-stm32mp151-advanced-armbased-32bit-mpus-stmicroelectronics_dfsdm.pdf; rm0442-stm32mp153-advanced-armbased-32bit-mpus-stmicroelectronics_dfsdm.pdf; rm0455-stm32h7a37b3-and-stm32h7b0-value-line-advanced-armbased-32bit-mcus-stmicroelectronics_dfsdm.pdf; rm0468-stm32h723733-stm32h725735-and-stm32h730-value-line-advanced-armbased-32bit-mcus-stmicroelectronics_dfsdm.pdf; rm0475-stm32mp13xx-advanced-armbased-32bit-mpus-stmicroelectronics_dfsdm.pdf,15
CLRAWHTF,11:8,3:0,11:8 -> [3:0],rm0394-stm32l41xxx42xxx43xxx44xxx45xxx46xxx-advanced-armbased-32bit-mcus-stmicroelectronics_dfsdm.pdf; rm0402-stm32f412-advanced-armbased-32bit-mcus-stmicroelectronics_dfsdm.pdf; rm0438-stm32l5-series-advanced-armbased-32bit-mcus-stmicroelectronics_dfsdm.pdf; rm0475-stm32mp13xx-advanced-armbased-32bit-mpus-stmicroelectronics_dfsdm.pdf,4
CLRAWHTF,15:8,7:0,15:8 -> [7:0],rm0351-stm32l47xxx-stm32l48xxx-stm32l49xxx-and-stm32l4axxx-advanced-armbased-32bit-mcus-stmicroelectronics_dfsdm.pdf; rm0399-stm32h745755-and-stm32h747757-advanced-armbased-32bit-mcus-stmicroelectronics_dfsdm.pdf; rm0410-stm32f76xxx-and-stm32f77xxx-advanced-armbased-32bit-mcus-stmicroelectronics_dfsdm.pdf; rm0430-stm32f413423-advanced-armbased-32bit-mcus-stmicroelectronics_dfsdm.pdf; rm0432-stm32l4-series-advanced-armbased-32bit-mcus-stmicroelectronics_dfsdm.pdf; rm0433-stm32h742-stm32h743753-and-stm32h750-value-line-advanced-armbased-32bit-mcus-stmicroelectronics_dfsdm.pdf; rm0436-stm32mp157-advanced-armbased-32bit-mpus-stmicroelectronics_dfsdm.pdf; rm0441-stm32mp151-advanced-armbased-32bit-mpus-stmicroelectronics_dfsdm.pdf; rm0442-stm32mp153-advanced-armbased-32bit-mpus-stmicroelectronics_dfsdm.pdf; rm0455-stm32h7a37b3-and-stm32h7b0-value-line-advanced-armbased-32bit-mcus-stmicroelectronics_dfsdm.pdf; rm0468-stm32h723733-stm32h725735-and-stm32h730-value-line-advanced-armbased-32bit-mcus-stmicroelectronics_dfsdm.pdf,11
CLRAWLTF,3:0,3:0,3:0 -> [3:0],rm0394-stm32l41xxx42xxx43xxx44xxx45xxx46xxx-advanced-armbased-32bit-mcus-stmicroelectronics_dfsdm.pdf; rm0402-stm32f412-advanced-armbased-32bit-mcus-stmicroelectronics_dfsdm.pdf; rm0438-stm32l5-series-advanced-armbased-32bit-mcus-stmicroelectronics_dfsdm.pdf; rm0475-stm32mp13xx-advanced-armbased-32bit-mpus-stmicroelectronics_dfsdm.pdf,4
CLRAWLTF,7:0,7:0,7:0 -> [7:0],rm0351-stm32l47xxx-stm32l48xxx-stm32l49xxx-and-stm32l4axxx-advanced-armbased-32bit-mcus-stmicroelectronics_dfsdm.pdf; rm0399-stm32h745755-and-stm32h747757-advanced-armbased-32bit-mcus-stmicroelectronics_dfsdm.pdf; rm0410-stm32f76xxx-and-stm32f77xxx-advanced-armbased-32bit-mcus-stmicroelectronics_dfsdm.pdf; rm0430-stm32f413423-advanced-armbased-32bit-mcus-stmicroelectronics_dfsdm.pdf; rm0432-stm32l4-series-advanced-armbased-32bit-mcus-stmicroelectronics_dfsdm.pdf; rm0433-stm32h742-stm32h743753-and-stm32h750-value-line-advanced-armbased-32bit-mcus-stmicroelectronics_dfsdm.pdf; rm0436-stm32mp157-advanced-armbased-32bit-mpus-stmicroelectronics_dfsdm.pdf; rm0441-stm32mp151-advanced-armbased-32bit-mpus-stmicroelectronics_dfsdm.pdf; rm0442-stm32mp153-advanced-armbased-32bit-mpus-stmicroelectronics_dfsdm.pdf; rm0455-stm32h7a37b3-and-stm32h7b0-value-line-advanced-armbased-32bit-mcus-stmicroelectronics_dfsdm.pdf; rm0468-stm32h723733-stm32h725735-and-stm32h730-value-line-advanced-armbased-32bit-mcus-stmicroelectronics_dfsdm.pdf,11
CLRCKABF,19:16,3:0,19:16 -> [3:0],rm0394-stm32l41xxx42xxx43xxx44xxx45xxx46xxx-advanced-armbased-32bit-mcus-stmicroelectronics_dfsdm.pdf; rm0402-stm32f412-advanced-armbased-32bit-mcus-stmicroelectronics_dfsdm.pdf; rm0438-stm32l5-series-advanced-armbased-32bit-mcus-stmicroelectronics_dfsdm.pdf; rm0475-stm32mp13xx-advanced-armbased-32bit-mpus-stmicroelectronics_dfsdm.pdf,4
CLRCKABF,23:16,7:0,23:16 -> [7:0],rm0351-stm32l47xxx-stm32l48xxx-stm32l49xxx-and-stm32l4axxx-advanced-armbased-32bit-mcus-stmicroelectronics_dfsdm.pdf; rm0399-stm32h745755-and-stm32h747757-advanced-armbased-32bit-mcus-stmicroelectronics_dfsdm.pdf; rm0410-stm32f76xxx-and-stm32f77xxx-advanced-armbased-32bit-mcus-stmicroelectronics_dfsdm.pdf; rm0430-stm32f413423-advanced-armbased-32bit-mcus-stmicroelectronics_dfsdm.pdf; rm0432-stm32l4-series-advanced-armbased-32bit-mcus-stmicroelectronics_dfsdm.pdf; rm0433-stm32h742-stm32h743753-and-stm32h750-value-line-advanced-armbased-32bit-mcus-stmicroelectronics_dfsdm.pdf; rm0436-stm32mp157-advanced-armbased-32bit-mpus-stmicroelectronics_dfsdm.pdf; rm0441-stm32mp151-advanced-armbased-32bit-mpus-stmicroelectronics_dfsdm.pdf; rm0442-stm32mp153-advanced-armbased-32bit-mpus-stmicroelectronics_dfsdm.pdf; rm0455-stm32h7a37b3-and-stm32h7b0-value-line-advanced-armbased-32bit-mcus-stmicroelectronics_dfsdm.pdf; rm0468-stm32h723733-stm32h725735-and-stm32h730-value-line-advanced-armbased-32bit-mcus-stmicroelectronics_dfsdm.pdf,11
CLRJOVRF,2,,2,rm0351-stm32l47xxx-stm32l48xxx-stm32l49xxx-and-stm32l4axxx-advanced-armbased-32bit-mcus-stmicroelectronics_dfsdm.pdf; rm0394-stm32l41xxx42xxx43xxx44xxx45xxx46xxx-advanced-armbased-32bit-mcus-stmicroelectronics_dfsdm.pdf; rm0399-stm32h745755-and-stm32h747757-advanced-armbased-32bit-mcus-stmicroelectronics_dfsdm.pdf; rm0402-stm32f412-advanced-armbased-32bit-mcus-stmicroelectronics_dfsdm.pdf; rm0410-stm32f76xxx-and-stm32f77xxx-advanced-armbased-32bit-mcus-stmicroelectronics_dfsdm.pdf; rm0430-stm32f413423-advanced-armbased-32bit-mcus-stmicroelectronics_dfsdm.pdf; rm0432-stm32l4-series-advanced-armbased-32bit-mcus-stmicroelectronics_dfsdm.pdf; rm0433-stm32h742-stm32h743753-and-stm32h750-value-line-advanced-armbased-32bit-mcus-stmicroelectronics_dfsdm.pdf; rm0436-stm32mp157-advanced-armbased-32bit-mpus-stmicroelectronics_dfsdm.pdf; rm0438-stm32l5-series-advanced-armbased-32bit-mcus-stmicroelectronics_dfsdm.pdf; rm0441-stm32mp151-advanced-armbased-32bit-mpus-stmicroelectronics_dfsdm.pdf; rm0442-stm32mp153-advanced-armbased-32bit-mpus-stmicroelectronics_dfsdm.pdf; rm0455-stm32h7a37b3-and-stm32h7b0-value-line-advanced-armbased-32bit-mcus-stmicroelectronics_dfsdm.pdf; rm0468-stm32h723733-stm32h725735-and-stm32h730-value-line-advanced-armbased-32bit-mcus-stmicroelectronics_dfsdm.pdf; rm0475-stm32mp13xx-advanced-armbased-32bit-mpus-stmicroelectronics_dfsdm.pdf,15
CLRROVRF,3,,3,rm0351-stm32l47xxx-stm32l48xxx-stm32l49xxx-and-stm32l4axxx-advanced-armbased-32bit-mcus-stmicroelectronics_dfsdm.pdf; rm0394-stm32l41xxx42xxx43xxx44xxx45xxx46xxx-advanced-armbased-32bit-mcus-stmicroelectronics_dfsdm.pdf; rm0399-stm32h745755-and-stm32h747757-advanced-armbased-32bit-mcus-stmicroelectronics_dfsdm.pdf; rm0402-stm32f412-advanced-armbased-32bit-mcus-stmicroelectronics_dfsdm.pdf; rm0410-stm32f76xxx-and-stm32f77xxx-advanced-armbased-32bit-mcus-stmicroelectronics_dfsdm.pdf; rm0430-stm32f413423-advanced-armbased-32bit-mcus-stmicroelectronics_dfsdm.pdf; rm0432-stm32l4-series-advanced-armbased-32bit-mcus-stmicroelectronics_dfsdm.pdf; rm0433-stm32h742-stm32h743753-and-stm32h750-value-line-advanced-armbased-32bit-mcus-stmicroelectronics_dfsdm.pdf; rm0436-stm32mp157-advanced-armbased-32bit-mpus-stmicroelectronics_dfsdm.pdf; rm0438-stm32l5-series-advanced-armbased-32bit-mcus-stmicroelectronics_dfsdm.pdf; rm0441-stm32mp151-advanced-armbased-32bit-mpus-stmicroelectronics_dfsdm.pdf; rm0442-stm32mp153-advanced-armbased-32bit-mpus-stmicroelectronics_dfsdm.pdf; rm0455-stm32h7a37b3-and-stm32h7b0-value-line-advanced-armbased-32bit-mcus-stmicroelectronics_dfsdm.pdf; rm0468-stm32h723733-stm32h725735-and-stm32h730-value-line-advanced-armbased-32bit-mcus-stmicroelectronics_dfsdm.pdf; rm0475-stm32mp13xx-advanced-armbased-32bit-mpus-stmicroelectronics_dfsdm.pdf,15
CLRSCDF,27:24,3:0,27:24 -> [3:0],rm0394-stm32l41xxx42xxx43xxx44xxx45xxx46xxx-advanced-armbased-32bit-mcus-stmicroelectronics_dfsdm.pdf; rm0402-stm32f412-advanced-armbased-32bit-mcus-stmicroelectronics_dfsdm.pdf; rm0438-stm32l5-series-advanced-armbased-32bit-mcus-stmicroelectronics_dfsdm.pdf; rm0475-stm32mp13xx-advanced-armbased-32bit-mpus-stmicroelectronics_dfsdm.pdf,4
CLRSCDF,31:24,7:0,31:24 -> [7:0],rm0351-stm32l47xxx-stm32l48xxx-stm32l49xxx-and-stm32l4axxx-advanced-armbased-32bit-mcus-stmicroelectronics_dfsdm.pdf; rm0399-stm32h745755-and-stm32h747757-advanced-armbased-32bit-mcus-stmicroelectronics_dfsdm.pdf; rm0410-stm32f76xxx-and-stm32f77xxx-advanced-armbased-32bit-mcus-stmicroelectronics_dfsdm.pdf; rm0430-stm32f413423-advanced-armbased-32bit-mcus-stmicroelectronics_dfsdm.pdf; rm0432-stm32l4-series-advanced-armbased-32bit-mcus-stmicroelectronics_dfsdm.pdf; rm0433-stm32h742-stm32h743753-and-stm32h750-value-line-advanced-armbased-32bit-mcus-stmicroelectronics_dfsdm.pdf; rm0436-stm32mp157-advanced-armbased-32bit-mpus-stmicroelectronics_dfsdm.pdf; rm0441-stm32mp151-advanced-armbased-32bit-mpus-stmicroelectronics_dfsdm.pdf; rm0442-stm32mp153-advanced-armbased-32bit-mpus-stmicroelectronics_dfsdm.pdf; rm0455-stm32h7a37b3-and-stm32h7b0-value-line-advanced-armbased-32bit-mcus-stmicroelectronics_dfsdm.pdf; rm0468-stm32h723733-stm32h725735-and-stm32h730-value-line-advanced-armbased-32bit-mcus-stmicroelectronics_dfsdm.pdf,11
CNVCNT,31:4,27:0,31:4 -> [27:0],rm0351-stm32l47xxx-stm32l48xxx-stm32l49xxx-and-stm32l4axxx-advanced-armbased-32bit-mcus-stmicroelectronics_dfsdm.pdf; rm0394-stm32l41xxx42xxx43xxx44xxx45xxx46xxx-advanced-armbased-32bit-mcus-stmicroelectronics_dfsdm.pdf; rm0399-stm32h745755-and-stm32h747757-advanced-armbased-32bit-mcus-stmicroelectronics_dfsdm.pdf; rm0402-stm32f412-advanced-armbased-32bit-mcus-stmicroelectronics_dfsdm.pdf; rm0410-stm32f76xxx-and-stm32f77xxx-advanced-armbased-32bit-mcus-stmicroelectronics_dfsdm.pdf; rm0430-stm32f413423-advanced-armbased-32bit-mcus-stmicroelectronics_dfsdm.pdf; rm0432-stm32l4-series-advanced-armbased-32bit-mcus-stmicroelectronics_dfsdm.pdf; rm0433-stm32h742-stm32h743753-and-stm32h750-value-line-advanced-armbased-32bit-mcus-stmicroelectronics_dfsdm.pdf; rm0436-stm32mp157-advanced-armbased-32bit-mpus-stmicroelectronics_dfsdm.pdf; rm0438-stm32l5-series-advanced-armbased-32bit-mcus-stmicroelectronics_dfsdm.pdf; rm0441-stm32mp151-advanced-armbased-32bit-mpus-stmicroelectronics_dfsdm.pdf; rm0442-stm32mp153-advanced-armbased-32bit-mpus-stmicroelectronics_dfsdm.pdf; rm0455-stm32h7a37b3-and-stm32h7b0-value-line-advanced-armbased-32bit-mcus-stmicroelectronics_dfsdm.pdf; rm0468-stm32h723733-stm32h725735-and-stm32h730-value-line-advanced-armbased-32bit-mcus-stmicroelectronics_dfsdm.pdf; rm0475-stm32mp13xx-advanced-armbased-32bit-mpus-stmicroelectronics_dfsdm.pdf,15
DATMPX,13:12,1:0,13:12 -> [1:0],rm0351-stm32l47xxx-stm32l48xxx-stm32l49xxx-and-stm32l4axxx-advanced-armbased-32bit-mcus-stmicroelectronics_dfsdm.pdf; rm0394-stm32l41xxx42xxx43xxx44xxx45xxx46xxx-advanced-armbased-32bit-mcus-stmicroelectronics_dfsdm.pdf; rm0399-stm32h745755-and-stm32h747757-advanced-armbased-32bit-mcus-stmicroelectronics_dfsdm.pdf; rm0402-stm32f412-advanced-armbased-32bit-mcus-stmicroelectronics_dfsdm.pdf; rm0410-stm32f76xxx-and-stm32f77xxx-advanced-armbased-32bit-mcus-stmicroelectronics_dfsdm.pdf; rm0430-stm32f413423-advanced-armbased-32bit-mcus-stmicroelectronics_dfsdm.pdf; rm0432-stm32l4-series-advanced-armbased-32bit-mcus-stmicroelectronics_dfsdm.pdf; rm0433-stm32h742-stm32h743753-and-stm32h750-value-line-advanced-armbased-32bit-mcus-stmicroelectronics_dfsdm.pdf; rm0436-stm32mp157-advanced-armbased-32bit-mpus-stmicroelectronics_dfsdm.pdf; rm0438-stm32l5-series-advanced-armbased-32bit-mcus-stmicroelectronics_dfsdm.pdf; rm0441-stm32mp151-advanced-armbased-32bit-mpus-stmicroelectronics_dfsdm.pdf; rm0442-stm32mp153-advanced-armbased-32bit-mpus-stmicroelectronics_dfsdm.pdf; rm0455-stm32h7a37b3-and-stm32h7b0-value-line-advanced-armbased-32bit-mcus-stmicroelectronics_dfsdm.pdf; rm0468-stm32h723733-stm32h725735-and-stm32h730-value-line-advanced-armbased-32bit-mcus-stmicroelectronics_dfsdm.pdf; rm0475-stm32mp13xx-advanced-armbased-32bit-mpus-stmicroelectronics_dfsdm.pdf,15
DATPACK,15:14,1:0,15:14 -> [1:0],rm0351-stm32l47xxx-stm32l48xxx-stm32l49xxx-and-stm32l4axxx-advanced-armbased-32bit-mcus-stmicroelectronics_dfsdm.pdf; rm0394-stm32l41xxx42xxx43xxx44xxx45xxx46xxx-advanced-armbased-32bit-mcus-stmicroelectronics_dfsdm.pdf; rm0399-stm32h745755-and-stm32h747757-advanced-armbased-32bit-mcus-stmicroelectronics_dfsdm.pdf; rm0402-stm32f412-advanced-armbased-32bit-mcus-stmicroelectronics_dfsdm.pdf; rm0410-stm32f76xxx-and-stm32f77xxx-advanced-armbased-32bit-mcus-stmicroelectronics_dfsdm.pdf; rm0430-stm32f413423-advanced-armbased-32bit-mcus-stmicroelectronics_dfsdm.pdf; rm0432-stm32l4-series-advanced-armbased-32bit-mcus-stmicroelectronics_dfsdm.pdf; rm0433-stm32h742-stm32h743753-and-stm32h750-value-line-advanced-armbased-32bit-mcus-stmicroelectronics_dfsdm.pdf; rm0436-stm32mp157-advanced-armbased-32bit-mpus-stmicroelectronics_dfsdm.pdf; rm0438-stm32l5-series-advanced-armbased-32bit-mcus-stmicroelectronics_dfsdm.pdf; rm0441-stm32mp151-advanced-armbased-32bit-mpus-stmicroelectronics_dfsdm.pdf; rm0442-stm32mp153-advanced-armbased-32bit-mpus-stmicroelectronics_dfsdm.pdf; rm0455-stm32h7a37b3-and-stm32h7b0-value-line-advanced-armbased-32bit-mcus-stmicroelectronics_dfsdm.pdf; rm0468-stm32h723733-stm32h725735-and-stm32h730-value-line-advanced-armbased-32bit-mcus-stmicroelectronics_dfsdm.pdf; rm0475-stm32mp13xx-advanced-armbased-32bit-mpus-stmicroelectronics_dfsdm.pdf,15
DFEN,0,,0,rm0351-stm32l47xxx-stm32l48xxx-stm32l49xxx-and-stm32l4axxx-advanced-armbased-32bit-mcus-stmicroelectronics_dfsdm.pdf; rm0394-stm32l41xxx42xxx43xxx44xxx45xxx46xxx-advanced-armbased-32bit-mcus-stmicroelectronics_dfsdm.pdf; rm0399-stm32h745755-and-stm32h747757-advanced-armbased-32bit-mcus-stmicroelectronics_dfsdm.pdf; rm0402-stm32f412-advanced-armbased-32bit-mcus-stmicroelectronics_dfsdm.pdf; rm0410-stm32f76xxx-and-stm32f77xxx-advanced-armbased-32bit-mcus-stmicroelectronics_dfsdm.pdf; rm0430-stm32f413423-advanced-armbased-32bit-mcus-stmicroelectronics_dfsdm.pdf; rm0432-stm32l4-series-advanced-armbased-32bit-mcus-stmicroelectronics_dfsdm.pdf; rm0433-stm32h742-stm32h743753-and-stm32h750-value-line-advanced-armbased-32bit-mcus-stmicroelectronics_dfsdm.pdf; rm0436-stm32mp157-advanced-armbased-32bit-mpus-stmicroelectronics_dfsdm.pdf; rm0438-stm32l5-series-advanced-armbased-32bit-mcus-stmicroelectronics_dfsdm.pdf; rm0441-stm32mp151-advanced-armbased-32bit-mpus-stmicroelectronics_dfsdm.pdf; rm0442-stm32mp153-advanced-armbased-32bit-mpus-stmicroelectronics_dfsdm.pdf; rm0455-stm32h7a37b3-and-stm32h7b0-value-line-advanced-armbased-32bit-mcus-stmicroelectronics_dfsdm.pdf; rm0468-stm32h723733-stm32h725735-and-stm32h730-value-line-advanced-armbased-32bit-mcus-stmicroelectronics_dfsdm.pdf; rm0475-stm32mp13xx-advanced-armbased-32bit-mpus-stmicroelectronics_dfsdm.pdf,15
DFSDMEN,31,,31,rm0351-stm32l47xxx-stm32l48xxx-stm32l49xxx-and-stm32l4axxx-advanced-armbased-32bit-mcus-stmicroelectronics_dfsdm.pdf; rm0394-stm32l41xxx42xxx43xxx44xxx45xxx46xxx-advanced-armbased-32bit-mcus-stmicroelectronics_dfsdm.pdf; rm0399-stm32h745755-and-stm32h747757-advanced-armbased-32bit-mcus-stmicroelectronics_dfsdm.pdf; rm0402-stm32f412-advanced-armbased-32bit-mcus-stmicroelectronics_dfsdm.pdf; rm0410-stm32f76xxx-and-stm32f77xxx-advanced-armbased-32bit-mcus-stmicroelectronics_dfsdm.pdf; rm0430-stm32f413423-advanced-armbased-32bit-mcus-stmicroelectronics_dfsdm.pdf; rm0432-stm32l4-series-advanced-armbased-32bit-mcus-stmicroelectronics_dfsdm.pdf; rm0433-stm32h742-stm32h743753-and-stm32h750-value-line-advanced-armbased-32bit-mcus-stmicroelectronics_dfsdm.pdf; rm0436-stm32mp157-advanced-armbased-32bit-mpus-stmicroelectronics_dfsdm.pdf; rm0438-stm32l5-series-advanced-armbased-32bit-mcus-stmicroelectronics_dfsdm.pdf; rm0441-stm32mp151-advanced-armbased-32bit-mpus-stmicroelectronics_dfsdm.pdf; rm0442-stm32mp153-advanced-armbased-32bit-mpus-stmicroelectronics_dfsdm.pdf; rm0455-stm32h7a37b3-and-stm32h7b0-value-line-advanced-armbased-32bit-mcus-stmicroelectronics_dfsdm.pdf; rm0468-stm32h723733-stm32h725735-and-stm32h730-value-line-advanced-armbased-32bit-mcus-stmicroelectronics_dfsdm.pdf; rm0475-stm32mp13xx-advanced-armbased-32bit-mpus-stmicroelectronics_dfsdm.pdf,15
DTRBS,7:3,4:0,7:3 -> [4:0],rm0351-stm32l47xxx-stm32l48xxx-stm32l49xxx-and-stm32l4axxx-advanced-armbased-32bit-mcus-stmicroelectronics_dfsdm.pdf; rm0394-stm32l41xxx42xxx43xxx44xxx45xxx46xxx-advanced-armbased-32bit-mcus-stmicroelectronics_dfsdm.pdf; rm0399-stm32h745755-and-stm32h747757-advanced-armbased-32bit-mcus-stmicroelectronics_dfsdm.pdf; rm0402-stm32f412-advanced-armbased-32bit-mcus-stmicroelectronics_dfsdm.pdf; rm0410-stm32f76xxx-and-stm32f77xxx-advanced-armbased-32bit-mcus-stmicroelectronics_dfsdm.pdf; rm0430-stm32f413423-advanced-armbased-32bit-mcus-stmicroelectronics_dfsdm.pdf; rm0432-stm32l4-series-advanced-armbased-32bit-mcus-stmicroelectronics_dfsdm.pdf; rm0433-stm32h742-stm32h743753-and-stm32h750-value-line-advanced-armbased-32bit-mcus-stmicroelectronics_dfsdm.pdf; rm0436-stm32mp157-advanced-armbased-32bit-mpus-stmicroelectronics_dfsdm.pdf; rm0438-stm32l5-series-advanced-armbased-32bit-mcus-stmicroelectronics_dfsdm.pdf; rm0441-stm32mp151-advanced-armbased-32bit-mpus-stmicroelectronics_dfsdm.pdf; rm0442-stm32mp153-advanced-armbased-32bit-mpus-stmicroelectronics_dfsdm.pdf; rm0455-stm32h7a37b3-and-stm32h7b0-value-line-advanced-armbased-32bit-mcus-stmicroelectronics_dfsdm.pdf; rm0468-stm32h723733-stm32h725735-and-stm32h730-value-line-advanced-armbased-32bit-mcus-stmicroelectronics_dfsdm.pdf; rm0475-stm32mp13xx-advanced-armbased-32bit-mpus-stmicroelectronics_dfsdm.pdf,15
EXCH,11:8,3:0,11:8 -> [3:0],rm0394-stm32l41xxx42xxx43xxx44xxx45xxx46xxx-advanced-armbased-32bit-mcus-stmicroelectronics_dfsdm.pdf; rm0402-stm32f412-advanced-armbased-32bit-mcus-stmicroelectronics_dfsdm.pdf; rm0438-stm32l5-series-advanced-armbased-32bit-mcus-stmicroelectronics_dfsdm.pdf; rm0475-stm32mp13xx-advanced-armbased-32bit-mpus-stmicroelectronics_dfsdm.pdf,4
EXCH,15:8,7:0,15:8 -> [7:0],rm0351-stm32l47xxx-stm32l48xxx-stm32l49xxx-and-stm32l4axxx-advanced-armbased-32bit-mcus-stmicroelectronics_dfsdm.pdf; rm0399-stm32h745755-and-stm32h747757-advanced-armbased-32bit-mcus-stmicroelectronics_dfsdm.pdf; rm0410-stm32f76xxx-and-stm32f77xxx-advanced-armbased-32bit-mcus-stmicroelectronics_dfsdm.pdf; rm0430-stm32f413423-advanced-armbased-32bit-mcus-stmicroelectronics_dfsdm.pdf; rm0432-stm32l4-series-advanced-armbased-32bit-mcus-stmicroelectronics_dfsdm.pdf; rm0433-stm32h742-stm32h743753-and-stm32h750-value-line-advanced-armbased-32bit-mcus-stmicroelectronics_dfsdm.pdf; rm0436-stm32mp157-advanced-armbased-32bit-mpus-stmicroelectronics_dfsdm.pdf; rm0441-stm32mp151-advanced-armbased-32bit-mpus-stmicroelectronics_dfsdm.pdf; rm0442-stm32mp153-advanced-armbased-32bit-mpus-stmicroelectronics_dfsdm.pdf; rm0455-stm32h7a37b3-and-stm32h7b0-value-line-advanced-armbased-32bit-mcus-stmicroelectronics_dfsdm.pdf; rm0468-stm32h723733-stm32h725735-and-stm32h730-value-line-advanced-armbased-32bit-mcus-stmicroelectronics_dfsdm.pdf,11
EXMAX,31:8,23:0,31:8 -> [23:0],rm0351-stm32l47xxx-stm32l48xxx-stm32l49xxx-and-stm32l4axxx-advanced-armbased-32bit-mcus-stmicroelectronics_dfsdm.pdf; rm0394-stm32l41xxx42xxx43xxx44xxx45xxx46xxx-advanced-armbased-32bit-mcus-stmicroelectronics_dfsdm.pdf; rm0399-stm32h745755-and-stm32h747757-advanced-armbased-32bit-mcus-stmicroelectronics_dfsdm.pdf; rm0402-stm32f412-advanced-armbased-32bit-mcus-stmicroelectronics_dfsdm.pdf; rm0410-stm32f76xxx-and-stm32f77xxx-advanced-armbased-32bit-mcus-stmicroelectronics_dfsdm.pdf; rm0430-stm32f413423-advanced-armbased-32bit-mcus-stmicroelectronics_dfsdm.pdf; rm0432-stm32l4-series-advanced-armbased-32bit-mcus-stmicroelectronics_dfsdm.pdf; rm0433-stm32h742-stm32h743753-and-stm32h750-value-line-advanced-armbased-32bit-mcus-stmicroelectronics_dfsdm.pdf; rm0436-stm32mp157-advanced-armbased-32bit-mpus-stmicroelectronics_dfsdm.pdf; rm0438-stm32l5-series-advanced-armbased-32bit-mcus-stmicroelectronics_dfsdm.pdf; rm0441-stm32mp151-advanced-armbased-32bit-mpus-stmicroelectronics_dfsdm.pdf; rm0442-stm32mp153-advanced-armbased-32bit-mpus-stmicroelectronics_dfsdm.pdf; rm0455-stm32h7a37b3-and-stm32h7b0-value-line-advanced-armbased-32bit-mcus-stmicroelectronics_dfsdm.pdf; rm0468-stm32h723733-stm32h725735-and-stm32h730-value-line-advanced-armbased-32bit-mcus-stmicroelectronics_dfsdm.pdf; rm0475-stm32mp13xx-advanced-armbased-32bit-mpus-stmicroelectronics_dfsdm.pdf,15
EXMAXCH,1:0,1:0,1:0 -> [1:0],rm0394-stm32l41xxx42xxx43xxx44xxx45xxx46xxx-advanced-armbased-32bit-mcus-stmicroelectronics_dfsdm.pdf; rm0402-stm32f412-advanced-armbased-32bit-mcus-stmicroelectronics_dfsdm.pdf; rm0438-stm32l5-series-advanced-armbased-32bit-mcus-stmicroelectronics_dfsdm.pdf; rm0475-stm32mp13xx-advanced-armbased-32bit-mpus-stmicroelectronics_dfsdm.pdf,4
EXMAXCH,2:0,2:0,2:0 -> [2:0],rm0351-stm32l47xxx-stm32l48xxx-stm32l49xxx-and-stm32l4axxx-advanced-armbased-32bit-mcus-stmicroelectronics_dfsdm.pdf; rm0399-stm32h745755-and-stm32h747757-advanced-armbased-32bit-mcus-stmicroelectronics_dfsdm.pdf; rm0410-stm32f76xxx-and-stm32f77xxx-advanced-armbased-32bit-mcus-stmicroelectronics_dfsdm.pdf; rm0430-stm32f413423-advanced-armbased-32bit-mcus-stmicroelectronics_dfsdm.pdf; rm0432-stm32l4-series-advanced-armbased-32bit-mcus-stmicroelectronics_dfsdm.pdf; rm0433-stm32h742-stm32h743753-and-stm32h750-value-line-advanced-armbased-32bit-mcus-stmicroelectronics_dfsdm.pdf; rm0436-stm32mp157-advanced-armbased-32bit-mpus-stmicroelectronics_dfsdm.pdf; rm0441-stm32mp151-advanced-armbased-32bit-mpus-stmicroelectronics_dfsdm.pdf; rm0442-stm32mp153-advanced-armbased-32bit-mpus-stmicroelectronics_dfsdm.pdf; rm0455-stm32h7a37b3-and-stm32h7b0-value-line-advanced-armbased-32bit-mcus-stmicroelectronics_dfsdm.pdf; rm0468-stm32h723733-stm32h725735-and-stm32h730-value-line-advanced-armbased-32bit-mcus-stmicroelectronics_dfsdm.pdf,11
EXMIN,31:8,23:0,31:8 -> [23:0],rm0351-stm32l47xxx-stm32l48xxx-stm32l49xxx-and-stm32l4axxx-advanced-armbased-32bit-mcus-stmicroelectronics_dfsdm.pdf; rm0394-stm32l41xxx42xxx43xxx44xxx45xxx46xxx-advanced-armbased-32bit-mcus-stmicroelectronics_dfsdm.pdf; rm0399-stm32h745755-and-stm32h747757-advanced-armbased-32bit-mcus-stmicroelectronics_dfsdm.pdf; rm0402-stm32f412-advanced-armbased-32bit-mcus-stmicroelectronics_dfsdm.pdf; rm0410-stm32f76xxx-and-stm32f77xxx-advanced-armbased-32bit-mcus-stmicroelectronics_dfsdm.pdf; rm0430-stm32f413423-advanced-armbased-32bit-mcus-stmicroelectronics_dfsdm.pdf; rm0432-stm32l4-series-advanced-armbased-32bit-mcus-stmicroelectronics_dfsdm.pdf; rm0433-stm32h742-stm32h743753-and-stm32h750-value-line-advanced-armbased-32bit-mcus-stmicroelectronics_dfsdm.pdf; rm0436-stm32mp157-advanced-armbased-32bit-mpus-stmicroelectronics_dfsdm.pdf; rm0438-stm32l5-series-advanced-armbased-32bit-mcus-stmicroelectronics_dfsdm.pdf; rm0441-stm32mp151-advanced-armbased-32bit-mpus-stmicroelectronics_dfsdm.pdf; rm0442-stm32mp153-advanced-armbased-32bit-mpus-stmicroelectronics_dfsdm.pdf; rm0455-stm32h7a37b3-and-stm32h7b0-value-line-advanced-armbased-32bit-mcus-stmicroelectronics_dfsdm.pdf; rm0468-stm32h723733-stm32h725735-and-stm32h730-value-line-advanced-armbased-32bit-mcus-stmicroelectronics_dfsdm.pdf; rm0475-stm32mp13xx-advanced-armbased-32bit-mpus-stmicroelectronics_dfsdm.pdf,15
EXMINCH,1:0,1:0,1:0 -> [1:0],rm0394-stm32l41xxx42xxx43xxx44xxx45xxx46xxx-advanced-armbased-32bit-mcus-stmicroelectronics_dfsdm.pdf; rm0402-stm32f412-advanced-armbased-32bit-mcus-stmicroelectronics_dfsdm.pdf; rm0438-stm32l5-series-advanced-armbased-32bit-mcus-stmicroelectronics_dfsdm.pdf; rm0475-stm32mp13xx-advanced-armbased-32bit-mpus-stmicroelectronics_dfsdm.pdf,4
EXMINCH,2:0,2:0,2:0 -> [2:0],rm0351-stm32l47xxx-stm32l48xxx-stm32l49xxx-and-stm32l4axxx-advanced-armbased-32bit-mcus-stmicroelectronics_dfsdm.pdf; rm0399-stm32h745755-and-stm32h747757-advanced-armbased-32bit-mcus-stmicroelectronics_dfsdm.pdf; rm0410-stm32f76xxx-and-stm32f77xxx-advanced-armbased-32bit-mcus-stmicroelectronics_dfsdm.pdf; rm0430-stm32f413423-advanced-armbased-32bit-mcus-stmicroelectronics_dfsdm.pdf; rm0432-stm32l4-series-advanced-armbased-32bit-mcus-stmicroelectronics_dfsdm.pdf; rm0433-stm32h742-stm32h743753-and-stm32h750-value-line-advanced-armbased-32bit-mcus-stmicroelectronics_dfsdm.pdf; rm0436-stm32mp157-advanced-armbased-32bit-mpus-stmicroelectronics_dfsdm.pdf; rm0441-stm32mp151-advanced-armbased-32bit-mpus-stmicroelectronics_dfsdm.pdf; rm0442-stm32mp153-advanced-armbased-32bit-mpus-stmicroelectronics_dfsdm.pdf; rm0455-stm32h7a37b3-and-stm32h7b0-value-line-advanced-armbased-32bit-mcus-stmicroelectronics_dfsdm.pdf; rm0468-stm32h723733-stm32h725735-and-stm32h730-value-line-advanced-armbased-32bit-mcus-stmicroelectronics_dfsdm.pdf,11
FAST,29,,29,rm0351-stm32l47xxx-stm32l48xxx-stm32l49xxx-and-stm32l4axxx-advanced-armbased-32bit-mcus-stmicroelectronics_dfsdm.pdf; rm0394-stm32l41xxx42xxx43xxx44xxx45xxx46xxx-advanced-armbased-32bit-mcus-stmicroelectronics_dfsdm.pdf; rm0399-stm32h745755-and-stm32h747757-advanced-armbased-32bit-mcus-stmicroelectronics_dfsdm.pdf; rm0402-stm32f412-advanced-armbased-32bit-mcus-stmicroelectronics_dfsdm.pdf; rm0410-stm32f76xxx-and-stm32f77xxx-advanced-armbased-32bit-mcus-stmicroelectronics_dfsdm.pdf; rm0430-stm32f413423-advanced-armbased-32bit-mcus-stmicroelectronics_dfsdm.pdf; rm0432-stm32l4-series-advanced-armbased-32bit-mcus-stmicroelectronics_dfsdm.pdf; rm0433-stm32h742-stm32h743753-and-stm32h750-value-line-advanced-armbased-32bit-mcus-stmicroelectronics_dfsdm.pdf; rm0436-stm32mp157-advanced-armbased-32bit-mpus-stmicroelectronics_dfsdm.pdf; rm0438-stm32l5-series-advanced-armbased-32bit-mcus-stmicroelectronics_dfsdm.pdf; rm0441-stm32mp151-advanced-armbased-32bit-mpus-stmicroelectronics_dfsdm.pdf; rm0442-stm32mp153-advanced-armbased-32bit-mpus-stmicroelectronics_dfsdm.pdf; rm0455-stm32h7a37b3-and-stm32h7b0-value-line-advanced-armbased-32bit-mcus-stmicroelectronics_dfsdm.pdf; rm0468-stm32h723733-stm32h725735-and-stm32h730-value-line-advanced-armbased-32bit-mcus-stmicroelectronics_dfsdm.pdf; rm0475-stm32mp13xx-advanced-armbased-32bit-mpus-stmicroelectronics_dfsdm.pdf,15
FORD,31:29,2:0,31:29 -> [2:0],rm0351-stm32l47xxx-stm32l48xxx-stm32l49xxx-and-stm32l4axxx-advanced-armbased-32bit-mcus-stmicroelectronics_dfsdm.pdf; rm0394-stm32l41xxx42xxx43xxx44xxx45xxx46xxx-advanced-armbased-32bit-mcus-stmicroelectronics_dfsdm.pdf; rm0399-stm32h745755-and-stm32h747757-advanced-armbased-32bit-mcus-stmicroelectronics_dfsdm.pdf; rm0402-stm32f412-advanced-armbased-32bit-mcus-stmicroelectronics_dfsdm.pdf; rm0410-stm32f76xxx-and-stm32f77xxx-advanced-armbased-32bit-mcus-stmicroelectronics_dfsdm.pdf; rm0430-stm32f413423-advanced-armbased-32bit-mcus-stmicroelectronics_dfsdm.pdf; rm0432-stm32l4-series-advanced-armbased-32bit-mcus-stmicroelectronics_dfsdm.pdf; rm0433-stm32h742-stm32h743753-and-stm32h750-value-line-advanced-armbased-32bit-mcus-stmicroelectronics_dfsdm.pdf; rm0436-stm32mp157-advanced-armbased-32bit-mpus-stmicroelectronics_dfsdm.pdf; rm0438-stm32l5-series-advanced-armbased-32bit-mcus-stmicroelectronics_dfsdm.pdf; rm0441-stm32mp151-advanced-armbased-32bit-mpus-stmicroelectronics_dfsdm.pdf; rm0442-stm32mp153-advanced-armbased-32bit-mpus-stmicroelectronics_dfsdm.pdf; rm0455-stm32h7a37b3-and-stm32h7b0-value-line-advanced-armbased-32bit-mcus-stmicroelectronics_dfsdm.pdf; rm0468-stm32h723733-stm32h725735-and-stm32h730-value-line-advanced-armbased-32bit-mcus-stmicroelectronics_dfsdm.pdf; rm0475-stm32mp13xx-advanced-armbased-32bit-mpus-stmicroelectronics_dfsdm.pdf,15
FOSR,25:16,9:0,25:16 -> [9:0],rm0351-stm32l47xxx-stm32l48xxx-stm32l49xxx-and-stm32l4axxx-advanced-armbased-32bit-mcus-stmicroelectronics_dfsdm.pdf; rm0394-stm32l41xxx42xxx43xxx44xxx45xxx46xxx-advanced-armbased-32bit-mcus-stmicroelectronics_dfsdm.pdf; rm0399-stm32h745755-and-stm32h747757-advanced-armbased-32bit-mcus-stmicroelectronics_dfsdm.pdf; rm0402-stm32f412-advanced-armbased-32bit-mcus-stmicroelectronics_dfsdm.pdf; rm0410-stm32f76xxx-and-stm32f77xxx-advanced-armbased-32bit-mcus-stmicroelectronics_dfsdm.pdf; rm0430-stm32f413423-advanced-armbased-32bit-mcus-stmicroelectronics_dfsdm.pdf; rm0432-stm32l4-series-advanced-armbased-32bit-mcus-stmicroelectronics_dfsdm.pdf; rm0433-stm32h742-stm32h743753-and-stm32h750-value-line-advanced-armbased-32bit-mcus-stmicroelectronics_dfsdm.pdf; rm0436-stm32mp157-advanced-armbased-32bit-mpus-stmicroelectronics_dfsdm.pdf; rm0438-stm32l5-series-advanced-armbased-32bit-mcus-stmicroelectronics_dfsdm.pdf; rm0441-stm32mp151-advanced-armbased-32bit-mpus-stmicroelectronics_dfsdm.pdf; rm0442-stm32mp153-advanced-armbased-32bit-mpus-stmicroelectronics_dfsdm.pdf; rm0455-stm32h7a37b3-and-stm32h7b0-value-line-advanced-armbased-32bit-mcus-stmicroelectronics_dfsdm.pdf; rm0468-stm32h723733-stm32h725735-and-stm32h730-value-line-advanced-armbased-32bit-mcus-stmicroelectronics_dfsdm.pdf; rm0475-stm32mp13xx-advanced-armbased-32bit-mpus-stmicroelectronics_dfsdm.pdf,15
ID,31:0,31:0,31:0 -> [31:0],rm0436-stm32mp157-advanced-armbased-32bit-mpus-stmicroelectronics_dfsdm.pdf; rm0441-stm32mp151-advanced-armbased-32bit-mpus-stmicroelectronics_dfsdm.pdf; rm0442-stm32mp153-advanced-armbased-32bit-mpus-stmicroelectronics_dfsdm.pdf; rm0475-stm32mp13xx-advanced-armbased-32bit-mpus-stmicroelectronics_dfsdm.pdf,4
INDAT0,15:0,15:0,15:0 -> [15:0],rm0351-stm32l47xxx-stm32l48xxx-stm32l49xxx-and-stm32l4axxx-advanced-armbased-32bit-mcus-stmicroelectronics_dfsdm.pdf; rm0394-stm32l41xxx42xxx43xxx44xxx45xxx46xxx-advanced-armbased-32bit-mcus-stmicroelectronics_dfsdm.pdf; rm0399-stm32h745755-and-stm32h747757-advanced-armbased-32bit-mcus-stmicroelectronics_dfsdm.pdf; rm0402-stm32f412-advanced-armbased-32bit-mcus-stmicroelectronics_dfsdm.pdf; rm0410-stm32f76xxx-and-stm32f77xxx-advanced-armbased-32bit-mcus-stmicroelectronics_dfsdm.pdf; rm0430-stm32f413423-advanced-armbased-32bit-mcus-stmicroelectronics_dfsdm.pdf; rm0432-stm32l4-series-advanced-armbased-32bit-mcus-stmicroelectronics_dfsdm.pdf; rm0433-stm32h742-stm32h743753-and-stm32h750-value-line-advanced-armbased-32bit-mcus-stmicroelectronics_dfsdm.pdf; rm0436-stm32mp157-advanced-armbased-32bit-mpus-stmicroelectronics_dfsdm.pdf; rm0438-stm32l5-series-advanced-armbased-32bit-mcus-stmicroelectronics_dfsdm.pdf; rm0441-stm32mp151-advanced-armbased-32bit-mpus-stmicroelectronics_dfsdm.pdf; rm0442-stm32mp153-advanced-armbased-32bit-mpus-stmicroelectronics_dfsdm.pdf; rm0455-stm32h7a37b3-and-stm32h7b0-value-line-advanced-armbased-32bit-mcus-stmicroelectronics_dfsdm.pdf; rm0468-stm32h723733-stm32h725735-and-stm32h730-value-line-advanced-armbased-32bit-mcus-stmicroelectronics_dfsdm.pdf; rm0475-stm32mp13xx-advanced-armbased-32bit-mpus-stmicroelectronics_dfsdm.pdf,15
INDAT1,31:16,15:0,31:16 -> [15:0],rm0351-stm32l47xxx-stm32l48xxx-stm32l49xxx-and-stm32l4axxx-advanced-armbased-32bit-mcus-stmicroelectronics_dfsdm.pdf; rm0394-stm32l41xxx42xxx43xxx44xxx45xxx46xxx-advanced-armbased-32bit-mcus-stmicroelectronics_dfsdm.pdf; rm0399-stm32h745755-and-stm32h747757-advanced-armbased-32bit-mcus-stmicroelectronics_dfsdm.pdf; rm0402-stm32f412-advanced-armbased-32bit-mcus-stmicroelectronics_dfsdm.pdf; rm0410-stm32f76xxx-and-stm32f77xxx-advanced-armbased-32bit-mcus-stmicroelectronics_dfsdm.pdf; rm0430-stm32f413423-advanced-armbased-32bit-mcus-stmicroelectronics_dfsdm.pdf; rm0432-stm32l4-series-advanced-armbased-32bit-mcus-stmicroelectronics_dfsdm.pdf; rm0433-stm32h742-stm32h743753-and-stm32h750-value-line-advanced-armbased-32bit-mcus-stmicroelectronics_dfsdm.pdf; rm0436-stm32mp157-advanced-armbased-32bit-mpus-stmicroelectronics_dfsdm.pdf; rm0438-stm32l5-series-advanced-armbased-32bit-mcus-stmicroelectronics_dfsdm.pdf; rm0441-stm32mp151-advanced-armbased-32bit-mpus-stmicroelectronics_dfsdm.pdf; rm0442-stm32mp153-advanced-armbased-32bit-mpus-stmicroelectronics_dfsdm.pdf; rm0455-stm32h7a37b3-and-stm32h7b0-value-line-advanced-armbased-32bit-mcus-stmicroelectronics_dfsdm.pdf; rm0468-stm32h723733-stm32h725735-and-stm32h730-value-line-advanced-armbased-32bit-mcus-stmicroelectronics_dfsdm.pdf; rm0475-stm32mp13xx-advanced-armbased-32bit-mpus-stmicroelectronics_dfsdm.pdf,15
IOSR,7:0,7:0,7:0 -> [7:0],rm0351-stm32l47xxx-stm32l48xxx-stm32l49xxx-and-stm32l4axxx-advanced-armbased-32bit-mcus-stmicroelectronics_dfsdm.pdf; rm0394-stm32l41xxx42xxx43xxx44xxx45xxx46xxx-advanced-armbased-32bit-mcus-stmicroelectronics_dfsdm.pdf; rm0399-stm32h745755-and-stm32h747757-advanced-armbased-32bit-mcus-stmicroelectronics_dfsdm.pdf; rm0402-stm32f412-advanced-armbased-32bit-mcus-stmicroelectronics_dfsdm.pdf; rm0410-stm32f76xxx-and-stm32f77xxx-advanced-armbased-32bit-mcus-stmicroelectronics_dfsdm.pdf; rm0430-stm32f413423-advanced-armbased-32bit-mcus-stmicroelectronics_dfsdm.pdf; rm0432-stm32l4-series-advanced-armbased-32bit-mcus-stmicroelectronics_dfsdm.pdf; rm0433-stm32h742-stm32h743753-and-stm32h750-value-line-advanced-armbased-32bit-mcus-stmicroelectronics_dfsdm.pdf; rm0436-stm32mp157-advanced-armbased-32bit-mpus-stmicroelectronics_dfsdm.pdf; rm0438-stm32l5-series-advanced-armbased-32bit-mcus-stmicroelectronics_dfsdm.pdf; rm0441-stm32mp151-advanced-armbased-32bit-mpus-stmicroelectronics_dfsdm.pdf; rm0442-stm32mp153-advanced-armbased-32bit-mpus-stmicroelectronics_dfsdm.pdf; rm0455-stm32h7a37b3-and-stm32h7b0-value-line-advanced-armbased-32bit-mcus-stmicroelectronics_dfsdm.pdf; rm0468-stm32h723733-stm32h725735-and-stm32h730-value-line-advanced-armbased-32bit-mcus-stmicroelectronics_dfsdm.pdf; rm0475-stm32mp13xx-advanced-armbased-32bit-mpus-stmicroelectronics_dfsdm.pdf,15
JCHG,3:0,3:0,3:0 -> [3:0],rm0394-stm32l41xxx42xxx43xxx44xxx45xxx46xxx-advanced-armbased-32bit-mcus-stmicroelectronics_dfsdm.pdf; rm0402-stm32f412-advanced-armbased-32bit-mcus-stmicroelectronics_dfsdm.pdf; rm0438-stm32l5-series-advanced-armbased-32bit-mcus-stmicroelectronics_dfsdm.pdf; rm0475-stm32mp13xx-advanced-armbased-32bit-mpus-stmicroelectronics_dfsdm.pdf,4
JCHG,7:0,7:0,7:0 -> [7:0],rm0351-stm32l47xxx-stm32l48xxx-stm32l49xxx-and-stm32l4axxx-advanced-armbased-32bit-mcus-stmicroelectronics_dfsdm.pdf; rm0399-stm32h745755-and-stm32h747757-advanced-armbased-32bit-mcus-stmicroelectronics_dfsdm.pdf; rm0410-stm32f76xxx-and-stm32f77xxx-advanced-armbased-32bit-mcus-stmicroelectronics_dfsdm.pdf; rm0430-stm32f413423-advanced-armbased-32bit-mcus-stmicroelectronics_dfsdm.pdf; rm0432-stm32l4-series-advanced-armbased-32bit-mcus-stmicroelectronics_dfsdm.pdf; rm0433-stm32h742-stm32h743753-and-stm32h750-value-line-advanced-armbased-32bit-mcus-stmicroelectronics_dfsdm.pdf; rm0436-stm32mp157-advanced-armbased-32bit-mpus-stmicroelectronics_dfsdm.pdf; rm0441-stm32mp151-advanced-armbased-32bit-mpus-stmicroelectronics_dfsdm.pdf; rm0442-stm32mp153-advanced-armbased-32bit-mpus-stmicroelectronics_dfsdm.pdf; rm0455-stm32h7a37b3-and-stm32h7b0-value-line-advanced-armbased-32bit-mcus-stmicroelectronics_dfsdm.pdf; rm0468-stm32h723733-stm32h725735-and-stm32h730-value-line-advanced-armbased-32bit-mcus-stmicroelectronics_dfsdm.pdf,11
JCIP,13,,13,rm0351-stm32l47xxx-stm32l48xxx-stm32l49xxx-and-stm32l4axxx-advanced-armbased-32bit-mcus-stmicroelectronics_dfsdm.pdf; rm0394-stm32l41xxx42xxx43xxx44xxx45xxx46xxx-advanced-armbased-32bit-mcus-stmicroelectronics_dfsdm.pdf; rm0399-stm32h745755-and-stm32h747757-advanced-armbased-32bit-mcus-stmicroelectronics_dfsdm.pdf; rm0402-stm32f412-advanced-armbased-32bit-mcus-stmicroelectronics_dfsdm.pdf; rm0410-stm32f76xxx-and-stm32f77xxx-advanced-armbased-32bit-mcus-stmicroelectronics_dfsdm.pdf; rm0430-stm32f413423-advanced-armbased-32bit-mcus-stmicroelectronics_dfsdm.pdf; rm0432-stm32l4-series-advanced-armbased-32bit-mcus-stmicroelectronics_dfsdm.pdf; rm0433-stm32h742-stm32h743753-and-stm32h750-value-line-advanced-armbased-32bit-mcus-stmicroelectronics_dfsdm.pdf; rm0436-stm32mp157-advanced-armbased-32bit-mpus-stmicroelectronics_dfsdm.pdf; rm0438-stm32l5-series-advanced-armbased-32bit-mcus-stmicroelectronics_dfsdm.pdf; rm0441-stm32mp151-advanced-armbased-32bit-mpus-stmicroelectronics_dfsdm.pdf; rm0442-stm32mp153-advanced-armbased-32bit-mpus-stmicroelectronics_dfsdm.pdf; rm0455-stm32h7a37b3-and-stm32h7b0-value-line-advanced-armbased-32bit-mcus-stmicroelectronics_dfsdm.pdf; rm0468-stm32h723733-stm32h725735-and-stm32h730-value-line-advanced-armbased-32bit-mcus-stmicroelectronics_dfsdm.pdf; rm0475-stm32mp13xx-advanced-armbased-32bit-mpus-stmicroelectronics_dfsdm.pdf,15
JDATA,31:8,23:0,31:8 -> [23:0],rm0351-stm32l47xxx-stm32l48xxx-stm32l49xxx-and-stm32l4axxx-advanced-armbased-32bit-mcus-stmicroelectronics_dfsdm.pdf; rm0394-stm32l41xxx42xxx43xxx44xxx45xxx46xxx-advanced-armbased-32bit-mcus-stmicroelectronics_dfsdm.pdf; rm0399-stm32h745755-and-stm32h747757-advanced-armbased-32bit-mcus-stmicroelectronics_dfsdm.pdf; rm0402-stm32f412-advanced-armbased-32bit-mcus-stmicroelectronics_dfsdm.pdf; rm0410-stm32f76xxx-and-stm32f77xxx-advanced-armbased-32bit-mcus-stmicroelectronics_dfsdm.pdf; rm0430-stm32f413423-advanced-armbased-32bit-mcus-stmicroelectronics_dfsdm.pdf; rm0432-stm32l4-series-advanced-armbased-32bit-mcus-stmicroelectronics_dfsdm.pdf; rm0433-stm32h742-stm32h743753-and-stm32h750-value-line-advanced-armbased-32bit-mcus-stmicroelectronics_dfsdm.pdf; rm0436-stm32mp157-advanced-armbased-32bit-mpus-stmicroelectronics_dfsdm.pdf; rm0438-stm32l5-series-advanced-armbased-32bit-mcus-stmicroelectronics_dfsdm.pdf; rm0441-stm32mp151-advanced-armbased-32bit-mpus-stmicroelectronics_dfsdm.pdf; rm0442-stm32mp153-advanced-armbased-32bit-mpus-stmicroelectronics_dfsdm.pdf; rm0455-stm32h7a37b3-and-stm32h7b0-value-line-advanced-armbased-32bit-mcus-stmicroelectronics_dfsdm.pdf; rm0468-stm32h723733-stm32h725735-and-stm32h730-value-line-advanced-armbased-32bit-mcus-stmicroelectronics_dfsdm.pdf; rm0475-stm32mp13xx-advanced-armbased-32bit-mpus-stmicroelectronics_dfsdm.pdf,15
JDATACH,1:0,1:0,1:0 -> [1:0],rm0394-stm32l41xxx42xxx43xxx44xxx45xxx46xxx-advanced-armbased-32bit-mcus-stmicroelectronics_dfsdm.pdf; rm0402-stm32f412-advanced-armbased-32bit-mcus-stmicroelectronics_dfsdm.pdf; rm0438-stm32l5-series-advanced-armbased-32bit-mcus-stmicroelectronics_dfsdm.pdf; rm0475-stm32mp13xx-advanced-armbased-32bit-mpus-stmicroelectronics_dfsdm.pdf,4
JDATACH,2:0,2:0,2:0 -> [2:0],rm0351-stm32l47xxx-stm32l48xxx-stm32l49xxx-and-stm32l4axxx-advanced-armbased-32bit-mcus-stmicroelectronics_dfsdm.pdf; rm0399-stm32h745755-and-stm32h747757-advanced-armbased-32bit-mcus-stmicroelectronics_dfsdm.pdf; rm0410-stm32f76xxx-and-stm32f77xxx-advanced-armbased-32bit-mcus-stmicroelectronics_dfsdm.pdf; rm0430-stm32f413423-advanced-armbased-32bit-mcus-stmicroelectronics_dfsdm.pdf; rm0432-stm32l4-series-advanced-armbased-32bit-mcus-stmicroelectronics_dfsdm.pdf; rm0433-stm32h742-stm32h743753-and-stm32h750-value-line-advanced-armbased-32bit-mcus-stmicroelectronics_dfsdm.pdf; rm0436-stm32mp157-advanced-armbased-32bit-mpus-stmicroelectronics_dfsdm.pdf; rm0441-stm32mp151-advanced-armbased-32bit-mpus-stmicroelectronics_dfsdm.pdf; rm0442-stm32mp153-advanced-armbased-32bit-mpus-stmicroelectronics_dfsdm.pdf; rm0455-stm32h7a37b3-and-stm32h7b0-value-line-advanced-armbased-32bit-mcus-stmicroelectronics_dfsdm.pdf; rm0468-stm32h723733-stm32h725735-and-stm32h730-value-line-advanced-armbased-32bit-mcus-stmicroelectronics_dfsdm.pdf,11
JDMAEN,5,,5,rm0351-stm32l47xxx-stm32l48xxx-stm32l49xxx-and-stm32l4axxx-advanced-armbased-32bit-mcus-stmicroelectronics_dfsdm.pdf; rm0394-stm32l41xxx42xxx43xxx44xxx45xxx46xxx-advanced-armbased-32bit-mcus-stmicroelectronics_dfsdm.pdf; rm0399-stm32h745755-and-stm32h747757-advanced-armbased-32bit-mcus-stmicroelectronics_dfsdm.pdf; rm0402-stm32f412-advanced-armbased-32bit-mcus-stmicroelectronics_dfsdm.pdf; rm0410-stm32f76xxx-and-stm32f77xxx-advanced-armbased-32bit-mcus-stmicroelectronics_dfsdm.pdf; rm0430-stm32f413423-advanced-armbased-32bit-mcus-stmicroelectronics_dfsdm.pdf; rm0432-stm32l4-series-advanced-armbased-32bit-mcus-stmicroelectronics_dfsdm.pdf; rm0433-stm32h742-stm32h743753-and-stm32h750-value-line-advanced-armbased-32bit-mcus-stmicroelectronics_dfsdm.pdf; rm0436-stm32mp157-advanced-armbased-32bit-mpus-stmicroelectronics_dfsdm.pdf; rm0438-stm32l5-series-advanced-armbased-32bit-mcus-stmicroelectronics_dfsdm.pdf; rm0441-stm32mp151-advanced-armbased-32bit-mpus-stmicroelectronics_dfsdm.pdf; rm0442-stm32mp153-advanced-armbased-32bit-mpus-stmicroelectronics_dfsdm.pdf; rm0455-stm32h7a37b3-and-stm32h7b0-value-line-advanced-armbased-32bit-mcus-stmicroelectronics_dfsdm.pdf; rm0468-stm32h723733-stm32h725735-and-stm32h730-value-line-advanced-armbased-32bit-mcus-stmicroelectronics_dfsdm.pdf; rm0475-stm32mp13xx-advanced-armbased-32bit-mpus-stmicroelectronics_dfsdm.pdf,15
JEOCF,0,,0,rm0351-stm32l47xxx-stm32l48xxx-stm32l49xxx-and-stm32l4axxx-advanced-armbased-32bit-mcus-stmicroelectronics_dfsdm.pdf; rm0394-stm32l41xxx42xxx43xxx44xxx45xxx46xxx-advanced-armbased-32bit-mcus-stmicroelectronics_dfsdm.pdf; rm0399-stm32h745755-and-stm32h747757-advanced-armbased-32bit-mcus-stmicroelectronics_dfsdm.pdf; rm0402-stm32f412-advanced-armbased-32bit-mcus-stmicroelectronics_dfsdm.pdf; rm0410-stm32f76xxx-and-stm32f77xxx-advanced-armbased-32bit-mcus-stmicroelectronics_dfsdm.pdf; rm0430-stm32f413423-advanced-armbased-32bit-mcus-stmicroelectronics_dfsdm.pdf; rm0432-stm32l4-series-advanced-armbased-32bit-mcus-stmicroelectronics_dfsdm.pdf; rm0433-stm32h742-stm32h743753-and-stm32h750-value-line-advanced-armbased-32bit-mcus-stmicroelectronics_dfsdm.pdf; rm0436-stm32mp157-advanced-armbased-32bit-mpus-stmicroelectronics_dfsdm.pdf; rm0438-stm32l5-series-advanced-armbased-32bit-mcus-stmicroelectronics_dfsdm.pdf; rm0441-stm32mp151-advanced-armbased-32bit-mpus-stmicroelectronics_dfsdm.pdf; rm0442-stm32mp153-advanced-armbased-32bit-mpus-stmicroelectronics_dfsdm.pdf; rm0455-stm32h7a37b3-and-stm32h7b0-value-line-advanced-armbased-32bit-mcus-stmicroelectronics_dfsdm.pdf; rm0468-stm32h723733-stm32h725735-and-stm32h730-value-line-advanced-armbased-32bit-mcus-stmicroelectronics_dfsdm.pdf; rm0475-stm32mp13xx-advanced-armbased-32bit-mpus-stmicroelectronics_dfsdm.pdf,15
JEOCIE,0,,0,rm0351-stm32l47xxx-stm32l48xxx-stm32l49xxx-and-stm32l4axxx-advanced-armbased-32bit-mcus-stmicroelectronics_dfsdm.pdf; rm0394-stm32l41xxx42xxx43xxx44xxx45xxx46xxx-advanced-armbased-32bit-mcus-stmicroelectronics_dfsdm.pdf; rm0399-stm32h745755-and-stm32h747757-advanced-armbased-32bit-mcus-stmicroelectronics_dfsdm.pdf; rm0402-stm32f412-advanced-armbased-32bit-mcus-stmicroelectronics_dfsdm.pdf; rm0410-stm32f76xxx-and-stm32f77xxx-advanced-armbased-32bit-mcus-stmicroelectronics_dfsdm.pdf; rm0430-stm32f413423-advanced-armbased-32bit-mcus-stmicroelectronics_dfsdm.pdf; rm0432-stm32l4-series-advanced-armbased-32bit-mcus-stmicroelectronics_dfsdm.pdf; rm0433-stm32h742-stm32h743753-and-stm32h750-value-line-advanced-armbased-32bit-mcus-stmicroelectronics_dfsdm.pdf; rm0436-stm32mp157-advanced-armbased-32bit-mpus-stmicroelectronics_dfsdm.pdf; rm0438-stm32l5-series-advanced-armbased-32bit-mcus-stmicroelectronics_dfsdm.pdf; rm0441-stm32mp151-advanced-armbased-32bit-mpus-stmicroelectronics_dfsdm.pdf; rm0442-stm32mp153-advanced-armbased-32bit-mpus-stmicroelectronics_dfsdm.pdf; rm0455-stm32h7a37b3-and-stm32h7b0-value-line-advanced-armbased-32bit-mcus-stmicroelectronics_dfsdm.pdf; rm0468-stm32h723733-stm32h725735-and-stm32h730-value-line-advanced-armbased-32bit-mcus-stmicroelectronics_dfsdm.pdf; rm0475-stm32mp13xx-advanced-armbased-32bit-mpus-stmicroelectronics_dfsdm.pdf,15
JEXTEN,14:13,1:0,14:13 -> [1:0],rm0351-stm32l47xxx-stm32l48xxx-stm32l49xxx-and-stm32l4axxx-advanced-armbased-32bit-mcus-stmicroelectronics_dfsdm.pdf; rm0394-stm32l41xxx42xxx43xxx44xxx45xxx46xxx-advanced-armbased-32bit-mcus-stmicroelectronics_dfsdm.pdf; rm0399-stm32h745755-and-stm32h747757-advanced-armbased-32bit-mcus-stmicroelectronics_dfsdm.pdf; rm0402-stm32f412-advanced-armbased-32bit-mcus-stmicroelectronics_dfsdm.pdf; rm0410-stm32f76xxx-and-stm32f77xxx-advanced-armbased-32bit-mcus-stmicroelectronics_dfsdm.pdf; rm0430-stm32f413423-advanced-armbased-32bit-mcus-stmicroelectronics_dfsdm.pdf; rm0432-stm32l4-series-advanced-armbased-32bit-mcus-stmicroelectronics_dfsdm.pdf; rm0433-stm32h742-stm32h743753-and-stm32h750-value-line-advanced-armbased-32bit-mcus-stmicroelectronics_dfsdm.pdf; rm0436-stm32mp157-advanced-armbased-32bit-mpus-stmicroelectronics_dfsdm.pdf; rm0438-stm32l5-series-advanced-armbased-32bit-mcus-stmicroelectronics_dfsdm.pdf; rm0441-stm32mp151-advanced-armbased-32bit-mpus-stmicroelectronics_dfsdm.pdf; rm0442-stm32mp153-advanced-armbased-32bit-mpus-stmicroelectronics_dfsdm.pdf; rm0455-stm32h7a37b3-and-stm32h7b0-value-line-advanced-armbased-32bit-mcus-stmicroelectronics_dfsdm.pdf; rm0468-stm32h723733-stm32h725735-and-stm32h730-value-line-advanced-armbased-32bit-mcus-stmicroelectronics_dfsdm.pdf; rm0475-stm32mp13xx-advanced-armbased-32bit-mpus-stmicroelectronics_dfsdm.pdf,15
JEXTSEL,10:8,2:0,10:8 -> [2:0],rm0351-stm32l47xxx-stm32l48xxx-stm32l49xxx-and-stm32l4axxx-advanced-armbased-32bit-mcus-stmicroelectronics_dfsdm.pdf; rm0394-stm32l41xxx42xxx43xxx44xxx45xxx46xxx-advanced-armbased-32bit-mcus-stmicroelectronics_dfsdm.pdf; rm0402-stm32f412-advanced-armbased-32bit-mcus-stmicroelectronics_dfsdm.pdf; rm0430-stm32f413423-advanced-armbased-32bit-mcus-stmicroelectronics_dfsdm.pdf,4
JEXTSEL,12:8,4:0,12:8 -> [4:0],rm0399-stm32h745755-and-stm32h747757-advanced-armbased-32bit-mcus-stmicroelectronics_dfsdm.pdf; rm0410-stm32f76xxx-and-stm32f77xxx-advanced-armbased-32bit-mcus-stmicroelectronics_dfsdm.pdf; rm0432-stm32l4-series-advanced-armbased-32bit-mcus-stmicroelectronics_dfsdm.pdf; rm0433-stm32h742-stm32h743753-and-stm32h750-value-line-advanced-armbased-32bit-mcus-stmicroelectronics_dfsdm.pdf; rm0436-stm32mp157-advanced-armbased-32bit-mpus-stmicroelectronics_dfsdm.pdf; rm0438-stm32l5-series-advanced-armbased-32bit-mcus-stmicroelectronics_dfsdm.pdf; rm0441-stm32mp151-advanced-armbased-32bit-mpus-stmicroelectronics_dfsdm.pdf; rm0442-stm32mp153-advanced-armbased-32bit-mpus-stmicroelectronics_dfsdm.pdf; rm0455-stm32h7a37b3-and-stm32h7b0-value-line-advanced-armbased-32bit-mcus-stmicroelectronics_dfsdm.pdf; rm0468-stm32h723733-stm32h725735-and-stm32h730-value-line-advanced-armbased-32bit-mcus-stmicroelectronics_dfsdm.pdf; rm0475-stm32mp13xx-advanced-armbased-32bit-mpus-stmicroelectronics_dfsdm.pdf,11
JOVRF,2,,2,rm0351-stm32l47xxx-stm32l48xxx-stm32l49xxx-and-stm32l4axxx-advanced-armbased-32bit-mcus-stmicroelectronics_dfsdm.pdf; rm0394-stm32l41xxx42xxx43xxx44xxx45xxx46xxx-advanced-armbased-32bit-mcus-stmicroelectronics_dfsdm.pdf; rm0399-stm32h745755-and-stm32h747757-advanced-armbased-32bit-mcus-stmicroelectronics_dfsdm.pdf; rm0402-stm32f412-advanced-armbased-32bit-mcus-stmicroelectronics_dfsdm.pdf; rm0410-stm32f76xxx-and-stm32f77xxx-advanced-armbased-32bit-mcus-stmicroelectronics_dfsdm.pdf; rm0430-stm32f413423-advanced-armbased-32bit-mcus-stmicroelectronics_dfsdm.pdf; rm0432-stm32l4-series-advanced-armbased-32bit-mcus-stmicroelectronics_dfsdm.pdf; rm0433-stm32h742-stm32h743753-and-stm32h750-value-line-advanced-armbased-32bit-mcus-stmicroelectronics_dfsdm.pdf; rm0436-stm32mp157-advanced-armbased-32bit-mpus-stmicroelectronics_dfsdm.pdf; rm0438-stm32l5-series-advanced-armbased-32bit-mcus-stmicroelectronics_dfsdm.pdf; rm0441-stm32mp151-advanced-armbased-32bit-mpus-stmicroelectronics_dfsdm.pdf; rm0442-stm32mp153-advanced-armbased-32bit-mpus-stmicroelectronics_dfsdm.pdf; rm0455-stm32h7a37b3-and-stm32h7b0-value-line-advanced-armbased-32bit-mcus-stmicroelectronics_dfsdm.pdf; rm0468-stm32h723733-stm32h725735-and-stm32h730-value-line-advanced-armbased-32bit-mcus-stmicroelectronics_dfsdm.pdf; rm0475-stm32mp13xx-advanced-armbased-32bit-mpus-stmicroelectronics_dfsdm.pdf,15
JOVRIE,2,,2,rm0351-stm32l47xxx-stm32l48xxx-stm32l49xxx-and-stm32l4axxx-advanced-armbased-32bit-mcus-stmicroelectronics_dfsdm.pdf; rm0394-stm32l41xxx42xxx43xxx44xxx45xxx46xxx-advanced-armbased-32bit-mcus-stmicroelectronics_dfsdm.pdf; rm0399-stm32h745755-and-stm32h747757-advanced-armbased-32bit-mcus-stmicroelectronics_dfsdm.pdf; rm0402-stm32f412-advanced-armbased-32bit-mcus-stmicroelectronics_dfsdm.pdf; rm0410-stm32f76xxx-and-stm32f77xxx-advanced-armbased-32bit-mcus-stmicroelectronics_dfsdm.pdf; rm0430-stm32f413423-advanced-armbased-32bit-mcus-stmicroelectronics_dfsdm.pdf; rm0432-stm32l4-series-advanced-armbased-32bit-mcus-stmicroelectronics_dfsdm.pdf; rm0433-stm32h742-stm32h743753-and-stm32h750-value-line-advanced-armbased-32bit-mcus-stmicroelectronics_dfsdm.pdf; rm0436-stm32mp157-advanced-armbased-32bit-mpus-stmicroelectronics_dfsdm.pdf; rm0438-stm32l5-series-advanced-armbased-32bit-mcus-stmicroelectronics_dfsdm.pdf; rm0441-stm32mp151-advanced-armbased-32bit-mpus-stmicroelectronics_dfsdm.pdf; rm0442-stm32mp153-advanced-armbased-32bit-mpus-stmicroelectronics_dfsdm.pdf; rm0455-stm32h7a37b3-and-stm32h7b0-value-line-advanced-armbased-32bit-mcus-stmicroelectronics_dfsdm.pdf; rm0468-stm32h723733-stm32h725735-and-stm32h730-value-line-advanced-armbased-32bit-mcus-stmicroelectronics_dfsdm.pdf; rm0475-stm32mp13xx-advanced-armbased-32bit-mpus-stmicroelectronics_dfsdm.pdf,15
JSCAN,4,,4,rm0351-stm32l47xxx-stm32l48xxx-stm32l49xxx-and-stm32l4axxx-advanced-armbased-32bit-mcus-stmicroelectronics_dfsdm.pdf; rm0394-stm32l41xxx42xxx43xxx44xxx45xxx46xxx-advanced-armbased-32bit-mcus-stmicroelectronics_dfsdm.pdf; rm0399-stm32h745755-and-stm32h747757-advanced-armbased-32bit-mcus-stmicroelectronics_dfsdm.pdf; rm0402-stm32f412-advanced-armbased-32bit-mcus-stmicroelectronics_dfsdm.pdf; rm0410-stm32f76xxx-and-stm32f77xxx-advanced-armbased-32bit-mcus-stmicroelectronics_dfsdm.pdf; rm0430-stm32f413423-advanced-armbased-32bit-mcus-stmicroelectronics_dfsdm.pdf; rm0432-stm32l4-series-advanced-armbased-32bit-mcus-stmicroelectronics_dfsdm.pdf; rm0433-stm32h742-stm32h743753-and-stm32h750-value-line-advanced-armbased-32bit-mcus-stmicroelectronics_dfsdm.pdf; rm0436-stm32mp157-advanced-armbased-32bit-mpus-stmicroelectronics_dfsdm.pdf; rm0438-stm32l5-series-advanced-armbased-32bit-mcus-stmicroelectronics_dfsdm.pdf; rm0441-stm32mp151-advanced-armbased-32bit-mpus-stmicroelectronics_dfsdm.pdf; rm0442-stm32mp153-advanced-armbased-32bit-mpus-stmicroelectronics_dfsdm.pdf; rm0455-stm32h7a37b3-and-stm32h7b0-value-line-advanced-armbased-32bit-mcus-stmicroelectronics_dfsdm.pdf; rm0468-stm32h723733-stm32h725735-and-stm32h730-value-line-advanced-armbased-32bit-mcus-stmicroelectronics_dfsdm.pdf; rm0475-stm32mp13xx-advanced-armbased-32bit-mpus-stmicroelectronics_dfsdm.pdf,15
JSWSTART,1,,1,rm0351-stm32l47xxx-stm32l48xxx-stm32l49xxx-and-stm32l4axxx-advanced-armbased-32bit-mcus-stmicroelectronics_dfsdm.pdf; rm0394-stm32l41xxx42xxx43xxx44xxx45xxx46xxx-advanced-armbased-32bit-mcus-stmicroelectronics_dfsdm.pdf; rm0399-stm32h745755-and-stm32h747757-advanced-armbased-32bit-mcus-stmicroelectronics_dfsdm.pdf; rm0402-stm32f412-advanced-armbased-32bit-mcus-stmicroelectronics_dfsdm.pdf; rm0410-stm32f76xxx-and-stm32f77xxx-advanced-armbased-32bit-mcus-stmicroelectronics_dfsdm.pdf; rm0430-stm32f413423-advanced-armbased-32bit-mcus-stmicroelectronics_dfsdm.pdf; rm0432-stm32l4-series-advanced-armbased-32bit-mcus-stmicroelectronics_dfsdm.pdf; rm0433-stm32h742-stm32h743753-and-stm32h750-value-line-advanced-armbased-32bit-mcus-stmicroelectronics_dfsdm.pdf; rm0436-stm32mp157-advanced-armbased-32bit-mpus-stmicroelectronics_dfsdm.pdf; rm0438-stm32l5-series-advanced-armbased-32bit-mcus-stmicroelectronics_dfsdm.pdf; rm0441-stm32mp151-advanced-armbased-32bit-mpus-stmicroelectronics_dfsdm.pdf; rm0442-stm32mp153-advanced-armbased-32bit-mpus-stmicroelectronics_dfsdm.pdf; rm0455-stm32h7a37b3-and-stm32h7b0-value-line-advanced-armbased-32bit-mcus-stmicroelectronics_dfsdm.pdf; rm0468-stm32h723733-stm32h725735-and-stm32h730-value-line-advanced-armbased-32bit-mcus-stmicroelectronics_dfsdm.pdf; rm0475-stm32mp13xx-advanced-armbased-32bit-mpus-stmicroelectronics_dfsdm.pdf,15
JSYNC,3,,3,rm0351-stm32l47xxx-stm32l48xxx-stm32l49xxx-and-stm32l4axxx-advanced-armbased-32bit-mcus-stmicroelectronics_dfsdm.pdf; rm0394-stm32l41xxx42xxx43xxx44xxx45xxx46xxx-advanced-armbased-32bit-mcus-stmicroelectronics_dfsdm.pdf; rm0399-stm32h745755-and-stm32h747757-advanced-armbased-32bit-mcus-stmicroelectronics_dfsdm.pdf; rm0402-stm32f412-advanced-armbased-32bit-mcus-stmicroelectronics_dfsdm.pdf; rm0410-stm32f76xxx-and-stm32f77xxx-advanced-armbased-32bit-mcus-stmicroelectronics_dfsdm.pdf; rm0430-stm32f413423-advanced-armbased-32bit-mcus-stmicroelectronics_dfsdm.pdf; rm0432-stm32l4-series-advanced-armbased-32bit-mcus-stmicroelectronics_dfsdm.pdf; rm0433-stm32h742-stm32h743753-and-stm32h750-value-line-advanced-armbased-32bit-mcus-stmicroelectronics_dfsdm.pdf; rm0436-stm32mp157-advanced-armbased-32bit-mpus-stmicroelectronics_dfsdm.pdf; rm0438-stm32l5-series-advanced-armbased-32bit-mcus-stmicroelectronics_dfsdm.pdf; rm0441-stm32mp151-advanced-armbased-32bit-mpus-stmicroelectronics_dfsdm.pdf; rm0442-stm32mp153-advanced-armbased-32bit-mpus-stmicroelectronics_dfsdm.pdf; rm0455-stm32h7a37b3-and-stm32h7b0-value-line-advanced-armbased-32bit-mcus-stmicroelectronics_dfsdm.pdf; rm0468-stm32h723733-stm32h725735-and-stm32h730-value-line-advanced-armbased-32bit-mcus-stmicroelectronics_dfsdm.pdf; rm0475-stm32mp13xx-advanced-armbased-32bit-mpus-stmicroelectronics_dfsdm.pdf,15
MAJREV,7:4,3:0,7:4 -> [3:0],rm0436-stm32mp157-advanced-armbased-32bit-mpus-stmicroelectronics_dfsdm.pdf; rm0441-stm32mp151-advanced-armbased-32bit-mpus-stmicroelectronics_dfsdm.pdf; rm0442-stm32mp153-advanced-armbased-32bit-mpus-stmicroelectronics_dfsdm.pdf; rm0475-stm32mp13xx-advanced-armbased-32bit-mpus-stmicroelectronics_dfsdm.pdf,4
MINREV,3:0,3:0,3:0 -> [3:0],rm0436-stm32mp157-advanced-armbased-32bit-mpus-stmicroelectronics_dfsdm.pdf; rm0441-stm32mp151-advanced-armbased-32bit-mpus-stmicroelectronics_dfsdm.pdf; rm0442-stm32mp153-advanced-armbased-32bit-mpus-stmicroelectronics_dfsdm.pdf; rm0475-stm32mp13xx-advanced-armbased-32bit-mpus-stmicroelectronics_dfsdm.pdf,4
NBF,15:8,7:0,15:8 -> [7:0],rm0436-stm32mp157-advanced-armbased-32bit-mpus-stmicroelectronics_dfsdm.pdf; rm0441-stm32mp151-advanced-armbased-32bit-mpus-stmicroelectronics_dfsdm.pdf; rm0442-stm32mp153-advanced-armbased-32bit-mpus-stmicroelectronics_dfsdm.pdf; rm0475-stm32mp13xx-advanced-armbased-32bit-mpus-stmicroelectronics_dfsdm.pdf,4
NBT,7:0,7:0,7:0 -> [7:0],rm0436-stm32mp157-advanced-armbased-32bit-mpus-stmicroelectronics_dfsdm.pdf; rm0441-stm32mp151-advanced-armbased-32bit-mpus-stmicroelectronics_dfsdm.pdf; rm0442-stm32mp153-advanced-armbased-32bit-mpus-stmicroelectronics_dfsdm.pdf; rm0475-stm32mp13xx-advanced-armbased-32bit-mpus-stmicroelectronics_dfsdm.pdf,4
OFFSET,31:8,23:0,31:8 -> [23:0],rm0351-stm32l47xxx-stm32l48xxx-stm32l49xxx-and-stm32l4axxx-advanced-armbased-32bit-mcus-stmicroelectronics_dfsdm.pdf; rm0394-stm32l41xxx42xxx43xxx44xxx45xxx46xxx-advanced-armbased-32bit-mcus-stmicroelectronics_dfsdm.pdf; rm0399-stm32h745755-and-stm32h747757-advanced-armbased-32bit-mcus-stmicroelectronics_dfsdm.pdf; rm0402-stm32f412-advanced-armbased-32bit-mcus-stmicroelectronics_dfsdm.pdf; rm0410-stm32f76xxx-and-stm32f77xxx-advanced-armbased-32bit-mcus-stmicroelectronics_dfsdm.pdf; rm0430-stm32f413423-advanced-armbased-32bit-mcus-stmicroelectronics_dfsdm.pdf; rm0432-stm32l4-series-advanced-armbased-32bit-mcus-stmicroelectronics_dfsdm.pdf; rm0433-stm32h742-stm32h743753-and-stm32h750-value-line-advanced-armbased-32bit-mcus-stmicroelectronics_dfsdm.pdf; rm0436-stm32mp157-advanced-armbased-32bit-mpus-stmicroelectronics_dfsdm.pdf; rm0438-stm32l5-series-advanced-armbased-32bit-mcus-stmicroelectronics_dfsdm.pdf; rm0441-stm32mp151-advanced-armbased-32bit-mpus-stmicroelectronics_dfsdm.pdf; rm0442-stm32mp153-advanced-armbased-32bit-mpus-stmicroelectronics_dfsdm.pdf; rm0455-stm32h7a37b3-and-stm32h7b0-value-line-advanced-armbased-32bit-mcus-stmicroelectronics_dfsdm.pdf; rm0468-stm32h723733-stm32h725735-and-stm32h730-value-line-advanced-armbased-32bit-mcus-stmicroelectronics_dfsdm.pdf; rm0475-stm32mp13xx-advanced-armbased-32bit-mpus-stmicroelectronics_dfsdm.pdf,15
PLSSKP,5:0,5:0,5:0 -> [5:0],rm0432-stm32l4-series-advanced-armbased-32bit-mcus-stmicroelectronics_dfsdm.pdf; rm0436-stm32mp157-advanced-armbased-32bit-mpus-stmicroelectronics_dfsdm.pdf; rm0438-stm32l5-series-advanced-armbased-32bit-mcus-stmicroelectronics_dfsdm.pdf; rm0441-stm32mp151-advanced-armbased-32bit-mpus-stmicroelectronics_dfsdm.pdf; rm0442-stm32mp153-advanced-armbased-32bit-mpus-stmicroelectronics_dfsdm.pdf; rm0455-stm32h7a37b3-and-stm32h7b0-value-line-advanced-armbased-32bit-mcus-stmicroelectronics_dfsdm.pdf; rm0468-stm32h723733-stm32h725735-and-stm32h730-value-line-advanced-armbased-32bit-mcus-stmicroelectronics_dfsdm.pdf; rm0475-stm32mp13xx-advanced-armbased-32bit-mpus-stmicroelectronics_dfsdm.pdf,8
RCH,25:24,1:0,25:24 -> [1:0],rm0394-stm32l41xxx42xxx43xxx44xxx45xxx46xxx-advanced-armbased-32bit-mcus-stmicroelectronics_dfsdm.pdf; rm0402-stm32f412-advanced-armbased-32bit-mcus-stmicroelectronics_dfsdm.pdf; rm0438-stm32l5-series-advanced-armbased-32bit-mcus-stmicroelectronics_dfsdm.pdf; rm0475-stm32mp13xx-advanced-armbased-32bit-mpus-stmicroelectronics_dfsdm.pdf,4
RCH,26:24,2:0,26:24 -> [2:0],rm0351-stm32l47xxx-stm32l48xxx-stm32l49xxx-and-stm32l4axxx-advanced-armbased-32bit-mcus-stmicroelectronics_dfsdm.pdf; rm0399-stm32h745755-and-stm32h747757-advanced-armbased-32bit-mcus-stmicroelectronics_dfsdm.pdf; rm0410-stm32f76xxx-and-stm32f77xxx-advanced-armbased-32bit-mcus-stmicroelectronics_dfsdm.pdf; rm0430-stm32f413423-advanced-armbased-32bit-mcus-stmicroelectronics_dfsdm.pdf; rm0432-stm32l4-series-advanced-armbased-32bit-mcus-stmicroelectronics_dfsdm.pdf; rm0433-stm32h742-stm32h743753-and-stm32h750-value-line-advanced-armbased-32bit-mcus-stmicroelectronics_dfsdm.pdf; rm0436-stm32mp157-advanced-armbased-32bit-mpus-stmicroelectronics_dfsdm.pdf; rm0441-stm32mp151-advanced-armbased-32bit-mpus-stmicroelectronics_dfsdm.pdf; rm0442-stm32mp153-advanced-armbased-32bit-mpus-stmicroelectronics_dfsdm.pdf; rm0455-stm32h7a37b3-and-stm32h7b0-value-line-advanced-armbased-32bit-mcus-stmicroelectronics_dfsdm.pdf; rm0468-stm32h723733-stm32h725735-and-stm32h730-value-line-advanced-armbased-32bit-mcus-stmicroelectronics_dfsdm.pdf,11
RCIP,14,,14,rm0351-stm32l47xxx-stm32l48xxx-stm32l49xxx-and-stm32l4axxx-advanced-armbased-32bit-mcus-stmicroelectronics_dfsdm.pdf; rm0394-stm32l41xxx42xxx43xxx44xxx45xxx46xxx-advanced-armbased-32bit-mcus-stmicroelectronics_dfsdm.pdf; rm0399-stm32h745755-and-stm32h747757-advanced-armbased-32bit-mcus-stmicroelectronics_dfsdm.pdf; rm0402-stm32f412-advanced-armbased-32bit-mcus-stmicroelectronics_dfsdm.pdf; rm0410-stm32f76xxx-and-stm32f77xxx-advanced-armbased-32bit-mcus-stmicroelectronics_dfsdm.pdf; rm0430-stm32f413423-advanced-armbased-32bit-mcus-stmicroelectronics_dfsdm.pdf; rm0432-stm32l4-series-advanced-armbased-32bit-mcus-stmicroelectronics_dfsdm.pdf; rm0433-stm32h742-stm32h743753-and-stm32h750-value-line-advanced-armbased-32bit-mcus-stmicroelectronics_dfsdm.pdf; rm0436-stm32mp157-advanced-armbased-32bit-mpus-stmicroelectronics_dfsdm.pdf; rm0438-stm32l5-series-advanced-armbased-32bit-mcus-stmicroelectronics_dfsdm.pdf; rm0441-stm32mp151-advanced-armbased-32bit-mpus-stmicroelectronics_dfsdm.pdf; rm0442-stm32mp153-advanced-armbased-32bit-mpus-stmicroelectronics_dfsdm.pdf; rm0455-stm32h7a37b3-and-stm32h7b0-value-line-advanced-armbased-32bit-mcus-stmicroelectronics_dfsdm.pdf; rm0468-stm32h723733-stm32h725735-and-stm32h730-value-line-advanced-armbased-32bit-mcus-stmicroelectronics_dfsdm.pdf; rm0475-stm32mp13xx-advanced-armbased-32bit-mpus-stmicroelectronics_dfsdm.pdf,15
RCONT,18,,18,rm0351-stm32l47xxx-stm32l48xxx-stm32l49xxx-and-stm32l4axxx-advanced-armbased-32bit-mcus-stmicroelectronics_dfsdm.pdf; rm0394-stm32l41xxx42xxx43xxx44xxx45xxx46xxx-advanced-armbased-32bit-mcus-stmicroelectronics_dfsdm.pdf; rm0399-stm32h745755-and-stm32h747757-advanced-armbased-32bit-mcus-stmicroelectronics_dfsdm.pdf; rm0402-stm32f412-advanced-armbased-32bit-mcus-stmicroelectronics_dfsdm.pdf; rm0410-stm32f76xxx-and-stm32f77xxx-advanced-armbased-32bit-mcus-stmicroelectronics_dfsdm.pdf; rm0430-stm32f413423-advanced-armbased-32bit-mcus-stmicroelectronics_dfsdm.pdf; rm0432-stm32l4-series-advanced-armbased-32bit-mcus-stmicroelectronics_dfsdm.pdf; rm0433-stm32h742-stm32h743753-and-stm32h750-value-line-advanced-armbased-32bit-mcus-stmicroelectronics_dfsdm.pdf; rm0436-stm32mp157-advanced-armbased-32bit-mpus-stmicroelectronics_dfsdm.pdf; rm0438-stm32l5-series-advanced-armbased-32bit-mcus-stmicroelectronics_dfsdm.pdf; rm0441-stm32mp151-advanced-armbased-32bit-mpus-stmicroelectronics_dfsdm.pdf; rm0442-stm32mp153-advanced-armbased-32bit-mpus-stmicroelectronics_dfsdm.pdf; rm0455-stm32h7a37b3-and-stm32h7b0-value-line-advanced-armbased-32bit-mcus-stmicroelectronics_dfsdm.pdf; rm0468-stm32h723733-stm32h725735-and-stm32h730-value-line-advanced-armbased-32bit-mcus-stmicroelectronics_dfsdm.pdf; rm0475-stm32mp13xx-advanced-armbased-32bit-mpus-stmicroelectronics_dfsdm.pdf,15
RDATA,31:8,23:0,31:8 -> [23:0],rm0351-stm32l47xxx-stm32l48xxx-stm32l49xxx-and-stm32l4axxx-advanced-armbased-32bit-mcus-stmicroelectronics_dfsdm.pdf; rm0394-stm32l41xxx42xxx43xxx44xxx45xxx46xxx-advanced-armbased-32bit-mcus-stmicroelectronics_dfsdm.pdf; rm0399-stm32h745755-and-stm32h747757-advanced-armbased-32bit-mcus-stmicroelectronics_dfsdm.pdf; rm0402-stm32f412-advanced-armbased-32bit-mcus-stmicroelectronics_dfsdm.pdf; rm0410-stm32f76xxx-and-stm32f77xxx-advanced-armbased-32bit-mcus-stmicroelectronics_dfsdm.pdf; rm0430-stm32f413423-advanced-armbased-32bit-mcus-stmicroelectronics_dfsdm.pdf; rm0432-stm32l4-series-advanced-armbased-32bit-mcus-stmicroelectronics_dfsdm.pdf; rm0433-stm32h742-stm32h743753-and-stm32h750-value-line-advanced-armbased-32bit-mcus-stmicroelectronics_dfsdm.pdf; rm0436-stm32mp157-advanced-armbased-32bit-mpus-stmicroelectronics_dfsdm.pdf; rm0438-stm32l5-series-advanced-armbased-32bit-mcus-stmicroelectronics_dfsdm.pdf; rm0441-stm32mp151-advanced-armbased-32bit-mpus-stmicroelectronics_dfsdm.pdf; rm0442-stm32mp153-advanced-armbased-32bit-mpus-stmicroelectronics_dfsdm.pdf; rm0455-stm32h7a37b3-and-stm32h7b0-value-line-advanced-armbased-32bit-mcus-stmicroelectronics_dfsdm.pdf; rm0468-stm32h723733-stm32h725735-and-stm32h730-value-line-advanced-armbased-32bit-mcus-stmicroelectronics_dfsdm.pdf; rm0475-stm32mp13xx-advanced-armbased-32bit-mpus-stmicroelectronics_dfsdm.pdf,15
RDATACH,1:0,1:0,1:0 -> [1:0],rm0394-stm32l41xxx42xxx43xxx44xxx45xxx46xxx-advanced-armbased-32bit-mcus-stmicroelectronics_dfsdm.pdf; rm0402-stm32f412-advanced-armbased-32bit-mcus-stmicroelectronics_dfsdm.pdf; rm0438-stm32l5-series-advanced-armbased-32bit-mcus-stmicroelectronics_dfsdm.pdf; rm0475-stm32mp13xx-advanced-armbased-32bit-mpus-stmicroelectronics_dfsdm.pdf,4
RDATACH,2:0,2:0,2:0 -> [2:0],rm0351-stm32l47xxx-stm32l48xxx-stm32l49xxx-and-stm32l4axxx-advanced-armbased-32bit-mcus-stmicroelectronics_dfsdm.pdf; rm0399-stm32h745755-and-stm32h747757-advanced-armbased-32bit-mcus-stmicroelectronics_dfsdm.pdf; rm0410-stm32f76xxx-and-stm32f77xxx-advanced-armbased-32bit-mcus-stmicroelectronics_dfsdm.pdf; rm0430-stm32f413423-advanced-armbased-32bit-mcus-stmicroelectronics_dfsdm.pdf; rm0432-stm32l4-series-advanced-armbased-32bit-mcus-stmicroelectronics_dfsdm.pdf; rm0433-stm32h742-stm32h743753-and-stm32h750-value-line-advanced-armbased-32bit-mcus-stmicroelectronics_dfsdm.pdf; rm0436-stm32mp157-advanced-armbased-32bit-mpus-stmicroelectronics_dfsdm.pdf; rm0441-stm32mp151-advanced-armbased-32bit-mpus-stmicroelectronics_dfsdm.pdf; rm0442-stm32mp153-advanced-armbased-32bit-mpus-stmicroelectronics_dfsdm.pdf; rm0455-stm32h7a37b3-and-stm32h7b0-value-line-advanced-armbased-32bit-mcus-stmicroelectronics_dfsdm.pdf; rm0468-stm32h723733-stm32h725735-and-stm32h730-value-line-advanced-armbased-32bit-mcus-stmicroelectronics_dfsdm.pdf,11
RDMAEN,21,,21,rm0351-stm32l47xxx-stm32l48xxx-stm32l49xxx-and-stm32l4axxx-advanced-armbased-32bit-mcus-stmicroelectronics_dfsdm.pdf; rm0394-stm32l41xxx42xxx43xxx44xxx45xxx46xxx-advanced-armbased-32bit-mcus-stmicroelectronics_dfsdm.pdf; rm0399-stm32h745755-and-stm32h747757-advanced-armbased-32bit-mcus-stmicroelectronics_dfsdm.pdf; rm0402-stm32f412-advanced-armbased-32bit-mcus-stmicroelectronics_dfsdm.pdf; rm0410-stm32f76xxx-and-stm32f77xxx-advanced-armbased-32bit-mcus-stmicroelectronics_dfsdm.pdf; rm0430-stm32f413423-advanced-armbased-32bit-mcus-stmicroelectronics_dfsdm.pdf; rm0432-stm32l4-series-advanced-armbased-32bit-mcus-stmicroelectronics_dfsdm.pdf; rm0433-stm32h742-stm32h743753-and-stm32h750-value-line-advanced-armbased-32bit-mcus-stmicroelectronics_dfsdm.pdf; rm0436-stm32mp157-advanced-armbased-32bit-mpus-stmicroelectronics_dfsdm.pdf; rm0438-stm32l5-series-advanced-armbased-32bit-mcus-stmicroelectronics_dfsdm.pdf; rm0441-stm32mp151-advanced-armbased-32bit-mpus-stmicroelectronics_dfsdm.pdf; rm0442-stm32mp153-advanced-armbased-32bit-mpus-stmicroelectronics_dfsdm.pdf; rm0455-stm32h7a37b3-and-stm32h7b0-value-line-advanced-armbased-32bit-mcus-stmicroelectronics_dfsdm.pdf; rm0468-stm32h723733-stm32h725735-and-stm32h730-value-line-advanced-armbased-32bit-mcus-stmicroelectronics_dfsdm.pdf; rm0475-stm32mp13xx-advanced-armbased-32bit-mpus-stmicroelectronics_dfsdm.pdf,15
REOCF,1,,1,rm0351-stm32l47xxx-stm32l48xxx-stm32l49xxx-and-stm32l4axxx-advanced-armbased-32bit-mcus-stmicroelectronics_dfsdm.pdf; rm0394-stm32l41xxx42xxx43xxx44xxx45xxx46xxx-advanced-armbased-32bit-mcus-stmicroelectronics_dfsdm.pdf; rm0399-stm32h745755-and-stm32h747757-advanced-armbased-32bit-mcus-stmicroelectronics_dfsdm.pdf; rm0402-stm32f412-advanced-armbased-32bit-mcus-stmicroelectronics_dfsdm.pdf; rm0410-stm32f76xxx-and-stm32f77xxx-advanced-armbased-32bit-mcus-stmicroelectronics_dfsdm.pdf; rm0430-stm32f413423-advanced-armbased-32bit-mcus-stmicroelectronics_dfsdm.pdf; rm0432-stm32l4-series-advanced-armbased-32bit-mcus-stmicroelectronics_dfsdm.pdf; rm0433-stm32h742-stm32h743753-and-stm32h750-value-line-advanced-armbased-32bit-mcus-stmicroelectronics_dfsdm.pdf; rm0436-stm32mp157-advanced-armbased-32bit-mpus-stmicroelectronics_dfsdm.pdf; rm0438-stm32l5-series-advanced-armbased-32bit-mcus-stmicroelectronics_dfsdm.pdf; rm0441-stm32mp151-advanced-armbased-32bit-mpus-stmicroelectronics_dfsdm.pdf; rm0442-stm32mp153-advanced-armbased-32bit-mpus-stmicroelectronics_dfsdm.pdf; rm0455-stm32h7a37b3-and-stm32h7b0-value-line-advanced-armbased-32bit-mcus-stmicroelectronics_dfsdm.pdf; rm0468-stm32h723733-stm32h725735-and-stm32h730-value-line-advanced-armbased-32bit-mcus-stmicroelectronics_dfsdm.pdf; rm0475-stm32mp13xx-advanced-armbased-32bit-mpus-stmicroelectronics_dfsdm.pdf,15
REOCIE,1,,1,rm0351-stm32l47xxx-stm32l48xxx-stm32l49xxx-and-stm32l4axxx-advanced-armbased-32bit-mcus-stmicroelectronics_dfsdm.pdf; rm0394-stm32l41xxx42xxx43xxx44xxx45xxx46xxx-advanced-armbased-32bit-mcus-stmicroelectronics_dfsdm.pdf; rm0399-stm32h745755-and-stm32h747757-advanced-armbased-32bit-mcus-stmicroelectronics_dfsdm.pdf; rm0402-stm32f412-advanced-armbased-32bit-mcus-stmicroelectronics_dfsdm.pdf; rm0410-stm32f76xxx-and-stm32f77xxx-advanced-armbased-32bit-mcus-stmicroelectronics_dfsdm.pdf; rm0430-stm32f413423-advanced-armbased-32bit-mcus-stmicroelectronics_dfsdm.pdf; rm0432-stm32l4-series-advanced-armbased-32bit-mcus-stmicroelectronics_dfsdm.pdf; rm0433-stm32h742-stm32h743753-and-stm32h750-value-line-advanced-armbased-32bit-mcus-stmicroelectronics_dfsdm.pdf; rm0436-stm32mp157-advanced-armbased-32bit-mpus-stmicroelectronics_dfsdm.pdf; rm0438-stm32l5-series-advanced-armbased-32bit-mcus-stmicroelectronics_dfsdm.pdf; rm0441-stm32mp151-advanced-armbased-32bit-mpus-stmicroelectronics_dfsdm.pdf; rm0442-stm32mp153-advanced-armbased-32bit-mpus-stmicroelectronics_dfsdm.pdf; rm0455-stm32h7a37b3-and-stm32h7b0-value-line-advanced-armbased-32bit-mcus-stmicroelectronics_dfsdm.pdf; rm0468-stm32h723733-stm32h725735-and-stm32h730-value-line-advanced-armbased-32bit-mcus-stmicroelectronics_dfsdm.pdf; rm0475-stm32mp13xx-advanced-armbased-32bit-mpus-stmicroelectronics_dfsdm.pdf,15
RESERVED,11:8,,11:8,rm0351-stm32l47xxx-stm32l48xxx-stm32l49xxx-and-stm32l4axxx-advanced-armbased-32bit-mcus-stmicroelectronics_dfsdm.pdf; rm0394-stm32l41xxx42xxx43xxx44xxx45xxx46xxx-advanced-armbased-32bit-mcus-stmicroelectronics_dfsdm.pdf; rm0399-stm32h745755-and-stm32h747757-advanced-armbased-32bit-mcus-stmicroelectronics_dfsdm.pdf; rm0402-stm32f412-advanced-armbased-32bit-mcus-stmicroelectronics_dfsdm.pdf; rm0410-stm32f76xxx-and-stm32f77xxx-advanced-armbased-32bit-mcus-stmicroelectronics_dfsdm.pdf; rm0430-stm32f413423-advanced-armbased-32bit-mcus-stmicroelectronics_dfsdm.pdf; rm0432-stm32l4-series-advanced-armbased-32bit-mcus-stmicroelectronics_dfsdm.pdf; rm0433-stm32h742-stm32h743753-and-stm32h750-value-line-advanced-armbased-32bit-mcus-stmicroelectronics_dfsdm.pdf; rm0436-stm32mp157-advanced-armbased-32bit-mpus-stmicroelectronics_dfsdm.pdf; rm0438-stm32l5-series-advanced-armbased-32bit-mcus-stmicroelectronics_dfsdm.pdf; rm0441-stm32mp151-advanced-armbased-32bit-mpus-stmicroelectronics_dfsdm.pdf; rm0442-stm32mp153-advanced-armbased-32bit-mpus-stmicroelectronics_dfsdm.pdf; rm0455-stm32h7a37b3-and-stm32h7b0-value-line-advanced-armbased-32bit-mcus-stmicroelectronics_dfsdm.pdf; rm0468-stm32h723733-stm32h725735-and-stm32h730-value-line-advanced-armbased-32bit-mcus-stmicroelectronics_dfsdm.pdf; rm0475-stm32mp13xx-advanced-armbased-32bit-mpus-stmicroelectronics_dfsdm.pdf,15
RESERVED,11:9,,11:9,rm0351-stm32l47xxx-stm32l48xxx-stm32l49xxx-and-stm32l4axxx-advanced-armbased-32bit-mcus-stmicroelectronics_dfsdm.pdf; rm0394-stm32l41xxx42xxx43xxx44xxx45xxx46xxx-advanced-armbased-32bit-mcus-stmicroelectronics_dfsdm.pdf; rm0399-stm32h745755-and-stm32h747757-advanced-armbased-32bit-mcus-stmicroelectronics_dfsdm.pdf; rm0402-stm32f412-advanced-armbased-32bit-mcus-stmicroelectronics_dfsdm.pdf; rm0410-stm32f76xxx-and-stm32f77xxx-advanced-armbased-32bit-mcus-stmicroelectronics_dfsdm.pdf; rm0430-stm32f413423-advanced-armbased-32bit-mcus-stmicroelectronics_dfsdm.pdf; rm0432-stm32l4-series-advanced-armbased-32bit-mcus-stmicroelectronics_dfsdm.pdf; rm0433-stm32h742-stm32h743753-and-stm32h750-value-line-advanced-armbased-32bit-mcus-stmicroelectronics_dfsdm.pdf; rm0436-stm32mp157-advanced-armbased-32bit-mpus-stmicroelectronics_dfsdm.pdf; rm0438-stm32l5-series-advanced-armbased-32bit-mcus-stmicroelectronics_dfsdm.pdf; rm0441-stm32mp151-advanced-armbased-32bit-mpus-stmicroelectronics_dfsdm.pdf; rm0442-stm32mp153-advanced-armbased-32bit-mpus-stmicroelectronics_dfsdm.pdf; rm0455-stm32h7a37b3-and-stm32h7b0-value-line-advanced-armbased-32bit-mcus-stmicroelectronics_dfsdm.pdf; rm0468-stm32h723733-stm32h725735-and-stm32h730-value-line-advanced-armbased-32bit-mcus-stmicroelectronics_dfsdm.pdf; rm0475-stm32mp13xx-advanced-armbased-32bit-mpus-stmicroelectronics_dfsdm.pdf,15
RESERVED,12:11,,12:11,rm0351-stm32l47xxx-stm32l48xxx-stm32l49xxx-and-stm32l4axxx-advanced-armbased-32bit-mcus-stmicroelectronics_dfsdm.pdf; rm0394-stm32l41xxx42xxx43xxx44xxx45xxx46xxx-advanced-armbased-32bit-mcus-stmicroelectronics_dfsdm.pdf; rm0402-stm32f412-advanced-armbased-32bit-mcus-stmicroelectronics_dfsdm.pdf; rm0430-stm32f413423-advanced-armbased-32bit-mcus-stmicroelectronics_dfsdm.pdf,4
RESERVED,12:5,,12:5,rm0351-stm32l47xxx-stm32l48xxx-stm32l49xxx-and-stm32l4axxx-advanced-armbased-32bit-mcus-stmicroelectronics_dfsdm.pdf; rm0394-stm32l41xxx42xxx43xxx44xxx45xxx46xxx-advanced-armbased-32bit-mcus-stmicroelectronics_dfsdm.pdf; rm0399-stm32h745755-and-stm32h747757-advanced-armbased-32bit-mcus-stmicroelectronics_dfsdm.pdf; rm0402-stm32f412-advanced-armbased-32bit-mcus-stmicroelectronics_dfsdm.pdf; rm0410-stm32f76xxx-and-stm32f77xxx-advanced-armbased-32bit-mcus-stmicroelectronics_dfsdm.pdf; rm0430-stm32f413423-advanced-armbased-32bit-mcus-stmicroelectronics_dfsdm.pdf; rm0432-stm32l4-series-advanced-armbased-32bit-mcus-stmicroelectronics_dfsdm.pdf; rm0433-stm32h742-stm32h743753-and-stm32h750-value-line-advanced-armbased-32bit-mcus-stmicroelectronics_dfsdm.pdf; rm0436-stm32mp157-advanced-armbased-32bit-mpus-stmicroelectronics_dfsdm.pdf; rm0438-stm32l5-series-advanced-armbased-32bit-mcus-stmicroelectronics_dfsdm.pdf; rm0441-stm32mp151-advanced-armbased-32bit-mpus-stmicroelectronics_dfsdm.pdf; rm0442-stm32mp153-advanced-armbased-32bit-mpus-stmicroelectronics_dfsdm.pdf; rm0455-stm32h7a37b3-and-stm32h7b0-value-line-advanced-armbased-32bit-mcus-stmicroelectronics_dfsdm.pdf; rm0468-stm32h723733-stm32h725735-and-stm32h730-value-line-advanced-armbased-32bit-mcus-stmicroelectronics_dfsdm.pdf; rm0475-stm32mp13xx-advanced-armbased-32bit-mpus-stmicroelectronics_dfsdm.pdf,15
RESERVED,15,,15,rm0351-stm32l47xxx-stm32l48xxx-stm32l49xxx-and-stm32l4axxx-advanced-armbased-32bit-mcus-stmicroelectronics_dfsdm.pdf; rm0394-stm32l41xxx42xxx43xxx44xxx45xxx46xxx-advanced-armbased-32bit-mcus-stmicroelectronics_dfsdm.pdf; rm0399-stm32h745755-and-stm32h747757-advanced-armbased-32bit-mcus-stmicroelectronics_dfsdm.pdf; rm0402-stm32f412-advanced-armbased-32bit-mcus-stmicroelectronics_dfsdm.pdf; rm0410-stm32f76xxx-and-stm32f77xxx-advanced-armbased-32bit-mcus-stmicroelectronics_dfsdm.pdf; rm0430-stm32f413423-advanced-armbased-32bit-mcus-stmicroelectronics_dfsdm.pdf; rm0432-stm32l4-series-advanced-armbased-32bit-mcus-stmicroelectronics_dfsdm.pdf; rm0433-stm32h742-stm32h743753-and-stm32h750-value-line-advanced-armbased-32bit-mcus-stmicroelectronics_dfsdm.pdf; rm0436-stm32mp157-advanced-armbased-32bit-mpus-stmicroelectronics_dfsdm.pdf; rm0438-stm32l5-series-advanced-armbased-32bit-mcus-stmicroelectronics_dfsdm.pdf; rm0441-stm32mp151-advanced-armbased-32bit-mpus-stmicroelectronics_dfsdm.pdf; rm0442-stm32mp153-advanced-armbased-32bit-mpus-stmicroelectronics_dfsdm.pdf; rm0455-stm32h7a37b3-and-stm32h7b0-value-line-advanced-armbased-32bit-mcus-stmicroelectronics_dfsdm.pdf; rm0468-stm32h723733-stm32h725735-and-stm32h730-value-line-advanced-armbased-32bit-mcus-stmicroelectronics_dfsdm.pdf; rm0475-stm32mp13xx-advanced-armbased-32bit-mpus-stmicroelectronics_dfsdm.pdf,15
RESERVED,15:12,,15:12,rm0394-stm32l41xxx42xxx43xxx44xxx45xxx46xxx-advanced-armbased-32bit-mcus-stmicroelectronics_dfsdm.pdf; rm0402-stm32f412-advanced-armbased-32bit-mcus-stmicroelectronics_dfsdm.pdf; rm0438-stm32l5-series-advanced-armbased-32bit-mcus-stmicroelectronics_dfsdm.pdf; rm0475-stm32mp13xx-advanced-armbased-32bit-mpus-stmicroelectronics_dfsdm.pdf,4
RESERVED,15:4,,15:4,rm0351-stm32l47xxx-stm32l48xxx-stm32l49xxx-and-stm32l4axxx-advanced-armbased-32bit-mcus-stmicroelectronics_dfsdm.pdf; rm0394-stm32l41xxx42xxx43xxx44xxx45xxx46xxx-advanced-armbased-32bit-mcus-stmicroelectronics_dfsdm.pdf; rm0399-stm32h745755-and-stm32h747757-advanced-armbased-32bit-mcus-stmicroelectronics_dfsdm.pdf; rm0402-stm32f412-advanced-armbased-32bit-mcus-stmicroelectronics_dfsdm.pdf; rm0410-stm32f76xxx-and-stm32f77xxx-advanced-armbased-32bit-mcus-stmicroelectronics_dfsdm.pdf; rm0430-stm32f413423-advanced-armbased-32bit-mcus-stmicroelectronics_dfsdm.pdf; rm0432-stm32l4-series-advanced-armbased-32bit-mcus-stmicroelectronics_dfsdm.pdf; rm0433-stm32h742-stm32h743753-and-stm32h750-value-line-advanced-armbased-32bit-mcus-stmicroelectronics_dfsdm.pdf; rm0436-stm32mp157-advanced-armbased-32bit-mpus-stmicroelectronics_dfsdm.pdf; rm0438-stm32l5-series-advanced-armbased-32bit-mcus-stmicroelectronics_dfsdm.pdf; rm0441-stm32mp151-advanced-armbased-32bit-mpus-stmicroelectronics_dfsdm.pdf; rm0442-stm32mp153-advanced-armbased-32bit-mpus-stmicroelectronics_dfsdm.pdf; rm0455-stm32h7a37b3-and-stm32h7b0-value-line-advanced-armbased-32bit-mcus-stmicroelectronics_dfsdm.pdf; rm0468-stm32h723733-stm32h725735-and-stm32h730-value-line-advanced-armbased-32bit-mcus-stmicroelectronics_dfsdm.pdf; rm0475-stm32mp13xx-advanced-armbased-32bit-mpus-stmicroelectronics_dfsdm.pdf,15
RESERVED,15:8,,15:8,rm0351-stm32l47xxx-stm32l48xxx-stm32l49xxx-and-stm32l4axxx-advanced-armbased-32bit-mcus-stmicroelectronics_dfsdm.pdf; rm0394-stm32l41xxx42xxx43xxx44xxx45xxx46xxx-advanced-armbased-32bit-mcus-stmicroelectronics_dfsdm.pdf; rm0399-stm32h745755-and-stm32h747757-advanced-armbased-32bit-mcus-stmicroelectronics_dfsdm.pdf; rm0402-stm32f412-advanced-armbased-32bit-mcus-stmicroelectronics_dfsdm.pdf; rm0410-stm32f76xxx-and-stm32f77xxx-advanced-armbased-32bit-mcus-stmicroelectronics_dfsdm.pdf; rm0430-stm32f413423-advanced-armbased-32bit-mcus-stmicroelectronics_dfsdm.pdf; rm0432-stm32l4-series-advanced-armbased-32bit-mcus-stmicroelectronics_dfsdm.pdf; rm0433-stm32h742-stm32h743753-and-stm32h750-value-line-advanced-armbased-32bit-mcus-stmicroelectronics_dfsdm.pdf; rm0436-stm32mp157-advanced-armbased-32bit-mpus-stmicroelectronics_dfsdm.pdf; rm0438-stm32l5-series-advanced-armbased-32bit-mcus-stmicroelectronics_dfsdm.pdf; rm0441-stm32mp151-advanced-armbased-32bit-mpus-stmicroelectronics_dfsdm.pdf; rm0442-stm32mp153-advanced-armbased-32bit-mpus-stmicroelectronics_dfsdm.pdf; rm0455-stm32h7a37b3-and-stm32h7b0-value-line-advanced-armbased-32bit-mcus-stmicroelectronics_dfsdm.pdf; rm0468-stm32h723733-stm32h725735-and-stm32h730-value-line-advanced-armbased-32bit-mcus-stmicroelectronics_dfsdm.pdf; rm0475-stm32mp13xx-advanced-armbased-32bit-mpus-stmicroelectronics_dfsdm.pdf,15
RESERVED,16:15,,16:15,rm0351-stm32l47xxx-stm32l48xxx-stm32l49xxx-and-stm32l4axxx-advanced-armbased-32bit-mcus-stmicroelectronics_dfsdm.pdf; rm0394-stm32l41xxx42xxx43xxx44xxx45xxx46xxx-advanced-armbased-32bit-mcus-stmicroelectronics_dfsdm.pdf; rm0399-stm32h745755-and-stm32h747757-advanced-armbased-32bit-mcus-stmicroelectronics_dfsdm.pdf; rm0402-stm32f412-advanced-armbased-32bit-mcus-stmicroelectronics_dfsdm.pdf; rm0410-stm32f76xxx-and-stm32f77xxx-advanced-armbased-32bit-mcus-stmicroelectronics_dfsdm.pdf; rm0430-stm32f413423-advanced-armbased-32bit-mcus-stmicroelectronics_dfsdm.pdf; rm0432-stm32l4-series-advanced-armbased-32bit-mcus-stmicroelectronics_dfsdm.pdf; rm0433-stm32h742-stm32h743753-and-stm32h750-value-line-advanced-armbased-32bit-mcus-stmicroelectronics_dfsdm.pdf; rm0436-stm32mp157-advanced-armbased-32bit-mpus-stmicroelectronics_dfsdm.pdf; rm0438-stm32l5-series-advanced-armbased-32bit-mcus-stmicroelectronics_dfsdm.pdf; rm0441-stm32mp151-advanced-armbased-32bit-mpus-stmicroelectronics_dfsdm.pdf; rm0442-stm32mp153-advanced-armbased-32bit-mpus-stmicroelectronics_dfsdm.pdf; rm0455-stm32h7a37b3-and-stm32h7b0-value-line-advanced-armbased-32bit-mcus-stmicroelectronics_dfsdm.pdf; rm0468-stm32h723733-stm32h725735-and-stm32h730-value-line-advanced-armbased-32bit-mcus-stmicroelectronics_dfsdm.pdf; rm0475-stm32mp13xx-advanced-armbased-32bit-mpus-stmicroelectronics_dfsdm.pdf,15
RESERVED,1:0,,1:0,rm0351-stm32l47xxx-stm32l48xxx-stm32l49xxx-and-stm32l4axxx-advanced-armbased-32bit-mcus-stmicroelectronics_dfsdm.pdf; rm0394-stm32l41xxx42xxx43xxx44xxx45xxx46xxx-advanced-armbased-32bit-mcus-stmicroelectronics_dfsdm.pdf; rm0399-stm32h745755-and-stm32h747757-advanced-armbased-32bit-mcus-stmicroelectronics_dfsdm.pdf; rm0402-stm32f412-advanced-armbased-32bit-mcus-stmicroelectronics_dfsdm.pdf; rm0410-stm32f76xxx-and-stm32f77xxx-advanced-armbased-32bit-mcus-stmicroelectronics_dfsdm.pdf; rm0430-stm32f413423-advanced-armbased-32bit-mcus-stmicroelectronics_dfsdm.pdf; rm0432-stm32l4-series-advanced-armbased-32bit-mcus-stmicroelectronics_dfsdm.pdf; rm0433-stm32h742-stm32h743753-and-stm32h750-value-line-advanced-armbased-32bit-mcus-stmicroelectronics_dfsdm.pdf; rm0436-stm32mp157-advanced-armbased-32bit-mpus-stmicroelectronics_dfsdm.pdf; rm0438-stm32l5-series-advanced-armbased-32bit-mcus-stmicroelectronics_dfsdm.pdf; rm0441-stm32mp151-advanced-armbased-32bit-mpus-stmicroelectronics_dfsdm.pdf; rm0442-stm32mp153-advanced-armbased-32bit-mpus-stmicroelectronics_dfsdm.pdf; rm0455-stm32h7a37b3-and-stm32h7b0-value-line-advanced-armbased-32bit-mcus-stmicroelectronics_dfsdm.pdf; rm0468-stm32h723733-stm32h725735-and-stm32h730-value-line-advanced-armbased-32bit-mcus-stmicroelectronics_dfsdm.pdf; rm0475-stm32mp13xx-advanced-armbased-32bit-mpus-stmicroelectronics_dfsdm.pdf,15
RESERVED,2,,2,rm0351-stm32l47xxx-stm32l48xxx-stm32l49xxx-and-stm32l4axxx-advanced-armbased-32bit-mcus-stmicroelectronics_dfsdm.pdf; rm0394-stm32l41xxx42xxx43xxx44xxx45xxx46xxx-advanced-armbased-32bit-mcus-stmicroelectronics_dfsdm.pdf; rm0399-stm32h745755-and-stm32h747757-advanced-armbased-32bit-mcus-stmicroelectronics_dfsdm.pdf; rm0402-stm32f412-advanced-armbased-32bit-mcus-stmicroelectronics_dfsdm.pdf; rm0410-stm32f76xxx-and-stm32f77xxx-advanced-armbased-32bit-mcus-stmicroelectronics_dfsdm.pdf; rm0430-stm32f413423-advanced-armbased-32bit-mcus-stmicroelectronics_dfsdm.pdf; rm0432-stm32l4-series-advanced-armbased-32bit-mcus-stmicroelectronics_dfsdm.pdf; rm0433-stm32h742-stm32h743753-and-stm32h750-value-line-advanced-armbased-32bit-mcus-stmicroelectronics_dfsdm.pdf; rm0436-stm32mp157-advanced-armbased-32bit-mpus-stmicroelectronics_dfsdm.pdf; rm0438-stm32l5-series-advanced-armbased-32bit-mcus-stmicroelectronics_dfsdm.pdf; rm0441-stm32mp151-advanced-armbased-32bit-mpus-stmicroelectronics_dfsdm.pdf; rm0442-stm32mp153-advanced-armbased-32bit-mpus-stmicroelectronics_dfsdm.pdf; rm0455-stm32h7a37b3-and-stm32h7b0-value-line-advanced-armbased-32bit-mcus-stmicroelectronics_dfsdm.pdf; rm0468-stm32h723733-stm32h725735-and-stm32h730-value-line-advanced-armbased-32bit-mcus-stmicroelectronics_dfsdm.pdf; rm0475-stm32mp13xx-advanced-armbased-32bit-mpus-stmicroelectronics_dfsdm.pdf,15
RESERVED,20,,20,rm0351-stm32l47xxx-stm32l48xxx-stm32l49xxx-and-stm32l4axxx-advanced-armbased-32bit-mcus-stmicroelectronics_dfsdm.pdf; rm0394-stm32l41xxx42xxx43xxx44xxx45xxx46xxx-advanced-armbased-32bit-mcus-stmicroelectronics_dfsdm.pdf; rm0399-stm32h745755-and-stm32h747757-advanced-armbased-32bit-mcus-stmicroelectronics_dfsdm.pdf; rm0402-stm32f412-advanced-armbased-32bit-mcus-stmicroelectronics_dfsdm.pdf; rm0410-stm32f76xxx-and-stm32f77xxx-advanced-armbased-32bit-mcus-stmicroelectronics_dfsdm.pdf; rm0430-stm32f413423-advanced-armbased-32bit-mcus-stmicroelectronics_dfsdm.pdf; rm0432-stm32l4-series-advanced-armbased-32bit-mcus-stmicroelectronics_dfsdm.pdf; rm0433-stm32h742-stm32h743753-and-stm32h750-value-line-advanced-armbased-32bit-mcus-stmicroelectronics_dfsdm.pdf; rm0436-stm32mp157-advanced-armbased-32bit-mpus-stmicroelectronics_dfsdm.pdf; rm0438-stm32l5-series-advanced-armbased-32bit-mcus-stmicroelectronics_dfsdm.pdf; rm0441-stm32mp151-advanced-armbased-32bit-mpus-stmicroelectronics_dfsdm.pdf; rm0442-stm32mp153-advanced-armbased-32bit-mpus-stmicroelectronics_dfsdm.pdf; rm0455-stm32h7a37b3-and-stm32h7b0-value-line-advanced-armbased-32bit-mcus-stmicroelectronics_dfsdm.pdf; rm0468-stm32h723733-stm32h725735-and-stm32h730-value-line-advanced-armbased-32bit-mcus-stmicroelectronics_dfsdm.pdf; rm0475-stm32mp13xx-advanced-armbased-32bit-mpus-stmicroelectronics_dfsdm.pdf,15
RESERVED,21,,21,rm0351-stm32l47xxx-stm32l48xxx-stm32l49xxx-and-stm32l4axxx-advanced-armbased-32bit-mcus-stmicroelectronics_dfsdm.pdf; rm0394-stm32l41xxx42xxx43xxx44xxx45xxx46xxx-advanced-armbased-32bit-mcus-stmicroelectronics_dfsdm.pdf; rm0399-stm32h745755-and-stm32h747757-advanced-armbased-32bit-mcus-stmicroelectronics_dfsdm.pdf; rm0402-stm32f412-advanced-armbased-32bit-mcus-stmicroelectronics_dfsdm.pdf; rm0410-stm32f76xxx-and-stm32f77xxx-advanced-armbased-32bit-mcus-stmicroelectronics_dfsdm.pdf; rm0430-stm32f413423-advanced-armbased-32bit-mcus-stmicroelectronics_dfsdm.pdf; rm0432-stm32l4-series-advanced-armbased-32bit-mcus-stmicroelectronics_dfsdm.pdf; rm0433-stm32h742-stm32h743753-and-stm32h750-value-line-advanced-armbased-32bit-mcus-stmicroelectronics_dfsdm.pdf; rm0436-stm32mp157-advanced-armbased-32bit-mpus-stmicroelectronics_dfsdm.pdf; rm0438-stm32l5-series-advanced-armbased-32bit-mcus-stmicroelectronics_dfsdm.pdf; rm0441-stm32mp151-advanced-armbased-32bit-mpus-stmicroelectronics_dfsdm.pdf; rm0442-stm32mp153-advanced-armbased-32bit-mpus-stmicroelectronics_dfsdm.pdf; rm0455-stm32h7a37b3-and-stm32h7b0-value-line-advanced-armbased-32bit-mcus-stmicroelectronics_dfsdm.pdf; rm0468-stm32h723733-stm32h725735-and-stm32h730-value-line-advanced-armbased-32bit-mcus-stmicroelectronics_dfsdm.pdf; rm0475-stm32mp13xx-advanced-armbased-32bit-mpus-stmicroelectronics_dfsdm.pdf,15
RESERVED,23:20,,23:20,rm0394-stm32l41xxx42xxx43xxx44xxx45xxx46xxx-advanced-armbased-32bit-mcus-stmicroelectronics_dfsdm.pdf; rm0402-stm32f412-advanced-armbased-32bit-mcus-stmicroelectronics_dfsdm.pdf; rm0438-stm32l5-series-advanced-armbased-32bit-mcus-stmicroelectronics_dfsdm.pdf; rm0475-stm32mp13xx-advanced-armbased-32bit-mpus-stmicroelectronics_dfsdm.pdf,4
RESERVED,23:22,,23:22,rm0351-stm32l47xxx-stm32l48xxx-stm32l49xxx-and-stm32l4axxx-advanced-armbased-32bit-mcus-stmicroelectronics_dfsdm.pdf; rm0394-stm32l41xxx42xxx43xxx44xxx45xxx46xxx-advanced-armbased-32bit-mcus-stmicroelectronics_dfsdm.pdf; rm0399-stm32h745755-and-stm32h747757-advanced-armbased-32bit-mcus-stmicroelectronics_dfsdm.pdf; rm0402-stm32f412-advanced-armbased-32bit-mcus-stmicroelectronics_dfsdm.pdf; rm0410-stm32f76xxx-and-stm32f77xxx-advanced-armbased-32bit-mcus-stmicroelectronics_dfsdm.pdf; rm0430-stm32f413423-advanced-armbased-32bit-mcus-stmicroelectronics_dfsdm.pdf; rm0432-stm32l4-series-advanced-armbased-32bit-mcus-stmicroelectronics_dfsdm.pdf; rm0433-stm32h742-stm32h743753-and-stm32h750-value-line-advanced-armbased-32bit-mcus-stmicroelectronics_dfsdm.pdf; rm0436-stm32mp157-advanced-armbased-32bit-mpus-stmicroelectronics_dfsdm.pdf; rm0438-stm32l5-series-advanced-armbased-32bit-mcus-stmicroelectronics_dfsdm.pdf; rm0441-stm32mp151-advanced-armbased-32bit-mpus-stmicroelectronics_dfsdm.pdf; rm0442-stm32mp153-advanced-armbased-32bit-mpus-stmicroelectronics_dfsdm.pdf; rm0455-stm32h7a37b3-and-stm32h7b0-value-line-advanced-armbased-32bit-mcus-stmicroelectronics_dfsdm.pdf; rm0468-stm32h723733-stm32h725735-and-stm32h730-value-line-advanced-armbased-32bit-mcus-stmicroelectronics_dfsdm.pdf; rm0475-stm32mp13xx-advanced-armbased-32bit-mpus-stmicroelectronics_dfsdm.pdf,15
RESERVED,28:26,,28:26,rm0351-stm32l47xxx-stm32l48xxx-stm32l49xxx-and-stm32l4axxx-advanced-armbased-32bit-mcus-stmicroelectronics_dfsdm.pdf; rm0394-stm32l41xxx42xxx43xxx44xxx45xxx46xxx-advanced-armbased-32bit-mcus-stmicroelectronics_dfsdm.pdf; rm0399-stm32h745755-and-stm32h747757-advanced-armbased-32bit-mcus-stmicroelectronics_dfsdm.pdf; rm0402-stm32f412-advanced-armbased-32bit-mcus-stmicroelectronics_dfsdm.pdf; rm0410-stm32f76xxx-and-stm32f77xxx-advanced-armbased-32bit-mcus-stmicroelectronics_dfsdm.pdf; rm0430-stm32f413423-advanced-armbased-32bit-mcus-stmicroelectronics_dfsdm.pdf; rm0432-stm32l4-series-advanced-armbased-32bit-mcus-stmicroelectronics_dfsdm.pdf; rm0433-stm32h742-stm32h743753-and-stm32h750-value-line-advanced-armbased-32bit-mcus-stmicroelectronics_dfsdm.pdf; rm0436-stm32mp157-advanced-armbased-32bit-mpus-stmicroelectronics_dfsdm.pdf; rm0438-stm32l5-series-advanced-armbased-32bit-mcus-stmicroelectronics_dfsdm.pdf; rm0441-stm32mp151-advanced-armbased-32bit-mpus-stmicroelectronics_dfsdm.pdf; rm0442-stm32mp153-advanced-armbased-32bit-mpus-stmicroelectronics_dfsdm.pdf; rm0455-stm32h7a37b3-and-stm32h7b0-value-line-advanced-armbased-32bit-mcus-stmicroelectronics_dfsdm.pdf; rm0468-stm32h723733-stm32h725735-and-stm32h730-value-line-advanced-armbased-32bit-mcus-stmicroelectronics_dfsdm.pdf; rm0475-stm32mp13xx-advanced-armbased-32bit-mpus-stmicroelectronics_dfsdm.pdf,15
RESERVED,28:27,,28:27,rm0351-stm32l47xxx-stm32l48xxx-stm32l49xxx-and-stm32l4axxx-advanced-armbased-32bit-mcus-stmicroelectronics_dfsdm.pdf; rm0399-stm32h745755-and-stm32h747757-advanced-armbased-32bit-mcus-stmicroelectronics_dfsdm.pdf; rm0410-stm32f76xxx-and-stm32f77xxx-advanced-armbased-32bit-mcus-stmicroelectronics_dfsdm.pdf; rm0430-stm32f413423-advanced-armbased-32bit-mcus-stmicroelectronics_dfsdm.pdf; rm0432-stm32l4-series-advanced-armbased-32bit-mcus-stmicroelectronics_dfsdm.pdf; rm0433-stm32h742-stm32h743753-and-stm32h750-value-line-advanced-armbased-32bit-mcus-stmicroelectronics_dfsdm.pdf; rm0436-stm32mp157-advanced-armbased-32bit-mpus-stmicroelectronics_dfsdm.pdf; rm0441-stm32mp151-advanced-armbased-32bit-mpus-stmicroelectronics_dfsdm.pdf; rm0442-stm32mp153-advanced-armbased-32bit-mpus-stmicroelectronics_dfsdm.pdf; rm0455-stm32h7a37b3-and-stm32h7b0-value-line-advanced-armbased-32bit-mcus-stmicroelectronics_dfsdm.pdf; rm0468-stm32h723733-stm32h725735-and-stm32h730-value-line-advanced-armbased-32bit-mcus-stmicroelectronics_dfsdm.pdf,11
RESERVED,29:24,,29:24,rm0351-stm32l47xxx-stm32l48xxx-stm32l49xxx-and-stm32l4axxx-advanced-armbased-32bit-mcus-stmicroelectronics_dfsdm.pdf; rm0394-stm32l41xxx42xxx43xxx44xxx45xxx46xxx-advanced-armbased-32bit-mcus-stmicroelectronics_dfsdm.pdf; rm0399-stm32h745755-and-stm32h747757-advanced-armbased-32bit-mcus-stmicroelectronics_dfsdm.pdf; rm0402-stm32f412-advanced-armbased-32bit-mcus-stmicroelectronics_dfsdm.pdf; rm0410-stm32f76xxx-and-stm32f77xxx-advanced-armbased-32bit-mcus-stmicroelectronics_dfsdm.pdf; rm0430-stm32f413423-advanced-armbased-32bit-mcus-stmicroelectronics_dfsdm.pdf; rm0432-stm32l4-series-advanced-armbased-32bit-mcus-stmicroelectronics_dfsdm.pdf; rm0433-stm32h742-stm32h743753-and-stm32h750-value-line-advanced-armbased-32bit-mcus-stmicroelectronics_dfsdm.pdf; rm0436-stm32mp157-advanced-armbased-32bit-mpus-stmicroelectronics_dfsdm.pdf; rm0438-stm32l5-series-advanced-armbased-32bit-mcus-stmicroelectronics_dfsdm.pdf; rm0441-stm32mp151-advanced-armbased-32bit-mpus-stmicroelectronics_dfsdm.pdf; rm0442-stm32mp153-advanced-armbased-32bit-mpus-stmicroelectronics_dfsdm.pdf; rm0455-stm32h7a37b3-and-stm32h7b0-value-line-advanced-armbased-32bit-mcus-stmicroelectronics_dfsdm.pdf; rm0468-stm32h723733-stm32h725735-and-stm32h730-value-line-advanced-armbased-32bit-mcus-stmicroelectronics_dfsdm.pdf; rm0475-stm32mp13xx-advanced-armbased-32bit-mpus-stmicroelectronics_dfsdm.pdf,15
RESERVED,2:0,,2:0,rm0351-stm32l47xxx-stm32l48xxx-stm32l49xxx-and-stm32l4axxx-advanced-armbased-32bit-mcus-stmicroelectronics_dfsdm.pdf; rm0394-stm32l41xxx42xxx43xxx44xxx45xxx46xxx-advanced-armbased-32bit-mcus-stmicroelectronics_dfsdm.pdf; rm0399-stm32h745755-and-stm32h747757-advanced-armbased-32bit-mcus-stmicroelectronics_dfsdm.pdf; rm0402-stm32f412-advanced-armbased-32bit-mcus-stmicroelectronics_dfsdm.pdf; rm0410-stm32f76xxx-and-stm32f77xxx-advanced-armbased-32bit-mcus-stmicroelectronics_dfsdm.pdf; rm0430-stm32f413423-advanced-armbased-32bit-mcus-stmicroelectronics_dfsdm.pdf; rm0432-stm32l4-series-advanced-armbased-32bit-mcus-stmicroelectronics_dfsdm.pdf; rm0433-stm32h742-stm32h743753-and-stm32h750-value-line-advanced-armbased-32bit-mcus-stmicroelectronics_dfsdm.pdf; rm0436-stm32mp157-advanced-armbased-32bit-mpus-stmicroelectronics_dfsdm.pdf; rm0438-stm32l5-series-advanced-armbased-32bit-mcus-stmicroelectronics_dfsdm.pdf; rm0441-stm32mp151-advanced-armbased-32bit-mpus-stmicroelectronics_dfsdm.pdf; rm0442-stm32mp153-advanced-armbased-32bit-mpus-stmicroelectronics_dfsdm.pdf; rm0455-stm32h7a37b3-and-stm32h7b0-value-line-advanced-armbased-32bit-mcus-stmicroelectronics_dfsdm.pdf; rm0468-stm32h723733-stm32h725735-and-stm32h730-value-line-advanced-armbased-32bit-mcus-stmicroelectronics_dfsdm.pdf; rm0475-stm32mp13xx-advanced-armbased-32bit-mpus-stmicroelectronics_dfsdm.pdf,15
RESERVED,3,,3,rm0351-stm32l47xxx-stm32l48xxx-stm32l49xxx-and-stm32l4axxx-advanced-armbased-32bit-mcus-stmicroelectronics_dfsdm.pdf; rm0399-stm32h745755-and-stm32h747757-advanced-armbased-32bit-mcus-stmicroelectronics_dfsdm.pdf; rm0410-stm32f76xxx-and-stm32f77xxx-advanced-armbased-32bit-mcus-stmicroelectronics_dfsdm.pdf; rm0430-stm32f413423-advanced-armbased-32bit-mcus-stmicroelectronics_dfsdm.pdf; rm0432-stm32l4-series-advanced-armbased-32bit-mcus-stmicroelectronics_dfsdm.pdf; rm0433-stm32h742-stm32h743753-and-stm32h750-value-line-advanced-armbased-32bit-mcus-stmicroelectronics_dfsdm.pdf; rm0436-stm32mp157-advanced-armbased-32bit-mpus-stmicroelectronics_dfsdm.pdf; rm0441-stm32mp151-advanced-armbased-32bit-mpus-stmicroelectronics_dfsdm.pdf; rm0442-stm32mp153-advanced-armbased-32bit-mpus-stmicroelectronics_dfsdm.pdf; rm0455-stm32h7a37b3-and-stm32h7b0-value-line-advanced-armbased-32bit-mcus-stmicroelectronics_dfsdm.pdf; rm0468-stm32h723733-stm32h725735-and-stm32h730-value-line-advanced-armbased-32bit-mcus-stmicroelectronics_dfsdm.pdf,11
RESERVED,31,,31,rm0351-stm32l47xxx-stm32l48xxx-stm32l49xxx-and-stm32l4axxx-advanced-armbased-32bit-mcus-stmicroelectronics_dfsdm.pdf; rm0394-stm32l41xxx42xxx43xxx44xxx45xxx46xxx-advanced-armbased-32bit-mcus-stmicroelectronics_dfsdm.pdf; rm0399-stm32h745755-and-stm32h747757-advanced-armbased-32bit-mcus-stmicroelectronics_dfsdm.pdf; rm0402-stm32f412-advanced-armbased-32bit-mcus-stmicroelectronics_dfsdm.pdf; rm0410-stm32f76xxx-and-stm32f77xxx-advanced-armbased-32bit-mcus-stmicroelectronics_dfsdm.pdf; rm0430-stm32f413423-advanced-armbased-32bit-mcus-stmicroelectronics_dfsdm.pdf; rm0432-stm32l4-series-advanced-armbased-32bit-mcus-stmicroelectronics_dfsdm.pdf; rm0433-stm32h742-stm32h743753-and-stm32h750-value-line-advanced-armbased-32bit-mcus-stmicroelectronics_dfsdm.pdf; rm0436-stm32mp157-advanced-armbased-32bit-mpus-stmicroelectronics_dfsdm.pdf; rm0438-stm32l5-series-advanced-armbased-32bit-mcus-stmicroelectronics_dfsdm.pdf; rm0441-stm32mp151-advanced-armbased-32bit-mpus-stmicroelectronics_dfsdm.pdf; rm0442-stm32mp153-advanced-armbased-32bit-mpus-stmicroelectronics_dfsdm.pdf; rm0455-stm32h7a37b3-and-stm32h7b0-value-line-advanced-armbased-32bit-mcus-stmicroelectronics_dfsdm.pdf; rm0468-stm32h723733-stm32h725735-and-stm32h730-value-line-advanced-armbased-32bit-mcus-stmicroelectronics_dfsdm.pdf; rm0475-stm32mp13xx-advanced-armbased-32bit-mpus-stmicroelectronics_dfsdm.pdf,15
RESERVED,31:12,,31:12,rm0394-stm32l41xxx42xxx43xxx44xxx45xxx46xxx-advanced-armbased-32bit-mcus-stmicroelectronics_dfsdm.pdf; rm0402-stm32f412-advanced-armbased-32bit-mcus-stmicroelectronics_dfsdm.pdf; rm0438-stm32l5-series-advanced-armbased-32bit-mcus-stmicroelectronics_dfsdm.pdf; rm0475-stm32mp13xx-advanced-armbased-32bit-mpus-stmicroelectronics_dfsdm.pdf,4
RESERVED,31:16,,31:16,rm0351-stm32l47xxx-stm32l48xxx-stm32l49xxx-and-stm32l4axxx-advanced-armbased-32bit-mcus-stmicroelectronics_dfsdm.pdf; rm0394-stm32l41xxx42xxx43xxx44xxx45xxx46xxx-advanced-armbased-32bit-mcus-stmicroelectronics_dfsdm.pdf; rm0399-stm32h745755-and-stm32h747757-advanced-armbased-32bit-mcus-stmicroelectronics_dfsdm.pdf; rm0402-stm32f412-advanced-armbased-32bit-mcus-stmicroelectronics_dfsdm.pdf; rm0410-stm32f76xxx-and-stm32f77xxx-advanced-armbased-32bit-mcus-stmicroelectronics_dfsdm.pdf; rm0430-stm32f413423-advanced-armbased-32bit-mcus-stmicroelectronics_dfsdm.pdf; rm0432-stm32l4-series-advanced-armbased-32bit-mcus-stmicroelectronics_dfsdm.pdf; rm0433-stm32h742-stm32h743753-and-stm32h750-value-line-advanced-armbased-32bit-mcus-stmicroelectronics_dfsdm.pdf; rm0436-stm32mp157-advanced-armbased-32bit-mpus-stmicroelectronics_dfsdm.pdf; rm0438-stm32l5-series-advanced-armbased-32bit-mcus-stmicroelectronics_dfsdm.pdf; rm0441-stm32mp151-advanced-armbased-32bit-mpus-stmicroelectronics_dfsdm.pdf; rm0442-stm32mp153-advanced-armbased-32bit-mpus-stmicroelectronics_dfsdm.pdf; rm0455-stm32h7a37b3-and-stm32h7b0-value-line-advanced-armbased-32bit-mcus-stmicroelectronics_dfsdm.pdf; rm0468-stm32h723733-stm32h725735-and-stm32h730-value-line-advanced-armbased-32bit-mcus-stmicroelectronics_dfsdm.pdf; rm0475-stm32mp13xx-advanced-armbased-32bit-mpus-stmicroelectronics_dfsdm.pdf,15
RESERVED,31:20,,31:20,rm0394-stm32l41xxx42xxx43xxx44xxx45xxx46xxx-advanced-armbased-32bit-mcus-stmicroelectronics_dfsdm.pdf; rm0402-stm32f412-advanced-armbased-32bit-mcus-stmicroelectronics_dfsdm.pdf; rm0438-stm32l5-series-advanced-armbased-32bit-mcus-stmicroelectronics_dfsdm.pdf; rm0475-stm32mp13xx-advanced-armbased-32bit-mpus-stmicroelectronics_dfsdm.pdf,4
RESERVED,31:24,,31:24,rm0351-stm32l47xxx-stm32l48xxx-stm32l49xxx-and-stm32l4axxx-advanced-armbased-32bit-mcus-stmicroelectronics_dfsdm.pdf; rm0394-stm32l41xxx42xxx43xxx44xxx45xxx46xxx-advanced-armbased-32bit-mcus-stmicroelectronics_dfsdm.pdf; rm0399-stm32h745755-and-stm32h747757-advanced-armbased-32bit-mcus-stmicroelectronics_dfsdm.pdf; rm0402-stm32f412-advanced-armbased-32bit-mcus-stmicroelectronics_dfsdm.pdf; rm0410-stm32f76xxx-and-stm32f77xxx-advanced-armbased-32bit-mcus-stmicroelectronics_dfsdm.pdf; rm0430-stm32f413423-advanced-armbased-32bit-mcus-stmicroelectronics_dfsdm.pdf; rm0432-stm32l4-series-advanced-armbased-32bit-mcus-stmicroelectronics_dfsdm.pdf; rm0433-stm32h742-stm32h743753-and-stm32h750-value-line-advanced-armbased-32bit-mcus-stmicroelectronics_dfsdm.pdf; rm0436-stm32mp157-advanced-armbased-32bit-mpus-stmicroelectronics_dfsdm.pdf; rm0438-stm32l5-series-advanced-armbased-32bit-mcus-stmicroelectronics_dfsdm.pdf; rm0441-stm32mp151-advanced-armbased-32bit-mpus-stmicroelectronics_dfsdm.pdf; rm0442-stm32mp153-advanced-armbased-32bit-mpus-stmicroelectronics_dfsdm.pdf; rm0455-stm32h7a37b3-and-stm32h7b0-value-line-advanced-armbased-32bit-mcus-stmicroelectronics_dfsdm.pdf; rm0468-stm32h723733-stm32h725735-and-stm32h730-value-line-advanced-armbased-32bit-mcus-stmicroelectronics_dfsdm.pdf; rm0475-stm32mp13xx-advanced-armbased-32bit-mpus-stmicroelectronics_dfsdm.pdf,15
RESERVED,31:28,,31:28,rm0394-stm32l41xxx42xxx43xxx44xxx45xxx46xxx-advanced-armbased-32bit-mcus-stmicroelectronics_dfsdm.pdf; rm0402-stm32f412-advanced-armbased-32bit-mcus-stmicroelectronics_dfsdm.pdf; rm0438-stm32l5-series-advanced-armbased-32bit-mcus-stmicroelectronics_dfsdm.pdf; rm0475-stm32mp13xx-advanced-armbased-32bit-mpus-stmicroelectronics_dfsdm.pdf,4
RESERVED,31:4,,31:4,rm0394-stm32l41xxx42xxx43xxx44xxx45xxx46xxx-advanced-armbased-32bit-mcus-stmicroelectronics_dfsdm.pdf; rm0402-stm32f412-advanced-armbased-32bit-mcus-stmicroelectronics_dfsdm.pdf; rm0438-stm32l5-series-advanced-armbased-32bit-mcus-stmicroelectronics_dfsdm.pdf; rm0475-stm32mp13xx-advanced-armbased-32bit-mpus-stmicroelectronics_dfsdm.pdf,4
RESERVED,31:6,,31:6,rm0432-stm32l4-series-advanced-armbased-32bit-mcus-stmicroelectronics_dfsdm.pdf; rm0436-stm32mp157-advanced-armbased-32bit-mpus-stmicroelectronics_dfsdm.pdf; rm0438-stm32l5-series-advanced-armbased-32bit-mcus-stmicroelectronics_dfsdm.pdf; rm0441-stm32mp151-advanced-armbased-32bit-mpus-stmicroelectronics_dfsdm.pdf; rm0442-stm32mp153-advanced-armbased-32bit-mpus-stmicroelectronics_dfsdm.pdf; rm0455-stm32h7a37b3-and-stm32h7b0-value-line-advanced-armbased-32bit-mcus-stmicroelectronics_dfsdm.pdf; rm0468-stm32h723733-stm32h725735-and-stm32h730-value-line-advanced-armbased-32bit-mcus-stmicroelectronics_dfsdm.pdf; rm0475-stm32mp13xx-advanced-armbased-32bit-mpus-stmicroelectronics_dfsdm.pdf,8
RESERVED,31:8,,31:8,rm0351-stm32l47xxx-stm32l48xxx-stm32l49xxx-and-stm32l4axxx-advanced-armbased-32bit-mcus-stmicroelectronics_dfsdm.pdf; rm0399-stm32h745755-and-stm32h747757-advanced-armbased-32bit-mcus-stmicroelectronics_dfsdm.pdf; rm0410-stm32f76xxx-and-stm32f77xxx-advanced-armbased-32bit-mcus-stmicroelectronics_dfsdm.pdf; rm0430-stm32f413423-advanced-armbased-32bit-mcus-stmicroelectronics_dfsdm.pdf; rm0432-stm32l4-series-advanced-armbased-32bit-mcus-stmicroelectronics_dfsdm.pdf; rm0433-stm32h742-stm32h743753-and-stm32h750-value-line-advanced-armbased-32bit-mcus-stmicroelectronics_dfsdm.pdf; rm0436-stm32mp157-advanced-armbased-32bit-mpus-stmicroelectronics_dfsdm.pdf; rm0441-stm32mp151-advanced-armbased-32bit-mpus-stmicroelectronics_dfsdm.pdf; rm0442-stm32mp153-advanced-armbased-32bit-mpus-stmicroelectronics_dfsdm.pdf; rm0455-stm32h7a37b3-and-stm32h7b0-value-line-advanced-armbased-32bit-mcus-stmicroelectronics_dfsdm.pdf; rm0468-stm32h723733-stm32h725735-and-stm32h730-value-line-advanced-armbased-32bit-mcus-stmicroelectronics_dfsdm.pdf; rm0475-stm32mp13xx-advanced-armbased-32bit-mpus-stmicroelectronics_dfsdm.pdf,12
RESERVED,3:0,,3:0,rm0351-stm32l47xxx-stm32l48xxx-stm32l49xxx-and-stm32l4axxx-advanced-armbased-32bit-mcus-stmicroelectronics_dfsdm.pdf; rm0394-stm32l41xxx42xxx43xxx44xxx45xxx46xxx-advanced-armbased-32bit-mcus-stmicroelectronics_dfsdm.pdf; rm0399-stm32h745755-and-stm32h747757-advanced-armbased-32bit-mcus-stmicroelectronics_dfsdm.pdf; rm0402-stm32f412-advanced-armbased-32bit-mcus-stmicroelectronics_dfsdm.pdf; rm0410-stm32f76xxx-and-stm32f77xxx-advanced-armbased-32bit-mcus-stmicroelectronics_dfsdm.pdf; rm0430-stm32f413423-advanced-armbased-32bit-mcus-stmicroelectronics_dfsdm.pdf; rm0432-stm32l4-series-advanced-armbased-32bit-mcus-stmicroelectronics_dfsdm.pdf; rm0433-stm32h742-stm32h743753-and-stm32h750-value-line-advanced-armbased-32bit-mcus-stmicroelectronics_dfsdm.pdf; rm0436-stm32mp157-advanced-armbased-32bit-mpus-stmicroelectronics_dfsdm.pdf; rm0438-stm32l5-series-advanced-armbased-32bit-mcus-stmicroelectronics_dfsdm.pdf; rm0441-stm32mp151-advanced-armbased-32bit-mpus-stmicroelectronics_dfsdm.pdf; rm0442-stm32mp153-advanced-armbased-32bit-mpus-stmicroelectronics_dfsdm.pdf; rm0455-stm32h7a37b3-and-stm32h7b0-value-line-advanced-armbased-32bit-mcus-stmicroelectronics_dfsdm.pdf; rm0468-stm32h723733-stm32h725735-and-stm32h730-value-line-advanced-armbased-32bit-mcus-stmicroelectronics_dfsdm.pdf; rm0475-stm32mp13xx-advanced-armbased-32bit-mpus-stmicroelectronics_dfsdm.pdf,15
RESERVED,3:2,,3:2,rm0394-stm32l41xxx42xxx43xxx44xxx45xxx46xxx-advanced-armbased-32bit-mcus-stmicroelectronics_dfsdm.pdf; rm0402-stm32f412-advanced-armbased-32bit-mcus-stmicroelectronics_dfsdm.pdf; rm0438-stm32l5-series-advanced-armbased-32bit-mcus-stmicroelectronics_dfsdm.pdf; rm0475-stm32mp13xx-advanced-armbased-32bit-mpus-stmicroelectronics_dfsdm.pdf,4
RESERVED,4,,4,rm0351-stm32l47xxx-stm32l48xxx-stm32l49xxx-and-stm32l4axxx-advanced-armbased-32bit-mcus-stmicroelectronics_dfsdm.pdf; rm0394-stm32l41xxx42xxx43xxx44xxx45xxx46xxx-advanced-armbased-32bit-mcus-stmicroelectronics_dfsdm.pdf; rm0399-stm32h745755-and-stm32h747757-advanced-armbased-32bit-mcus-stmicroelectronics_dfsdm.pdf; rm0402-stm32f412-advanced-armbased-32bit-mcus-stmicroelectronics_dfsdm.pdf; rm0410-stm32f76xxx-and-stm32f77xxx-advanced-armbased-32bit-mcus-stmicroelectronics_dfsdm.pdf; rm0430-stm32f413423-advanced-armbased-32bit-mcus-stmicroelectronics_dfsdm.pdf; rm0432-stm32l4-series-advanced-armbased-32bit-mcus-stmicroelectronics_dfsdm.pdf; rm0433-stm32h742-stm32h743753-and-stm32h750-value-line-advanced-armbased-32bit-mcus-stmicroelectronics_dfsdm.pdf; rm0436-stm32mp157-advanced-armbased-32bit-mpus-stmicroelectronics_dfsdm.pdf; rm0438-stm32l5-series-advanced-armbased-32bit-mcus-stmicroelectronics_dfsdm.pdf; rm0441-stm32mp151-advanced-armbased-32bit-mpus-stmicroelectronics_dfsdm.pdf; rm0442-stm32mp153-advanced-armbased-32bit-mpus-stmicroelectronics_dfsdm.pdf; rm0455-stm32h7a37b3-and-stm32h7b0-value-line-advanced-armbased-32bit-mcus-stmicroelectronics_dfsdm.pdf; rm0468-stm32h723733-stm32h725735-and-stm32h730-value-line-advanced-armbased-32bit-mcus-stmicroelectronics_dfsdm.pdf; rm0475-stm32mp13xx-advanced-armbased-32bit-mpus-stmicroelectronics_dfsdm.pdf,15
RESERVED,7,,7,rm0351-stm32l47xxx-stm32l48xxx-stm32l49xxx-and-stm32l4axxx-advanced-armbased-32bit-mcus-stmicroelectronics_dfsdm.pdf; rm0394-stm32l41xxx42xxx43xxx44xxx45xxx46xxx-advanced-armbased-32bit-mcus-stmicroelectronics_dfsdm.pdf; rm0399-stm32h745755-and-stm32h747757-advanced-armbased-32bit-mcus-stmicroelectronics_dfsdm.pdf; rm0402-stm32f412-advanced-armbased-32bit-mcus-stmicroelectronics_dfsdm.pdf; rm0410-stm32f76xxx-and-stm32f77xxx-advanced-armbased-32bit-mcus-stmicroelectronics_dfsdm.pdf; rm0430-stm32f413423-advanced-armbased-32bit-mcus-stmicroelectronics_dfsdm.pdf; rm0432-stm32l4-series-advanced-armbased-32bit-mcus-stmicroelectronics_dfsdm.pdf; rm0433-stm32h742-stm32h743753-and-stm32h750-value-line-advanced-armbased-32bit-mcus-stmicroelectronics_dfsdm.pdf; rm0436-stm32mp157-advanced-armbased-32bit-mpus-stmicroelectronics_dfsdm.pdf; rm0438-stm32l5-series-advanced-armbased-32bit-mcus-stmicroelectronics_dfsdm.pdf; rm0441-stm32mp151-advanced-armbased-32bit-mpus-stmicroelectronics_dfsdm.pdf; rm0442-stm32mp153-advanced-armbased-32bit-mpus-stmicroelectronics_dfsdm.pdf; rm0455-stm32h7a37b3-and-stm32h7b0-value-line-advanced-armbased-32bit-mcus-stmicroelectronics_dfsdm.pdf; rm0468-stm32h723733-stm32h725735-and-stm32h730-value-line-advanced-armbased-32bit-mcus-stmicroelectronics_dfsdm.pdf; rm0475-stm32mp13xx-advanced-armbased-32bit-mpus-stmicroelectronics_dfsdm.pdf,15
RESERVED,7:2,,7:2,rm0394-stm32l41xxx42xxx43xxx44xxx45xxx46xxx-advanced-armbased-32bit-mcus-stmicroelectronics_dfsdm.pdf; rm0402-stm32f412-advanced-armbased-32bit-mcus-stmicroelectronics_dfsdm.pdf; rm0438-stm32l5-series-advanced-armbased-32bit-mcus-stmicroelectronics_dfsdm.pdf; rm0475-stm32mp13xx-advanced-armbased-32bit-mpus-stmicroelectronics_dfsdm.pdf,4
RESERVED,7:3,,7:3,rm0351-stm32l47xxx-stm32l48xxx-stm32l49xxx-and-stm32l4axxx-advanced-armbased-32bit-mcus-stmicroelectronics_dfsdm.pdf; rm0399-stm32h745755-and-stm32h747757-advanced-armbased-32bit-mcus-stmicroelectronics_dfsdm.pdf; rm0410-stm32f76xxx-and-stm32f77xxx-advanced-armbased-32bit-mcus-stmicroelectronics_dfsdm.pdf; rm0430-stm32f413423-advanced-armbased-32bit-mcus-stmicroelectronics_dfsdm.pdf; rm0432-stm32l4-series-advanced-armbased-32bit-mcus-stmicroelectronics_dfsdm.pdf; rm0433-stm32h742-stm32h743753-and-stm32h750-value-line-advanced-armbased-32bit-mcus-stmicroelectronics_dfsdm.pdf; rm0436-stm32mp157-advanced-armbased-32bit-mpus-stmicroelectronics_dfsdm.pdf; rm0441-stm32mp151-advanced-armbased-32bit-mpus-stmicroelectronics_dfsdm.pdf; rm0442-stm32mp153-advanced-armbased-32bit-mpus-stmicroelectronics_dfsdm.pdf; rm0455-stm32h7a37b3-and-stm32h7b0-value-line-advanced-armbased-32bit-mcus-stmicroelectronics_dfsdm.pdf; rm0468-stm32h723733-stm32h725735-and-stm32h730-value-line-advanced-armbased-32bit-mcus-stmicroelectronics_dfsdm.pdf,11
RESERVED,7:4,,7:4,rm0351-stm32l47xxx-stm32l48xxx-stm32l49xxx-and-stm32l4axxx-advanced-armbased-32bit-mcus-stmicroelectronics_dfsdm.pdf; rm0394-stm32l41xxx42xxx43xxx44xxx45xxx46xxx-advanced-armbased-32bit-mcus-stmicroelectronics_dfsdm.pdf; rm0399-stm32h745755-and-stm32h747757-advanced-armbased-32bit-mcus-stmicroelectronics_dfsdm.pdf; rm0402-stm32f412-advanced-armbased-32bit-mcus-stmicroelectronics_dfsdm.pdf; rm0410-stm32f76xxx-and-stm32f77xxx-advanced-armbased-32bit-mcus-stmicroelectronics_dfsdm.pdf; rm0430-stm32f413423-advanced-armbased-32bit-mcus-stmicroelectronics_dfsdm.pdf; rm0432-stm32l4-series-advanced-armbased-32bit-mcus-stmicroelectronics_dfsdm.pdf; rm0433-stm32h742-stm32h743753-and-stm32h750-value-line-advanced-armbased-32bit-mcus-stmicroelectronics_dfsdm.pdf; rm0436-stm32mp157-advanced-armbased-32bit-mpus-stmicroelectronics_dfsdm.pdf; rm0438-stm32l5-series-advanced-armbased-32bit-mcus-stmicroelectronics_dfsdm.pdf; rm0441-stm32mp151-advanced-armbased-32bit-mpus-stmicroelectronics_dfsdm.pdf; rm0442-stm32mp153-advanced-armbased-32bit-mpus-stmicroelectronics_dfsdm.pdf; rm0455-stm32h7a37b3-and-stm32h7b0-value-line-advanced-armbased-32bit-mcus-stmicroelectronics_dfsdm.pdf; rm0468-stm32h723733-stm32h725735-and-stm32h730-value-line-advanced-armbased-32bit-mcus-stmicroelectronics_dfsdm.pdf; rm0475-stm32mp13xx-advanced-armbased-32bit-mpus-stmicroelectronics_dfsdm.pdf,15
RESERVED,7:5,,7:5,rm0351-stm32l47xxx-stm32l48xxx-stm32l49xxx-and-stm32l4axxx-advanced-armbased-32bit-mcus-stmicroelectronics_dfsdm.pdf; rm0394-stm32l41xxx42xxx43xxx44xxx45xxx46xxx-advanced-armbased-32bit-mcus-stmicroelectronics_dfsdm.pdf; rm0399-stm32h745755-and-stm32h747757-advanced-armbased-32bit-mcus-stmicroelectronics_dfsdm.pdf; rm0402-stm32f412-advanced-armbased-32bit-mcus-stmicroelectronics_dfsdm.pdf; rm0410-stm32f76xxx-and-stm32f77xxx-advanced-armbased-32bit-mcus-stmicroelectronics_dfsdm.pdf; rm0430-stm32f413423-advanced-armbased-32bit-mcus-stmicroelectronics_dfsdm.pdf; rm0432-stm32l4-series-advanced-armbased-32bit-mcus-stmicroelectronics_dfsdm.pdf; rm0433-stm32h742-stm32h743753-and-stm32h750-value-line-advanced-armbased-32bit-mcus-stmicroelectronics_dfsdm.pdf; rm0436-stm32mp157-advanced-armbased-32bit-mpus-stmicroelectronics_dfsdm.pdf; rm0438-stm32l5-series-advanced-armbased-32bit-mcus-stmicroelectronics_dfsdm.pdf; rm0441-stm32mp151-advanced-armbased-32bit-mpus-stmicroelectronics_dfsdm.pdf; rm0442-stm32mp153-advanced-armbased-32bit-mpus-stmicroelectronics_dfsdm.pdf; rm0455-stm32h7a37b3-and-stm32h7b0-value-line-advanced-armbased-32bit-mcus-stmicroelectronics_dfsdm.pdf; rm0468-stm32h723733-stm32h725735-and-stm32h730-value-line-advanced-armbased-32bit-mcus-stmicroelectronics_dfsdm.pdf; rm0475-stm32mp13xx-advanced-armbased-32bit-mpus-stmicroelectronics_dfsdm.pdf,15
RESERVED,7:6,,7:6,rm0351-stm32l47xxx-stm32l48xxx-stm32l49xxx-and-stm32l4axxx-advanced-armbased-32bit-mcus-stmicroelectronics_dfsdm.pdf; rm0394-stm32l41xxx42xxx43xxx44xxx45xxx46xxx-advanced-armbased-32bit-mcus-stmicroelectronics_dfsdm.pdf; rm0399-stm32h745755-and-stm32h747757-advanced-armbased-32bit-mcus-stmicroelectronics_dfsdm.pdf; rm0402-stm32f412-advanced-armbased-32bit-mcus-stmicroelectronics_dfsdm.pdf; rm0410-stm32f76xxx-and-stm32f77xxx-advanced-armbased-32bit-mcus-stmicroelectronics_dfsdm.pdf; rm0430-stm32f413423-advanced-armbased-32bit-mcus-stmicroelectronics_dfsdm.pdf; rm0432-stm32l4-series-advanced-armbased-32bit-mcus-stmicroelectronics_dfsdm.pdf; rm0433-stm32h742-stm32h743753-and-stm32h750-value-line-advanced-armbased-32bit-mcus-stmicroelectronics_dfsdm.pdf; rm0436-stm32mp157-advanced-armbased-32bit-mpus-stmicroelectronics_dfsdm.pdf; rm0438-stm32l5-series-advanced-armbased-32bit-mcus-stmicroelectronics_dfsdm.pdf; rm0441-stm32mp151-advanced-armbased-32bit-mpus-stmicroelectronics_dfsdm.pdf; rm0442-stm32mp153-advanced-armbased-32bit-mpus-stmicroelectronics_dfsdm.pdf; rm0455-stm32h7a37b3-and-stm32h7b0-value-line-advanced-armbased-32bit-mcus-stmicroelectronics_dfsdm.pdf; rm0468-stm32h723733-stm32h725735-and-stm32h730-value-line-advanced-armbased-32bit-mcus-stmicroelectronics_dfsdm.pdf; rm0475-stm32mp13xx-advanced-armbased-32bit-mpus-stmicroelectronics_dfsdm.pdf,15
ROVRF,3,,3,rm0351-stm32l47xxx-stm32l48xxx-stm32l49xxx-and-stm32l4axxx-advanced-armbased-32bit-mcus-stmicroelectronics_dfsdm.pdf; rm0394-stm32l41xxx42xxx43xxx44xxx45xxx46xxx-advanced-armbased-32bit-mcus-stmicroelectronics_dfsdm.pdf; rm0399-stm32h745755-and-stm32h747757-advanced-armbased-32bit-mcus-stmicroelectronics_dfsdm.pdf; rm0402-stm32f412-advanced-armbased-32bit-mcus-stmicroelectronics_dfsdm.pdf; rm0410-stm32f76xxx-and-stm32f77xxx-advanced-armbased-32bit-mcus-stmicroelectronics_dfsdm.pdf; rm0430-stm32f413423-advanced-armbased-32bit-mcus-stmicroelectronics_dfsdm.pdf; rm0432-stm32l4-series-advanced-armbased-32bit-mcus-stmicroelectronics_dfsdm.pdf; rm0433-stm32h742-stm32h743753-and-stm32h750-value-line-advanced-armbased-32bit-mcus-stmicroelectronics_dfsdm.pdf; rm0436-stm32mp157-advanced-armbased-32bit-mpus-stmicroelectronics_dfsdm.pdf; rm0438-stm32l5-series-advanced-armbased-32bit-mcus-stmicroelectronics_dfsdm.pdf; rm0441-stm32mp151-advanced-armbased-32bit-mpus-stmicroelectronics_dfsdm.pdf; rm0442-stm32mp153-advanced-armbased-32bit-mpus-stmicroelectronics_dfsdm.pdf; rm0455-stm32h7a37b3-and-stm32h7b0-value-line-advanced-armbased-32bit-mcus-stmicroelectronics_dfsdm.pdf; rm0468-stm32h723733-stm32h725735-and-stm32h730-value-line-advanced-armbased-32bit-mcus-stmicroelectronics_dfsdm.pdf; rm0475-stm32mp13xx-advanced-armbased-32bit-mpus-stmicroelectronics_dfsdm.pdf,15
ROVRIE,3,,3,rm0351-stm32l47xxx-stm32l48xxx-stm32l49xxx-and-stm32l4axxx-advanced-armbased-32bit-mcus-stmicroelectronics_dfsdm.pdf; rm0394-stm32l41xxx42xxx43xxx44xxx45xxx46xxx-advanced-armbased-32bit-mcus-stmicroelectronics_dfsdm.pdf; rm0399-stm32h745755-and-stm32h747757-advanced-armbased-32bit-mcus-stmicroelectronics_dfsdm.pdf; rm0402-stm32f412-advanced-armbased-32bit-mcus-stmicroelectronics_dfsdm.pdf; rm0410-stm32f76xxx-and-stm32f77xxx-advanced-armbased-32bit-mcus-stmicroelectronics_dfsdm.pdf; rm0430-stm32f413423-advanced-armbased-32bit-mcus-stmicroelectronics_dfsdm.pdf; rm0432-stm32l4-series-advanced-armbased-32bit-mcus-stmicroelectronics_dfsdm.pdf; rm0433-stm32h742-stm32h743753-and-stm32h750-value-line-advanced-armbased-32bit-mcus-stmicroelectronics_dfsdm.pdf; rm0436-stm32mp157-advanced-armbased-32bit-mpus-stmicroelectronics_dfsdm.pdf; rm0438-stm32l5-series-advanced-armbased-32bit-mcus-stmicroelectronics_dfsdm.pdf; rm0441-stm32mp151-advanced-armbased-32bit-mpus-stmicroelectronics_dfsdm.pdf; rm0442-stm32mp153-advanced-armbased-32bit-mpus-stmicroelectronics_dfsdm.pdf; rm0455-stm32h7a37b3-and-stm32h7b0-value-line-advanced-armbased-32bit-mcus-stmicroelectronics_dfsdm.pdf; rm0468-stm32h723733-stm32h725735-and-stm32h730-value-line-advanced-armbased-32bit-mcus-stmicroelectronics_dfsdm.pdf; rm0475-stm32mp13xx-advanced-armbased-32bit-mpus-stmicroelectronics_dfsdm.pdf,15
RPEND,4,,4,rm0351-stm32l47xxx-stm32l48xxx-stm32l49xxx-and-stm32l4axxx-advanced-armbased-32bit-mcus-stmicroelectronics_dfsdm.pdf; rm0394-stm32l41xxx42xxx43xxx44xxx45xxx46xxx-advanced-armbased-32bit-mcus-stmicroelectronics_dfsdm.pdf; rm0399-stm32h745755-and-stm32h747757-advanced-armbased-32bit-mcus-stmicroelectronics_dfsdm.pdf; rm0402-stm32f412-advanced-armbased-32bit-mcus-stmicroelectronics_dfsdm.pdf; rm0410-stm32f76xxx-and-stm32f77xxx-advanced-armbased-32bit-mcus-stmicroelectronics_dfsdm.pdf; rm0430-stm32f413423-advanced-armbased-32bit-mcus-stmicroelectronics_dfsdm.pdf; rm0432-stm32l4-series-advanced-armbased-32bit-mcus-stmicroelectronics_dfsdm.pdf; rm0433-stm32h742-stm32h743753-and-stm32h750-value-line-advanced-armbased-32bit-mcus-stmicroelectronics_dfsdm.pdf; rm0436-stm32mp157-advanced-armbased-32bit-mpus-stmicroelectronics_dfsdm.pdf; rm0438-stm32l5-series-advanced-armbased-32bit-mcus-stmicroelectronics_dfsdm.pdf; rm0441-stm32mp151-advanced-armbased-32bit-mpus-stmicroelectronics_dfsdm.pdf; rm0442-stm32mp153-advanced-armbased-32bit-mpus-stmicroelectronics_dfsdm.pdf; rm0455-stm32h7a37b3-and-stm32h7b0-value-line-advanced-armbased-32bit-mcus-stmicroelectronics_dfsdm.pdf; rm0468-stm32h723733-stm32h725735-and-stm32h730-value-line-advanced-armbased-32bit-mcus-stmicroelectronics_dfsdm.pdf; rm0475-stm32mp13xx-advanced-armbased-32bit-mpus-stmicroelectronics_dfsdm.pdf,15
RSWSTART,17,,17,rm0351-stm32l47xxx-stm32l48xxx-stm32l49xxx-and-stm32l4axxx-advanced-armbased-32bit-mcus-stmicroelectronics_dfsdm.pdf; rm0394-stm32l41xxx42xxx43xxx44xxx45xxx46xxx-advanced-armbased-32bit-mcus-stmicroelectronics_dfsdm.pdf; rm0399-stm32h745755-and-stm32h747757-advanced-armbased-32bit-mcus-stmicroelectronics_dfsdm.pdf; rm0402-stm32f412-advanced-armbased-32bit-mcus-stmicroelectronics_dfsdm.pdf; rm0410-stm32f76xxx-and-stm32f77xxx-advanced-armbased-32bit-mcus-stmicroelectronics_dfsdm.pdf; rm0430-stm32f413423-advanced-armbased-32bit-mcus-stmicroelectronics_dfsdm.pdf; rm0432-stm32l4-series-advanced-armbased-32bit-mcus-stmicroelectronics_dfsdm.pdf; rm0433-stm32h742-stm32h743753-and-stm32h750-value-line-advanced-armbased-32bit-mcus-stmicroelectronics_dfsdm.pdf; rm0436-stm32mp157-advanced-armbased-32bit-mpus-stmicroelectronics_dfsdm.pdf; rm0438-stm32l5-series-advanced-armbased-32bit-mcus-stmicroelectronics_dfsdm.pdf; rm0441-stm32mp151-advanced-armbased-32bit-mpus-stmicroelectronics_dfsdm.pdf; rm0442-stm32mp153-advanced-armbased-32bit-mpus-stmicroelectronics_dfsdm.pdf; rm0455-stm32h7a37b3-and-stm32h7b0-value-line-advanced-armbased-32bit-mcus-stmicroelectronics_dfsdm.pdf; rm0468-stm32h723733-stm32h725735-and-stm32h730-value-line-advanced-armbased-32bit-mcus-stmicroelectronics_dfsdm.pdf; rm0475-stm32mp13xx-advanced-armbased-32bit-mpus-stmicroelectronics_dfsdm.pdf,15
RSYNC,19,,19,rm0351-stm32l47xxx-stm32l48xxx-stm32l49xxx-and-stm32l4axxx-advanced-armbased-32bit-mcus-stmicroelectronics_dfsdm.pdf; rm0394-stm32l41xxx42xxx43xxx44xxx45xxx46xxx-advanced-armbased-32bit-mcus-stmicroelectronics_dfsdm.pdf; rm0399-stm32h745755-and-stm32h747757-advanced-armbased-32bit-mcus-stmicroelectronics_dfsdm.pdf; rm0402-stm32f412-advanced-armbased-32bit-mcus-stmicroelectronics_dfsdm.pdf; rm0410-stm32f76xxx-and-stm32f77xxx-advanced-armbased-32bit-mcus-stmicroelectronics_dfsdm.pdf; rm0430-stm32f413423-advanced-armbased-32bit-mcus-stmicroelectronics_dfsdm.pdf; rm0432-stm32l4-series-advanced-armbased-32bit-mcus-stmicroelectronics_dfsdm.pdf; rm0433-stm32h742-stm32h743753-and-stm32h750-value-line-advanced-armbased-32bit-mcus-stmicroelectronics_dfsdm.pdf; rm0436-stm32mp157-advanced-armbased-32bit-mpus-stmicroelectronics_dfsdm.pdf; rm0438-stm32l5-series-advanced-armbased-32bit-mcus-stmicroelectronics_dfsdm.pdf; rm0441-stm32mp151-advanced-armbased-32bit-mpus-stmicroelectronics_dfsdm.pdf; rm0442-stm32mp153-advanced-armbased-32bit-mpus-stmicroelectronics_dfsdm.pdf; rm0455-stm32h7a37b3-and-stm32h7b0-value-line-advanced-armbased-32bit-mcus-stmicroelectronics_dfsdm.pdf; rm0468-stm32h723733-stm32h725735-and-stm32h730-value-line-advanced-armbased-32bit-mcus-stmicroelectronics_dfsdm.pdf; rm0475-stm32mp13xx-advanced-armbased-32bit-mpus-stmicroelectronics_dfsdm.pdf,15
SCDEN,5,,5,rm0351-stm32l47xxx-stm32l48xxx-stm32l49xxx-and-stm32l4axxx-advanced-armbased-32bit-mcus-stmicroelectronics_dfsdm.pdf; rm0394-stm32l41xxx42xxx43xxx44xxx45xxx46xxx-advanced-armbased-32bit-mcus-stmicroelectronics_dfsdm.pdf; rm0399-stm32h745755-and-stm32h747757-advanced-armbased-32bit-mcus-stmicroelectronics_dfsdm.pdf; rm0402-stm32f412-advanced-armbased-32bit-mcus-stmicroelectronics_dfsdm.pdf; rm0410-stm32f76xxx-and-stm32f77xxx-advanced-armbased-32bit-mcus-stmicroelectronics_dfsdm.pdf; rm0430-stm32f413423-advanced-armbased-32bit-mcus-stmicroelectronics_dfsdm.pdf; rm0432-stm32l4-series-advanced-armbased-32bit-mcus-stmicroelectronics_dfsdm.pdf; rm0433-stm32h742-stm32h743753-and-stm32h750-value-line-advanced-armbased-32bit-mcus-stmicroelectronics_dfsdm.pdf; rm0436-stm32mp157-advanced-armbased-32bit-mpus-stmicroelectronics_dfsdm.pdf; rm0438-stm32l5-series-advanced-armbased-32bit-mcus-stmicroelectronics_dfsdm.pdf; rm0441-stm32mp151-advanced-armbased-32bit-mpus-stmicroelectronics_dfsdm.pdf; rm0442-stm32mp153-advanced-armbased-32bit-mpus-stmicroelectronics_dfsdm.pdf; rm0455-stm32h7a37b3-and-stm32h7b0-value-line-advanced-armbased-32bit-mcus-stmicroelectronics_dfsdm.pdf; rm0468-stm32h723733-stm32h725735-and-stm32h730-value-line-advanced-armbased-32bit-mcus-stmicroelectronics_dfsdm.pdf; rm0475-stm32mp13xx-advanced-armbased-32bit-mpus-stmicroelectronics_dfsdm.pdf,15
SCDF,27:24,3:0,27:24 -> [3:0],rm0394-stm32l41xxx42xxx43xxx44xxx45xxx46xxx-advanced-armbased-32bit-mcus-stmicroelectronics_dfsdm.pdf; rm0402-stm32f412-advanced-armbased-32bit-mcus-stmicroelectronics_dfsdm.pdf; rm0438-stm32l5-series-advanced-armbased-32bit-mcus-stmicroelectronics_dfsdm.pdf; rm0475-stm32mp13xx-advanced-armbased-32bit-mpus-stmicroelectronics_dfsdm.pdf,4
SCDF,31:24,7:0,31:24 -> [7:0],rm0351-stm32l47xxx-stm32l48xxx-stm32l49xxx-and-stm32l4axxx-advanced-armbased-32bit-mcus-stmicroelectronics_dfsdm.pdf; rm0399-stm32h745755-and-stm32h747757-advanced-armbased-32bit-mcus-stmicroelectronics_dfsdm.pdf; rm0410-stm32f76xxx-and-stm32f77xxx-advanced-armbased-32bit-mcus-stmicroelectronics_dfsdm.pdf; rm0430-stm32f413423-advanced-armbased-32bit-mcus-stmicroelectronics_dfsdm.pdf; rm0432-stm32l4-series-advanced-armbased-32bit-mcus-stmicroelectronics_dfsdm.pdf; rm0433-stm32h742-stm32h743753-and-stm32h750-value-line-advanced-armbased-32bit-mcus-stmicroelectronics_dfsdm.pdf; rm0436-stm32mp157-advanced-armbased-32bit-mpus-stmicroelectronics_dfsdm.pdf; rm0441-stm32mp151-advanced-armbased-32bit-mpus-stmicroelectronics_dfsdm.pdf; rm0442-stm32mp153-advanced-armbased-32bit-mpus-stmicroelectronics_dfsdm.pdf; rm0455-stm32h7a37b3-and-stm32h7b0-value-line-advanced-armbased-32bit-mcus-stmicroelectronics_dfsdm.pdf; rm0468-stm32h723733-stm32h725735-and-stm32h730-value-line-advanced-armbased-32bit-mcus-stmicroelectronics_dfsdm.pdf,11
SCDIE,5,,5,rm0351-stm32l47xxx-stm32l48xxx-stm32l49xxx-and-stm32l4axxx-advanced-armbased-32bit-mcus-stmicroelectronics_dfsdm.pdf; rm0394-stm32l41xxx42xxx43xxx44xxx45xxx46xxx-advanced-armbased-32bit-mcus-stmicroelectronics_dfsdm.pdf; rm0399-stm32h745755-and-stm32h747757-advanced-armbased-32bit-mcus-stmicroelectronics_dfsdm.pdf; rm0402-stm32f412-advanced-armbased-32bit-mcus-stmicroelectronics_dfsdm.pdf; rm0410-stm32f76xxx-and-stm32f77xxx-advanced-armbased-32bit-mcus-stmicroelectronics_dfsdm.pdf; rm0430-stm32f413423-advanced-armbased-32bit-mcus-stmicroelectronics_dfsdm.pdf; rm0432-stm32l4-series-advanced-armbased-32bit-mcus-stmicroelectronics_dfsdm.pdf; rm0433-stm32h742-stm32h743753-and-stm32h750-value-line-advanced-armbased-32bit-mcus-stmicroelectronics_dfsdm.pdf; rm0436-stm32mp157-advanced-armbased-32bit-mpus-stmicroelectronics_dfsdm.pdf; rm0438-stm32l5-series-advanced-armbased-32bit-mcus-stmicroelectronics_dfsdm.pdf; rm0441-stm32mp151-advanced-armbased-32bit-mpus-stmicroelectronics_dfsdm.pdf; rm0442-stm32mp153-advanced-armbased-32bit-mpus-stmicroelectronics_dfsdm.pdf; rm0455-stm32h7a37b3-and-stm32h7b0-value-line-advanced-armbased-32bit-mcus-stmicroelectronics_dfsdm.pdf; rm0468-stm32h723733-stm32h725735-and-stm32h730-value-line-advanced-armbased-32bit-mcus-stmicroelectronics_dfsdm.pdf; rm0475-stm32mp13xx-advanced-armbased-32bit-mpus-stmicroelectronics_dfsdm.pdf,15
SCDT,7:0,7:0,7:0 -> [7:0],rm0351-stm32l47xxx-stm32l48xxx-stm32l49xxx-and-stm32l4axxx-advanced-armbased-32bit-mcus-stmicroelectronics_dfsdm.pdf; rm0394-stm32l41xxx42xxx43xxx44xxx45xxx46xxx-advanced-armbased-32bit-mcus-stmicroelectronics_dfsdm.pdf; rm0399-stm32h745755-and-stm32h747757-advanced-armbased-32bit-mcus-stmicroelectronics_dfsdm.pdf; rm0402-stm32f412-advanced-armbased-32bit-mcus-stmicroelectronics_dfsdm.pdf; rm0410-stm32f76xxx-and-stm32f77xxx-advanced-armbased-32bit-mcus-stmicroelectronics_dfsdm.pdf; rm0430-stm32f413423-advanced-armbased-32bit-mcus-stmicroelectronics_dfsdm.pdf; rm0432-stm32l4-series-advanced-armbased-32bit-mcus-stmicroelectronics_dfsdm.pdf; rm0433-stm32h742-stm32h743753-and-stm32h750-value-line-advanced-armbased-32bit-mcus-stmicroelectronics_dfsdm.pdf; rm0436-stm32mp157-advanced-armbased-32bit-mpus-stmicroelectronics_dfsdm.pdf; rm0438-stm32l5-series-advanced-armbased-32bit-mcus-stmicroelectronics_dfsdm.pdf; rm0441-stm32mp151-advanced-armbased-32bit-mpus-stmicroelectronics_dfsdm.pdf; rm0442-stm32mp153-advanced-armbased-32bit-mpus-stmicroelectronics_dfsdm.pdf; rm0455-stm32h7a37b3-and-stm32h7b0-value-line-advanced-armbased-32bit-mcus-stmicroelectronics_dfsdm.pdf; rm0468-stm32h723733-stm32h725735-and-stm32h730-value-line-advanced-armbased-32bit-mcus-stmicroelectronics_dfsdm.pdf; rm0475-stm32mp13xx-advanced-armbased-32bit-mpus-stmicroelectronics_dfsdm.pdf,15
SID,31:0,31:0,31:0 -> [31:0],rm0436-stm32mp157-advanced-armbased-32bit-mpus-stmicroelectronics_dfsdm.pdf; rm0441-stm32mp151-advanced-armbased-32bit-mpus-stmicroelectronics_dfsdm.pdf; rm0442-stm32mp153-advanced-armbased-32bit-mpus-stmicroelectronics_dfsdm.pdf; rm0475-stm32mp13xx-advanced-armbased-32bit-mpus-stmicroelectronics_dfsdm.pdf,4
SITP,1:0,1:0,1:0 -> [1:0],rm0351-stm32l47xxx-stm32l48xxx-stm32l49xxx-and-stm32l4axxx-advanced-armbased-32bit-mcus-stmicroelectronics_dfsdm.pdf; rm0394-stm32l41xxx42xxx43xxx44xxx45xxx46xxx-advanced-armbased-32bit-mcus-stmicroelectronics_dfsdm.pdf; rm0399-stm32h745755-and-stm32h747757-advanced-armbased-32bit-mcus-stmicroelectronics_dfsdm.pdf; rm0402-stm32f412-advanced-armbased-32bit-mcus-stmicroelectronics_dfsdm.pdf; rm0410-stm32f76xxx-and-stm32f77xxx-advanced-armbased-32bit-mcus-stmicroelectronics_dfsdm.pdf; rm0430-stm32f413423-advanced-armbased-32bit-mcus-stmicroelectronics_dfsdm.pdf; rm0432-stm32l4-series-advanced-armbased-32bit-mcus-stmicroelectronics_dfsdm.pdf; rm0433-stm32h742-stm32h743753-and-stm32h750-value-line-advanced-armbased-32bit-mcus-stmicroelectronics_dfsdm.pdf; rm0436-stm32mp157-advanced-armbased-32bit-mpus-stmicroelectronics_dfsdm.pdf; rm0438-stm32l5-series-advanced-armbased-32bit-mcus-stmicroelectronics_dfsdm.pdf; rm0441-stm32mp151-advanced-armbased-32bit-mpus-stmicroelectronics_dfsdm.pdf; rm0442-stm32mp153-advanced-armbased-32bit-mpus-stmicroelectronics_dfsdm.pdf; rm0455-stm32h7a37b3-and-stm32h7b0-value-line-advanced-armbased-32bit-mcus-stmicroelectronics_dfsdm.pdf; rm0468-stm32h723733-stm32h725735-and-stm32h730-value-line-advanced-armbased-32bit-mcus-stmicroelectronics_dfsdm.pdf; rm0475-stm32mp13xx-advanced-armbased-32bit-mpus-stmicroelectronics_dfsdm.pdf,15
SPICKSEL,3:2,1:0,3:2 -> [1:0],rm0351-stm32l47xxx-stm32l48xxx-stm32l49xxx-and-stm32l4axxx-advanced-armbased-32bit-mcus-stmicroelectronics_dfsdm.pdf; rm0394-stm32l41xxx42xxx43xxx44xxx45xxx46xxx-advanced-armbased-32bit-mcus-stmicroelectronics_dfsdm.pdf; rm0399-stm32h745755-and-stm32h747757-advanced-armbased-32bit-mcus-stmicroelectronics_dfsdm.pdf; rm0402-stm32f412-advanced-armbased-32bit-mcus-stmicroelectronics_dfsdm.pdf; rm0410-stm32f76xxx-and-stm32f77xxx-advanced-armbased-32bit-mcus-stmicroelectronics_dfsdm.pdf; rm0430-stm32f413423-advanced-armbased-32bit-mcus-stmicroelectronics_dfsdm.pdf; rm0432-stm32l4-series-advanced-armbased-32bit-mcus-stmicroelectronics_dfsdm.pdf; rm0433-stm32h742-stm32h743753-and-stm32h750-value-line-advanced-armbased-32bit-mcus-stmicroelectronics_dfsdm.pdf; rm0436-stm32mp157-advanced-armbased-32bit-mpus-stmicroelectronics_dfsdm.pdf; rm0438-stm32l5-series-advanced-armbased-32bit-mcus-stmicroelectronics_dfsdm.pdf; rm0441-stm32mp151-advanced-armbased-32bit-mpus-stmicroelectronics_dfsdm.pdf; rm0442-stm32mp153-advanced-armbased-32bit-mpus-stmicroelectronics_dfsdm.pdf; rm0455-stm32h7a37b3-and-stm32h7b0-value-line-advanced-armbased-32bit-mcus-stmicroelectronics_dfsdm.pdf; rm0468-stm32h723733-stm32h725735-and-stm32h730-value-line-advanced-armbased-32bit-mcus-stmicroelectronics_dfsdm.pdf; rm0475-stm32mp13xx-advanced-armbased-32bit-mpus-stmicroelectronics_dfsdm.pdf,15
WDATA,15:0,15:0,15:0 -> [15:0],rm0351-stm32l47xxx-stm32l48xxx-stm32l49xxx-and-stm32l4axxx-advanced-armbased-32bit-mcus-stmicroelectronics_dfsdm.pdf; rm0394-stm32l41xxx42xxx43xxx44xxx45xxx46xxx-advanced-armbased-32bit-mcus-stmicroelectronics_dfsdm.pdf; rm0399-stm32h745755-and-stm32h747757-advanced-armbased-32bit-mcus-stmicroelectronics_dfsdm.pdf; rm0402-stm32f412-advanced-armbased-32bit-mcus-stmicroelectronics_dfsdm.pdf; rm0410-stm32f76xxx-and-stm32f77xxx-advanced-armbased-32bit-mcus-stmicroelectronics_dfsdm.pdf; rm0430-stm32f413423-advanced-armbased-32bit-mcus-stmicroelectronics_dfsdm.pdf; rm0432-stm32l4-series-advanced-armbased-32bit-mcus-stmicroelectronics_dfsdm.pdf; rm0433-stm32h742-stm32h743753-and-stm32h750-value-line-advanced-armbased-32bit-mcus-stmicroelectronics_dfsdm.pdf; rm0436-stm32mp157-advanced-armbased-32bit-mpus-stmicroelectronics_dfsdm.pdf; rm0438-stm32l5-series-advanced-armbased-32bit-mcus-stmicroelectronics_dfsdm.pdf; rm0441-stm32mp151-advanced-armbased-32bit-mpus-stmicroelectronics_dfsdm.pdf; rm0442-stm32mp153-advanced-armbased-32bit-mpus-stmicroelectronics_dfsdm.pdf; rm0455-stm32h7a37b3-and-stm32h7b0-value-line-advanced-armbased-32bit-mcus-stmicroelectronics_dfsdm.pdf; rm0468-stm32h723733-stm32h725735-and-stm32h730-value-line-advanced-armbased-32bit-mcus-stmicroelectronics_dfsdm.pdf; rm0475-stm32mp13xx-advanced-armbased-32bit-mpus-stmicroelectronics_dfsdm.pdf,15
