PDF,Family,Seite,Bitfeld,Register_MSB,Register_LSB,Feld_MSB,Feld_LSB,Registerbits,Feldbits
rm0351-stm32l47xxx-stm32l48xxx-stm32l49xxx-and-stm32l4axxx-advanced-armbased-32bit-mcus-stmicroelectronics_dfsdm.pdf,rm0351-stm32l47xxx-stm32l48xxx-stm32l49xxx-and-stm32l4axxx-advanced-armbased-32bit-mcus-stmicroelectronics_dfsdm,32,DFSDMEN,31,31,,,31,nan:nan
rm0351-stm32l47xxx-stm32l48xxx-stm32l49xxx-and-stm32l4axxx-advanced-armbased-32bit-mcus-stmicroelectronics_dfsdm.pdf,rm0351-stm32l47xxx-stm32l48xxx-stm32l49xxx-and-stm32l4axxx-advanced-armbased-32bit-mcus-stmicroelectronics_dfsdm,32,CKOUTSRC,30,30,,,30,nan:nan
rm0351-stm32l47xxx-stm32l48xxx-stm32l49xxx-and-stm32l4axxx-advanced-armbased-32bit-mcus-stmicroelectronics_dfsdm.pdf,rm0351-stm32l47xxx-stm32l48xxx-stm32l49xxx-and-stm32l4axxx-advanced-armbased-32bit-mcus-stmicroelectronics_dfsdm,32,RESERVED,29,24,,,29:24,nan:nan
rm0351-stm32l47xxx-stm32l48xxx-stm32l49xxx-and-stm32l4axxx-advanced-armbased-32bit-mcus-stmicroelectronics_dfsdm.pdf,rm0351-stm32l47xxx-stm32l48xxx-stm32l49xxx-and-stm32l4axxx-advanced-armbased-32bit-mcus-stmicroelectronics_dfsdm,32,CKOUTDIV,23,16,7.0,0.0,23:16,7.0:0.0
rm0351-stm32l47xxx-stm32l48xxx-stm32l49xxx-and-stm32l4axxx-advanced-armbased-32bit-mcus-stmicroelectronics_dfsdm.pdf,rm0351-stm32l47xxx-stm32l48xxx-stm32l49xxx-and-stm32l4axxx-advanced-armbased-32bit-mcus-stmicroelectronics_dfsdm,32,DATPACK,15,14,1.0,0.0,15:14,1.0:0.0
rm0351-stm32l47xxx-stm32l48xxx-stm32l49xxx-and-stm32l4axxx-advanced-armbased-32bit-mcus-stmicroelectronics_dfsdm.pdf,rm0351-stm32l47xxx-stm32l48xxx-stm32l49xxx-and-stm32l4axxx-advanced-armbased-32bit-mcus-stmicroelectronics_dfsdm,33,DATMPX,13,12,1.0,0.0,13:12,1.0:0.0
rm0351-stm32l47xxx-stm32l48xxx-stm32l49xxx-and-stm32l4axxx-advanced-armbased-32bit-mcus-stmicroelectronics_dfsdm.pdf,rm0351-stm32l47xxx-stm32l48xxx-stm32l49xxx-and-stm32l4axxx-advanced-armbased-32bit-mcus-stmicroelectronics_dfsdm,33,RESERVED,11,9,,,11:9,nan:nan
rm0351-stm32l47xxx-stm32l48xxx-stm32l49xxx-and-stm32l4axxx-advanced-armbased-32bit-mcus-stmicroelectronics_dfsdm.pdf,rm0351-stm32l47xxx-stm32l48xxx-stm32l49xxx-and-stm32l4axxx-advanced-armbased-32bit-mcus-stmicroelectronics_dfsdm,33,CHINSEL,8,8,,,8,nan:nan
rm0351-stm32l47xxx-stm32l48xxx-stm32l49xxx-and-stm32l4axxx-advanced-armbased-32bit-mcus-stmicroelectronics_dfsdm.pdf,rm0351-stm32l47xxx-stm32l48xxx-stm32l49xxx-and-stm32l4axxx-advanced-armbased-32bit-mcus-stmicroelectronics_dfsdm,33,CHEN,7,7,,,7,nan:nan
rm0351-stm32l47xxx-stm32l48xxx-stm32l49xxx-and-stm32l4axxx-advanced-armbased-32bit-mcus-stmicroelectronics_dfsdm.pdf,rm0351-stm32l47xxx-stm32l48xxx-stm32l49xxx-and-stm32l4axxx-advanced-armbased-32bit-mcus-stmicroelectronics_dfsdm,33,CKABEN,6,6,,,6,nan:nan
rm0351-stm32l47xxx-stm32l48xxx-stm32l49xxx-and-stm32l4axxx-advanced-armbased-32bit-mcus-stmicroelectronics_dfsdm.pdf,rm0351-stm32l47xxx-stm32l48xxx-stm32l49xxx-and-stm32l4axxx-advanced-armbased-32bit-mcus-stmicroelectronics_dfsdm,33,SCDEN,5,5,,,5,nan:nan
rm0351-stm32l47xxx-stm32l48xxx-stm32l49xxx-and-stm32l4axxx-advanced-armbased-32bit-mcus-stmicroelectronics_dfsdm.pdf,rm0351-stm32l47xxx-stm32l48xxx-stm32l49xxx-and-stm32l4axxx-advanced-armbased-32bit-mcus-stmicroelectronics_dfsdm,33,RESERVED,4,4,,,4,nan:nan
rm0351-stm32l47xxx-stm32l48xxx-stm32l49xxx-and-stm32l4axxx-advanced-armbased-32bit-mcus-stmicroelectronics_dfsdm.pdf,rm0351-stm32l47xxx-stm32l48xxx-stm32l49xxx-and-stm32l4axxx-advanced-armbased-32bit-mcus-stmicroelectronics_dfsdm,33,SPICKSEL,3,2,1.0,0.0,3:2,1.0:0.0
rm0351-stm32l47xxx-stm32l48xxx-stm32l49xxx-and-stm32l4axxx-advanced-armbased-32bit-mcus-stmicroelectronics_dfsdm.pdf,rm0351-stm32l47xxx-stm32l48xxx-stm32l49xxx-and-stm32l4axxx-advanced-armbased-32bit-mcus-stmicroelectronics_dfsdm,33,SITP,1,0,1.0,0.0,1:0,1.0:0.0
rm0351-stm32l47xxx-stm32l48xxx-stm32l49xxx-and-stm32l4axxx-advanced-armbased-32bit-mcus-stmicroelectronics_dfsdm.pdf,rm0351-stm32l47xxx-stm32l48xxx-stm32l49xxx-and-stm32l4axxx-advanced-armbased-32bit-mcus-stmicroelectronics_dfsdm,34,OFFSET,31,8,23.0,0.0,31:8,23.0:0.0
rm0351-stm32l47xxx-stm32l48xxx-stm32l49xxx-and-stm32l4axxx-advanced-armbased-32bit-mcus-stmicroelectronics_dfsdm.pdf,rm0351-stm32l47xxx-stm32l48xxx-stm32l49xxx-and-stm32l4axxx-advanced-armbased-32bit-mcus-stmicroelectronics_dfsdm,34,DTRBS,7,3,4.0,0.0,7:3,4.0:0.0
rm0351-stm32l47xxx-stm32l48xxx-stm32l49xxx-and-stm32l4axxx-advanced-armbased-32bit-mcus-stmicroelectronics_dfsdm.pdf,rm0351-stm32l47xxx-stm32l48xxx-stm32l49xxx-and-stm32l4axxx-advanced-armbased-32bit-mcus-stmicroelectronics_dfsdm,34,RESERVED,2,0,,,2:0,nan:nan
rm0351-stm32l47xxx-stm32l48xxx-stm32l49xxx-and-stm32l4axxx-advanced-armbased-32bit-mcus-stmicroelectronics_dfsdm.pdf,rm0351-stm32l47xxx-stm32l48xxx-stm32l49xxx-and-stm32l4axxx-advanced-armbased-32bit-mcus-stmicroelectronics_dfsdm,35,RESERVED,31,24,,,31:24,nan:nan
rm0351-stm32l47xxx-stm32l48xxx-stm32l49xxx-and-stm32l4axxx-advanced-armbased-32bit-mcus-stmicroelectronics_dfsdm.pdf,rm0351-stm32l47xxx-stm32l48xxx-stm32l49xxx-and-stm32l4axxx-advanced-armbased-32bit-mcus-stmicroelectronics_dfsdm,35,AWFORD,23,22,1.0,0.0,23:22,1.0:0.0
rm0351-stm32l47xxx-stm32l48xxx-stm32l49xxx-and-stm32l4axxx-advanced-armbased-32bit-mcus-stmicroelectronics_dfsdm.pdf,rm0351-stm32l47xxx-stm32l48xxx-stm32l49xxx-and-stm32l4axxx-advanced-armbased-32bit-mcus-stmicroelectronics_dfsdm,35,RESERVED,21,21,,,21,nan:nan
rm0351-stm32l47xxx-stm32l48xxx-stm32l49xxx-and-stm32l4axxx-advanced-armbased-32bit-mcus-stmicroelectronics_dfsdm.pdf,rm0351-stm32l47xxx-stm32l48xxx-stm32l49xxx-and-stm32l4axxx-advanced-armbased-32bit-mcus-stmicroelectronics_dfsdm,35,AWFOSR,20,16,4.0,0.0,20:16,4.0:0.0
rm0351-stm32l47xxx-stm32l48xxx-stm32l49xxx-and-stm32l4axxx-advanced-armbased-32bit-mcus-stmicroelectronics_dfsdm.pdf,rm0351-stm32l47xxx-stm32l48xxx-stm32l49xxx-and-stm32l4axxx-advanced-armbased-32bit-mcus-stmicroelectronics_dfsdm,35,BKSCD,15,12,3.0,0.0,15:12,3.0:0.0
rm0351-stm32l47xxx-stm32l48xxx-stm32l49xxx-and-stm32l4axxx-advanced-armbased-32bit-mcus-stmicroelectronics_dfsdm.pdf,rm0351-stm32l47xxx-stm32l48xxx-stm32l49xxx-and-stm32l4axxx-advanced-armbased-32bit-mcus-stmicroelectronics_dfsdm,35,RESERVED,11,8,,,11:8,nan:nan
rm0351-stm32l47xxx-stm32l48xxx-stm32l49xxx-and-stm32l4axxx-advanced-armbased-32bit-mcus-stmicroelectronics_dfsdm.pdf,rm0351-stm32l47xxx-stm32l48xxx-stm32l49xxx-and-stm32l4axxx-advanced-armbased-32bit-mcus-stmicroelectronics_dfsdm,35,SCDT,7,0,7.0,0.0,7:0,7.0:0.0
rm0351-stm32l47xxx-stm32l48xxx-stm32l49xxx-and-stm32l4axxx-advanced-armbased-32bit-mcus-stmicroelectronics_dfsdm.pdf,rm0351-stm32l47xxx-stm32l48xxx-stm32l49xxx-and-stm32l4axxx-advanced-armbased-32bit-mcus-stmicroelectronics_dfsdm,36,RESERVED,31,16,,,31:16,nan:nan
rm0351-stm32l47xxx-stm32l48xxx-stm32l49xxx-and-stm32l4axxx-advanced-armbased-32bit-mcus-stmicroelectronics_dfsdm.pdf,rm0351-stm32l47xxx-stm32l48xxx-stm32l49xxx-and-stm32l4axxx-advanced-armbased-32bit-mcus-stmicroelectronics_dfsdm,36,WDATA,15,0,15.0,0.0,15:0,15.0:0.0
rm0351-stm32l47xxx-stm32l48xxx-stm32l49xxx-and-stm32l4axxx-advanced-armbased-32bit-mcus-stmicroelectronics_dfsdm.pdf,rm0351-stm32l47xxx-stm32l48xxx-stm32l49xxx-and-stm32l4axxx-advanced-armbased-32bit-mcus-stmicroelectronics_dfsdm,37,INDAT1,31,16,15.0,0.0,31:16,15.0:0.0
rm0351-stm32l47xxx-stm32l48xxx-stm32l49xxx-and-stm32l4axxx-advanced-armbased-32bit-mcus-stmicroelectronics_dfsdm.pdf,rm0351-stm32l47xxx-stm32l48xxx-stm32l49xxx-and-stm32l4axxx-advanced-armbased-32bit-mcus-stmicroelectronics_dfsdm,37,INDAT0,15,0,15.0,0.0,15:0,15.0:0.0
rm0351-stm32l47xxx-stm32l48xxx-stm32l49xxx-and-stm32l4axxx-advanced-armbased-32bit-mcus-stmicroelectronics_dfsdm.pdf,rm0351-stm32l47xxx-stm32l48xxx-stm32l49xxx-and-stm32l4axxx-advanced-armbased-32bit-mcus-stmicroelectronics_dfsdm,38,RESERVED,31,31,,,31,nan:nan
rm0351-stm32l47xxx-stm32l48xxx-stm32l49xxx-and-stm32l4axxx-advanced-armbased-32bit-mcus-stmicroelectronics_dfsdm.pdf,rm0351-stm32l47xxx-stm32l48xxx-stm32l49xxx-and-stm32l4axxx-advanced-armbased-32bit-mcus-stmicroelectronics_dfsdm,38,AWFSEL,30,30,,,30,nan:nan
rm0351-stm32l47xxx-stm32l48xxx-stm32l49xxx-and-stm32l4axxx-advanced-armbased-32bit-mcus-stmicroelectronics_dfsdm.pdf,rm0351-stm32l47xxx-stm32l48xxx-stm32l49xxx-and-stm32l4axxx-advanced-armbased-32bit-mcus-stmicroelectronics_dfsdm,38,FAST,29,29,,,29,nan:nan
rm0351-stm32l47xxx-stm32l48xxx-stm32l49xxx-and-stm32l4axxx-advanced-armbased-32bit-mcus-stmicroelectronics_dfsdm.pdf,rm0351-stm32l47xxx-stm32l48xxx-stm32l49xxx-and-stm32l4axxx-advanced-armbased-32bit-mcus-stmicroelectronics_dfsdm,38,RESERVED,28,27,,,28:27,nan:nan
rm0351-stm32l47xxx-stm32l48xxx-stm32l49xxx-and-stm32l4axxx-advanced-armbased-32bit-mcus-stmicroelectronics_dfsdm.pdf,rm0351-stm32l47xxx-stm32l48xxx-stm32l49xxx-and-stm32l4axxx-advanced-armbased-32bit-mcus-stmicroelectronics_dfsdm,38,RCH,26,24,2.0,0.0,26:24,2.0:0.0
rm0351-stm32l47xxx-stm32l48xxx-stm32l49xxx-and-stm32l4axxx-advanced-armbased-32bit-mcus-stmicroelectronics_dfsdm.pdf,rm0351-stm32l47xxx-stm32l48xxx-stm32l49xxx-and-stm32l4axxx-advanced-armbased-32bit-mcus-stmicroelectronics_dfsdm,38,RESERVED,23,22,,,23:22,nan:nan
rm0351-stm32l47xxx-stm32l48xxx-stm32l49xxx-and-stm32l4axxx-advanced-armbased-32bit-mcus-stmicroelectronics_dfsdm.pdf,rm0351-stm32l47xxx-stm32l48xxx-stm32l49xxx-and-stm32l4axxx-advanced-armbased-32bit-mcus-stmicroelectronics_dfsdm,38,RDMAEN,21,21,,,21,nan:nan
rm0351-stm32l47xxx-stm32l48xxx-stm32l49xxx-and-stm32l4axxx-advanced-armbased-32bit-mcus-stmicroelectronics_dfsdm.pdf,rm0351-stm32l47xxx-stm32l48xxx-stm32l49xxx-and-stm32l4axxx-advanced-armbased-32bit-mcus-stmicroelectronics_dfsdm,39,RESERVED,20,20,,,20,nan:nan
rm0351-stm32l47xxx-stm32l48xxx-stm32l49xxx-and-stm32l4axxx-advanced-armbased-32bit-mcus-stmicroelectronics_dfsdm.pdf,rm0351-stm32l47xxx-stm32l48xxx-stm32l49xxx-and-stm32l4axxx-advanced-armbased-32bit-mcus-stmicroelectronics_dfsdm,39,RSYNC,19,19,,,19,nan:nan
rm0351-stm32l47xxx-stm32l48xxx-stm32l49xxx-and-stm32l4axxx-advanced-armbased-32bit-mcus-stmicroelectronics_dfsdm.pdf,rm0351-stm32l47xxx-stm32l48xxx-stm32l49xxx-and-stm32l4axxx-advanced-armbased-32bit-mcus-stmicroelectronics_dfsdm,39,RCONT,18,18,,,18,nan:nan
rm0351-stm32l47xxx-stm32l48xxx-stm32l49xxx-and-stm32l4axxx-advanced-armbased-32bit-mcus-stmicroelectronics_dfsdm.pdf,rm0351-stm32l47xxx-stm32l48xxx-stm32l49xxx-and-stm32l4axxx-advanced-armbased-32bit-mcus-stmicroelectronics_dfsdm,39,RSWSTART,17,17,,,17,nan:nan
rm0351-stm32l47xxx-stm32l48xxx-stm32l49xxx-and-stm32l4axxx-advanced-armbased-32bit-mcus-stmicroelectronics_dfsdm.pdf,rm0351-stm32l47xxx-stm32l48xxx-stm32l49xxx-and-stm32l4axxx-advanced-armbased-32bit-mcus-stmicroelectronics_dfsdm,39,RESERVED,16,15,,,16:15,nan:nan
rm0351-stm32l47xxx-stm32l48xxx-stm32l49xxx-and-stm32l4axxx-advanced-armbased-32bit-mcus-stmicroelectronics_dfsdm.pdf,rm0351-stm32l47xxx-stm32l48xxx-stm32l49xxx-and-stm32l4axxx-advanced-armbased-32bit-mcus-stmicroelectronics_dfsdm,39,JEXTEN,14,13,1.0,0.0,14:13,1.0:0.0
rm0351-stm32l47xxx-stm32l48xxx-stm32l49xxx-and-stm32l4axxx-advanced-armbased-32bit-mcus-stmicroelectronics_dfsdm.pdf,rm0351-stm32l47xxx-stm32l48xxx-stm32l49xxx-and-stm32l4axxx-advanced-armbased-32bit-mcus-stmicroelectronics_dfsdm,39,RESERVED,12,11,,,12:11,nan:nan
rm0351-stm32l47xxx-stm32l48xxx-stm32l49xxx-and-stm32l4axxx-advanced-armbased-32bit-mcus-stmicroelectronics_dfsdm.pdf,rm0351-stm32l47xxx-stm32l48xxx-stm32l49xxx-and-stm32l4axxx-advanced-armbased-32bit-mcus-stmicroelectronics_dfsdm,39,JEXTSEL,10,8,2.0,0.0,10:8,2.0:0.0
rm0351-stm32l47xxx-stm32l48xxx-stm32l49xxx-and-stm32l4axxx-advanced-armbased-32bit-mcus-stmicroelectronics_dfsdm.pdf,rm0351-stm32l47xxx-stm32l48xxx-stm32l49xxx-and-stm32l4axxx-advanced-armbased-32bit-mcus-stmicroelectronics_dfsdm,39,RESERVED,7,6,,,7:6,nan:nan
rm0351-stm32l47xxx-stm32l48xxx-stm32l49xxx-and-stm32l4axxx-advanced-armbased-32bit-mcus-stmicroelectronics_dfsdm.pdf,rm0351-stm32l47xxx-stm32l48xxx-stm32l49xxx-and-stm32l4axxx-advanced-armbased-32bit-mcus-stmicroelectronics_dfsdm,39,JDMAEN,5,5,,,5,nan:nan
rm0351-stm32l47xxx-stm32l48xxx-stm32l49xxx-and-stm32l4axxx-advanced-armbased-32bit-mcus-stmicroelectronics_dfsdm.pdf,rm0351-stm32l47xxx-stm32l48xxx-stm32l49xxx-and-stm32l4axxx-advanced-armbased-32bit-mcus-stmicroelectronics_dfsdm,40,JSCAN,4,4,,,4,nan:nan
rm0351-stm32l47xxx-stm32l48xxx-stm32l49xxx-and-stm32l4axxx-advanced-armbased-32bit-mcus-stmicroelectronics_dfsdm.pdf,rm0351-stm32l47xxx-stm32l48xxx-stm32l49xxx-and-stm32l4axxx-advanced-armbased-32bit-mcus-stmicroelectronics_dfsdm,40,JSYNC,3,3,,,3,nan:nan
rm0351-stm32l47xxx-stm32l48xxx-stm32l49xxx-and-stm32l4axxx-advanced-armbased-32bit-mcus-stmicroelectronics_dfsdm.pdf,rm0351-stm32l47xxx-stm32l48xxx-stm32l49xxx-and-stm32l4axxx-advanced-armbased-32bit-mcus-stmicroelectronics_dfsdm,40,RESERVED,2,2,,,2,nan:nan
rm0351-stm32l47xxx-stm32l48xxx-stm32l49xxx-and-stm32l4axxx-advanced-armbased-32bit-mcus-stmicroelectronics_dfsdm.pdf,rm0351-stm32l47xxx-stm32l48xxx-stm32l49xxx-and-stm32l4axxx-advanced-armbased-32bit-mcus-stmicroelectronics_dfsdm,40,JSWSTART,1,1,,,1,nan:nan
rm0351-stm32l47xxx-stm32l48xxx-stm32l49xxx-and-stm32l4axxx-advanced-armbased-32bit-mcus-stmicroelectronics_dfsdm.pdf,rm0351-stm32l47xxx-stm32l48xxx-stm32l49xxx-and-stm32l4axxx-advanced-armbased-32bit-mcus-stmicroelectronics_dfsdm,40,DFEN,0,0,,,0,nan:nan
rm0351-stm32l47xxx-stm32l48xxx-stm32l49xxx-and-stm32l4axxx-advanced-armbased-32bit-mcus-stmicroelectronics_dfsdm.pdf,rm0351-stm32l47xxx-stm32l48xxx-stm32l49xxx-and-stm32l4axxx-advanced-armbased-32bit-mcus-stmicroelectronics_dfsdm,41,RESERVED,31,24,,,31:24,nan:nan
rm0351-stm32l47xxx-stm32l48xxx-stm32l49xxx-and-stm32l4axxx-advanced-armbased-32bit-mcus-stmicroelectronics_dfsdm.pdf,rm0351-stm32l47xxx-stm32l48xxx-stm32l49xxx-and-stm32l4axxx-advanced-armbased-32bit-mcus-stmicroelectronics_dfsdm,41,AWDCH,23,16,7.0,0.0,23:16,7.0:0.0
rm0351-stm32l47xxx-stm32l48xxx-stm32l49xxx-and-stm32l4axxx-advanced-armbased-32bit-mcus-stmicroelectronics_dfsdm.pdf,rm0351-stm32l47xxx-stm32l48xxx-stm32l49xxx-and-stm32l4axxx-advanced-armbased-32bit-mcus-stmicroelectronics_dfsdm,41,EXCH,15,8,7.0,0.0,15:8,7.0:0.0
rm0351-stm32l47xxx-stm32l48xxx-stm32l49xxx-and-stm32l4axxx-advanced-armbased-32bit-mcus-stmicroelectronics_dfsdm.pdf,rm0351-stm32l47xxx-stm32l48xxx-stm32l49xxx-and-stm32l4axxx-advanced-armbased-32bit-mcus-stmicroelectronics_dfsdm,41,RESERVED,7,7,,,7,nan:nan
rm0351-stm32l47xxx-stm32l48xxx-stm32l49xxx-and-stm32l4axxx-advanced-armbased-32bit-mcus-stmicroelectronics_dfsdm.pdf,rm0351-stm32l47xxx-stm32l48xxx-stm32l49xxx-and-stm32l4axxx-advanced-armbased-32bit-mcus-stmicroelectronics_dfsdm,41,CKABIE,6,6,,,6,nan:nan
rm0351-stm32l47xxx-stm32l48xxx-stm32l49xxx-and-stm32l4axxx-advanced-armbased-32bit-mcus-stmicroelectronics_dfsdm.pdf,rm0351-stm32l47xxx-stm32l48xxx-stm32l49xxx-and-stm32l4axxx-advanced-armbased-32bit-mcus-stmicroelectronics_dfsdm,41,SCDIE,5,5,,,5,nan:nan
rm0351-stm32l47xxx-stm32l48xxx-stm32l49xxx-and-stm32l4axxx-advanced-armbased-32bit-mcus-stmicroelectronics_dfsdm.pdf,rm0351-stm32l47xxx-stm32l48xxx-stm32l49xxx-and-stm32l4axxx-advanced-armbased-32bit-mcus-stmicroelectronics_dfsdm,41,AWDIE,4,4,,,4,nan:nan
rm0351-stm32l47xxx-stm32l48xxx-stm32l49xxx-and-stm32l4axxx-advanced-armbased-32bit-mcus-stmicroelectronics_dfsdm.pdf,rm0351-stm32l47xxx-stm32l48xxx-stm32l49xxx-and-stm32l4axxx-advanced-armbased-32bit-mcus-stmicroelectronics_dfsdm,41,ROVRIE,3,3,,,3,nan:nan
rm0351-stm32l47xxx-stm32l48xxx-stm32l49xxx-and-stm32l4axxx-advanced-armbased-32bit-mcus-stmicroelectronics_dfsdm.pdf,rm0351-stm32l47xxx-stm32l48xxx-stm32l49xxx-and-stm32l4axxx-advanced-armbased-32bit-mcus-stmicroelectronics_dfsdm,41,JOVRIE,2,2,,,2,nan:nan
rm0351-stm32l47xxx-stm32l48xxx-stm32l49xxx-and-stm32l4axxx-advanced-armbased-32bit-mcus-stmicroelectronics_dfsdm.pdf,rm0351-stm32l47xxx-stm32l48xxx-stm32l49xxx-and-stm32l4axxx-advanced-armbased-32bit-mcus-stmicroelectronics_dfsdm,41,REOCIE,1,1,,,1,nan:nan
rm0351-stm32l47xxx-stm32l48xxx-stm32l49xxx-and-stm32l4axxx-advanced-armbased-32bit-mcus-stmicroelectronics_dfsdm.pdf,rm0351-stm32l47xxx-stm32l48xxx-stm32l49xxx-and-stm32l4axxx-advanced-armbased-32bit-mcus-stmicroelectronics_dfsdm,41,JEOCIE,0,0,,,0,nan:nan
rm0351-stm32l47xxx-stm32l48xxx-stm32l49xxx-and-stm32l4axxx-advanced-armbased-32bit-mcus-stmicroelectronics_dfsdm.pdf,rm0351-stm32l47xxx-stm32l48xxx-stm32l49xxx-and-stm32l4axxx-advanced-armbased-32bit-mcus-stmicroelectronics_dfsdm,42,SCDF,31,24,7.0,0.0,31:24,7.0:0.0
rm0351-stm32l47xxx-stm32l48xxx-stm32l49xxx-and-stm32l4axxx-advanced-armbased-32bit-mcus-stmicroelectronics_dfsdm.pdf,rm0351-stm32l47xxx-stm32l48xxx-stm32l49xxx-and-stm32l4axxx-advanced-armbased-32bit-mcus-stmicroelectronics_dfsdm,42,CKABF,23,16,7.0,0.0,23:16,7.0:0.0
rm0351-stm32l47xxx-stm32l48xxx-stm32l49xxx-and-stm32l4axxx-advanced-armbased-32bit-mcus-stmicroelectronics_dfsdm.pdf,rm0351-stm32l47xxx-stm32l48xxx-stm32l49xxx-and-stm32l4axxx-advanced-armbased-32bit-mcus-stmicroelectronics_dfsdm,42,RESERVED,15,15,,,15,nan:nan
rm0351-stm32l47xxx-stm32l48xxx-stm32l49xxx-and-stm32l4axxx-advanced-armbased-32bit-mcus-stmicroelectronics_dfsdm.pdf,rm0351-stm32l47xxx-stm32l48xxx-stm32l49xxx-and-stm32l4axxx-advanced-armbased-32bit-mcus-stmicroelectronics_dfsdm,42,RCIP,14,14,,,14,nan:nan
rm0351-stm32l47xxx-stm32l48xxx-stm32l49xxx-and-stm32l4axxx-advanced-armbased-32bit-mcus-stmicroelectronics_dfsdm.pdf,rm0351-stm32l47xxx-stm32l48xxx-stm32l49xxx-and-stm32l4axxx-advanced-armbased-32bit-mcus-stmicroelectronics_dfsdm,42,JCIP,13,13,,,13,nan:nan
rm0351-stm32l47xxx-stm32l48xxx-stm32l49xxx-and-stm32l4axxx-advanced-armbased-32bit-mcus-stmicroelectronics_dfsdm.pdf,rm0351-stm32l47xxx-stm32l48xxx-stm32l49xxx-and-stm32l4axxx-advanced-armbased-32bit-mcus-stmicroelectronics_dfsdm,42,RESERVED,12,5,,,12:5,nan:nan
rm0351-stm32l47xxx-stm32l48xxx-stm32l49xxx-and-stm32l4axxx-advanced-armbased-32bit-mcus-stmicroelectronics_dfsdm.pdf,rm0351-stm32l47xxx-stm32l48xxx-stm32l49xxx-and-stm32l4axxx-advanced-armbased-32bit-mcus-stmicroelectronics_dfsdm,42,AWDF,4,4,,,4,nan:nan
rm0351-stm32l47xxx-stm32l48xxx-stm32l49xxx-and-stm32l4axxx-advanced-armbased-32bit-mcus-stmicroelectronics_dfsdm.pdf,rm0351-stm32l47xxx-stm32l48xxx-stm32l49xxx-and-stm32l4axxx-advanced-armbased-32bit-mcus-stmicroelectronics_dfsdm,43,ROVRF,3,3,,,3,nan:nan
rm0351-stm32l47xxx-stm32l48xxx-stm32l49xxx-and-stm32l4axxx-advanced-armbased-32bit-mcus-stmicroelectronics_dfsdm.pdf,rm0351-stm32l47xxx-stm32l48xxx-stm32l49xxx-and-stm32l4axxx-advanced-armbased-32bit-mcus-stmicroelectronics_dfsdm,43,JOVRF,2,2,,,2,nan:nan
rm0351-stm32l47xxx-stm32l48xxx-stm32l49xxx-and-stm32l4axxx-advanced-armbased-32bit-mcus-stmicroelectronics_dfsdm.pdf,rm0351-stm32l47xxx-stm32l48xxx-stm32l49xxx-and-stm32l4axxx-advanced-armbased-32bit-mcus-stmicroelectronics_dfsdm,43,REOCF,1,1,,,1,nan:nan
rm0351-stm32l47xxx-stm32l48xxx-stm32l49xxx-and-stm32l4axxx-advanced-armbased-32bit-mcus-stmicroelectronics_dfsdm.pdf,rm0351-stm32l47xxx-stm32l48xxx-stm32l49xxx-and-stm32l4axxx-advanced-armbased-32bit-mcus-stmicroelectronics_dfsdm,43,JEOCF,0,0,,,0,nan:nan
rm0351-stm32l47xxx-stm32l48xxx-stm32l49xxx-and-stm32l4axxx-advanced-armbased-32bit-mcus-stmicroelectronics_dfsdm.pdf,rm0351-stm32l47xxx-stm32l48xxx-stm32l49xxx-and-stm32l4axxx-advanced-armbased-32bit-mcus-stmicroelectronics_dfsdm,44,CLRSCDF,31,24,7.0,0.0,31:24,7.0:0.0
rm0351-stm32l47xxx-stm32l48xxx-stm32l49xxx-and-stm32l4axxx-advanced-armbased-32bit-mcus-stmicroelectronics_dfsdm.pdf,rm0351-stm32l47xxx-stm32l48xxx-stm32l49xxx-and-stm32l4axxx-advanced-armbased-32bit-mcus-stmicroelectronics_dfsdm,44,CLRCKABF,23,16,7.0,0.0,23:16,7.0:0.0
rm0351-stm32l47xxx-stm32l48xxx-stm32l49xxx-and-stm32l4axxx-advanced-armbased-32bit-mcus-stmicroelectronics_dfsdm.pdf,rm0351-stm32l47xxx-stm32l48xxx-stm32l49xxx-and-stm32l4axxx-advanced-armbased-32bit-mcus-stmicroelectronics_dfsdm,44,RESERVED,15,4,,,15:4,nan:nan
rm0351-stm32l47xxx-stm32l48xxx-stm32l49xxx-and-stm32l4axxx-advanced-armbased-32bit-mcus-stmicroelectronics_dfsdm.pdf,rm0351-stm32l47xxx-stm32l48xxx-stm32l49xxx-and-stm32l4axxx-advanced-armbased-32bit-mcus-stmicroelectronics_dfsdm,44,CLRROVRF,3,3,,,3,nan:nan
rm0351-stm32l47xxx-stm32l48xxx-stm32l49xxx-and-stm32l4axxx-advanced-armbased-32bit-mcus-stmicroelectronics_dfsdm.pdf,rm0351-stm32l47xxx-stm32l48xxx-stm32l49xxx-and-stm32l4axxx-advanced-armbased-32bit-mcus-stmicroelectronics_dfsdm,44,CLRJOVRF,2,2,,,2,nan:nan
rm0351-stm32l47xxx-stm32l48xxx-stm32l49xxx-and-stm32l4axxx-advanced-armbased-32bit-mcus-stmicroelectronics_dfsdm.pdf,rm0351-stm32l47xxx-stm32l48xxx-stm32l49xxx-and-stm32l4axxx-advanced-armbased-32bit-mcus-stmicroelectronics_dfsdm,44,RESERVED,1,0,,,1:0,nan:nan
rm0351-stm32l47xxx-stm32l48xxx-stm32l49xxx-and-stm32l4axxx-advanced-armbased-32bit-mcus-stmicroelectronics_dfsdm.pdf,rm0351-stm32l47xxx-stm32l48xxx-stm32l49xxx-and-stm32l4axxx-advanced-armbased-32bit-mcus-stmicroelectronics_dfsdm,44,RESERVED,31,8,,,31:8,nan:nan
rm0351-stm32l47xxx-stm32l48xxx-stm32l49xxx-and-stm32l4axxx-advanced-armbased-32bit-mcus-stmicroelectronics_dfsdm.pdf,rm0351-stm32l47xxx-stm32l48xxx-stm32l49xxx-and-stm32l4axxx-advanced-armbased-32bit-mcus-stmicroelectronics_dfsdm,44,JCHG,7,0,7.0,0.0,7:0,7.0:0.0
rm0351-stm32l47xxx-stm32l48xxx-stm32l49xxx-and-stm32l4axxx-advanced-armbased-32bit-mcus-stmicroelectronics_dfsdm.pdf,rm0351-stm32l47xxx-stm32l48xxx-stm32l49xxx-and-stm32l4axxx-advanced-armbased-32bit-mcus-stmicroelectronics_dfsdm,45,FORD,31,29,2.0,0.0,31:29,2.0:0.0
rm0351-stm32l47xxx-stm32l48xxx-stm32l49xxx-and-stm32l4axxx-advanced-armbased-32bit-mcus-stmicroelectronics_dfsdm.pdf,rm0351-stm32l47xxx-stm32l48xxx-stm32l49xxx-and-stm32l4axxx-advanced-armbased-32bit-mcus-stmicroelectronics_dfsdm,45,RESERVED,28,26,,,28:26,nan:nan
rm0351-stm32l47xxx-stm32l48xxx-stm32l49xxx-and-stm32l4axxx-advanced-armbased-32bit-mcus-stmicroelectronics_dfsdm.pdf,rm0351-stm32l47xxx-stm32l48xxx-stm32l49xxx-and-stm32l4axxx-advanced-armbased-32bit-mcus-stmicroelectronics_dfsdm,45,FOSR,25,16,9.0,0.0,25:16,9.0:0.0
rm0351-stm32l47xxx-stm32l48xxx-stm32l49xxx-and-stm32l4axxx-advanced-armbased-32bit-mcus-stmicroelectronics_dfsdm.pdf,rm0351-stm32l47xxx-stm32l48xxx-stm32l49xxx-and-stm32l4axxx-advanced-armbased-32bit-mcus-stmicroelectronics_dfsdm,45,RESERVED,15,8,,,15:8,nan:nan
rm0351-stm32l47xxx-stm32l48xxx-stm32l49xxx-and-stm32l4axxx-advanced-armbased-32bit-mcus-stmicroelectronics_dfsdm.pdf,rm0351-stm32l47xxx-stm32l48xxx-stm32l49xxx-and-stm32l4axxx-advanced-armbased-32bit-mcus-stmicroelectronics_dfsdm,45,IOSR,7,0,7.0,0.0,7:0,7.0:0.0
rm0351-stm32l47xxx-stm32l48xxx-stm32l49xxx-and-stm32l4axxx-advanced-armbased-32bit-mcus-stmicroelectronics_dfsdm.pdf,rm0351-stm32l47xxx-stm32l48xxx-stm32l49xxx-and-stm32l4axxx-advanced-armbased-32bit-mcus-stmicroelectronics_dfsdm,46,JDATA,31,8,23.0,0.0,31:8,23.0:0.0
rm0351-stm32l47xxx-stm32l48xxx-stm32l49xxx-and-stm32l4axxx-advanced-armbased-32bit-mcus-stmicroelectronics_dfsdm.pdf,rm0351-stm32l47xxx-stm32l48xxx-stm32l49xxx-and-stm32l4axxx-advanced-armbased-32bit-mcus-stmicroelectronics_dfsdm,46,RESERVED,7,3,,,7:3,nan:nan
rm0351-stm32l47xxx-stm32l48xxx-stm32l49xxx-and-stm32l4axxx-advanced-armbased-32bit-mcus-stmicroelectronics_dfsdm.pdf,rm0351-stm32l47xxx-stm32l48xxx-stm32l49xxx-and-stm32l4axxx-advanced-armbased-32bit-mcus-stmicroelectronics_dfsdm,46,JDATACH,2,0,2.0,0.0,2:0,2.0:0.0
rm0351-stm32l47xxx-stm32l48xxx-stm32l49xxx-and-stm32l4axxx-advanced-armbased-32bit-mcus-stmicroelectronics_dfsdm.pdf,rm0351-stm32l47xxx-stm32l48xxx-stm32l49xxx-and-stm32l4axxx-advanced-armbased-32bit-mcus-stmicroelectronics_dfsdm,47,RDATA,31,8,23.0,0.0,31:8,23.0:0.0
rm0351-stm32l47xxx-stm32l48xxx-stm32l49xxx-and-stm32l4axxx-advanced-armbased-32bit-mcus-stmicroelectronics_dfsdm.pdf,rm0351-stm32l47xxx-stm32l48xxx-stm32l49xxx-and-stm32l4axxx-advanced-armbased-32bit-mcus-stmicroelectronics_dfsdm,47,RESERVED,7,5,,,7:5,nan:nan
rm0351-stm32l47xxx-stm32l48xxx-stm32l49xxx-and-stm32l4axxx-advanced-armbased-32bit-mcus-stmicroelectronics_dfsdm.pdf,rm0351-stm32l47xxx-stm32l48xxx-stm32l49xxx-and-stm32l4axxx-advanced-armbased-32bit-mcus-stmicroelectronics_dfsdm,47,RPEND,4,4,,,4,nan:nan
rm0351-stm32l47xxx-stm32l48xxx-stm32l49xxx-and-stm32l4axxx-advanced-armbased-32bit-mcus-stmicroelectronics_dfsdm.pdf,rm0351-stm32l47xxx-stm32l48xxx-stm32l49xxx-and-stm32l4axxx-advanced-armbased-32bit-mcus-stmicroelectronics_dfsdm,47,RESERVED,3,3,,,3,nan:nan
rm0351-stm32l47xxx-stm32l48xxx-stm32l49xxx-and-stm32l4axxx-advanced-armbased-32bit-mcus-stmicroelectronics_dfsdm.pdf,rm0351-stm32l47xxx-stm32l48xxx-stm32l49xxx-and-stm32l4axxx-advanced-armbased-32bit-mcus-stmicroelectronics_dfsdm,47,RDATACH,2,0,2.0,0.0,2:0,2.0:0.0
rm0351-stm32l47xxx-stm32l48xxx-stm32l49xxx-and-stm32l4axxx-advanced-armbased-32bit-mcus-stmicroelectronics_dfsdm.pdf,rm0351-stm32l47xxx-stm32l48xxx-stm32l49xxx-and-stm32l4axxx-advanced-armbased-32bit-mcus-stmicroelectronics_dfsdm,47,AWHT,31,8,23.0,0.0,31:8,23.0:0.0
rm0351-stm32l47xxx-stm32l48xxx-stm32l49xxx-and-stm32l4axxx-advanced-armbased-32bit-mcus-stmicroelectronics_dfsdm.pdf,rm0351-stm32l47xxx-stm32l48xxx-stm32l49xxx-and-stm32l4axxx-advanced-armbased-32bit-mcus-stmicroelectronics_dfsdm,47,RESERVED,7,4,,,7:4,nan:nan
rm0351-stm32l47xxx-stm32l48xxx-stm32l49xxx-and-stm32l4axxx-advanced-armbased-32bit-mcus-stmicroelectronics_dfsdm.pdf,rm0351-stm32l47xxx-stm32l48xxx-stm32l49xxx-and-stm32l4axxx-advanced-armbased-32bit-mcus-stmicroelectronics_dfsdm,47,BKAWH,3,0,3.0,0.0,3:0,3.0:0.0
rm0351-stm32l47xxx-stm32l48xxx-stm32l49xxx-and-stm32l4axxx-advanced-armbased-32bit-mcus-stmicroelectronics_dfsdm.pdf,rm0351-stm32l47xxx-stm32l48xxx-stm32l49xxx-and-stm32l4axxx-advanced-armbased-32bit-mcus-stmicroelectronics_dfsdm,48,AWLT,31,8,23.0,0.0,31:8,23.0:0.0
rm0351-stm32l47xxx-stm32l48xxx-stm32l49xxx-and-stm32l4axxx-advanced-armbased-32bit-mcus-stmicroelectronics_dfsdm.pdf,rm0351-stm32l47xxx-stm32l48xxx-stm32l49xxx-and-stm32l4axxx-advanced-armbased-32bit-mcus-stmicroelectronics_dfsdm,48,RESERVED,7,4,,,7:4,nan:nan
rm0351-stm32l47xxx-stm32l48xxx-stm32l49xxx-and-stm32l4axxx-advanced-armbased-32bit-mcus-stmicroelectronics_dfsdm.pdf,rm0351-stm32l47xxx-stm32l48xxx-stm32l49xxx-and-stm32l4axxx-advanced-armbased-32bit-mcus-stmicroelectronics_dfsdm,48,BKAWL,3,0,3.0,0.0,3:0,3.0:0.0
rm0351-stm32l47xxx-stm32l48xxx-stm32l49xxx-and-stm32l4axxx-advanced-armbased-32bit-mcus-stmicroelectronics_dfsdm.pdf,rm0351-stm32l47xxx-stm32l48xxx-stm32l49xxx-and-stm32l4axxx-advanced-armbased-32bit-mcus-stmicroelectronics_dfsdm,48,RESERVED,31,16,,,31:16,nan:nan
rm0351-stm32l47xxx-stm32l48xxx-stm32l49xxx-and-stm32l4axxx-advanced-armbased-32bit-mcus-stmicroelectronics_dfsdm.pdf,rm0351-stm32l47xxx-stm32l48xxx-stm32l49xxx-and-stm32l4axxx-advanced-armbased-32bit-mcus-stmicroelectronics_dfsdm,48,AWHTF,15,8,7.0,0.0,15:8,7.0:0.0
rm0351-stm32l47xxx-stm32l48xxx-stm32l49xxx-and-stm32l4axxx-advanced-armbased-32bit-mcus-stmicroelectronics_dfsdm.pdf,rm0351-stm32l47xxx-stm32l48xxx-stm32l49xxx-and-stm32l4axxx-advanced-armbased-32bit-mcus-stmicroelectronics_dfsdm,48,AWLTF,7,0,7.0,0.0,7:0,7.0:0.0
rm0351-stm32l47xxx-stm32l48xxx-stm32l49xxx-and-stm32l4axxx-advanced-armbased-32bit-mcus-stmicroelectronics_dfsdm.pdf,rm0351-stm32l47xxx-stm32l48xxx-stm32l49xxx-and-stm32l4axxx-advanced-armbased-32bit-mcus-stmicroelectronics_dfsdm,49,RESERVED,31,16,,,31:16,nan:nan
rm0351-stm32l47xxx-stm32l48xxx-stm32l49xxx-and-stm32l4axxx-advanced-armbased-32bit-mcus-stmicroelectronics_dfsdm.pdf,rm0351-stm32l47xxx-stm32l48xxx-stm32l49xxx-and-stm32l4axxx-advanced-armbased-32bit-mcus-stmicroelectronics_dfsdm,49,CLRAWHTF,15,8,7.0,0.0,15:8,7.0:0.0
rm0351-stm32l47xxx-stm32l48xxx-stm32l49xxx-and-stm32l4axxx-advanced-armbased-32bit-mcus-stmicroelectronics_dfsdm.pdf,rm0351-stm32l47xxx-stm32l48xxx-stm32l49xxx-and-stm32l4axxx-advanced-armbased-32bit-mcus-stmicroelectronics_dfsdm,49,CLRAWLTF,7,0,7.0,0.0,7:0,7.0:0.0
rm0351-stm32l47xxx-stm32l48xxx-stm32l49xxx-and-stm32l4axxx-advanced-armbased-32bit-mcus-stmicroelectronics_dfsdm.pdf,rm0351-stm32l47xxx-stm32l48xxx-stm32l49xxx-and-stm32l4axxx-advanced-armbased-32bit-mcus-stmicroelectronics_dfsdm,49,EXMAX,31,8,23.0,0.0,31:8,23.0:0.0
rm0351-stm32l47xxx-stm32l48xxx-stm32l49xxx-and-stm32l4axxx-advanced-armbased-32bit-mcus-stmicroelectronics_dfsdm.pdf,rm0351-stm32l47xxx-stm32l48xxx-stm32l49xxx-and-stm32l4axxx-advanced-armbased-32bit-mcus-stmicroelectronics_dfsdm,49,RESERVED,7,3,,,7:3,nan:nan
rm0351-stm32l47xxx-stm32l48xxx-stm32l49xxx-and-stm32l4axxx-advanced-armbased-32bit-mcus-stmicroelectronics_dfsdm.pdf,rm0351-stm32l47xxx-stm32l48xxx-stm32l49xxx-and-stm32l4axxx-advanced-armbased-32bit-mcus-stmicroelectronics_dfsdm,49,EXMAXCH,2,0,2.0,0.0,2:0,2.0:0.0
rm0351-stm32l47xxx-stm32l48xxx-stm32l49xxx-and-stm32l4axxx-advanced-armbased-32bit-mcus-stmicroelectronics_dfsdm.pdf,rm0351-stm32l47xxx-stm32l48xxx-stm32l49xxx-and-stm32l4axxx-advanced-armbased-32bit-mcus-stmicroelectronics_dfsdm,50,EXMIN,31,8,23.0,0.0,31:8,23.0:0.0
rm0351-stm32l47xxx-stm32l48xxx-stm32l49xxx-and-stm32l4axxx-advanced-armbased-32bit-mcus-stmicroelectronics_dfsdm.pdf,rm0351-stm32l47xxx-stm32l48xxx-stm32l49xxx-and-stm32l4axxx-advanced-armbased-32bit-mcus-stmicroelectronics_dfsdm,50,RESERVED,7,3,,,7:3,nan:nan
rm0351-stm32l47xxx-stm32l48xxx-stm32l49xxx-and-stm32l4axxx-advanced-armbased-32bit-mcus-stmicroelectronics_dfsdm.pdf,rm0351-stm32l47xxx-stm32l48xxx-stm32l49xxx-and-stm32l4axxx-advanced-armbased-32bit-mcus-stmicroelectronics_dfsdm,50,EXMINCH,2,0,2.0,0.0,2:0,2.0:0.0
rm0351-stm32l47xxx-stm32l48xxx-stm32l49xxx-and-stm32l4axxx-advanced-armbased-32bit-mcus-stmicroelectronics_dfsdm.pdf,rm0351-stm32l47xxx-stm32l48xxx-stm32l49xxx-and-stm32l4axxx-advanced-armbased-32bit-mcus-stmicroelectronics_dfsdm,51,CNVCNT,31,4,27.0,0.0,31:4,27.0:0.0
rm0351-stm32l47xxx-stm32l48xxx-stm32l49xxx-and-stm32l4axxx-advanced-armbased-32bit-mcus-stmicroelectronics_dfsdm.pdf,rm0351-stm32l47xxx-stm32l48xxx-stm32l49xxx-and-stm32l4axxx-advanced-armbased-32bit-mcus-stmicroelectronics_dfsdm,51,RESERVED,3,0,,,3:0,nan:nan
rm0394-stm32l41xxx42xxx43xxx44xxx45xxx46xxx-advanced-armbased-32bit-mcus-stmicroelectronics_dfsdm.pdf,rm0394-stm32l41xxx42xxx43xxx44xxx45xxx46xxx-advanced-armbased-32bit-mcus-stmicroelectronics_dfsdm,30,DFSDMEN,31,31,,,31,nan:nan
rm0394-stm32l41xxx42xxx43xxx44xxx45xxx46xxx-advanced-armbased-32bit-mcus-stmicroelectronics_dfsdm.pdf,rm0394-stm32l41xxx42xxx43xxx44xxx45xxx46xxx-advanced-armbased-32bit-mcus-stmicroelectronics_dfsdm,30,CKOUTSRC,30,30,,,30,nan:nan
rm0394-stm32l41xxx42xxx43xxx44xxx45xxx46xxx-advanced-armbased-32bit-mcus-stmicroelectronics_dfsdm.pdf,rm0394-stm32l41xxx42xxx43xxx44xxx45xxx46xxx-advanced-armbased-32bit-mcus-stmicroelectronics_dfsdm,30,RESERVED,29,24,,,29:24,nan:nan
rm0394-stm32l41xxx42xxx43xxx44xxx45xxx46xxx-advanced-armbased-32bit-mcus-stmicroelectronics_dfsdm.pdf,rm0394-stm32l41xxx42xxx43xxx44xxx45xxx46xxx-advanced-armbased-32bit-mcus-stmicroelectronics_dfsdm,30,CKOUTDIV,23,16,7.0,0.0,23:16,7.0:0.0
rm0394-stm32l41xxx42xxx43xxx44xxx45xxx46xxx-advanced-armbased-32bit-mcus-stmicroelectronics_dfsdm.pdf,rm0394-stm32l41xxx42xxx43xxx44xxx45xxx46xxx-advanced-armbased-32bit-mcus-stmicroelectronics_dfsdm,30,DATPACK,15,14,1.0,0.0,15:14,1.0:0.0
rm0394-stm32l41xxx42xxx43xxx44xxx45xxx46xxx-advanced-armbased-32bit-mcus-stmicroelectronics_dfsdm.pdf,rm0394-stm32l41xxx42xxx43xxx44xxx45xxx46xxx-advanced-armbased-32bit-mcus-stmicroelectronics_dfsdm,31,DATMPX,13,12,1.0,0.0,13:12,1.0:0.0
rm0394-stm32l41xxx42xxx43xxx44xxx45xxx46xxx-advanced-armbased-32bit-mcus-stmicroelectronics_dfsdm.pdf,rm0394-stm32l41xxx42xxx43xxx44xxx45xxx46xxx-advanced-armbased-32bit-mcus-stmicroelectronics_dfsdm,31,RESERVED,11,9,,,11:9,nan:nan
rm0394-stm32l41xxx42xxx43xxx44xxx45xxx46xxx-advanced-armbased-32bit-mcus-stmicroelectronics_dfsdm.pdf,rm0394-stm32l41xxx42xxx43xxx44xxx45xxx46xxx-advanced-armbased-32bit-mcus-stmicroelectronics_dfsdm,31,CHINSEL,8,8,,,8,nan:nan
rm0394-stm32l41xxx42xxx43xxx44xxx45xxx46xxx-advanced-armbased-32bit-mcus-stmicroelectronics_dfsdm.pdf,rm0394-stm32l41xxx42xxx43xxx44xxx45xxx46xxx-advanced-armbased-32bit-mcus-stmicroelectronics_dfsdm,31,CHEN,7,7,,,7,nan:nan
rm0394-stm32l41xxx42xxx43xxx44xxx45xxx46xxx-advanced-armbased-32bit-mcus-stmicroelectronics_dfsdm.pdf,rm0394-stm32l41xxx42xxx43xxx44xxx45xxx46xxx-advanced-armbased-32bit-mcus-stmicroelectronics_dfsdm,31,CKABEN,6,6,,,6,nan:nan
rm0394-stm32l41xxx42xxx43xxx44xxx45xxx46xxx-advanced-armbased-32bit-mcus-stmicroelectronics_dfsdm.pdf,rm0394-stm32l41xxx42xxx43xxx44xxx45xxx46xxx-advanced-armbased-32bit-mcus-stmicroelectronics_dfsdm,31,SCDEN,5,5,,,5,nan:nan
rm0394-stm32l41xxx42xxx43xxx44xxx45xxx46xxx-advanced-armbased-32bit-mcus-stmicroelectronics_dfsdm.pdf,rm0394-stm32l41xxx42xxx43xxx44xxx45xxx46xxx-advanced-armbased-32bit-mcus-stmicroelectronics_dfsdm,31,RESERVED,4,4,,,4,nan:nan
rm0394-stm32l41xxx42xxx43xxx44xxx45xxx46xxx-advanced-armbased-32bit-mcus-stmicroelectronics_dfsdm.pdf,rm0394-stm32l41xxx42xxx43xxx44xxx45xxx46xxx-advanced-armbased-32bit-mcus-stmicroelectronics_dfsdm,31,SPICKSEL,3,2,1.0,0.0,3:2,1.0:0.0
rm0394-stm32l41xxx42xxx43xxx44xxx45xxx46xxx-advanced-armbased-32bit-mcus-stmicroelectronics_dfsdm.pdf,rm0394-stm32l41xxx42xxx43xxx44xxx45xxx46xxx-advanced-armbased-32bit-mcus-stmicroelectronics_dfsdm,31,SITP,1,0,1.0,0.0,1:0,1.0:0.0
rm0394-stm32l41xxx42xxx43xxx44xxx45xxx46xxx-advanced-armbased-32bit-mcus-stmicroelectronics_dfsdm.pdf,rm0394-stm32l41xxx42xxx43xxx44xxx45xxx46xxx-advanced-armbased-32bit-mcus-stmicroelectronics_dfsdm,32,OFFSET,31,8,23.0,0.0,31:8,23.0:0.0
rm0394-stm32l41xxx42xxx43xxx44xxx45xxx46xxx-advanced-armbased-32bit-mcus-stmicroelectronics_dfsdm.pdf,rm0394-stm32l41xxx42xxx43xxx44xxx45xxx46xxx-advanced-armbased-32bit-mcus-stmicroelectronics_dfsdm,32,DTRBS,7,3,4.0,0.0,7:3,4.0:0.0
rm0394-stm32l41xxx42xxx43xxx44xxx45xxx46xxx-advanced-armbased-32bit-mcus-stmicroelectronics_dfsdm.pdf,rm0394-stm32l41xxx42xxx43xxx44xxx45xxx46xxx-advanced-armbased-32bit-mcus-stmicroelectronics_dfsdm,32,RESERVED,2,0,,,2:0,nan:nan
rm0394-stm32l41xxx42xxx43xxx44xxx45xxx46xxx-advanced-armbased-32bit-mcus-stmicroelectronics_dfsdm.pdf,rm0394-stm32l41xxx42xxx43xxx44xxx45xxx46xxx-advanced-armbased-32bit-mcus-stmicroelectronics_dfsdm,33,RESERVED,31,24,,,31:24,nan:nan
rm0394-stm32l41xxx42xxx43xxx44xxx45xxx46xxx-advanced-armbased-32bit-mcus-stmicroelectronics_dfsdm.pdf,rm0394-stm32l41xxx42xxx43xxx44xxx45xxx46xxx-advanced-armbased-32bit-mcus-stmicroelectronics_dfsdm,33,AWFORD,23,22,1.0,0.0,23:22,1.0:0.0
rm0394-stm32l41xxx42xxx43xxx44xxx45xxx46xxx-advanced-armbased-32bit-mcus-stmicroelectronics_dfsdm.pdf,rm0394-stm32l41xxx42xxx43xxx44xxx45xxx46xxx-advanced-armbased-32bit-mcus-stmicroelectronics_dfsdm,33,RESERVED,21,21,,,21,nan:nan
rm0394-stm32l41xxx42xxx43xxx44xxx45xxx46xxx-advanced-armbased-32bit-mcus-stmicroelectronics_dfsdm.pdf,rm0394-stm32l41xxx42xxx43xxx44xxx45xxx46xxx-advanced-armbased-32bit-mcus-stmicroelectronics_dfsdm,33,AWFOSR,20,16,4.0,0.0,20:16,4.0:0.0
rm0394-stm32l41xxx42xxx43xxx44xxx45xxx46xxx-advanced-armbased-32bit-mcus-stmicroelectronics_dfsdm.pdf,rm0394-stm32l41xxx42xxx43xxx44xxx45xxx46xxx-advanced-armbased-32bit-mcus-stmicroelectronics_dfsdm,33,BKSCD,15,12,3.0,0.0,15:12,3.0:0.0
rm0394-stm32l41xxx42xxx43xxx44xxx45xxx46xxx-advanced-armbased-32bit-mcus-stmicroelectronics_dfsdm.pdf,rm0394-stm32l41xxx42xxx43xxx44xxx45xxx46xxx-advanced-armbased-32bit-mcus-stmicroelectronics_dfsdm,33,RESERVED,11,8,,,11:8,nan:nan
rm0394-stm32l41xxx42xxx43xxx44xxx45xxx46xxx-advanced-armbased-32bit-mcus-stmicroelectronics_dfsdm.pdf,rm0394-stm32l41xxx42xxx43xxx44xxx45xxx46xxx-advanced-armbased-32bit-mcus-stmicroelectronics_dfsdm,33,SCDT,7,0,7.0,0.0,7:0,7.0:0.0
rm0394-stm32l41xxx42xxx43xxx44xxx45xxx46xxx-advanced-armbased-32bit-mcus-stmicroelectronics_dfsdm.pdf,rm0394-stm32l41xxx42xxx43xxx44xxx45xxx46xxx-advanced-armbased-32bit-mcus-stmicroelectronics_dfsdm,34,RESERVED,31,16,,,31:16,nan:nan
rm0394-stm32l41xxx42xxx43xxx44xxx45xxx46xxx-advanced-armbased-32bit-mcus-stmicroelectronics_dfsdm.pdf,rm0394-stm32l41xxx42xxx43xxx44xxx45xxx46xxx-advanced-armbased-32bit-mcus-stmicroelectronics_dfsdm,34,WDATA,15,0,15.0,0.0,15:0,15.0:0.0
rm0394-stm32l41xxx42xxx43xxx44xxx45xxx46xxx-advanced-armbased-32bit-mcus-stmicroelectronics_dfsdm.pdf,rm0394-stm32l41xxx42xxx43xxx44xxx45xxx46xxx-advanced-armbased-32bit-mcus-stmicroelectronics_dfsdm,34,INDAT1,31,16,15.0,0.0,31:16,15.0:0.0
rm0394-stm32l41xxx42xxx43xxx44xxx45xxx46xxx-advanced-armbased-32bit-mcus-stmicroelectronics_dfsdm.pdf,rm0394-stm32l41xxx42xxx43xxx44xxx45xxx46xxx-advanced-armbased-32bit-mcus-stmicroelectronics_dfsdm,34,INDAT0,15,0,15.0,0.0,15:0,15.0:0.0
rm0394-stm32l41xxx42xxx43xxx44xxx45xxx46xxx-advanced-armbased-32bit-mcus-stmicroelectronics_dfsdm.pdf,rm0394-stm32l41xxx42xxx43xxx44xxx45xxx46xxx-advanced-armbased-32bit-mcus-stmicroelectronics_dfsdm,35,RESERVED,31,31,,,31,nan:nan
rm0394-stm32l41xxx42xxx43xxx44xxx45xxx46xxx-advanced-armbased-32bit-mcus-stmicroelectronics_dfsdm.pdf,rm0394-stm32l41xxx42xxx43xxx44xxx45xxx46xxx-advanced-armbased-32bit-mcus-stmicroelectronics_dfsdm,35,AWFSEL,30,30,,,30,nan:nan
rm0394-stm32l41xxx42xxx43xxx44xxx45xxx46xxx-advanced-armbased-32bit-mcus-stmicroelectronics_dfsdm.pdf,rm0394-stm32l41xxx42xxx43xxx44xxx45xxx46xxx-advanced-armbased-32bit-mcus-stmicroelectronics_dfsdm,35,FAST,29,29,,,29,nan:nan
rm0394-stm32l41xxx42xxx43xxx44xxx45xxx46xxx-advanced-armbased-32bit-mcus-stmicroelectronics_dfsdm.pdf,rm0394-stm32l41xxx42xxx43xxx44xxx45xxx46xxx-advanced-armbased-32bit-mcus-stmicroelectronics_dfsdm,35,RESERVED,28,26,,,28:26,nan:nan
rm0394-stm32l41xxx42xxx43xxx44xxx45xxx46xxx-advanced-armbased-32bit-mcus-stmicroelectronics_dfsdm.pdf,rm0394-stm32l41xxx42xxx43xxx44xxx45xxx46xxx-advanced-armbased-32bit-mcus-stmicroelectronics_dfsdm,35,RCH,25,24,1.0,0.0,25:24,1.0:0.0
rm0394-stm32l41xxx42xxx43xxx44xxx45xxx46xxx-advanced-armbased-32bit-mcus-stmicroelectronics_dfsdm.pdf,rm0394-stm32l41xxx42xxx43xxx44xxx45xxx46xxx-advanced-armbased-32bit-mcus-stmicroelectronics_dfsdm,35,RESERVED,23,22,,,23:22,nan:nan
rm0394-stm32l41xxx42xxx43xxx44xxx45xxx46xxx-advanced-armbased-32bit-mcus-stmicroelectronics_dfsdm.pdf,rm0394-stm32l41xxx42xxx43xxx44xxx45xxx46xxx-advanced-armbased-32bit-mcus-stmicroelectronics_dfsdm,36,RDMAEN,21,21,,,21,nan:nan
rm0394-stm32l41xxx42xxx43xxx44xxx45xxx46xxx-advanced-armbased-32bit-mcus-stmicroelectronics_dfsdm.pdf,rm0394-stm32l41xxx42xxx43xxx44xxx45xxx46xxx-advanced-armbased-32bit-mcus-stmicroelectronics_dfsdm,36,RESERVED,20,20,,,20,nan:nan
rm0394-stm32l41xxx42xxx43xxx44xxx45xxx46xxx-advanced-armbased-32bit-mcus-stmicroelectronics_dfsdm.pdf,rm0394-stm32l41xxx42xxx43xxx44xxx45xxx46xxx-advanced-armbased-32bit-mcus-stmicroelectronics_dfsdm,36,RSYNC,19,19,,,19,nan:nan
rm0394-stm32l41xxx42xxx43xxx44xxx45xxx46xxx-advanced-armbased-32bit-mcus-stmicroelectronics_dfsdm.pdf,rm0394-stm32l41xxx42xxx43xxx44xxx45xxx46xxx-advanced-armbased-32bit-mcus-stmicroelectronics_dfsdm,36,RCONT,18,18,,,18,nan:nan
rm0394-stm32l41xxx42xxx43xxx44xxx45xxx46xxx-advanced-armbased-32bit-mcus-stmicroelectronics_dfsdm.pdf,rm0394-stm32l41xxx42xxx43xxx44xxx45xxx46xxx-advanced-armbased-32bit-mcus-stmicroelectronics_dfsdm,36,RSWSTART,17,17,,,17,nan:nan
rm0394-stm32l41xxx42xxx43xxx44xxx45xxx46xxx-advanced-armbased-32bit-mcus-stmicroelectronics_dfsdm.pdf,rm0394-stm32l41xxx42xxx43xxx44xxx45xxx46xxx-advanced-armbased-32bit-mcus-stmicroelectronics_dfsdm,36,RESERVED,16,15,,,16:15,nan:nan
rm0394-stm32l41xxx42xxx43xxx44xxx45xxx46xxx-advanced-armbased-32bit-mcus-stmicroelectronics_dfsdm.pdf,rm0394-stm32l41xxx42xxx43xxx44xxx45xxx46xxx-advanced-armbased-32bit-mcus-stmicroelectronics_dfsdm,36,JEXTEN,14,13,1.0,0.0,14:13,1.0:0.0
rm0394-stm32l41xxx42xxx43xxx44xxx45xxx46xxx-advanced-armbased-32bit-mcus-stmicroelectronics_dfsdm.pdf,rm0394-stm32l41xxx42xxx43xxx44xxx45xxx46xxx-advanced-armbased-32bit-mcus-stmicroelectronics_dfsdm,36,RESERVED,12,11,,,12:11,nan:nan
rm0394-stm32l41xxx42xxx43xxx44xxx45xxx46xxx-advanced-armbased-32bit-mcus-stmicroelectronics_dfsdm.pdf,rm0394-stm32l41xxx42xxx43xxx44xxx45xxx46xxx-advanced-armbased-32bit-mcus-stmicroelectronics_dfsdm,36,JEXTSEL,10,8,2.0,0.0,10:8,2.0:0.0
rm0394-stm32l41xxx42xxx43xxx44xxx45xxx46xxx-advanced-armbased-32bit-mcus-stmicroelectronics_dfsdm.pdf,rm0394-stm32l41xxx42xxx43xxx44xxx45xxx46xxx-advanced-armbased-32bit-mcus-stmicroelectronics_dfsdm,36,RESERVED,7,6,,,7:6,nan:nan
rm0394-stm32l41xxx42xxx43xxx44xxx45xxx46xxx-advanced-armbased-32bit-mcus-stmicroelectronics_dfsdm.pdf,rm0394-stm32l41xxx42xxx43xxx44xxx45xxx46xxx-advanced-armbased-32bit-mcus-stmicroelectronics_dfsdm,37,JDMAEN,5,5,,,5,nan:nan
rm0394-stm32l41xxx42xxx43xxx44xxx45xxx46xxx-advanced-armbased-32bit-mcus-stmicroelectronics_dfsdm.pdf,rm0394-stm32l41xxx42xxx43xxx44xxx45xxx46xxx-advanced-armbased-32bit-mcus-stmicroelectronics_dfsdm,37,JSCAN,4,4,,,4,nan:nan
rm0394-stm32l41xxx42xxx43xxx44xxx45xxx46xxx-advanced-armbased-32bit-mcus-stmicroelectronics_dfsdm.pdf,rm0394-stm32l41xxx42xxx43xxx44xxx45xxx46xxx-advanced-armbased-32bit-mcus-stmicroelectronics_dfsdm,37,JSYNC,3,3,,,3,nan:nan
rm0394-stm32l41xxx42xxx43xxx44xxx45xxx46xxx-advanced-armbased-32bit-mcus-stmicroelectronics_dfsdm.pdf,rm0394-stm32l41xxx42xxx43xxx44xxx45xxx46xxx-advanced-armbased-32bit-mcus-stmicroelectronics_dfsdm,37,RESERVED,2,2,,,2,nan:nan
rm0394-stm32l41xxx42xxx43xxx44xxx45xxx46xxx-advanced-armbased-32bit-mcus-stmicroelectronics_dfsdm.pdf,rm0394-stm32l41xxx42xxx43xxx44xxx45xxx46xxx-advanced-armbased-32bit-mcus-stmicroelectronics_dfsdm,37,JSWSTART,1,1,,,1,nan:nan
rm0394-stm32l41xxx42xxx43xxx44xxx45xxx46xxx-advanced-armbased-32bit-mcus-stmicroelectronics_dfsdm.pdf,rm0394-stm32l41xxx42xxx43xxx44xxx45xxx46xxx-advanced-armbased-32bit-mcus-stmicroelectronics_dfsdm,37,DFEN,0,0,,,0,nan:nan
rm0394-stm32l41xxx42xxx43xxx44xxx45xxx46xxx-advanced-armbased-32bit-mcus-stmicroelectronics_dfsdm.pdf,rm0394-stm32l41xxx42xxx43xxx44xxx45xxx46xxx-advanced-armbased-32bit-mcus-stmicroelectronics_dfsdm,38,RESERVED,31,20,,,31:20,nan:nan
rm0394-stm32l41xxx42xxx43xxx44xxx45xxx46xxx-advanced-armbased-32bit-mcus-stmicroelectronics_dfsdm.pdf,rm0394-stm32l41xxx42xxx43xxx44xxx45xxx46xxx-advanced-armbased-32bit-mcus-stmicroelectronics_dfsdm,38,AWDCH,19,16,3.0,0.0,19:16,3.0:0.0
rm0394-stm32l41xxx42xxx43xxx44xxx45xxx46xxx-advanced-armbased-32bit-mcus-stmicroelectronics_dfsdm.pdf,rm0394-stm32l41xxx42xxx43xxx44xxx45xxx46xxx-advanced-armbased-32bit-mcus-stmicroelectronics_dfsdm,38,RESERVED,15,12,,,15:12,nan:nan
rm0394-stm32l41xxx42xxx43xxx44xxx45xxx46xxx-advanced-armbased-32bit-mcus-stmicroelectronics_dfsdm.pdf,rm0394-stm32l41xxx42xxx43xxx44xxx45xxx46xxx-advanced-armbased-32bit-mcus-stmicroelectronics_dfsdm,38,EXCH,11,8,3.0,0.0,11:8,3.0:0.0
rm0394-stm32l41xxx42xxx43xxx44xxx45xxx46xxx-advanced-armbased-32bit-mcus-stmicroelectronics_dfsdm.pdf,rm0394-stm32l41xxx42xxx43xxx44xxx45xxx46xxx-advanced-armbased-32bit-mcus-stmicroelectronics_dfsdm,38,RESERVED,7,7,,,7,nan:nan
rm0394-stm32l41xxx42xxx43xxx44xxx45xxx46xxx-advanced-armbased-32bit-mcus-stmicroelectronics_dfsdm.pdf,rm0394-stm32l41xxx42xxx43xxx44xxx45xxx46xxx-advanced-armbased-32bit-mcus-stmicroelectronics_dfsdm,38,CKABIE,6,6,,,6,nan:nan
rm0394-stm32l41xxx42xxx43xxx44xxx45xxx46xxx-advanced-armbased-32bit-mcus-stmicroelectronics_dfsdm.pdf,rm0394-stm32l41xxx42xxx43xxx44xxx45xxx46xxx-advanced-armbased-32bit-mcus-stmicroelectronics_dfsdm,38,SCDIE,5,5,,,5,nan:nan
rm0394-stm32l41xxx42xxx43xxx44xxx45xxx46xxx-advanced-armbased-32bit-mcus-stmicroelectronics_dfsdm.pdf,rm0394-stm32l41xxx42xxx43xxx44xxx45xxx46xxx-advanced-armbased-32bit-mcus-stmicroelectronics_dfsdm,38,AWDIE,4,4,,,4,nan:nan
rm0394-stm32l41xxx42xxx43xxx44xxx45xxx46xxx-advanced-armbased-32bit-mcus-stmicroelectronics_dfsdm.pdf,rm0394-stm32l41xxx42xxx43xxx44xxx45xxx46xxx-advanced-armbased-32bit-mcus-stmicroelectronics_dfsdm,38,ROVRIE,3,3,,,3,nan:nan
rm0394-stm32l41xxx42xxx43xxx44xxx45xxx46xxx-advanced-armbased-32bit-mcus-stmicroelectronics_dfsdm.pdf,rm0394-stm32l41xxx42xxx43xxx44xxx45xxx46xxx-advanced-armbased-32bit-mcus-stmicroelectronics_dfsdm,38,JOVRIE,2,2,,,2,nan:nan
rm0394-stm32l41xxx42xxx43xxx44xxx45xxx46xxx-advanced-armbased-32bit-mcus-stmicroelectronics_dfsdm.pdf,rm0394-stm32l41xxx42xxx43xxx44xxx45xxx46xxx-advanced-armbased-32bit-mcus-stmicroelectronics_dfsdm,38,REOCIE,1,1,,,1,nan:nan
rm0394-stm32l41xxx42xxx43xxx44xxx45xxx46xxx-advanced-armbased-32bit-mcus-stmicroelectronics_dfsdm.pdf,rm0394-stm32l41xxx42xxx43xxx44xxx45xxx46xxx-advanced-armbased-32bit-mcus-stmicroelectronics_dfsdm,38,JEOCIE,0,0,,,0,nan:nan
rm0394-stm32l41xxx42xxx43xxx44xxx45xxx46xxx-advanced-armbased-32bit-mcus-stmicroelectronics_dfsdm.pdf,rm0394-stm32l41xxx42xxx43xxx44xxx45xxx46xxx-advanced-armbased-32bit-mcus-stmicroelectronics_dfsdm,39,RESERVED,31,28,,,31:28,nan:nan
rm0394-stm32l41xxx42xxx43xxx44xxx45xxx46xxx-advanced-armbased-32bit-mcus-stmicroelectronics_dfsdm.pdf,rm0394-stm32l41xxx42xxx43xxx44xxx45xxx46xxx-advanced-armbased-32bit-mcus-stmicroelectronics_dfsdm,39,SCDF,27,24,3.0,0.0,27:24,3.0:0.0
rm0394-stm32l41xxx42xxx43xxx44xxx45xxx46xxx-advanced-armbased-32bit-mcus-stmicroelectronics_dfsdm.pdf,rm0394-stm32l41xxx42xxx43xxx44xxx45xxx46xxx-advanced-armbased-32bit-mcus-stmicroelectronics_dfsdm,39,RESERVED,23,20,,,23:20,nan:nan
rm0394-stm32l41xxx42xxx43xxx44xxx45xxx46xxx-advanced-armbased-32bit-mcus-stmicroelectronics_dfsdm.pdf,rm0394-stm32l41xxx42xxx43xxx44xxx45xxx46xxx-advanced-armbased-32bit-mcus-stmicroelectronics_dfsdm,39,CKABF,19,16,3.0,0.0,19:16,3.0:0.0
rm0394-stm32l41xxx42xxx43xxx44xxx45xxx46xxx-advanced-armbased-32bit-mcus-stmicroelectronics_dfsdm.pdf,rm0394-stm32l41xxx42xxx43xxx44xxx45xxx46xxx-advanced-armbased-32bit-mcus-stmicroelectronics_dfsdm,39,RESERVED,15,15,,,15,nan:nan
rm0394-stm32l41xxx42xxx43xxx44xxx45xxx46xxx-advanced-armbased-32bit-mcus-stmicroelectronics_dfsdm.pdf,rm0394-stm32l41xxx42xxx43xxx44xxx45xxx46xxx-advanced-armbased-32bit-mcus-stmicroelectronics_dfsdm,39,RCIP,14,14,,,14,nan:nan
rm0394-stm32l41xxx42xxx43xxx44xxx45xxx46xxx-advanced-armbased-32bit-mcus-stmicroelectronics_dfsdm.pdf,rm0394-stm32l41xxx42xxx43xxx44xxx45xxx46xxx-advanced-armbased-32bit-mcus-stmicroelectronics_dfsdm,39,JCIP,13,13,,,13,nan:nan
rm0394-stm32l41xxx42xxx43xxx44xxx45xxx46xxx-advanced-armbased-32bit-mcus-stmicroelectronics_dfsdm.pdf,rm0394-stm32l41xxx42xxx43xxx44xxx45xxx46xxx-advanced-armbased-32bit-mcus-stmicroelectronics_dfsdm,39,RESERVED,12,5,,,12:5,nan:nan
rm0394-stm32l41xxx42xxx43xxx44xxx45xxx46xxx-advanced-armbased-32bit-mcus-stmicroelectronics_dfsdm.pdf,rm0394-stm32l41xxx42xxx43xxx44xxx45xxx46xxx-advanced-armbased-32bit-mcus-stmicroelectronics_dfsdm,40,AWDF,4,4,,,4,nan:nan
rm0394-stm32l41xxx42xxx43xxx44xxx45xxx46xxx-advanced-armbased-32bit-mcus-stmicroelectronics_dfsdm.pdf,rm0394-stm32l41xxx42xxx43xxx44xxx45xxx46xxx-advanced-armbased-32bit-mcus-stmicroelectronics_dfsdm,40,ROVRF,3,3,,,3,nan:nan
rm0394-stm32l41xxx42xxx43xxx44xxx45xxx46xxx-advanced-armbased-32bit-mcus-stmicroelectronics_dfsdm.pdf,rm0394-stm32l41xxx42xxx43xxx44xxx45xxx46xxx-advanced-armbased-32bit-mcus-stmicroelectronics_dfsdm,40,JOVRF,2,2,,,2,nan:nan
rm0394-stm32l41xxx42xxx43xxx44xxx45xxx46xxx-advanced-armbased-32bit-mcus-stmicroelectronics_dfsdm.pdf,rm0394-stm32l41xxx42xxx43xxx44xxx45xxx46xxx-advanced-armbased-32bit-mcus-stmicroelectronics_dfsdm,40,REOCF,1,1,,,1,nan:nan
rm0394-stm32l41xxx42xxx43xxx44xxx45xxx46xxx-advanced-armbased-32bit-mcus-stmicroelectronics_dfsdm.pdf,rm0394-stm32l41xxx42xxx43xxx44xxx45xxx46xxx-advanced-armbased-32bit-mcus-stmicroelectronics_dfsdm,40,JEOCF,0,0,,,0,nan:nan
rm0394-stm32l41xxx42xxx43xxx44xxx45xxx46xxx-advanced-armbased-32bit-mcus-stmicroelectronics_dfsdm.pdf,rm0394-stm32l41xxx42xxx43xxx44xxx45xxx46xxx-advanced-armbased-32bit-mcus-stmicroelectronics_dfsdm,41,RESERVED,31,28,,,31:28,nan:nan
rm0394-stm32l41xxx42xxx43xxx44xxx45xxx46xxx-advanced-armbased-32bit-mcus-stmicroelectronics_dfsdm.pdf,rm0394-stm32l41xxx42xxx43xxx44xxx45xxx46xxx-advanced-armbased-32bit-mcus-stmicroelectronics_dfsdm,41,CLRSCDF,27,24,3.0,0.0,27:24,3.0:0.0
rm0394-stm32l41xxx42xxx43xxx44xxx45xxx46xxx-advanced-armbased-32bit-mcus-stmicroelectronics_dfsdm.pdf,rm0394-stm32l41xxx42xxx43xxx44xxx45xxx46xxx-advanced-armbased-32bit-mcus-stmicroelectronics_dfsdm,41,RESERVED,23,20,,,23:20,nan:nan
rm0394-stm32l41xxx42xxx43xxx44xxx45xxx46xxx-advanced-armbased-32bit-mcus-stmicroelectronics_dfsdm.pdf,rm0394-stm32l41xxx42xxx43xxx44xxx45xxx46xxx-advanced-armbased-32bit-mcus-stmicroelectronics_dfsdm,41,CLRCKABF,19,16,3.0,0.0,19:16,3.0:0.0
rm0394-stm32l41xxx42xxx43xxx44xxx45xxx46xxx-advanced-armbased-32bit-mcus-stmicroelectronics_dfsdm.pdf,rm0394-stm32l41xxx42xxx43xxx44xxx45xxx46xxx-advanced-armbased-32bit-mcus-stmicroelectronics_dfsdm,41,RESERVED,15,4,,,15:4,nan:nan
rm0394-stm32l41xxx42xxx43xxx44xxx45xxx46xxx-advanced-armbased-32bit-mcus-stmicroelectronics_dfsdm.pdf,rm0394-stm32l41xxx42xxx43xxx44xxx45xxx46xxx-advanced-armbased-32bit-mcus-stmicroelectronics_dfsdm,41,CLRROVRF,3,3,,,3,nan:nan
rm0394-stm32l41xxx42xxx43xxx44xxx45xxx46xxx-advanced-armbased-32bit-mcus-stmicroelectronics_dfsdm.pdf,rm0394-stm32l41xxx42xxx43xxx44xxx45xxx46xxx-advanced-armbased-32bit-mcus-stmicroelectronics_dfsdm,41,CLRJOVRF,2,2,,,2,nan:nan
rm0394-stm32l41xxx42xxx43xxx44xxx45xxx46xxx-advanced-armbased-32bit-mcus-stmicroelectronics_dfsdm.pdf,rm0394-stm32l41xxx42xxx43xxx44xxx45xxx46xxx-advanced-armbased-32bit-mcus-stmicroelectronics_dfsdm,41,RESERVED,1,0,,,1:0,nan:nan
rm0394-stm32l41xxx42xxx43xxx44xxx45xxx46xxx-advanced-armbased-32bit-mcus-stmicroelectronics_dfsdm.pdf,rm0394-stm32l41xxx42xxx43xxx44xxx45xxx46xxx-advanced-armbased-32bit-mcus-stmicroelectronics_dfsdm,42,RESERVED,31,4,,,31:4,nan:nan
rm0394-stm32l41xxx42xxx43xxx44xxx45xxx46xxx-advanced-armbased-32bit-mcus-stmicroelectronics_dfsdm.pdf,rm0394-stm32l41xxx42xxx43xxx44xxx45xxx46xxx-advanced-armbased-32bit-mcus-stmicroelectronics_dfsdm,42,JCHG,3,0,3.0,0.0,3:0,3.0:0.0
rm0394-stm32l41xxx42xxx43xxx44xxx45xxx46xxx-advanced-armbased-32bit-mcus-stmicroelectronics_dfsdm.pdf,rm0394-stm32l41xxx42xxx43xxx44xxx45xxx46xxx-advanced-armbased-32bit-mcus-stmicroelectronics_dfsdm,42,FORD,31,29,2.0,0.0,31:29,2.0:0.0
rm0394-stm32l41xxx42xxx43xxx44xxx45xxx46xxx-advanced-armbased-32bit-mcus-stmicroelectronics_dfsdm.pdf,rm0394-stm32l41xxx42xxx43xxx44xxx45xxx46xxx-advanced-armbased-32bit-mcus-stmicroelectronics_dfsdm,42,RESERVED,28,26,,,28:26,nan:nan
rm0394-stm32l41xxx42xxx43xxx44xxx45xxx46xxx-advanced-armbased-32bit-mcus-stmicroelectronics_dfsdm.pdf,rm0394-stm32l41xxx42xxx43xxx44xxx45xxx46xxx-advanced-armbased-32bit-mcus-stmicroelectronics_dfsdm,43,FOSR,25,16,9.0,0.0,25:16,9.0:0.0
rm0394-stm32l41xxx42xxx43xxx44xxx45xxx46xxx-advanced-armbased-32bit-mcus-stmicroelectronics_dfsdm.pdf,rm0394-stm32l41xxx42xxx43xxx44xxx45xxx46xxx-advanced-armbased-32bit-mcus-stmicroelectronics_dfsdm,43,RESERVED,15,8,,,15:8,nan:nan
rm0394-stm32l41xxx42xxx43xxx44xxx45xxx46xxx-advanced-armbased-32bit-mcus-stmicroelectronics_dfsdm.pdf,rm0394-stm32l41xxx42xxx43xxx44xxx45xxx46xxx-advanced-armbased-32bit-mcus-stmicroelectronics_dfsdm,43,IOSR,7,0,7.0,0.0,7:0,7.0:0.0
rm0394-stm32l41xxx42xxx43xxx44xxx45xxx46xxx-advanced-armbased-32bit-mcus-stmicroelectronics_dfsdm.pdf,rm0394-stm32l41xxx42xxx43xxx44xxx45xxx46xxx-advanced-armbased-32bit-mcus-stmicroelectronics_dfsdm,43,JDATA,31,8,23.0,0.0,31:8,23.0:0.0
rm0394-stm32l41xxx42xxx43xxx44xxx45xxx46xxx-advanced-armbased-32bit-mcus-stmicroelectronics_dfsdm.pdf,rm0394-stm32l41xxx42xxx43xxx44xxx45xxx46xxx-advanced-armbased-32bit-mcus-stmicroelectronics_dfsdm,43,RESERVED,7,2,,,7:2,nan:nan
rm0394-stm32l41xxx42xxx43xxx44xxx45xxx46xxx-advanced-armbased-32bit-mcus-stmicroelectronics_dfsdm.pdf,rm0394-stm32l41xxx42xxx43xxx44xxx45xxx46xxx-advanced-armbased-32bit-mcus-stmicroelectronics_dfsdm,43,JDATACH,1,0,1.0,0.0,1:0,1.0:0.0
rm0394-stm32l41xxx42xxx43xxx44xxx45xxx46xxx-advanced-armbased-32bit-mcus-stmicroelectronics_dfsdm.pdf,rm0394-stm32l41xxx42xxx43xxx44xxx45xxx46xxx-advanced-armbased-32bit-mcus-stmicroelectronics_dfsdm,44,RDATA,31,8,23.0,0.0,31:8,23.0:0.0
rm0394-stm32l41xxx42xxx43xxx44xxx45xxx46xxx-advanced-armbased-32bit-mcus-stmicroelectronics_dfsdm.pdf,rm0394-stm32l41xxx42xxx43xxx44xxx45xxx46xxx-advanced-armbased-32bit-mcus-stmicroelectronics_dfsdm,44,RESERVED,7,5,,,7:5,nan:nan
rm0394-stm32l41xxx42xxx43xxx44xxx45xxx46xxx-advanced-armbased-32bit-mcus-stmicroelectronics_dfsdm.pdf,rm0394-stm32l41xxx42xxx43xxx44xxx45xxx46xxx-advanced-armbased-32bit-mcus-stmicroelectronics_dfsdm,44,RPEND,4,4,,,4,nan:nan
rm0394-stm32l41xxx42xxx43xxx44xxx45xxx46xxx-advanced-armbased-32bit-mcus-stmicroelectronics_dfsdm.pdf,rm0394-stm32l41xxx42xxx43xxx44xxx45xxx46xxx-advanced-armbased-32bit-mcus-stmicroelectronics_dfsdm,44,RESERVED,3,2,,,3:2,nan:nan
rm0394-stm32l41xxx42xxx43xxx44xxx45xxx46xxx-advanced-armbased-32bit-mcus-stmicroelectronics_dfsdm.pdf,rm0394-stm32l41xxx42xxx43xxx44xxx45xxx46xxx-advanced-armbased-32bit-mcus-stmicroelectronics_dfsdm,44,RDATACH,1,0,1.0,0.0,1:0,1.0:0.0
rm0394-stm32l41xxx42xxx43xxx44xxx45xxx46xxx-advanced-armbased-32bit-mcus-stmicroelectronics_dfsdm.pdf,rm0394-stm32l41xxx42xxx43xxx44xxx45xxx46xxx-advanced-armbased-32bit-mcus-stmicroelectronics_dfsdm,45,AWHT,31,8,23.0,0.0,31:8,23.0:0.0
rm0394-stm32l41xxx42xxx43xxx44xxx45xxx46xxx-advanced-armbased-32bit-mcus-stmicroelectronics_dfsdm.pdf,rm0394-stm32l41xxx42xxx43xxx44xxx45xxx46xxx-advanced-armbased-32bit-mcus-stmicroelectronics_dfsdm,45,RESERVED,7,4,,,7:4,nan:nan
rm0394-stm32l41xxx42xxx43xxx44xxx45xxx46xxx-advanced-armbased-32bit-mcus-stmicroelectronics_dfsdm.pdf,rm0394-stm32l41xxx42xxx43xxx44xxx45xxx46xxx-advanced-armbased-32bit-mcus-stmicroelectronics_dfsdm,45,BKAWH,3,0,3.0,0.0,3:0,3.0:0.0
rm0394-stm32l41xxx42xxx43xxx44xxx45xxx46xxx-advanced-armbased-32bit-mcus-stmicroelectronics_dfsdm.pdf,rm0394-stm32l41xxx42xxx43xxx44xxx45xxx46xxx-advanced-armbased-32bit-mcus-stmicroelectronics_dfsdm,45,AWLT,31,8,23.0,0.0,31:8,23.0:0.0
rm0394-stm32l41xxx42xxx43xxx44xxx45xxx46xxx-advanced-armbased-32bit-mcus-stmicroelectronics_dfsdm.pdf,rm0394-stm32l41xxx42xxx43xxx44xxx45xxx46xxx-advanced-armbased-32bit-mcus-stmicroelectronics_dfsdm,45,RESERVED,7,4,,,7:4,nan:nan
rm0394-stm32l41xxx42xxx43xxx44xxx45xxx46xxx-advanced-armbased-32bit-mcus-stmicroelectronics_dfsdm.pdf,rm0394-stm32l41xxx42xxx43xxx44xxx45xxx46xxx-advanced-armbased-32bit-mcus-stmicroelectronics_dfsdm,45,BKAWL,3,0,3.0,0.0,3:0,3.0:0.0
rm0394-stm32l41xxx42xxx43xxx44xxx45xxx46xxx-advanced-armbased-32bit-mcus-stmicroelectronics_dfsdm.pdf,rm0394-stm32l41xxx42xxx43xxx44xxx45xxx46xxx-advanced-armbased-32bit-mcus-stmicroelectronics_dfsdm,46,RESERVED,31,12,,,31:12,nan:nan
rm0394-stm32l41xxx42xxx43xxx44xxx45xxx46xxx-advanced-armbased-32bit-mcus-stmicroelectronics_dfsdm.pdf,rm0394-stm32l41xxx42xxx43xxx44xxx45xxx46xxx-advanced-armbased-32bit-mcus-stmicroelectronics_dfsdm,46,AWHTF,11,8,3.0,0.0,11:8,3.0:0.0
rm0394-stm32l41xxx42xxx43xxx44xxx45xxx46xxx-advanced-armbased-32bit-mcus-stmicroelectronics_dfsdm.pdf,rm0394-stm32l41xxx42xxx43xxx44xxx45xxx46xxx-advanced-armbased-32bit-mcus-stmicroelectronics_dfsdm,46,RESERVED,7,4,,,7:4,nan:nan
rm0394-stm32l41xxx42xxx43xxx44xxx45xxx46xxx-advanced-armbased-32bit-mcus-stmicroelectronics_dfsdm.pdf,rm0394-stm32l41xxx42xxx43xxx44xxx45xxx46xxx-advanced-armbased-32bit-mcus-stmicroelectronics_dfsdm,46,AWLTF,3,0,3.0,0.0,3:0,3.0:0.0
rm0394-stm32l41xxx42xxx43xxx44xxx45xxx46xxx-advanced-armbased-32bit-mcus-stmicroelectronics_dfsdm.pdf,rm0394-stm32l41xxx42xxx43xxx44xxx45xxx46xxx-advanced-armbased-32bit-mcus-stmicroelectronics_dfsdm,46,RESERVED,31,12,,,31:12,nan:nan
rm0394-stm32l41xxx42xxx43xxx44xxx45xxx46xxx-advanced-armbased-32bit-mcus-stmicroelectronics_dfsdm.pdf,rm0394-stm32l41xxx42xxx43xxx44xxx45xxx46xxx-advanced-armbased-32bit-mcus-stmicroelectronics_dfsdm,47,CLRAWHTF,11,8,3.0,0.0,11:8,3.0:0.0
rm0394-stm32l41xxx42xxx43xxx44xxx45xxx46xxx-advanced-armbased-32bit-mcus-stmicroelectronics_dfsdm.pdf,rm0394-stm32l41xxx42xxx43xxx44xxx45xxx46xxx-advanced-armbased-32bit-mcus-stmicroelectronics_dfsdm,47,RESERVED,7,4,,,7:4,nan:nan
rm0394-stm32l41xxx42xxx43xxx44xxx45xxx46xxx-advanced-armbased-32bit-mcus-stmicroelectronics_dfsdm.pdf,rm0394-stm32l41xxx42xxx43xxx44xxx45xxx46xxx-advanced-armbased-32bit-mcus-stmicroelectronics_dfsdm,47,CLRAWLTF,3,0,3.0,0.0,3:0,3.0:0.0
rm0394-stm32l41xxx42xxx43xxx44xxx45xxx46xxx-advanced-armbased-32bit-mcus-stmicroelectronics_dfsdm.pdf,rm0394-stm32l41xxx42xxx43xxx44xxx45xxx46xxx-advanced-armbased-32bit-mcus-stmicroelectronics_dfsdm,47,EXMAX,31,8,23.0,0.0,31:8,23.0:0.0
rm0394-stm32l41xxx42xxx43xxx44xxx45xxx46xxx-advanced-armbased-32bit-mcus-stmicroelectronics_dfsdm.pdf,rm0394-stm32l41xxx42xxx43xxx44xxx45xxx46xxx-advanced-armbased-32bit-mcus-stmicroelectronics_dfsdm,47,RESERVED,7,2,,,7:2,nan:nan
rm0394-stm32l41xxx42xxx43xxx44xxx45xxx46xxx-advanced-armbased-32bit-mcus-stmicroelectronics_dfsdm.pdf,rm0394-stm32l41xxx42xxx43xxx44xxx45xxx46xxx-advanced-armbased-32bit-mcus-stmicroelectronics_dfsdm,47,EXMAXCH,1,0,1.0,0.0,1:0,1.0:0.0
rm0394-stm32l41xxx42xxx43xxx44xxx45xxx46xxx-advanced-armbased-32bit-mcus-stmicroelectronics_dfsdm.pdf,rm0394-stm32l41xxx42xxx43xxx44xxx45xxx46xxx-advanced-armbased-32bit-mcus-stmicroelectronics_dfsdm,48,EXMIN,31,8,23.0,0.0,31:8,23.0:0.0
rm0394-stm32l41xxx42xxx43xxx44xxx45xxx46xxx-advanced-armbased-32bit-mcus-stmicroelectronics_dfsdm.pdf,rm0394-stm32l41xxx42xxx43xxx44xxx45xxx46xxx-advanced-armbased-32bit-mcus-stmicroelectronics_dfsdm,48,RESERVED,7,2,,,7:2,nan:nan
rm0394-stm32l41xxx42xxx43xxx44xxx45xxx46xxx-advanced-armbased-32bit-mcus-stmicroelectronics_dfsdm.pdf,rm0394-stm32l41xxx42xxx43xxx44xxx45xxx46xxx-advanced-armbased-32bit-mcus-stmicroelectronics_dfsdm,48,EXMINCH,1,0,1.0,0.0,1:0,1.0:0.0
rm0394-stm32l41xxx42xxx43xxx44xxx45xxx46xxx-advanced-armbased-32bit-mcus-stmicroelectronics_dfsdm.pdf,rm0394-stm32l41xxx42xxx43xxx44xxx45xxx46xxx-advanced-armbased-32bit-mcus-stmicroelectronics_dfsdm,48,CNVCNT,31,4,27.0,0.0,31:4,27.0:0.0
rm0394-stm32l41xxx42xxx43xxx44xxx45xxx46xxx-advanced-armbased-32bit-mcus-stmicroelectronics_dfsdm.pdf,rm0394-stm32l41xxx42xxx43xxx44xxx45xxx46xxx-advanced-armbased-32bit-mcus-stmicroelectronics_dfsdm,48,RESERVED,3,0,,,3:0,nan:nan
rm0399-stm32h745755-and-stm32h747757-advanced-armbased-32bit-mcus-stmicroelectronics_dfsdm.pdf,rm0399-stm32h745755-and-stm32h747757-advanced-armbased-32bit-mcus-stmicroelectronics_dfsdm,31,DFSDMEN,31,31,,,31,nan:nan
rm0399-stm32h745755-and-stm32h747757-advanced-armbased-32bit-mcus-stmicroelectronics_dfsdm.pdf,rm0399-stm32h745755-and-stm32h747757-advanced-armbased-32bit-mcus-stmicroelectronics_dfsdm,31,CKOUTSRC,30,30,,,30,nan:nan
rm0399-stm32h745755-and-stm32h747757-advanced-armbased-32bit-mcus-stmicroelectronics_dfsdm.pdf,rm0399-stm32h745755-and-stm32h747757-advanced-armbased-32bit-mcus-stmicroelectronics_dfsdm,31,RESERVED,29,24,,,29:24,nan:nan
rm0399-stm32h745755-and-stm32h747757-advanced-armbased-32bit-mcus-stmicroelectronics_dfsdm.pdf,rm0399-stm32h745755-and-stm32h747757-advanced-armbased-32bit-mcus-stmicroelectronics_dfsdm,32,CKOUTDIV,23,16,7.0,0.0,23:16,7.0:0.0
rm0399-stm32h745755-and-stm32h747757-advanced-armbased-32bit-mcus-stmicroelectronics_dfsdm.pdf,rm0399-stm32h745755-and-stm32h747757-advanced-armbased-32bit-mcus-stmicroelectronics_dfsdm,32,DATPACK,15,14,1.0,0.0,15:14,1.0:0.0
rm0399-stm32h745755-and-stm32h747757-advanced-armbased-32bit-mcus-stmicroelectronics_dfsdm.pdf,rm0399-stm32h745755-and-stm32h747757-advanced-armbased-32bit-mcus-stmicroelectronics_dfsdm,32,DATMPX,13,12,1.0,0.0,13:12,1.0:0.0
rm0399-stm32h745755-and-stm32h747757-advanced-armbased-32bit-mcus-stmicroelectronics_dfsdm.pdf,rm0399-stm32h745755-and-stm32h747757-advanced-armbased-32bit-mcus-stmicroelectronics_dfsdm,32,RESERVED,11,9,,,11:9,nan:nan
rm0399-stm32h745755-and-stm32h747757-advanced-armbased-32bit-mcus-stmicroelectronics_dfsdm.pdf,rm0399-stm32h745755-and-stm32h747757-advanced-armbased-32bit-mcus-stmicroelectronics_dfsdm,32,CHINSEL,8,8,,,8,nan:nan
rm0399-stm32h745755-and-stm32h747757-advanced-armbased-32bit-mcus-stmicroelectronics_dfsdm.pdf,rm0399-stm32h745755-and-stm32h747757-advanced-armbased-32bit-mcus-stmicroelectronics_dfsdm,32,CHEN,7,7,,,7,nan:nan
rm0399-stm32h745755-and-stm32h747757-advanced-armbased-32bit-mcus-stmicroelectronics_dfsdm.pdf,rm0399-stm32h745755-and-stm32h747757-advanced-armbased-32bit-mcus-stmicroelectronics_dfsdm,33,CKABEN,6,6,,,6,nan:nan
rm0399-stm32h745755-and-stm32h747757-advanced-armbased-32bit-mcus-stmicroelectronics_dfsdm.pdf,rm0399-stm32h745755-and-stm32h747757-advanced-armbased-32bit-mcus-stmicroelectronics_dfsdm,33,SCDEN,5,5,,,5,nan:nan
rm0399-stm32h745755-and-stm32h747757-advanced-armbased-32bit-mcus-stmicroelectronics_dfsdm.pdf,rm0399-stm32h745755-and-stm32h747757-advanced-armbased-32bit-mcus-stmicroelectronics_dfsdm,33,RESERVED,4,4,,,4,nan:nan
rm0399-stm32h745755-and-stm32h747757-advanced-armbased-32bit-mcus-stmicroelectronics_dfsdm.pdf,rm0399-stm32h745755-and-stm32h747757-advanced-armbased-32bit-mcus-stmicroelectronics_dfsdm,33,SPICKSEL,3,2,1.0,0.0,3:2,1.0:0.0
rm0399-stm32h745755-and-stm32h747757-advanced-armbased-32bit-mcus-stmicroelectronics_dfsdm.pdf,rm0399-stm32h745755-and-stm32h747757-advanced-armbased-32bit-mcus-stmicroelectronics_dfsdm,33,SITP,1,0,1.0,0.0,1:0,1.0:0.0
rm0399-stm32h745755-and-stm32h747757-advanced-armbased-32bit-mcus-stmicroelectronics_dfsdm.pdf,rm0399-stm32h745755-and-stm32h747757-advanced-armbased-32bit-mcus-stmicroelectronics_dfsdm,34,OFFSET,31,8,23.0,0.0,31:8,23.0:0.0
rm0399-stm32h745755-and-stm32h747757-advanced-armbased-32bit-mcus-stmicroelectronics_dfsdm.pdf,rm0399-stm32h745755-and-stm32h747757-advanced-armbased-32bit-mcus-stmicroelectronics_dfsdm,34,DTRBS,7,3,4.0,0.0,7:3,4.0:0.0
rm0399-stm32h745755-and-stm32h747757-advanced-armbased-32bit-mcus-stmicroelectronics_dfsdm.pdf,rm0399-stm32h745755-and-stm32h747757-advanced-armbased-32bit-mcus-stmicroelectronics_dfsdm,34,RESERVED,2,0,,,2:0,nan:nan
rm0399-stm32h745755-and-stm32h747757-advanced-armbased-32bit-mcus-stmicroelectronics_dfsdm.pdf,rm0399-stm32h745755-and-stm32h747757-advanced-armbased-32bit-mcus-stmicroelectronics_dfsdm,34,RESERVED,31,24,,,31:24,nan:nan
rm0399-stm32h745755-and-stm32h747757-advanced-armbased-32bit-mcus-stmicroelectronics_dfsdm.pdf,rm0399-stm32h745755-and-stm32h747757-advanced-armbased-32bit-mcus-stmicroelectronics_dfsdm,34,AWFORD,23,22,1.0,0.0,23:22,1.0:0.0
rm0399-stm32h745755-and-stm32h747757-advanced-armbased-32bit-mcus-stmicroelectronics_dfsdm.pdf,rm0399-stm32h745755-and-stm32h747757-advanced-armbased-32bit-mcus-stmicroelectronics_dfsdm,34,RESERVED,21,21,,,21,nan:nan
rm0399-stm32h745755-and-stm32h747757-advanced-armbased-32bit-mcus-stmicroelectronics_dfsdm.pdf,rm0399-stm32h745755-and-stm32h747757-advanced-armbased-32bit-mcus-stmicroelectronics_dfsdm,34,AWFOSR,20,16,4.0,0.0,20:16,4.0:0.0
rm0399-stm32h745755-and-stm32h747757-advanced-armbased-32bit-mcus-stmicroelectronics_dfsdm.pdf,rm0399-stm32h745755-and-stm32h747757-advanced-armbased-32bit-mcus-stmicroelectronics_dfsdm,35,BKSCD,15,12,3.0,0.0,15:12,3.0:0.0
rm0399-stm32h745755-and-stm32h747757-advanced-armbased-32bit-mcus-stmicroelectronics_dfsdm.pdf,rm0399-stm32h745755-and-stm32h747757-advanced-armbased-32bit-mcus-stmicroelectronics_dfsdm,35,RESERVED,11,8,,,11:8,nan:nan
rm0399-stm32h745755-and-stm32h747757-advanced-armbased-32bit-mcus-stmicroelectronics_dfsdm.pdf,rm0399-stm32h745755-and-stm32h747757-advanced-armbased-32bit-mcus-stmicroelectronics_dfsdm,35,SCDT,7,0,7.0,0.0,7:0,7.0:0.0
rm0399-stm32h745755-and-stm32h747757-advanced-armbased-32bit-mcus-stmicroelectronics_dfsdm.pdf,rm0399-stm32h745755-and-stm32h747757-advanced-armbased-32bit-mcus-stmicroelectronics_dfsdm,35,RESERVED,31,16,,,31:16,nan:nan
rm0399-stm32h745755-and-stm32h747757-advanced-armbased-32bit-mcus-stmicroelectronics_dfsdm.pdf,rm0399-stm32h745755-and-stm32h747757-advanced-armbased-32bit-mcus-stmicroelectronics_dfsdm,35,WDATA,15,0,15.0,0.0,15:0,15.0:0.0
rm0399-stm32h745755-and-stm32h747757-advanced-armbased-32bit-mcus-stmicroelectronics_dfsdm.pdf,rm0399-stm32h745755-and-stm32h747757-advanced-armbased-32bit-mcus-stmicroelectronics_dfsdm,36,INDAT1,31,16,15.0,0.0,31:16,15.0:0.0
rm0399-stm32h745755-and-stm32h747757-advanced-armbased-32bit-mcus-stmicroelectronics_dfsdm.pdf,rm0399-stm32h745755-and-stm32h747757-advanced-armbased-32bit-mcus-stmicroelectronics_dfsdm,36,INDAT0,15,0,15.0,0.0,15:0,15.0:0.0
rm0399-stm32h745755-and-stm32h747757-advanced-armbased-32bit-mcus-stmicroelectronics_dfsdm.pdf,rm0399-stm32h745755-and-stm32h747757-advanced-armbased-32bit-mcus-stmicroelectronics_dfsdm,37,RESERVED,31,31,,,31,nan:nan
rm0399-stm32h745755-and-stm32h747757-advanced-armbased-32bit-mcus-stmicroelectronics_dfsdm.pdf,rm0399-stm32h745755-and-stm32h747757-advanced-armbased-32bit-mcus-stmicroelectronics_dfsdm,37,AWFSEL,30,30,,,30,nan:nan
rm0399-stm32h745755-and-stm32h747757-advanced-armbased-32bit-mcus-stmicroelectronics_dfsdm.pdf,rm0399-stm32h745755-and-stm32h747757-advanced-armbased-32bit-mcus-stmicroelectronics_dfsdm,37,FAST,29,29,,,29,nan:nan
rm0399-stm32h745755-and-stm32h747757-advanced-armbased-32bit-mcus-stmicroelectronics_dfsdm.pdf,rm0399-stm32h745755-and-stm32h747757-advanced-armbased-32bit-mcus-stmicroelectronics_dfsdm,37,RESERVED,28,27,,,28:27,nan:nan
rm0399-stm32h745755-and-stm32h747757-advanced-armbased-32bit-mcus-stmicroelectronics_dfsdm.pdf,rm0399-stm32h745755-and-stm32h747757-advanced-armbased-32bit-mcus-stmicroelectronics_dfsdm,37,RCH,26,24,2.0,0.0,26:24,2.0:0.0
rm0399-stm32h745755-and-stm32h747757-advanced-armbased-32bit-mcus-stmicroelectronics_dfsdm.pdf,rm0399-stm32h745755-and-stm32h747757-advanced-armbased-32bit-mcus-stmicroelectronics_dfsdm,37,RESERVED,23,22,,,23:22,nan:nan
rm0399-stm32h745755-and-stm32h747757-advanced-armbased-32bit-mcus-stmicroelectronics_dfsdm.pdf,rm0399-stm32h745755-and-stm32h747757-advanced-armbased-32bit-mcus-stmicroelectronics_dfsdm,37,RDMAEN,21,21,,,21,nan:nan
rm0399-stm32h745755-and-stm32h747757-advanced-armbased-32bit-mcus-stmicroelectronics_dfsdm.pdf,rm0399-stm32h745755-and-stm32h747757-advanced-armbased-32bit-mcus-stmicroelectronics_dfsdm,37,RESERVED,20,20,,,20,nan:nan
rm0399-stm32h745755-and-stm32h747757-advanced-armbased-32bit-mcus-stmicroelectronics_dfsdm.pdf,rm0399-stm32h745755-and-stm32h747757-advanced-armbased-32bit-mcus-stmicroelectronics_dfsdm,37,RSYNC,19,19,,,19,nan:nan
rm0399-stm32h745755-and-stm32h747757-advanced-armbased-32bit-mcus-stmicroelectronics_dfsdm.pdf,rm0399-stm32h745755-and-stm32h747757-advanced-armbased-32bit-mcus-stmicroelectronics_dfsdm,37,RCONT,18,18,,,18,nan:nan
rm0399-stm32h745755-and-stm32h747757-advanced-armbased-32bit-mcus-stmicroelectronics_dfsdm.pdf,rm0399-stm32h745755-and-stm32h747757-advanced-armbased-32bit-mcus-stmicroelectronics_dfsdm,38,RSWSTART,17,17,,,17,nan:nan
rm0399-stm32h745755-and-stm32h747757-advanced-armbased-32bit-mcus-stmicroelectronics_dfsdm.pdf,rm0399-stm32h745755-and-stm32h747757-advanced-armbased-32bit-mcus-stmicroelectronics_dfsdm,38,RESERVED,16,15,,,16:15,nan:nan
rm0399-stm32h745755-and-stm32h747757-advanced-armbased-32bit-mcus-stmicroelectronics_dfsdm.pdf,rm0399-stm32h745755-and-stm32h747757-advanced-armbased-32bit-mcus-stmicroelectronics_dfsdm,38,JEXTEN,14,13,1.0,0.0,14:13,1.0:0.0
rm0399-stm32h745755-and-stm32h747757-advanced-armbased-32bit-mcus-stmicroelectronics_dfsdm.pdf,rm0399-stm32h745755-and-stm32h747757-advanced-armbased-32bit-mcus-stmicroelectronics_dfsdm,38,JEXTSEL,12,8,4.0,0.0,12:8,4.0:0.0
rm0399-stm32h745755-and-stm32h747757-advanced-armbased-32bit-mcus-stmicroelectronics_dfsdm.pdf,rm0399-stm32h745755-and-stm32h747757-advanced-armbased-32bit-mcus-stmicroelectronics_dfsdm,38,RESERVED,7,6,,,7:6,nan:nan
rm0399-stm32h745755-and-stm32h747757-advanced-armbased-32bit-mcus-stmicroelectronics_dfsdm.pdf,rm0399-stm32h745755-and-stm32h747757-advanced-armbased-32bit-mcus-stmicroelectronics_dfsdm,38,JDMAEN,5,5,,,5,nan:nan
rm0399-stm32h745755-and-stm32h747757-advanced-armbased-32bit-mcus-stmicroelectronics_dfsdm.pdf,rm0399-stm32h745755-and-stm32h747757-advanced-armbased-32bit-mcus-stmicroelectronics_dfsdm,38,JSCAN,4,4,,,4,nan:nan
rm0399-stm32h745755-and-stm32h747757-advanced-armbased-32bit-mcus-stmicroelectronics_dfsdm.pdf,rm0399-stm32h745755-and-stm32h747757-advanced-armbased-32bit-mcus-stmicroelectronics_dfsdm,38,JSYNC,3,3,,,3,nan:nan
rm0399-stm32h745755-and-stm32h747757-advanced-armbased-32bit-mcus-stmicroelectronics_dfsdm.pdf,rm0399-stm32h745755-and-stm32h747757-advanced-armbased-32bit-mcus-stmicroelectronics_dfsdm,39,RESERVED,2,2,,,2,nan:nan
rm0399-stm32h745755-and-stm32h747757-advanced-armbased-32bit-mcus-stmicroelectronics_dfsdm.pdf,rm0399-stm32h745755-and-stm32h747757-advanced-armbased-32bit-mcus-stmicroelectronics_dfsdm,39,JSWSTART,1,1,,,1,nan:nan
rm0399-stm32h745755-and-stm32h747757-advanced-armbased-32bit-mcus-stmicroelectronics_dfsdm.pdf,rm0399-stm32h745755-and-stm32h747757-advanced-armbased-32bit-mcus-stmicroelectronics_dfsdm,39,DFEN,0,0,,,0,nan:nan
rm0399-stm32h745755-and-stm32h747757-advanced-armbased-32bit-mcus-stmicroelectronics_dfsdm.pdf,rm0399-stm32h745755-and-stm32h747757-advanced-armbased-32bit-mcus-stmicroelectronics_dfsdm,39,RESERVED,31,24,,,31:24,nan:nan
rm0399-stm32h745755-and-stm32h747757-advanced-armbased-32bit-mcus-stmicroelectronics_dfsdm.pdf,rm0399-stm32h745755-and-stm32h747757-advanced-armbased-32bit-mcus-stmicroelectronics_dfsdm,39,AWDCH,23,16,7.0,0.0,23:16,7.0:0.0
rm0399-stm32h745755-and-stm32h747757-advanced-armbased-32bit-mcus-stmicroelectronics_dfsdm.pdf,rm0399-stm32h745755-and-stm32h747757-advanced-armbased-32bit-mcus-stmicroelectronics_dfsdm,39,EXCH,15,8,7.0,0.0,15:8,7.0:0.0
rm0399-stm32h745755-and-stm32h747757-advanced-armbased-32bit-mcus-stmicroelectronics_dfsdm.pdf,rm0399-stm32h745755-and-stm32h747757-advanced-armbased-32bit-mcus-stmicroelectronics_dfsdm,39,RESERVED,7,7,,,7,nan:nan
rm0399-stm32h745755-and-stm32h747757-advanced-armbased-32bit-mcus-stmicroelectronics_dfsdm.pdf,rm0399-stm32h745755-and-stm32h747757-advanced-armbased-32bit-mcus-stmicroelectronics_dfsdm,39,CKABIE,6,6,,,6,nan:nan
rm0399-stm32h745755-and-stm32h747757-advanced-armbased-32bit-mcus-stmicroelectronics_dfsdm.pdf,rm0399-stm32h745755-and-stm32h747757-advanced-armbased-32bit-mcus-stmicroelectronics_dfsdm,40,SCDIE,5,5,,,5,nan:nan
rm0399-stm32h745755-and-stm32h747757-advanced-armbased-32bit-mcus-stmicroelectronics_dfsdm.pdf,rm0399-stm32h745755-and-stm32h747757-advanced-armbased-32bit-mcus-stmicroelectronics_dfsdm,40,AWDIE,4,4,,,4,nan:nan
rm0399-stm32h745755-and-stm32h747757-advanced-armbased-32bit-mcus-stmicroelectronics_dfsdm.pdf,rm0399-stm32h745755-and-stm32h747757-advanced-armbased-32bit-mcus-stmicroelectronics_dfsdm,40,ROVRIE,3,3,,,3,nan:nan
rm0399-stm32h745755-and-stm32h747757-advanced-armbased-32bit-mcus-stmicroelectronics_dfsdm.pdf,rm0399-stm32h745755-and-stm32h747757-advanced-armbased-32bit-mcus-stmicroelectronics_dfsdm,40,JOVRIE,2,2,,,2,nan:nan
rm0399-stm32h745755-and-stm32h747757-advanced-armbased-32bit-mcus-stmicroelectronics_dfsdm.pdf,rm0399-stm32h745755-and-stm32h747757-advanced-armbased-32bit-mcus-stmicroelectronics_dfsdm,40,REOCIE,1,1,,,1,nan:nan
rm0399-stm32h745755-and-stm32h747757-advanced-armbased-32bit-mcus-stmicroelectronics_dfsdm.pdf,rm0399-stm32h745755-and-stm32h747757-advanced-armbased-32bit-mcus-stmicroelectronics_dfsdm,40,JEOCIE,0,0,,,0,nan:nan
rm0399-stm32h745755-and-stm32h747757-advanced-armbased-32bit-mcus-stmicroelectronics_dfsdm.pdf,rm0399-stm32h745755-and-stm32h747757-advanced-armbased-32bit-mcus-stmicroelectronics_dfsdm,41,SCDF,31,24,7.0,0.0,31:24,7.0:0.0
rm0399-stm32h745755-and-stm32h747757-advanced-armbased-32bit-mcus-stmicroelectronics_dfsdm.pdf,rm0399-stm32h745755-and-stm32h747757-advanced-armbased-32bit-mcus-stmicroelectronics_dfsdm,41,CKABF,23,16,7.0,0.0,23:16,7.0:0.0
rm0399-stm32h745755-and-stm32h747757-advanced-armbased-32bit-mcus-stmicroelectronics_dfsdm.pdf,rm0399-stm32h745755-and-stm32h747757-advanced-armbased-32bit-mcus-stmicroelectronics_dfsdm,41,RESERVED,15,15,,,15,nan:nan
rm0399-stm32h745755-and-stm32h747757-advanced-armbased-32bit-mcus-stmicroelectronics_dfsdm.pdf,rm0399-stm32h745755-and-stm32h747757-advanced-armbased-32bit-mcus-stmicroelectronics_dfsdm,41,RCIP,14,14,,,14,nan:nan
rm0399-stm32h745755-and-stm32h747757-advanced-armbased-32bit-mcus-stmicroelectronics_dfsdm.pdf,rm0399-stm32h745755-and-stm32h747757-advanced-armbased-32bit-mcus-stmicroelectronics_dfsdm,41,JCIP,13,13,,,13,nan:nan
rm0399-stm32h745755-and-stm32h747757-advanced-armbased-32bit-mcus-stmicroelectronics_dfsdm.pdf,rm0399-stm32h745755-and-stm32h747757-advanced-armbased-32bit-mcus-stmicroelectronics_dfsdm,41,RESERVED,12,5,,,12:5,nan:nan
rm0399-stm32h745755-and-stm32h747757-advanced-armbased-32bit-mcus-stmicroelectronics_dfsdm.pdf,rm0399-stm32h745755-and-stm32h747757-advanced-armbased-32bit-mcus-stmicroelectronics_dfsdm,41,AWDF,4,4,,,4,nan:nan
rm0399-stm32h745755-and-stm32h747757-advanced-armbased-32bit-mcus-stmicroelectronics_dfsdm.pdf,rm0399-stm32h745755-and-stm32h747757-advanced-armbased-32bit-mcus-stmicroelectronics_dfsdm,41,ROVRF,3,3,,,3,nan:nan
rm0399-stm32h745755-and-stm32h747757-advanced-armbased-32bit-mcus-stmicroelectronics_dfsdm.pdf,rm0399-stm32h745755-and-stm32h747757-advanced-armbased-32bit-mcus-stmicroelectronics_dfsdm,42,JOVRF,2,2,,,2,nan:nan
rm0399-stm32h745755-and-stm32h747757-advanced-armbased-32bit-mcus-stmicroelectronics_dfsdm.pdf,rm0399-stm32h745755-and-stm32h747757-advanced-armbased-32bit-mcus-stmicroelectronics_dfsdm,42,REOCF,1,1,,,1,nan:nan
rm0399-stm32h745755-and-stm32h747757-advanced-armbased-32bit-mcus-stmicroelectronics_dfsdm.pdf,rm0399-stm32h745755-and-stm32h747757-advanced-armbased-32bit-mcus-stmicroelectronics_dfsdm,42,JEOCF,0,0,,,0,nan:nan
rm0399-stm32h745755-and-stm32h747757-advanced-armbased-32bit-mcus-stmicroelectronics_dfsdm.pdf,rm0399-stm32h745755-and-stm32h747757-advanced-armbased-32bit-mcus-stmicroelectronics_dfsdm,42,CLRSCDF,31,24,7.0,0.0,31:24,7.0:0.0
rm0399-stm32h745755-and-stm32h747757-advanced-armbased-32bit-mcus-stmicroelectronics_dfsdm.pdf,rm0399-stm32h745755-and-stm32h747757-advanced-armbased-32bit-mcus-stmicroelectronics_dfsdm,42,CLRCKABF,23,16,7.0,0.0,23:16,7.0:0.0
rm0399-stm32h745755-and-stm32h747757-advanced-armbased-32bit-mcus-stmicroelectronics_dfsdm.pdf,rm0399-stm32h745755-and-stm32h747757-advanced-armbased-32bit-mcus-stmicroelectronics_dfsdm,42,RESERVED,15,4,,,15:4,nan:nan
rm0399-stm32h745755-and-stm32h747757-advanced-armbased-32bit-mcus-stmicroelectronics_dfsdm.pdf,rm0399-stm32h745755-and-stm32h747757-advanced-armbased-32bit-mcus-stmicroelectronics_dfsdm,43,CLRROVRF,3,3,,,3,nan:nan
rm0399-stm32h745755-and-stm32h747757-advanced-armbased-32bit-mcus-stmicroelectronics_dfsdm.pdf,rm0399-stm32h745755-and-stm32h747757-advanced-armbased-32bit-mcus-stmicroelectronics_dfsdm,43,CLRJOVRF,2,2,,,2,nan:nan
rm0399-stm32h745755-and-stm32h747757-advanced-armbased-32bit-mcus-stmicroelectronics_dfsdm.pdf,rm0399-stm32h745755-and-stm32h747757-advanced-armbased-32bit-mcus-stmicroelectronics_dfsdm,43,RESERVED,1,0,,,1:0,nan:nan
rm0399-stm32h745755-and-stm32h747757-advanced-armbased-32bit-mcus-stmicroelectronics_dfsdm.pdf,rm0399-stm32h745755-and-stm32h747757-advanced-armbased-32bit-mcus-stmicroelectronics_dfsdm,43,RESERVED,31,8,,,31:8,nan:nan
rm0399-stm32h745755-and-stm32h747757-advanced-armbased-32bit-mcus-stmicroelectronics_dfsdm.pdf,rm0399-stm32h745755-and-stm32h747757-advanced-armbased-32bit-mcus-stmicroelectronics_dfsdm,43,JCHG,7,0,7.0,0.0,7:0,7.0:0.0
rm0399-stm32h745755-and-stm32h747757-advanced-armbased-32bit-mcus-stmicroelectronics_dfsdm.pdf,rm0399-stm32h745755-and-stm32h747757-advanced-armbased-32bit-mcus-stmicroelectronics_dfsdm,44,FORD,31,29,2.0,0.0,31:29,2.0:0.0
rm0399-stm32h745755-and-stm32h747757-advanced-armbased-32bit-mcus-stmicroelectronics_dfsdm.pdf,rm0399-stm32h745755-and-stm32h747757-advanced-armbased-32bit-mcus-stmicroelectronics_dfsdm,44,RESERVED,28,26,,,28:26,nan:nan
rm0399-stm32h745755-and-stm32h747757-advanced-armbased-32bit-mcus-stmicroelectronics_dfsdm.pdf,rm0399-stm32h745755-and-stm32h747757-advanced-armbased-32bit-mcus-stmicroelectronics_dfsdm,44,FOSR,25,16,9.0,0.0,25:16,9.0:0.0
rm0399-stm32h745755-and-stm32h747757-advanced-armbased-32bit-mcus-stmicroelectronics_dfsdm.pdf,rm0399-stm32h745755-and-stm32h747757-advanced-armbased-32bit-mcus-stmicroelectronics_dfsdm,44,RESERVED,15,8,,,15:8,nan:nan
rm0399-stm32h745755-and-stm32h747757-advanced-armbased-32bit-mcus-stmicroelectronics_dfsdm.pdf,rm0399-stm32h745755-and-stm32h747757-advanced-armbased-32bit-mcus-stmicroelectronics_dfsdm,44,IOSR,7,0,7.0,0.0,7:0,7.0:0.0
rm0399-stm32h745755-and-stm32h747757-advanced-armbased-32bit-mcus-stmicroelectronics_dfsdm.pdf,rm0399-stm32h745755-and-stm32h747757-advanced-armbased-32bit-mcus-stmicroelectronics_dfsdm,45,JDATA,31,8,23.0,0.0,31:8,23.0:0.0
rm0399-stm32h745755-and-stm32h747757-advanced-armbased-32bit-mcus-stmicroelectronics_dfsdm.pdf,rm0399-stm32h745755-and-stm32h747757-advanced-armbased-32bit-mcus-stmicroelectronics_dfsdm,45,RESERVED,7,3,,,7:3,nan:nan
rm0399-stm32h745755-and-stm32h747757-advanced-armbased-32bit-mcus-stmicroelectronics_dfsdm.pdf,rm0399-stm32h745755-and-stm32h747757-advanced-armbased-32bit-mcus-stmicroelectronics_dfsdm,45,JDATACH,2,0,2.0,0.0,2:0,2.0:0.0
rm0399-stm32h745755-and-stm32h747757-advanced-armbased-32bit-mcus-stmicroelectronics_dfsdm.pdf,rm0399-stm32h745755-and-stm32h747757-advanced-armbased-32bit-mcus-stmicroelectronics_dfsdm,45,RDATA,31,8,23.0,0.0,31:8,23.0:0.0
rm0399-stm32h745755-and-stm32h747757-advanced-armbased-32bit-mcus-stmicroelectronics_dfsdm.pdf,rm0399-stm32h745755-and-stm32h747757-advanced-armbased-32bit-mcus-stmicroelectronics_dfsdm,45,RESERVED,7,5,,,7:5,nan:nan
rm0399-stm32h745755-and-stm32h747757-advanced-armbased-32bit-mcus-stmicroelectronics_dfsdm.pdf,rm0399-stm32h745755-and-stm32h747757-advanced-armbased-32bit-mcus-stmicroelectronics_dfsdm,45,RPEND,4,4,,,4,nan:nan
rm0399-stm32h745755-and-stm32h747757-advanced-armbased-32bit-mcus-stmicroelectronics_dfsdm.pdf,rm0399-stm32h745755-and-stm32h747757-advanced-armbased-32bit-mcus-stmicroelectronics_dfsdm,45,RESERVED,3,3,,,3,nan:nan
rm0399-stm32h745755-and-stm32h747757-advanced-armbased-32bit-mcus-stmicroelectronics_dfsdm.pdf,rm0399-stm32h745755-and-stm32h747757-advanced-armbased-32bit-mcus-stmicroelectronics_dfsdm,45,RDATACH,2,0,2.0,0.0,2:0,2.0:0.0
rm0399-stm32h745755-and-stm32h747757-advanced-armbased-32bit-mcus-stmicroelectronics_dfsdm.pdf,rm0399-stm32h745755-and-stm32h747757-advanced-armbased-32bit-mcus-stmicroelectronics_dfsdm,46,AWHT,31,8,23.0,0.0,31:8,23.0:0.0
rm0399-stm32h745755-and-stm32h747757-advanced-armbased-32bit-mcus-stmicroelectronics_dfsdm.pdf,rm0399-stm32h745755-and-stm32h747757-advanced-armbased-32bit-mcus-stmicroelectronics_dfsdm,46,RESERVED,7,4,,,7:4,nan:nan
rm0399-stm32h745755-and-stm32h747757-advanced-armbased-32bit-mcus-stmicroelectronics_dfsdm.pdf,rm0399-stm32h745755-and-stm32h747757-advanced-armbased-32bit-mcus-stmicroelectronics_dfsdm,46,BKAWH,3,0,3.0,0.0,3:0,3.0:0.0
rm0399-stm32h745755-and-stm32h747757-advanced-armbased-32bit-mcus-stmicroelectronics_dfsdm.pdf,rm0399-stm32h745755-and-stm32h747757-advanced-armbased-32bit-mcus-stmicroelectronics_dfsdm,47,AWLT,31,8,23.0,0.0,31:8,23.0:0.0
rm0399-stm32h745755-and-stm32h747757-advanced-armbased-32bit-mcus-stmicroelectronics_dfsdm.pdf,rm0399-stm32h745755-and-stm32h747757-advanced-armbased-32bit-mcus-stmicroelectronics_dfsdm,47,RESERVED,7,4,,,7:4,nan:nan
rm0399-stm32h745755-and-stm32h747757-advanced-armbased-32bit-mcus-stmicroelectronics_dfsdm.pdf,rm0399-stm32h745755-and-stm32h747757-advanced-armbased-32bit-mcus-stmicroelectronics_dfsdm,47,BKAWL,3,0,3.0,0.0,3:0,3.0:0.0
rm0399-stm32h745755-and-stm32h747757-advanced-armbased-32bit-mcus-stmicroelectronics_dfsdm.pdf,rm0399-stm32h745755-and-stm32h747757-advanced-armbased-32bit-mcus-stmicroelectronics_dfsdm,47,RESERVED,31,16,,,31:16,nan:nan
rm0399-stm32h745755-and-stm32h747757-advanced-armbased-32bit-mcus-stmicroelectronics_dfsdm.pdf,rm0399-stm32h745755-and-stm32h747757-advanced-armbased-32bit-mcus-stmicroelectronics_dfsdm,47,AWHTF,15,8,7.0,0.0,15:8,7.0:0.0
rm0399-stm32h745755-and-stm32h747757-advanced-armbased-32bit-mcus-stmicroelectronics_dfsdm.pdf,rm0399-stm32h745755-and-stm32h747757-advanced-armbased-32bit-mcus-stmicroelectronics_dfsdm,47,AWLTF,7,0,7.0,0.0,7:0,7.0:0.0
rm0399-stm32h745755-and-stm32h747757-advanced-armbased-32bit-mcus-stmicroelectronics_dfsdm.pdf,rm0399-stm32h745755-and-stm32h747757-advanced-armbased-32bit-mcus-stmicroelectronics_dfsdm,48,RESERVED,31,16,,,31:16,nan:nan
rm0399-stm32h745755-and-stm32h747757-advanced-armbased-32bit-mcus-stmicroelectronics_dfsdm.pdf,rm0399-stm32h745755-and-stm32h747757-advanced-armbased-32bit-mcus-stmicroelectronics_dfsdm,48,CLRAWHTF,15,8,7.0,0.0,15:8,7.0:0.0
rm0399-stm32h745755-and-stm32h747757-advanced-armbased-32bit-mcus-stmicroelectronics_dfsdm.pdf,rm0399-stm32h745755-and-stm32h747757-advanced-armbased-32bit-mcus-stmicroelectronics_dfsdm,48,CLRAWLTF,7,0,7.0,0.0,7:0,7.0:0.0
rm0399-stm32h745755-and-stm32h747757-advanced-armbased-32bit-mcus-stmicroelectronics_dfsdm.pdf,rm0399-stm32h745755-and-stm32h747757-advanced-armbased-32bit-mcus-stmicroelectronics_dfsdm,48,EXMAX,31,8,23.0,0.0,31:8,23.0:0.0
rm0399-stm32h745755-and-stm32h747757-advanced-armbased-32bit-mcus-stmicroelectronics_dfsdm.pdf,rm0399-stm32h745755-and-stm32h747757-advanced-armbased-32bit-mcus-stmicroelectronics_dfsdm,48,RESERVED,7,3,,,7:3,nan:nan
rm0399-stm32h745755-and-stm32h747757-advanced-armbased-32bit-mcus-stmicroelectronics_dfsdm.pdf,rm0399-stm32h745755-and-stm32h747757-advanced-armbased-32bit-mcus-stmicroelectronics_dfsdm,48,EXMAXCH,2,0,2.0,0.0,2:0,2.0:0.0
rm0399-stm32h745755-and-stm32h747757-advanced-armbased-32bit-mcus-stmicroelectronics_dfsdm.pdf,rm0399-stm32h745755-and-stm32h747757-advanced-armbased-32bit-mcus-stmicroelectronics_dfsdm,49,EXMIN,31,8,23.0,0.0,31:8,23.0:0.0
rm0399-stm32h745755-and-stm32h747757-advanced-armbased-32bit-mcus-stmicroelectronics_dfsdm.pdf,rm0399-stm32h745755-and-stm32h747757-advanced-armbased-32bit-mcus-stmicroelectronics_dfsdm,49,RESERVED,7,3,,,7:3,nan:nan
rm0399-stm32h745755-and-stm32h747757-advanced-armbased-32bit-mcus-stmicroelectronics_dfsdm.pdf,rm0399-stm32h745755-and-stm32h747757-advanced-armbased-32bit-mcus-stmicroelectronics_dfsdm,49,EXMINCH,2,0,2.0,0.0,2:0,2.0:0.0
rm0399-stm32h745755-and-stm32h747757-advanced-armbased-32bit-mcus-stmicroelectronics_dfsdm.pdf,rm0399-stm32h745755-and-stm32h747757-advanced-armbased-32bit-mcus-stmicroelectronics_dfsdm,50,CNVCNT,31,4,27.0,0.0,31:4,27.0:0.0
rm0399-stm32h745755-and-stm32h747757-advanced-armbased-32bit-mcus-stmicroelectronics_dfsdm.pdf,rm0399-stm32h745755-and-stm32h747757-advanced-armbased-32bit-mcus-stmicroelectronics_dfsdm,50,RESERVED,3,0,,,3:0,nan:nan
rm0402-stm32f412-advanced-armbased-32bit-mcus-stmicroelectronics_dfsdm.pdf,rm0402-stm32f412-advanced-armbased-32bit-mcus-stmicroelectronics_dfsdm,31,DFSDMEN,31,31,,,31,nan:nan
rm0402-stm32f412-advanced-armbased-32bit-mcus-stmicroelectronics_dfsdm.pdf,rm0402-stm32f412-advanced-armbased-32bit-mcus-stmicroelectronics_dfsdm,31,CKOUTSRC,30,30,,,30,nan:nan
rm0402-stm32f412-advanced-armbased-32bit-mcus-stmicroelectronics_dfsdm.pdf,rm0402-stm32f412-advanced-armbased-32bit-mcus-stmicroelectronics_dfsdm,31,RESERVED,29,24,,,29:24,nan:nan
rm0402-stm32f412-advanced-armbased-32bit-mcus-stmicroelectronics_dfsdm.pdf,rm0402-stm32f412-advanced-armbased-32bit-mcus-stmicroelectronics_dfsdm,31,CKOUTDIV,23,16,7.0,0.0,23:16,7.0:0.0
rm0402-stm32f412-advanced-armbased-32bit-mcus-stmicroelectronics_dfsdm.pdf,rm0402-stm32f412-advanced-armbased-32bit-mcus-stmicroelectronics_dfsdm,31,DATPACK,15,14,1.0,0.0,15:14,1.0:0.0
rm0402-stm32f412-advanced-armbased-32bit-mcus-stmicroelectronics_dfsdm.pdf,rm0402-stm32f412-advanced-armbased-32bit-mcus-stmicroelectronics_dfsdm,32,DATMPX,13,12,1.0,0.0,13:12,1.0:0.0
rm0402-stm32f412-advanced-armbased-32bit-mcus-stmicroelectronics_dfsdm.pdf,rm0402-stm32f412-advanced-armbased-32bit-mcus-stmicroelectronics_dfsdm,32,RESERVED,11,9,,,11:9,nan:nan
rm0402-stm32f412-advanced-armbased-32bit-mcus-stmicroelectronics_dfsdm.pdf,rm0402-stm32f412-advanced-armbased-32bit-mcus-stmicroelectronics_dfsdm,32,CHINSEL,8,8,,,8,nan:nan
rm0402-stm32f412-advanced-armbased-32bit-mcus-stmicroelectronics_dfsdm.pdf,rm0402-stm32f412-advanced-armbased-32bit-mcus-stmicroelectronics_dfsdm,32,CHEN,7,7,,,7,nan:nan
rm0402-stm32f412-advanced-armbased-32bit-mcus-stmicroelectronics_dfsdm.pdf,rm0402-stm32f412-advanced-armbased-32bit-mcus-stmicroelectronics_dfsdm,32,CKABEN,6,6,,,6,nan:nan
rm0402-stm32f412-advanced-armbased-32bit-mcus-stmicroelectronics_dfsdm.pdf,rm0402-stm32f412-advanced-armbased-32bit-mcus-stmicroelectronics_dfsdm,32,SCDEN,5,5,,,5,nan:nan
rm0402-stm32f412-advanced-armbased-32bit-mcus-stmicroelectronics_dfsdm.pdf,rm0402-stm32f412-advanced-armbased-32bit-mcus-stmicroelectronics_dfsdm,32,RESERVED,4,4,,,4,nan:nan
rm0402-stm32f412-advanced-armbased-32bit-mcus-stmicroelectronics_dfsdm.pdf,rm0402-stm32f412-advanced-armbased-32bit-mcus-stmicroelectronics_dfsdm,32,SPICKSEL,3,2,1.0,0.0,3:2,1.0:0.0
rm0402-stm32f412-advanced-armbased-32bit-mcus-stmicroelectronics_dfsdm.pdf,rm0402-stm32f412-advanced-armbased-32bit-mcus-stmicroelectronics_dfsdm,32,SITP,1,0,1.0,0.0,1:0,1.0:0.0
rm0402-stm32f412-advanced-armbased-32bit-mcus-stmicroelectronics_dfsdm.pdf,rm0402-stm32f412-advanced-armbased-32bit-mcus-stmicroelectronics_dfsdm,33,OFFSET,31,8,23.0,0.0,31:8,23.0:0.0
rm0402-stm32f412-advanced-armbased-32bit-mcus-stmicroelectronics_dfsdm.pdf,rm0402-stm32f412-advanced-armbased-32bit-mcus-stmicroelectronics_dfsdm,33,DTRBS,7,3,4.0,0.0,7:3,4.0:0.0
rm0402-stm32f412-advanced-armbased-32bit-mcus-stmicroelectronics_dfsdm.pdf,rm0402-stm32f412-advanced-armbased-32bit-mcus-stmicroelectronics_dfsdm,33,RESERVED,2,0,,,2:0,nan:nan
rm0402-stm32f412-advanced-armbased-32bit-mcus-stmicroelectronics_dfsdm.pdf,rm0402-stm32f412-advanced-armbased-32bit-mcus-stmicroelectronics_dfsdm,34,RESERVED,31,24,,,31:24,nan:nan
rm0402-stm32f412-advanced-armbased-32bit-mcus-stmicroelectronics_dfsdm.pdf,rm0402-stm32f412-advanced-armbased-32bit-mcus-stmicroelectronics_dfsdm,34,AWFORD,23,22,1.0,0.0,23:22,1.0:0.0
rm0402-stm32f412-advanced-armbased-32bit-mcus-stmicroelectronics_dfsdm.pdf,rm0402-stm32f412-advanced-armbased-32bit-mcus-stmicroelectronics_dfsdm,34,RESERVED,21,21,,,21,nan:nan
rm0402-stm32f412-advanced-armbased-32bit-mcus-stmicroelectronics_dfsdm.pdf,rm0402-stm32f412-advanced-armbased-32bit-mcus-stmicroelectronics_dfsdm,34,AWFOSR,20,16,4.0,0.0,20:16,4.0:0.0
rm0402-stm32f412-advanced-armbased-32bit-mcus-stmicroelectronics_dfsdm.pdf,rm0402-stm32f412-advanced-armbased-32bit-mcus-stmicroelectronics_dfsdm,34,BKSCD,15,12,3.0,0.0,15:12,3.0:0.0
rm0402-stm32f412-advanced-armbased-32bit-mcus-stmicroelectronics_dfsdm.pdf,rm0402-stm32f412-advanced-armbased-32bit-mcus-stmicroelectronics_dfsdm,34,RESERVED,11,8,,,11:8,nan:nan
rm0402-stm32f412-advanced-armbased-32bit-mcus-stmicroelectronics_dfsdm.pdf,rm0402-stm32f412-advanced-armbased-32bit-mcus-stmicroelectronics_dfsdm,34,SCDT,7,0,7.0,0.0,7:0,7.0:0.0
rm0402-stm32f412-advanced-armbased-32bit-mcus-stmicroelectronics_dfsdm.pdf,rm0402-stm32f412-advanced-armbased-32bit-mcus-stmicroelectronics_dfsdm,35,RESERVED,31,16,,,31:16,nan:nan
rm0402-stm32f412-advanced-armbased-32bit-mcus-stmicroelectronics_dfsdm.pdf,rm0402-stm32f412-advanced-armbased-32bit-mcus-stmicroelectronics_dfsdm,35,WDATA,15,0,15.0,0.0,15:0,15.0:0.0
rm0402-stm32f412-advanced-armbased-32bit-mcus-stmicroelectronics_dfsdm.pdf,rm0402-stm32f412-advanced-armbased-32bit-mcus-stmicroelectronics_dfsdm,35,INDAT1,31,16,15.0,0.0,31:16,15.0:0.0
rm0402-stm32f412-advanced-armbased-32bit-mcus-stmicroelectronics_dfsdm.pdf,rm0402-stm32f412-advanced-armbased-32bit-mcus-stmicroelectronics_dfsdm,35,INDAT0,15,0,15.0,0.0,15:0,15.0:0.0
rm0402-stm32f412-advanced-armbased-32bit-mcus-stmicroelectronics_dfsdm.pdf,rm0402-stm32f412-advanced-armbased-32bit-mcus-stmicroelectronics_dfsdm,36,RESERVED,31,31,,,31,nan:nan
rm0402-stm32f412-advanced-armbased-32bit-mcus-stmicroelectronics_dfsdm.pdf,rm0402-stm32f412-advanced-armbased-32bit-mcus-stmicroelectronics_dfsdm,36,AWFSEL,30,30,,,30,nan:nan
rm0402-stm32f412-advanced-armbased-32bit-mcus-stmicroelectronics_dfsdm.pdf,rm0402-stm32f412-advanced-armbased-32bit-mcus-stmicroelectronics_dfsdm,36,FAST,29,29,,,29,nan:nan
rm0402-stm32f412-advanced-armbased-32bit-mcus-stmicroelectronics_dfsdm.pdf,rm0402-stm32f412-advanced-armbased-32bit-mcus-stmicroelectronics_dfsdm,36,RESERVED,28,26,,,28:26,nan:nan
rm0402-stm32f412-advanced-armbased-32bit-mcus-stmicroelectronics_dfsdm.pdf,rm0402-stm32f412-advanced-armbased-32bit-mcus-stmicroelectronics_dfsdm,36,RCH,25,24,1.0,0.0,25:24,1.0:0.0
rm0402-stm32f412-advanced-armbased-32bit-mcus-stmicroelectronics_dfsdm.pdf,rm0402-stm32f412-advanced-armbased-32bit-mcus-stmicroelectronics_dfsdm,36,RESERVED,23,22,,,23:22,nan:nan
rm0402-stm32f412-advanced-armbased-32bit-mcus-stmicroelectronics_dfsdm.pdf,rm0402-stm32f412-advanced-armbased-32bit-mcus-stmicroelectronics_dfsdm,37,RDMAEN,21,21,,,21,nan:nan
rm0402-stm32f412-advanced-armbased-32bit-mcus-stmicroelectronics_dfsdm.pdf,rm0402-stm32f412-advanced-armbased-32bit-mcus-stmicroelectronics_dfsdm,37,RESERVED,20,20,,,20,nan:nan
rm0402-stm32f412-advanced-armbased-32bit-mcus-stmicroelectronics_dfsdm.pdf,rm0402-stm32f412-advanced-armbased-32bit-mcus-stmicroelectronics_dfsdm,37,RSYNC,19,19,,,19,nan:nan
rm0402-stm32f412-advanced-armbased-32bit-mcus-stmicroelectronics_dfsdm.pdf,rm0402-stm32f412-advanced-armbased-32bit-mcus-stmicroelectronics_dfsdm,37,RCONT,18,18,,,18,nan:nan
rm0402-stm32f412-advanced-armbased-32bit-mcus-stmicroelectronics_dfsdm.pdf,rm0402-stm32f412-advanced-armbased-32bit-mcus-stmicroelectronics_dfsdm,37,RSWSTART,17,17,,,17,nan:nan
rm0402-stm32f412-advanced-armbased-32bit-mcus-stmicroelectronics_dfsdm.pdf,rm0402-stm32f412-advanced-armbased-32bit-mcus-stmicroelectronics_dfsdm,37,RESERVED,16,15,,,16:15,nan:nan
rm0402-stm32f412-advanced-armbased-32bit-mcus-stmicroelectronics_dfsdm.pdf,rm0402-stm32f412-advanced-armbased-32bit-mcus-stmicroelectronics_dfsdm,37,JEXTEN,14,13,1.0,0.0,14:13,1.0:0.0
rm0402-stm32f412-advanced-armbased-32bit-mcus-stmicroelectronics_dfsdm.pdf,rm0402-stm32f412-advanced-armbased-32bit-mcus-stmicroelectronics_dfsdm,37,RESERVED,12,11,,,12:11,nan:nan
rm0402-stm32f412-advanced-armbased-32bit-mcus-stmicroelectronics_dfsdm.pdf,rm0402-stm32f412-advanced-armbased-32bit-mcus-stmicroelectronics_dfsdm,37,JEXTSEL,10,8,2.0,0.0,10:8,2.0:0.0
rm0402-stm32f412-advanced-armbased-32bit-mcus-stmicroelectronics_dfsdm.pdf,rm0402-stm32f412-advanced-armbased-32bit-mcus-stmicroelectronics_dfsdm,37,RESERVED,7,6,,,7:6,nan:nan
rm0402-stm32f412-advanced-armbased-32bit-mcus-stmicroelectronics_dfsdm.pdf,rm0402-stm32f412-advanced-armbased-32bit-mcus-stmicroelectronics_dfsdm,38,JDMAEN,5,5,,,5,nan:nan
rm0402-stm32f412-advanced-armbased-32bit-mcus-stmicroelectronics_dfsdm.pdf,rm0402-stm32f412-advanced-armbased-32bit-mcus-stmicroelectronics_dfsdm,38,JSCAN,4,4,,,4,nan:nan
rm0402-stm32f412-advanced-armbased-32bit-mcus-stmicroelectronics_dfsdm.pdf,rm0402-stm32f412-advanced-armbased-32bit-mcus-stmicroelectronics_dfsdm,38,JSYNC,3,3,,,3,nan:nan
rm0402-stm32f412-advanced-armbased-32bit-mcus-stmicroelectronics_dfsdm.pdf,rm0402-stm32f412-advanced-armbased-32bit-mcus-stmicroelectronics_dfsdm,38,RESERVED,2,2,,,2,nan:nan
rm0402-stm32f412-advanced-armbased-32bit-mcus-stmicroelectronics_dfsdm.pdf,rm0402-stm32f412-advanced-armbased-32bit-mcus-stmicroelectronics_dfsdm,38,JSWSTART,1,1,,,1,nan:nan
rm0402-stm32f412-advanced-armbased-32bit-mcus-stmicroelectronics_dfsdm.pdf,rm0402-stm32f412-advanced-armbased-32bit-mcus-stmicroelectronics_dfsdm,38,DFEN,0,0,,,0,nan:nan
rm0402-stm32f412-advanced-armbased-32bit-mcus-stmicroelectronics_dfsdm.pdf,rm0402-stm32f412-advanced-armbased-32bit-mcus-stmicroelectronics_dfsdm,39,RESERVED,31,20,,,31:20,nan:nan
rm0402-stm32f412-advanced-armbased-32bit-mcus-stmicroelectronics_dfsdm.pdf,rm0402-stm32f412-advanced-armbased-32bit-mcus-stmicroelectronics_dfsdm,39,AWDCH,19,16,3.0,0.0,19:16,3.0:0.0
rm0402-stm32f412-advanced-armbased-32bit-mcus-stmicroelectronics_dfsdm.pdf,rm0402-stm32f412-advanced-armbased-32bit-mcus-stmicroelectronics_dfsdm,39,RESERVED,15,12,,,15:12,nan:nan
rm0402-stm32f412-advanced-armbased-32bit-mcus-stmicroelectronics_dfsdm.pdf,rm0402-stm32f412-advanced-armbased-32bit-mcus-stmicroelectronics_dfsdm,39,EXCH,11,8,3.0,0.0,11:8,3.0:0.0
rm0402-stm32f412-advanced-armbased-32bit-mcus-stmicroelectronics_dfsdm.pdf,rm0402-stm32f412-advanced-armbased-32bit-mcus-stmicroelectronics_dfsdm,39,RESERVED,7,7,,,7,nan:nan
rm0402-stm32f412-advanced-armbased-32bit-mcus-stmicroelectronics_dfsdm.pdf,rm0402-stm32f412-advanced-armbased-32bit-mcus-stmicroelectronics_dfsdm,39,CKABIE,6,6,,,6,nan:nan
rm0402-stm32f412-advanced-armbased-32bit-mcus-stmicroelectronics_dfsdm.pdf,rm0402-stm32f412-advanced-armbased-32bit-mcus-stmicroelectronics_dfsdm,39,SCDIE,5,5,,,5,nan:nan
rm0402-stm32f412-advanced-armbased-32bit-mcus-stmicroelectronics_dfsdm.pdf,rm0402-stm32f412-advanced-armbased-32bit-mcus-stmicroelectronics_dfsdm,39,AWDIE,4,4,,,4,nan:nan
rm0402-stm32f412-advanced-armbased-32bit-mcus-stmicroelectronics_dfsdm.pdf,rm0402-stm32f412-advanced-armbased-32bit-mcus-stmicroelectronics_dfsdm,39,ROVRIE,3,3,,,3,nan:nan
rm0402-stm32f412-advanced-armbased-32bit-mcus-stmicroelectronics_dfsdm.pdf,rm0402-stm32f412-advanced-armbased-32bit-mcus-stmicroelectronics_dfsdm,39,JOVRIE,2,2,,,2,nan:nan
rm0402-stm32f412-advanced-armbased-32bit-mcus-stmicroelectronics_dfsdm.pdf,rm0402-stm32f412-advanced-armbased-32bit-mcus-stmicroelectronics_dfsdm,39,REOCIE,1,1,,,1,nan:nan
rm0402-stm32f412-advanced-armbased-32bit-mcus-stmicroelectronics_dfsdm.pdf,rm0402-stm32f412-advanced-armbased-32bit-mcus-stmicroelectronics_dfsdm,39,JEOCIE,0,0,,,0,nan:nan
rm0402-stm32f412-advanced-armbased-32bit-mcus-stmicroelectronics_dfsdm.pdf,rm0402-stm32f412-advanced-armbased-32bit-mcus-stmicroelectronics_dfsdm,40,RESERVED,31,28,,,31:28,nan:nan
rm0402-stm32f412-advanced-armbased-32bit-mcus-stmicroelectronics_dfsdm.pdf,rm0402-stm32f412-advanced-armbased-32bit-mcus-stmicroelectronics_dfsdm,40,SCDF,27,24,3.0,0.0,27:24,3.0:0.0
rm0402-stm32f412-advanced-armbased-32bit-mcus-stmicroelectronics_dfsdm.pdf,rm0402-stm32f412-advanced-armbased-32bit-mcus-stmicroelectronics_dfsdm,40,RESERVED,23,20,,,23:20,nan:nan
rm0402-stm32f412-advanced-armbased-32bit-mcus-stmicroelectronics_dfsdm.pdf,rm0402-stm32f412-advanced-armbased-32bit-mcus-stmicroelectronics_dfsdm,40,CKABF,19,16,3.0,0.0,19:16,3.0:0.0
rm0402-stm32f412-advanced-armbased-32bit-mcus-stmicroelectronics_dfsdm.pdf,rm0402-stm32f412-advanced-armbased-32bit-mcus-stmicroelectronics_dfsdm,40,RESERVED,15,15,,,15,nan:nan
rm0402-stm32f412-advanced-armbased-32bit-mcus-stmicroelectronics_dfsdm.pdf,rm0402-stm32f412-advanced-armbased-32bit-mcus-stmicroelectronics_dfsdm,40,RCIP,14,14,,,14,nan:nan
rm0402-stm32f412-advanced-armbased-32bit-mcus-stmicroelectronics_dfsdm.pdf,rm0402-stm32f412-advanced-armbased-32bit-mcus-stmicroelectronics_dfsdm,40,JCIP,13,13,,,13,nan:nan
rm0402-stm32f412-advanced-armbased-32bit-mcus-stmicroelectronics_dfsdm.pdf,rm0402-stm32f412-advanced-armbased-32bit-mcus-stmicroelectronics_dfsdm,40,RESERVED,12,5,,,12:5,nan:nan
rm0402-stm32f412-advanced-armbased-32bit-mcus-stmicroelectronics_dfsdm.pdf,rm0402-stm32f412-advanced-armbased-32bit-mcus-stmicroelectronics_dfsdm,41,AWDF,4,4,,,4,nan:nan
rm0402-stm32f412-advanced-armbased-32bit-mcus-stmicroelectronics_dfsdm.pdf,rm0402-stm32f412-advanced-armbased-32bit-mcus-stmicroelectronics_dfsdm,41,ROVRF,3,3,,,3,nan:nan
rm0402-stm32f412-advanced-armbased-32bit-mcus-stmicroelectronics_dfsdm.pdf,rm0402-stm32f412-advanced-armbased-32bit-mcus-stmicroelectronics_dfsdm,41,JOVRF,2,2,,,2,nan:nan
rm0402-stm32f412-advanced-armbased-32bit-mcus-stmicroelectronics_dfsdm.pdf,rm0402-stm32f412-advanced-armbased-32bit-mcus-stmicroelectronics_dfsdm,41,REOCF,1,1,,,1,nan:nan
rm0402-stm32f412-advanced-armbased-32bit-mcus-stmicroelectronics_dfsdm.pdf,rm0402-stm32f412-advanced-armbased-32bit-mcus-stmicroelectronics_dfsdm,41,JEOCF,0,0,,,0,nan:nan
rm0402-stm32f412-advanced-armbased-32bit-mcus-stmicroelectronics_dfsdm.pdf,rm0402-stm32f412-advanced-armbased-32bit-mcus-stmicroelectronics_dfsdm,42,RESERVED,31,28,,,31:28,nan:nan
rm0402-stm32f412-advanced-armbased-32bit-mcus-stmicroelectronics_dfsdm.pdf,rm0402-stm32f412-advanced-armbased-32bit-mcus-stmicroelectronics_dfsdm,42,CLRSCDF,27,24,3.0,0.0,27:24,3.0:0.0
rm0402-stm32f412-advanced-armbased-32bit-mcus-stmicroelectronics_dfsdm.pdf,rm0402-stm32f412-advanced-armbased-32bit-mcus-stmicroelectronics_dfsdm,42,RESERVED,23,20,,,23:20,nan:nan
rm0402-stm32f412-advanced-armbased-32bit-mcus-stmicroelectronics_dfsdm.pdf,rm0402-stm32f412-advanced-armbased-32bit-mcus-stmicroelectronics_dfsdm,42,CLRCKABF,19,16,3.0,0.0,19:16,3.0:0.0
rm0402-stm32f412-advanced-armbased-32bit-mcus-stmicroelectronics_dfsdm.pdf,rm0402-stm32f412-advanced-armbased-32bit-mcus-stmicroelectronics_dfsdm,42,RESERVED,15,4,,,15:4,nan:nan
rm0402-stm32f412-advanced-armbased-32bit-mcus-stmicroelectronics_dfsdm.pdf,rm0402-stm32f412-advanced-armbased-32bit-mcus-stmicroelectronics_dfsdm,42,CLRROVRF,3,3,,,3,nan:nan
rm0402-stm32f412-advanced-armbased-32bit-mcus-stmicroelectronics_dfsdm.pdf,rm0402-stm32f412-advanced-armbased-32bit-mcus-stmicroelectronics_dfsdm,42,CLRJOVRF,2,2,,,2,nan:nan
rm0402-stm32f412-advanced-armbased-32bit-mcus-stmicroelectronics_dfsdm.pdf,rm0402-stm32f412-advanced-armbased-32bit-mcus-stmicroelectronics_dfsdm,42,RESERVED,1,0,,,1:0,nan:nan
rm0402-stm32f412-advanced-armbased-32bit-mcus-stmicroelectronics_dfsdm.pdf,rm0402-stm32f412-advanced-armbased-32bit-mcus-stmicroelectronics_dfsdm,43,RESERVED,31,4,,,31:4,nan:nan
rm0402-stm32f412-advanced-armbased-32bit-mcus-stmicroelectronics_dfsdm.pdf,rm0402-stm32f412-advanced-armbased-32bit-mcus-stmicroelectronics_dfsdm,43,JCHG,3,0,3.0,0.0,3:0,3.0:0.0
rm0402-stm32f412-advanced-armbased-32bit-mcus-stmicroelectronics_dfsdm.pdf,rm0402-stm32f412-advanced-armbased-32bit-mcus-stmicroelectronics_dfsdm,43,FORD,31,29,2.0,0.0,31:29,2.0:0.0
rm0402-stm32f412-advanced-armbased-32bit-mcus-stmicroelectronics_dfsdm.pdf,rm0402-stm32f412-advanced-armbased-32bit-mcus-stmicroelectronics_dfsdm,43,RESERVED,28,26,,,28:26,nan:nan
rm0402-stm32f412-advanced-armbased-32bit-mcus-stmicroelectronics_dfsdm.pdf,rm0402-stm32f412-advanced-armbased-32bit-mcus-stmicroelectronics_dfsdm,44,FOSR,25,16,9.0,0.0,25:16,9.0:0.0
rm0402-stm32f412-advanced-armbased-32bit-mcus-stmicroelectronics_dfsdm.pdf,rm0402-stm32f412-advanced-armbased-32bit-mcus-stmicroelectronics_dfsdm,44,RESERVED,15,8,,,15:8,nan:nan
rm0402-stm32f412-advanced-armbased-32bit-mcus-stmicroelectronics_dfsdm.pdf,rm0402-stm32f412-advanced-armbased-32bit-mcus-stmicroelectronics_dfsdm,44,IOSR,7,0,7.0,0.0,7:0,7.0:0.0
rm0402-stm32f412-advanced-armbased-32bit-mcus-stmicroelectronics_dfsdm.pdf,rm0402-stm32f412-advanced-armbased-32bit-mcus-stmicroelectronics_dfsdm,44,JDATA,31,8,23.0,0.0,31:8,23.0:0.0
rm0402-stm32f412-advanced-armbased-32bit-mcus-stmicroelectronics_dfsdm.pdf,rm0402-stm32f412-advanced-armbased-32bit-mcus-stmicroelectronics_dfsdm,44,RESERVED,7,2,,,7:2,nan:nan
rm0402-stm32f412-advanced-armbased-32bit-mcus-stmicroelectronics_dfsdm.pdf,rm0402-stm32f412-advanced-armbased-32bit-mcus-stmicroelectronics_dfsdm,44,JDATACH,1,0,1.0,0.0,1:0,1.0:0.0
rm0402-stm32f412-advanced-armbased-32bit-mcus-stmicroelectronics_dfsdm.pdf,rm0402-stm32f412-advanced-armbased-32bit-mcus-stmicroelectronics_dfsdm,45,RDATA,31,8,23.0,0.0,31:8,23.0:0.0
rm0402-stm32f412-advanced-armbased-32bit-mcus-stmicroelectronics_dfsdm.pdf,rm0402-stm32f412-advanced-armbased-32bit-mcus-stmicroelectronics_dfsdm,45,RESERVED,7,5,,,7:5,nan:nan
rm0402-stm32f412-advanced-armbased-32bit-mcus-stmicroelectronics_dfsdm.pdf,rm0402-stm32f412-advanced-armbased-32bit-mcus-stmicroelectronics_dfsdm,45,RPEND,4,4,,,4,nan:nan
rm0402-stm32f412-advanced-armbased-32bit-mcus-stmicroelectronics_dfsdm.pdf,rm0402-stm32f412-advanced-armbased-32bit-mcus-stmicroelectronics_dfsdm,45,RESERVED,3,2,,,3:2,nan:nan
rm0402-stm32f412-advanced-armbased-32bit-mcus-stmicroelectronics_dfsdm.pdf,rm0402-stm32f412-advanced-armbased-32bit-mcus-stmicroelectronics_dfsdm,45,RDATACH,1,0,1.0,0.0,1:0,1.0:0.0
rm0402-stm32f412-advanced-armbased-32bit-mcus-stmicroelectronics_dfsdm.pdf,rm0402-stm32f412-advanced-armbased-32bit-mcus-stmicroelectronics_dfsdm,46,AWHT,31,8,23.0,0.0,31:8,23.0:0.0
rm0402-stm32f412-advanced-armbased-32bit-mcus-stmicroelectronics_dfsdm.pdf,rm0402-stm32f412-advanced-armbased-32bit-mcus-stmicroelectronics_dfsdm,46,RESERVED,7,4,,,7:4,nan:nan
rm0402-stm32f412-advanced-armbased-32bit-mcus-stmicroelectronics_dfsdm.pdf,rm0402-stm32f412-advanced-armbased-32bit-mcus-stmicroelectronics_dfsdm,46,BKAWH,3,0,3.0,0.0,3:0,3.0:0.0
rm0402-stm32f412-advanced-armbased-32bit-mcus-stmicroelectronics_dfsdm.pdf,rm0402-stm32f412-advanced-armbased-32bit-mcus-stmicroelectronics_dfsdm,46,AWLT,31,8,23.0,0.0,31:8,23.0:0.0
rm0402-stm32f412-advanced-armbased-32bit-mcus-stmicroelectronics_dfsdm.pdf,rm0402-stm32f412-advanced-armbased-32bit-mcus-stmicroelectronics_dfsdm,46,RESERVED,7,4,,,7:4,nan:nan
rm0402-stm32f412-advanced-armbased-32bit-mcus-stmicroelectronics_dfsdm.pdf,rm0402-stm32f412-advanced-armbased-32bit-mcus-stmicroelectronics_dfsdm,46,BKAWL,3,0,3.0,0.0,3:0,3.0:0.0
rm0402-stm32f412-advanced-armbased-32bit-mcus-stmicroelectronics_dfsdm.pdf,rm0402-stm32f412-advanced-armbased-32bit-mcus-stmicroelectronics_dfsdm,47,RESERVED,31,12,,,31:12,nan:nan
rm0402-stm32f412-advanced-armbased-32bit-mcus-stmicroelectronics_dfsdm.pdf,rm0402-stm32f412-advanced-armbased-32bit-mcus-stmicroelectronics_dfsdm,47,AWHTF,11,8,3.0,0.0,11:8,3.0:0.0
rm0402-stm32f412-advanced-armbased-32bit-mcus-stmicroelectronics_dfsdm.pdf,rm0402-stm32f412-advanced-armbased-32bit-mcus-stmicroelectronics_dfsdm,47,RESERVED,7,4,,,7:4,nan:nan
rm0402-stm32f412-advanced-armbased-32bit-mcus-stmicroelectronics_dfsdm.pdf,rm0402-stm32f412-advanced-armbased-32bit-mcus-stmicroelectronics_dfsdm,47,AWLTF,3,0,3.0,0.0,3:0,3.0:0.0
rm0402-stm32f412-advanced-armbased-32bit-mcus-stmicroelectronics_dfsdm.pdf,rm0402-stm32f412-advanced-armbased-32bit-mcus-stmicroelectronics_dfsdm,47,RESERVED,31,12,,,31:12,nan:nan
rm0402-stm32f412-advanced-armbased-32bit-mcus-stmicroelectronics_dfsdm.pdf,rm0402-stm32f412-advanced-armbased-32bit-mcus-stmicroelectronics_dfsdm,48,CLRAWHTF,11,8,3.0,0.0,11:8,3.0:0.0
rm0402-stm32f412-advanced-armbased-32bit-mcus-stmicroelectronics_dfsdm.pdf,rm0402-stm32f412-advanced-armbased-32bit-mcus-stmicroelectronics_dfsdm,48,RESERVED,7,4,,,7:4,nan:nan
rm0402-stm32f412-advanced-armbased-32bit-mcus-stmicroelectronics_dfsdm.pdf,rm0402-stm32f412-advanced-armbased-32bit-mcus-stmicroelectronics_dfsdm,48,CLRAWLTF,3,0,3.0,0.0,3:0,3.0:0.0
rm0402-stm32f412-advanced-armbased-32bit-mcus-stmicroelectronics_dfsdm.pdf,rm0402-stm32f412-advanced-armbased-32bit-mcus-stmicroelectronics_dfsdm,48,EXMAX,31,8,23.0,0.0,31:8,23.0:0.0
rm0402-stm32f412-advanced-armbased-32bit-mcus-stmicroelectronics_dfsdm.pdf,rm0402-stm32f412-advanced-armbased-32bit-mcus-stmicroelectronics_dfsdm,48,RESERVED,7,2,,,7:2,nan:nan
rm0402-stm32f412-advanced-armbased-32bit-mcus-stmicroelectronics_dfsdm.pdf,rm0402-stm32f412-advanced-armbased-32bit-mcus-stmicroelectronics_dfsdm,48,EXMAXCH,1,0,1.0,0.0,1:0,1.0:0.0
rm0402-stm32f412-advanced-armbased-32bit-mcus-stmicroelectronics_dfsdm.pdf,rm0402-stm32f412-advanced-armbased-32bit-mcus-stmicroelectronics_dfsdm,49,EXMIN,31,8,23.0,0.0,31:8,23.0:0.0
rm0402-stm32f412-advanced-armbased-32bit-mcus-stmicroelectronics_dfsdm.pdf,rm0402-stm32f412-advanced-armbased-32bit-mcus-stmicroelectronics_dfsdm,49,RESERVED,7,2,,,7:2,nan:nan
rm0402-stm32f412-advanced-armbased-32bit-mcus-stmicroelectronics_dfsdm.pdf,rm0402-stm32f412-advanced-armbased-32bit-mcus-stmicroelectronics_dfsdm,49,EXMINCH,1,0,1.0,0.0,1:0,1.0:0.0
rm0402-stm32f412-advanced-armbased-32bit-mcus-stmicroelectronics_dfsdm.pdf,rm0402-stm32f412-advanced-armbased-32bit-mcus-stmicroelectronics_dfsdm,49,CNVCNT,31,4,27.0,0.0,31:4,27.0:0.0
rm0402-stm32f412-advanced-armbased-32bit-mcus-stmicroelectronics_dfsdm.pdf,rm0402-stm32f412-advanced-armbased-32bit-mcus-stmicroelectronics_dfsdm,49,RESERVED,3,0,,,3:0,nan:nan
rm0410-stm32f76xxx-and-stm32f77xxx-advanced-armbased-32bit-mcus-stmicroelectronics_dfsdm.pdf,rm0410-stm32f76xxx-and-stm32f77xxx-advanced-armbased-32bit-mcus-stmicroelectronics_dfsdm,30,DFSDMEN,31,31,,,31,nan:nan
rm0410-stm32f76xxx-and-stm32f77xxx-advanced-armbased-32bit-mcus-stmicroelectronics_dfsdm.pdf,rm0410-stm32f76xxx-and-stm32f77xxx-advanced-armbased-32bit-mcus-stmicroelectronics_dfsdm,30,CKOUTSRC,30,30,,,30,nan:nan
rm0410-stm32f76xxx-and-stm32f77xxx-advanced-armbased-32bit-mcus-stmicroelectronics_dfsdm.pdf,rm0410-stm32f76xxx-and-stm32f77xxx-advanced-armbased-32bit-mcus-stmicroelectronics_dfsdm,30,RESERVED,29,24,,,29:24,nan:nan
rm0410-stm32f76xxx-and-stm32f77xxx-advanced-armbased-32bit-mcus-stmicroelectronics_dfsdm.pdf,rm0410-stm32f76xxx-and-stm32f77xxx-advanced-armbased-32bit-mcus-stmicroelectronics_dfsdm,30,CKOUTDIV,23,16,7.0,0.0,23:16,7.0:0.0
rm0410-stm32f76xxx-and-stm32f77xxx-advanced-armbased-32bit-mcus-stmicroelectronics_dfsdm.pdf,rm0410-stm32f76xxx-and-stm32f77xxx-advanced-armbased-32bit-mcus-stmicroelectronics_dfsdm,30,DATPACK,15,14,1.0,0.0,15:14,1.0:0.0
rm0410-stm32f76xxx-and-stm32f77xxx-advanced-armbased-32bit-mcus-stmicroelectronics_dfsdm.pdf,rm0410-stm32f76xxx-and-stm32f77xxx-advanced-armbased-32bit-mcus-stmicroelectronics_dfsdm,31,DATMPX,13,12,1.0,0.0,13:12,1.0:0.0
rm0410-stm32f76xxx-and-stm32f77xxx-advanced-armbased-32bit-mcus-stmicroelectronics_dfsdm.pdf,rm0410-stm32f76xxx-and-stm32f77xxx-advanced-armbased-32bit-mcus-stmicroelectronics_dfsdm,31,RESERVED,11,9,,,11:9,nan:nan
rm0410-stm32f76xxx-and-stm32f77xxx-advanced-armbased-32bit-mcus-stmicroelectronics_dfsdm.pdf,rm0410-stm32f76xxx-and-stm32f77xxx-advanced-armbased-32bit-mcus-stmicroelectronics_dfsdm,31,CHINSEL,8,8,,,8,nan:nan
rm0410-stm32f76xxx-and-stm32f77xxx-advanced-armbased-32bit-mcus-stmicroelectronics_dfsdm.pdf,rm0410-stm32f76xxx-and-stm32f77xxx-advanced-armbased-32bit-mcus-stmicroelectronics_dfsdm,31,CHEN,7,7,,,7,nan:nan
rm0410-stm32f76xxx-and-stm32f77xxx-advanced-armbased-32bit-mcus-stmicroelectronics_dfsdm.pdf,rm0410-stm32f76xxx-and-stm32f77xxx-advanced-armbased-32bit-mcus-stmicroelectronics_dfsdm,31,CKABEN,6,6,,,6,nan:nan
rm0410-stm32f76xxx-and-stm32f77xxx-advanced-armbased-32bit-mcus-stmicroelectronics_dfsdm.pdf,rm0410-stm32f76xxx-and-stm32f77xxx-advanced-armbased-32bit-mcus-stmicroelectronics_dfsdm,31,SCDEN,5,5,,,5,nan:nan
rm0410-stm32f76xxx-and-stm32f77xxx-advanced-armbased-32bit-mcus-stmicroelectronics_dfsdm.pdf,rm0410-stm32f76xxx-and-stm32f77xxx-advanced-armbased-32bit-mcus-stmicroelectronics_dfsdm,31,RESERVED,4,4,,,4,nan:nan
rm0410-stm32f76xxx-and-stm32f77xxx-advanced-armbased-32bit-mcus-stmicroelectronics_dfsdm.pdf,rm0410-stm32f76xxx-and-stm32f77xxx-advanced-armbased-32bit-mcus-stmicroelectronics_dfsdm,31,SPICKSEL,3,2,1.0,0.0,3:2,1.0:0.0
rm0410-stm32f76xxx-and-stm32f77xxx-advanced-armbased-32bit-mcus-stmicroelectronics_dfsdm.pdf,rm0410-stm32f76xxx-and-stm32f77xxx-advanced-armbased-32bit-mcus-stmicroelectronics_dfsdm,31,SITP,1,0,1.0,0.0,1:0,1.0:0.0
rm0410-stm32f76xxx-and-stm32f77xxx-advanced-armbased-32bit-mcus-stmicroelectronics_dfsdm.pdf,rm0410-stm32f76xxx-and-stm32f77xxx-advanced-armbased-32bit-mcus-stmicroelectronics_dfsdm,32,OFFSET,31,8,23.0,0.0,31:8,23.0:0.0
rm0410-stm32f76xxx-and-stm32f77xxx-advanced-armbased-32bit-mcus-stmicroelectronics_dfsdm.pdf,rm0410-stm32f76xxx-and-stm32f77xxx-advanced-armbased-32bit-mcus-stmicroelectronics_dfsdm,32,DTRBS,7,3,4.0,0.0,7:3,4.0:0.0
rm0410-stm32f76xxx-and-stm32f77xxx-advanced-armbased-32bit-mcus-stmicroelectronics_dfsdm.pdf,rm0410-stm32f76xxx-and-stm32f77xxx-advanced-armbased-32bit-mcus-stmicroelectronics_dfsdm,32,RESERVED,2,0,,,2:0,nan:nan
rm0410-stm32f76xxx-and-stm32f77xxx-advanced-armbased-32bit-mcus-stmicroelectronics_dfsdm.pdf,rm0410-stm32f76xxx-and-stm32f77xxx-advanced-armbased-32bit-mcus-stmicroelectronics_dfsdm,33,RESERVED,31,24,,,31:24,nan:nan
rm0410-stm32f76xxx-and-stm32f77xxx-advanced-armbased-32bit-mcus-stmicroelectronics_dfsdm.pdf,rm0410-stm32f76xxx-and-stm32f77xxx-advanced-armbased-32bit-mcus-stmicroelectronics_dfsdm,33,AWFORD,23,22,1.0,0.0,23:22,1.0:0.0
rm0410-stm32f76xxx-and-stm32f77xxx-advanced-armbased-32bit-mcus-stmicroelectronics_dfsdm.pdf,rm0410-stm32f76xxx-and-stm32f77xxx-advanced-armbased-32bit-mcus-stmicroelectronics_dfsdm,33,RESERVED,21,21,,,21,nan:nan
rm0410-stm32f76xxx-and-stm32f77xxx-advanced-armbased-32bit-mcus-stmicroelectronics_dfsdm.pdf,rm0410-stm32f76xxx-and-stm32f77xxx-advanced-armbased-32bit-mcus-stmicroelectronics_dfsdm,33,AWFOSR,20,16,4.0,0.0,20:16,4.0:0.0
rm0410-stm32f76xxx-and-stm32f77xxx-advanced-armbased-32bit-mcus-stmicroelectronics_dfsdm.pdf,rm0410-stm32f76xxx-and-stm32f77xxx-advanced-armbased-32bit-mcus-stmicroelectronics_dfsdm,33,BKSCD,15,12,3.0,0.0,15:12,3.0:0.0
rm0410-stm32f76xxx-and-stm32f77xxx-advanced-armbased-32bit-mcus-stmicroelectronics_dfsdm.pdf,rm0410-stm32f76xxx-and-stm32f77xxx-advanced-armbased-32bit-mcus-stmicroelectronics_dfsdm,33,RESERVED,11,8,,,11:8,nan:nan
rm0410-stm32f76xxx-and-stm32f77xxx-advanced-armbased-32bit-mcus-stmicroelectronics_dfsdm.pdf,rm0410-stm32f76xxx-and-stm32f77xxx-advanced-armbased-32bit-mcus-stmicroelectronics_dfsdm,33,SCDT,7,0,7.0,0.0,7:0,7.0:0.0
rm0410-stm32f76xxx-and-stm32f77xxx-advanced-armbased-32bit-mcus-stmicroelectronics_dfsdm.pdf,rm0410-stm32f76xxx-and-stm32f77xxx-advanced-armbased-32bit-mcus-stmicroelectronics_dfsdm,34,RESERVED,31,16,,,31:16,nan:nan
rm0410-stm32f76xxx-and-stm32f77xxx-advanced-armbased-32bit-mcus-stmicroelectronics_dfsdm.pdf,rm0410-stm32f76xxx-and-stm32f77xxx-advanced-armbased-32bit-mcus-stmicroelectronics_dfsdm,34,WDATA,15,0,15.0,0.0,15:0,15.0:0.0
rm0410-stm32f76xxx-and-stm32f77xxx-advanced-armbased-32bit-mcus-stmicroelectronics_dfsdm.pdf,rm0410-stm32f76xxx-and-stm32f77xxx-advanced-armbased-32bit-mcus-stmicroelectronics_dfsdm,34,INDAT1,31,16,15.0,0.0,31:16,15.0:0.0
rm0410-stm32f76xxx-and-stm32f77xxx-advanced-armbased-32bit-mcus-stmicroelectronics_dfsdm.pdf,rm0410-stm32f76xxx-and-stm32f77xxx-advanced-armbased-32bit-mcus-stmicroelectronics_dfsdm,34,INDAT0,15,0,15.0,0.0,15:0,15.0:0.0
rm0410-stm32f76xxx-and-stm32f77xxx-advanced-armbased-32bit-mcus-stmicroelectronics_dfsdm.pdf,rm0410-stm32f76xxx-and-stm32f77xxx-advanced-armbased-32bit-mcus-stmicroelectronics_dfsdm,35,RESERVED,31,31,,,31,nan:nan
rm0410-stm32f76xxx-and-stm32f77xxx-advanced-armbased-32bit-mcus-stmicroelectronics_dfsdm.pdf,rm0410-stm32f76xxx-and-stm32f77xxx-advanced-armbased-32bit-mcus-stmicroelectronics_dfsdm,35,AWFSEL,30,30,,,30,nan:nan
rm0410-stm32f76xxx-and-stm32f77xxx-advanced-armbased-32bit-mcus-stmicroelectronics_dfsdm.pdf,rm0410-stm32f76xxx-and-stm32f77xxx-advanced-armbased-32bit-mcus-stmicroelectronics_dfsdm,35,FAST,29,29,,,29,nan:nan
rm0410-stm32f76xxx-and-stm32f77xxx-advanced-armbased-32bit-mcus-stmicroelectronics_dfsdm.pdf,rm0410-stm32f76xxx-and-stm32f77xxx-advanced-armbased-32bit-mcus-stmicroelectronics_dfsdm,35,RESERVED,28,27,,,28:27,nan:nan
rm0410-stm32f76xxx-and-stm32f77xxx-advanced-armbased-32bit-mcus-stmicroelectronics_dfsdm.pdf,rm0410-stm32f76xxx-and-stm32f77xxx-advanced-armbased-32bit-mcus-stmicroelectronics_dfsdm,35,RCH,26,24,2.0,0.0,26:24,2.0:0.0
rm0410-stm32f76xxx-and-stm32f77xxx-advanced-armbased-32bit-mcus-stmicroelectronics_dfsdm.pdf,rm0410-stm32f76xxx-and-stm32f77xxx-advanced-armbased-32bit-mcus-stmicroelectronics_dfsdm,35,RESERVED,23,22,,,23:22,nan:nan
rm0410-stm32f76xxx-and-stm32f77xxx-advanced-armbased-32bit-mcus-stmicroelectronics_dfsdm.pdf,rm0410-stm32f76xxx-and-stm32f77xxx-advanced-armbased-32bit-mcus-stmicroelectronics_dfsdm,36,RDMAEN,21,21,,,21,nan:nan
rm0410-stm32f76xxx-and-stm32f77xxx-advanced-armbased-32bit-mcus-stmicroelectronics_dfsdm.pdf,rm0410-stm32f76xxx-and-stm32f77xxx-advanced-armbased-32bit-mcus-stmicroelectronics_dfsdm,36,RESERVED,20,20,,,20,nan:nan
rm0410-stm32f76xxx-and-stm32f77xxx-advanced-armbased-32bit-mcus-stmicroelectronics_dfsdm.pdf,rm0410-stm32f76xxx-and-stm32f77xxx-advanced-armbased-32bit-mcus-stmicroelectronics_dfsdm,36,RSYNC,19,19,,,19,nan:nan
rm0410-stm32f76xxx-and-stm32f77xxx-advanced-armbased-32bit-mcus-stmicroelectronics_dfsdm.pdf,rm0410-stm32f76xxx-and-stm32f77xxx-advanced-armbased-32bit-mcus-stmicroelectronics_dfsdm,36,RCONT,18,18,,,18,nan:nan
rm0410-stm32f76xxx-and-stm32f77xxx-advanced-armbased-32bit-mcus-stmicroelectronics_dfsdm.pdf,rm0410-stm32f76xxx-and-stm32f77xxx-advanced-armbased-32bit-mcus-stmicroelectronics_dfsdm,36,RSWSTART,17,17,,,17,nan:nan
rm0410-stm32f76xxx-and-stm32f77xxx-advanced-armbased-32bit-mcus-stmicroelectronics_dfsdm.pdf,rm0410-stm32f76xxx-and-stm32f77xxx-advanced-armbased-32bit-mcus-stmicroelectronics_dfsdm,36,RESERVED,16,15,,,16:15,nan:nan
rm0410-stm32f76xxx-and-stm32f77xxx-advanced-armbased-32bit-mcus-stmicroelectronics_dfsdm.pdf,rm0410-stm32f76xxx-and-stm32f77xxx-advanced-armbased-32bit-mcus-stmicroelectronics_dfsdm,36,JEXTEN,14,13,1.0,0.0,14:13,1.0:0.0
rm0410-stm32f76xxx-and-stm32f77xxx-advanced-armbased-32bit-mcus-stmicroelectronics_dfsdm.pdf,rm0410-stm32f76xxx-and-stm32f77xxx-advanced-armbased-32bit-mcus-stmicroelectronics_dfsdm,36,JEXTSEL,12,8,4.0,0.0,12:8,4.0:0.0
rm0410-stm32f76xxx-and-stm32f77xxx-advanced-armbased-32bit-mcus-stmicroelectronics_dfsdm.pdf,rm0410-stm32f76xxx-and-stm32f77xxx-advanced-armbased-32bit-mcus-stmicroelectronics_dfsdm,36,RESERVED,7,6,,,7:6,nan:nan
rm0410-stm32f76xxx-and-stm32f77xxx-advanced-armbased-32bit-mcus-stmicroelectronics_dfsdm.pdf,rm0410-stm32f76xxx-and-stm32f77xxx-advanced-armbased-32bit-mcus-stmicroelectronics_dfsdm,36,JDMAEN,5,5,,,5,nan:nan
rm0410-stm32f76xxx-and-stm32f77xxx-advanced-armbased-32bit-mcus-stmicroelectronics_dfsdm.pdf,rm0410-stm32f76xxx-and-stm32f77xxx-advanced-armbased-32bit-mcus-stmicroelectronics_dfsdm,37,JSCAN,4,4,,,4,nan:nan
rm0410-stm32f76xxx-and-stm32f77xxx-advanced-armbased-32bit-mcus-stmicroelectronics_dfsdm.pdf,rm0410-stm32f76xxx-and-stm32f77xxx-advanced-armbased-32bit-mcus-stmicroelectronics_dfsdm,37,JSYNC,3,3,,,3,nan:nan
rm0410-stm32f76xxx-and-stm32f77xxx-advanced-armbased-32bit-mcus-stmicroelectronics_dfsdm.pdf,rm0410-stm32f76xxx-and-stm32f77xxx-advanced-armbased-32bit-mcus-stmicroelectronics_dfsdm,37,RESERVED,2,2,,,2,nan:nan
rm0410-stm32f76xxx-and-stm32f77xxx-advanced-armbased-32bit-mcus-stmicroelectronics_dfsdm.pdf,rm0410-stm32f76xxx-and-stm32f77xxx-advanced-armbased-32bit-mcus-stmicroelectronics_dfsdm,37,JSWSTART,1,1,,,1,nan:nan
rm0410-stm32f76xxx-and-stm32f77xxx-advanced-armbased-32bit-mcus-stmicroelectronics_dfsdm.pdf,rm0410-stm32f76xxx-and-stm32f77xxx-advanced-armbased-32bit-mcus-stmicroelectronics_dfsdm,37,DFEN,0,0,,,0,nan:nan
rm0410-stm32f76xxx-and-stm32f77xxx-advanced-armbased-32bit-mcus-stmicroelectronics_dfsdm.pdf,rm0410-stm32f76xxx-and-stm32f77xxx-advanced-armbased-32bit-mcus-stmicroelectronics_dfsdm,38,RESERVED,31,24,,,31:24,nan:nan
rm0410-stm32f76xxx-and-stm32f77xxx-advanced-armbased-32bit-mcus-stmicroelectronics_dfsdm.pdf,rm0410-stm32f76xxx-and-stm32f77xxx-advanced-armbased-32bit-mcus-stmicroelectronics_dfsdm,38,AWDCH,23,16,7.0,0.0,23:16,7.0:0.0
rm0410-stm32f76xxx-and-stm32f77xxx-advanced-armbased-32bit-mcus-stmicroelectronics_dfsdm.pdf,rm0410-stm32f76xxx-and-stm32f77xxx-advanced-armbased-32bit-mcus-stmicroelectronics_dfsdm,38,EXCH,15,8,7.0,0.0,15:8,7.0:0.0
rm0410-stm32f76xxx-and-stm32f77xxx-advanced-armbased-32bit-mcus-stmicroelectronics_dfsdm.pdf,rm0410-stm32f76xxx-and-stm32f77xxx-advanced-armbased-32bit-mcus-stmicroelectronics_dfsdm,38,RESERVED,7,7,,,7,nan:nan
rm0410-stm32f76xxx-and-stm32f77xxx-advanced-armbased-32bit-mcus-stmicroelectronics_dfsdm.pdf,rm0410-stm32f76xxx-and-stm32f77xxx-advanced-armbased-32bit-mcus-stmicroelectronics_dfsdm,38,CKABIE,6,6,,,6,nan:nan
rm0410-stm32f76xxx-and-stm32f77xxx-advanced-armbased-32bit-mcus-stmicroelectronics_dfsdm.pdf,rm0410-stm32f76xxx-and-stm32f77xxx-advanced-armbased-32bit-mcus-stmicroelectronics_dfsdm,38,SCDIE,5,5,,,5,nan:nan
rm0410-stm32f76xxx-and-stm32f77xxx-advanced-armbased-32bit-mcus-stmicroelectronics_dfsdm.pdf,rm0410-stm32f76xxx-and-stm32f77xxx-advanced-armbased-32bit-mcus-stmicroelectronics_dfsdm,38,AWDIE,4,4,,,4,nan:nan
rm0410-stm32f76xxx-and-stm32f77xxx-advanced-armbased-32bit-mcus-stmicroelectronics_dfsdm.pdf,rm0410-stm32f76xxx-and-stm32f77xxx-advanced-armbased-32bit-mcus-stmicroelectronics_dfsdm,38,ROVRIE,3,3,,,3,nan:nan
rm0410-stm32f76xxx-and-stm32f77xxx-advanced-armbased-32bit-mcus-stmicroelectronics_dfsdm.pdf,rm0410-stm32f76xxx-and-stm32f77xxx-advanced-armbased-32bit-mcus-stmicroelectronics_dfsdm,38,JOVRIE,2,2,,,2,nan:nan
rm0410-stm32f76xxx-and-stm32f77xxx-advanced-armbased-32bit-mcus-stmicroelectronics_dfsdm.pdf,rm0410-stm32f76xxx-and-stm32f77xxx-advanced-armbased-32bit-mcus-stmicroelectronics_dfsdm,38,REOCIE,1,1,,,1,nan:nan
rm0410-stm32f76xxx-and-stm32f77xxx-advanced-armbased-32bit-mcus-stmicroelectronics_dfsdm.pdf,rm0410-stm32f76xxx-and-stm32f77xxx-advanced-armbased-32bit-mcus-stmicroelectronics_dfsdm,38,JEOCIE,0,0,,,0,nan:nan
rm0410-stm32f76xxx-and-stm32f77xxx-advanced-armbased-32bit-mcus-stmicroelectronics_dfsdm.pdf,rm0410-stm32f76xxx-and-stm32f77xxx-advanced-armbased-32bit-mcus-stmicroelectronics_dfsdm,39,SCDF,31,24,7.0,0.0,31:24,7.0:0.0
rm0410-stm32f76xxx-and-stm32f77xxx-advanced-armbased-32bit-mcus-stmicroelectronics_dfsdm.pdf,rm0410-stm32f76xxx-and-stm32f77xxx-advanced-armbased-32bit-mcus-stmicroelectronics_dfsdm,39,CKABF,23,16,7.0,0.0,23:16,7.0:0.0
rm0410-stm32f76xxx-and-stm32f77xxx-advanced-armbased-32bit-mcus-stmicroelectronics_dfsdm.pdf,rm0410-stm32f76xxx-and-stm32f77xxx-advanced-armbased-32bit-mcus-stmicroelectronics_dfsdm,39,RESERVED,15,15,,,15,nan:nan
rm0410-stm32f76xxx-and-stm32f77xxx-advanced-armbased-32bit-mcus-stmicroelectronics_dfsdm.pdf,rm0410-stm32f76xxx-and-stm32f77xxx-advanced-armbased-32bit-mcus-stmicroelectronics_dfsdm,39,RCIP,14,14,,,14,nan:nan
rm0410-stm32f76xxx-and-stm32f77xxx-advanced-armbased-32bit-mcus-stmicroelectronics_dfsdm.pdf,rm0410-stm32f76xxx-and-stm32f77xxx-advanced-armbased-32bit-mcus-stmicroelectronics_dfsdm,39,JCIP,13,13,,,13,nan:nan
rm0410-stm32f76xxx-and-stm32f77xxx-advanced-armbased-32bit-mcus-stmicroelectronics_dfsdm.pdf,rm0410-stm32f76xxx-and-stm32f77xxx-advanced-armbased-32bit-mcus-stmicroelectronics_dfsdm,39,RESERVED,12,5,,,12:5,nan:nan
rm0410-stm32f76xxx-and-stm32f77xxx-advanced-armbased-32bit-mcus-stmicroelectronics_dfsdm.pdf,rm0410-stm32f76xxx-and-stm32f77xxx-advanced-armbased-32bit-mcus-stmicroelectronics_dfsdm,39,AWDF,4,4,,,4,nan:nan
rm0410-stm32f76xxx-and-stm32f77xxx-advanced-armbased-32bit-mcus-stmicroelectronics_dfsdm.pdf,rm0410-stm32f76xxx-and-stm32f77xxx-advanced-armbased-32bit-mcus-stmicroelectronics_dfsdm,40,ROVRF,3,3,,,3,nan:nan
rm0410-stm32f76xxx-and-stm32f77xxx-advanced-armbased-32bit-mcus-stmicroelectronics_dfsdm.pdf,rm0410-stm32f76xxx-and-stm32f77xxx-advanced-armbased-32bit-mcus-stmicroelectronics_dfsdm,40,JOVRF,2,2,,,2,nan:nan
rm0410-stm32f76xxx-and-stm32f77xxx-advanced-armbased-32bit-mcus-stmicroelectronics_dfsdm.pdf,rm0410-stm32f76xxx-and-stm32f77xxx-advanced-armbased-32bit-mcus-stmicroelectronics_dfsdm,40,REOCF,1,1,,,1,nan:nan
rm0410-stm32f76xxx-and-stm32f77xxx-advanced-armbased-32bit-mcus-stmicroelectronics_dfsdm.pdf,rm0410-stm32f76xxx-and-stm32f77xxx-advanced-armbased-32bit-mcus-stmicroelectronics_dfsdm,40,JEOCF,0,0,,,0,nan:nan
rm0410-stm32f76xxx-and-stm32f77xxx-advanced-armbased-32bit-mcus-stmicroelectronics_dfsdm.pdf,rm0410-stm32f76xxx-and-stm32f77xxx-advanced-armbased-32bit-mcus-stmicroelectronics_dfsdm,41,CLRSCDF,31,24,7.0,0.0,31:24,7.0:0.0
rm0410-stm32f76xxx-and-stm32f77xxx-advanced-armbased-32bit-mcus-stmicroelectronics_dfsdm.pdf,rm0410-stm32f76xxx-and-stm32f77xxx-advanced-armbased-32bit-mcus-stmicroelectronics_dfsdm,41,CLRCKABF,23,16,7.0,0.0,23:16,7.0:0.0
rm0410-stm32f76xxx-and-stm32f77xxx-advanced-armbased-32bit-mcus-stmicroelectronics_dfsdm.pdf,rm0410-stm32f76xxx-and-stm32f77xxx-advanced-armbased-32bit-mcus-stmicroelectronics_dfsdm,41,RESERVED,15,4,,,15:4,nan:nan
rm0410-stm32f76xxx-and-stm32f77xxx-advanced-armbased-32bit-mcus-stmicroelectronics_dfsdm.pdf,rm0410-stm32f76xxx-and-stm32f77xxx-advanced-armbased-32bit-mcus-stmicroelectronics_dfsdm,41,CLRROVRF,3,3,,,3,nan:nan
rm0410-stm32f76xxx-and-stm32f77xxx-advanced-armbased-32bit-mcus-stmicroelectronics_dfsdm.pdf,rm0410-stm32f76xxx-and-stm32f77xxx-advanced-armbased-32bit-mcus-stmicroelectronics_dfsdm,41,CLRJOVRF,2,2,,,2,nan:nan
rm0410-stm32f76xxx-and-stm32f77xxx-advanced-armbased-32bit-mcus-stmicroelectronics_dfsdm.pdf,rm0410-stm32f76xxx-and-stm32f77xxx-advanced-armbased-32bit-mcus-stmicroelectronics_dfsdm,41,RESERVED,1,0,,,1:0,nan:nan
rm0410-stm32f76xxx-and-stm32f77xxx-advanced-armbased-32bit-mcus-stmicroelectronics_dfsdm.pdf,rm0410-stm32f76xxx-and-stm32f77xxx-advanced-armbased-32bit-mcus-stmicroelectronics_dfsdm,41,RESERVED,31,8,,,31:8,nan:nan
rm0410-stm32f76xxx-and-stm32f77xxx-advanced-armbased-32bit-mcus-stmicroelectronics_dfsdm.pdf,rm0410-stm32f76xxx-and-stm32f77xxx-advanced-armbased-32bit-mcus-stmicroelectronics_dfsdm,41,JCHG,7,0,7.0,0.0,7:0,7.0:0.0
rm0410-stm32f76xxx-and-stm32f77xxx-advanced-armbased-32bit-mcus-stmicroelectronics_dfsdm.pdf,rm0410-stm32f76xxx-and-stm32f77xxx-advanced-armbased-32bit-mcus-stmicroelectronics_dfsdm,42,FORD,31,29,2.0,0.0,31:29,2.0:0.0
rm0410-stm32f76xxx-and-stm32f77xxx-advanced-armbased-32bit-mcus-stmicroelectronics_dfsdm.pdf,rm0410-stm32f76xxx-and-stm32f77xxx-advanced-armbased-32bit-mcus-stmicroelectronics_dfsdm,42,RESERVED,28,26,,,28:26,nan:nan
rm0410-stm32f76xxx-and-stm32f77xxx-advanced-armbased-32bit-mcus-stmicroelectronics_dfsdm.pdf,rm0410-stm32f76xxx-and-stm32f77xxx-advanced-armbased-32bit-mcus-stmicroelectronics_dfsdm,42,FOSR,25,16,9.0,0.0,25:16,9.0:0.0
rm0410-stm32f76xxx-and-stm32f77xxx-advanced-armbased-32bit-mcus-stmicroelectronics_dfsdm.pdf,rm0410-stm32f76xxx-and-stm32f77xxx-advanced-armbased-32bit-mcus-stmicroelectronics_dfsdm,42,RESERVED,15,8,,,15:8,nan:nan
rm0410-stm32f76xxx-and-stm32f77xxx-advanced-armbased-32bit-mcus-stmicroelectronics_dfsdm.pdf,rm0410-stm32f76xxx-and-stm32f77xxx-advanced-armbased-32bit-mcus-stmicroelectronics_dfsdm,42,IOSR,7,0,7.0,0.0,7:0,7.0:0.0
rm0410-stm32f76xxx-and-stm32f77xxx-advanced-armbased-32bit-mcus-stmicroelectronics_dfsdm.pdf,rm0410-stm32f76xxx-and-stm32f77xxx-advanced-armbased-32bit-mcus-stmicroelectronics_dfsdm,43,JDATA,31,8,23.0,0.0,31:8,23.0:0.0
rm0410-stm32f76xxx-and-stm32f77xxx-advanced-armbased-32bit-mcus-stmicroelectronics_dfsdm.pdf,rm0410-stm32f76xxx-and-stm32f77xxx-advanced-armbased-32bit-mcus-stmicroelectronics_dfsdm,43,RESERVED,7,3,,,7:3,nan:nan
rm0410-stm32f76xxx-and-stm32f77xxx-advanced-armbased-32bit-mcus-stmicroelectronics_dfsdm.pdf,rm0410-stm32f76xxx-and-stm32f77xxx-advanced-armbased-32bit-mcus-stmicroelectronics_dfsdm,43,JDATACH,2,0,2.0,0.0,2:0,2.0:0.0
rm0410-stm32f76xxx-and-stm32f77xxx-advanced-armbased-32bit-mcus-stmicroelectronics_dfsdm.pdf,rm0410-stm32f76xxx-and-stm32f77xxx-advanced-armbased-32bit-mcus-stmicroelectronics_dfsdm,44,RDATA,31,8,23.0,0.0,31:8,23.0:0.0
rm0410-stm32f76xxx-and-stm32f77xxx-advanced-armbased-32bit-mcus-stmicroelectronics_dfsdm.pdf,rm0410-stm32f76xxx-and-stm32f77xxx-advanced-armbased-32bit-mcus-stmicroelectronics_dfsdm,44,RESERVED,7,5,,,7:5,nan:nan
rm0410-stm32f76xxx-and-stm32f77xxx-advanced-armbased-32bit-mcus-stmicroelectronics_dfsdm.pdf,rm0410-stm32f76xxx-and-stm32f77xxx-advanced-armbased-32bit-mcus-stmicroelectronics_dfsdm,44,RPEND,4,4,,,4,nan:nan
rm0410-stm32f76xxx-and-stm32f77xxx-advanced-armbased-32bit-mcus-stmicroelectronics_dfsdm.pdf,rm0410-stm32f76xxx-and-stm32f77xxx-advanced-armbased-32bit-mcus-stmicroelectronics_dfsdm,44,RESERVED,3,3,,,3,nan:nan
rm0410-stm32f76xxx-and-stm32f77xxx-advanced-armbased-32bit-mcus-stmicroelectronics_dfsdm.pdf,rm0410-stm32f76xxx-and-stm32f77xxx-advanced-armbased-32bit-mcus-stmicroelectronics_dfsdm,44,RDATACH,2,0,2.0,0.0,2:0,2.0:0.0
rm0410-stm32f76xxx-and-stm32f77xxx-advanced-armbased-32bit-mcus-stmicroelectronics_dfsdm.pdf,rm0410-stm32f76xxx-and-stm32f77xxx-advanced-armbased-32bit-mcus-stmicroelectronics_dfsdm,44,AWHT,31,8,23.0,0.0,31:8,23.0:0.0
rm0410-stm32f76xxx-and-stm32f77xxx-advanced-armbased-32bit-mcus-stmicroelectronics_dfsdm.pdf,rm0410-stm32f76xxx-and-stm32f77xxx-advanced-armbased-32bit-mcus-stmicroelectronics_dfsdm,44,RESERVED,7,4,,,7:4,nan:nan
rm0410-stm32f76xxx-and-stm32f77xxx-advanced-armbased-32bit-mcus-stmicroelectronics_dfsdm.pdf,rm0410-stm32f76xxx-and-stm32f77xxx-advanced-armbased-32bit-mcus-stmicroelectronics_dfsdm,44,BKAWH,3,0,3.0,0.0,3:0,3.0:0.0
rm0410-stm32f76xxx-and-stm32f77xxx-advanced-armbased-32bit-mcus-stmicroelectronics_dfsdm.pdf,rm0410-stm32f76xxx-and-stm32f77xxx-advanced-armbased-32bit-mcus-stmicroelectronics_dfsdm,45,AWLT,31,8,23.0,0.0,31:8,23.0:0.0
rm0410-stm32f76xxx-and-stm32f77xxx-advanced-armbased-32bit-mcus-stmicroelectronics_dfsdm.pdf,rm0410-stm32f76xxx-and-stm32f77xxx-advanced-armbased-32bit-mcus-stmicroelectronics_dfsdm,45,RESERVED,7,4,,,7:4,nan:nan
rm0410-stm32f76xxx-and-stm32f77xxx-advanced-armbased-32bit-mcus-stmicroelectronics_dfsdm.pdf,rm0410-stm32f76xxx-and-stm32f77xxx-advanced-armbased-32bit-mcus-stmicroelectronics_dfsdm,45,BKAWL,3,0,3.0,0.0,3:0,3.0:0.0
rm0410-stm32f76xxx-and-stm32f77xxx-advanced-armbased-32bit-mcus-stmicroelectronics_dfsdm.pdf,rm0410-stm32f76xxx-and-stm32f77xxx-advanced-armbased-32bit-mcus-stmicroelectronics_dfsdm,45,RESERVED,31,16,,,31:16,nan:nan
rm0410-stm32f76xxx-and-stm32f77xxx-advanced-armbased-32bit-mcus-stmicroelectronics_dfsdm.pdf,rm0410-stm32f76xxx-and-stm32f77xxx-advanced-armbased-32bit-mcus-stmicroelectronics_dfsdm,45,AWHTF,15,8,7.0,0.0,15:8,7.0:0.0
rm0410-stm32f76xxx-and-stm32f77xxx-advanced-armbased-32bit-mcus-stmicroelectronics_dfsdm.pdf,rm0410-stm32f76xxx-and-stm32f77xxx-advanced-armbased-32bit-mcus-stmicroelectronics_dfsdm,45,AWLTF,7,0,7.0,0.0,7:0,7.0:0.0
rm0410-stm32f76xxx-and-stm32f77xxx-advanced-armbased-32bit-mcus-stmicroelectronics_dfsdm.pdf,rm0410-stm32f76xxx-and-stm32f77xxx-advanced-armbased-32bit-mcus-stmicroelectronics_dfsdm,46,RESERVED,31,16,,,31:16,nan:nan
rm0410-stm32f76xxx-and-stm32f77xxx-advanced-armbased-32bit-mcus-stmicroelectronics_dfsdm.pdf,rm0410-stm32f76xxx-and-stm32f77xxx-advanced-armbased-32bit-mcus-stmicroelectronics_dfsdm,46,CLRAWHTF,15,8,7.0,0.0,15:8,7.0:0.0
rm0410-stm32f76xxx-and-stm32f77xxx-advanced-armbased-32bit-mcus-stmicroelectronics_dfsdm.pdf,rm0410-stm32f76xxx-and-stm32f77xxx-advanced-armbased-32bit-mcus-stmicroelectronics_dfsdm,46,CLRAWLTF,7,0,7.0,0.0,7:0,7.0:0.0
rm0410-stm32f76xxx-and-stm32f77xxx-advanced-armbased-32bit-mcus-stmicroelectronics_dfsdm.pdf,rm0410-stm32f76xxx-and-stm32f77xxx-advanced-armbased-32bit-mcus-stmicroelectronics_dfsdm,46,EXMAX,31,8,23.0,0.0,31:8,23.0:0.0
rm0410-stm32f76xxx-and-stm32f77xxx-advanced-armbased-32bit-mcus-stmicroelectronics_dfsdm.pdf,rm0410-stm32f76xxx-and-stm32f77xxx-advanced-armbased-32bit-mcus-stmicroelectronics_dfsdm,46,RESERVED,7,3,,,7:3,nan:nan
rm0410-stm32f76xxx-and-stm32f77xxx-advanced-armbased-32bit-mcus-stmicroelectronics_dfsdm.pdf,rm0410-stm32f76xxx-and-stm32f77xxx-advanced-armbased-32bit-mcus-stmicroelectronics_dfsdm,46,EXMAXCH,2,0,2.0,0.0,2:0,2.0:0.0
rm0410-stm32f76xxx-and-stm32f77xxx-advanced-armbased-32bit-mcus-stmicroelectronics_dfsdm.pdf,rm0410-stm32f76xxx-and-stm32f77xxx-advanced-armbased-32bit-mcus-stmicroelectronics_dfsdm,47,EXMIN,31,8,23.0,0.0,31:8,23.0:0.0
rm0410-stm32f76xxx-and-stm32f77xxx-advanced-armbased-32bit-mcus-stmicroelectronics_dfsdm.pdf,rm0410-stm32f76xxx-and-stm32f77xxx-advanced-armbased-32bit-mcus-stmicroelectronics_dfsdm,47,RESERVED,7,3,,,7:3,nan:nan
rm0410-stm32f76xxx-and-stm32f77xxx-advanced-armbased-32bit-mcus-stmicroelectronics_dfsdm.pdf,rm0410-stm32f76xxx-and-stm32f77xxx-advanced-armbased-32bit-mcus-stmicroelectronics_dfsdm,47,EXMINCH,2,0,2.0,0.0,2:0,2.0:0.0
rm0410-stm32f76xxx-and-stm32f77xxx-advanced-armbased-32bit-mcus-stmicroelectronics_dfsdm.pdf,rm0410-stm32f76xxx-and-stm32f77xxx-advanced-armbased-32bit-mcus-stmicroelectronics_dfsdm,48,CNVCNT,31,4,27.0,0.0,31:4,27.0:0.0
rm0410-stm32f76xxx-and-stm32f77xxx-advanced-armbased-32bit-mcus-stmicroelectronics_dfsdm.pdf,rm0410-stm32f76xxx-and-stm32f77xxx-advanced-armbased-32bit-mcus-stmicroelectronics_dfsdm,48,RESERVED,3,0,,,3:0,nan:nan
rm0430-stm32f413423-advanced-armbased-32bit-mcus-stmicroelectronics_dfsdm.pdf,rm0430-stm32f413423-advanced-armbased-32bit-mcus-stmicroelectronics_dfsdm,34,DFSDMEN,31,31,,,31,nan:nan
rm0430-stm32f413423-advanced-armbased-32bit-mcus-stmicroelectronics_dfsdm.pdf,rm0430-stm32f413423-advanced-armbased-32bit-mcus-stmicroelectronics_dfsdm,34,CKOUTSRC,30,30,,,30,nan:nan
rm0430-stm32f413423-advanced-armbased-32bit-mcus-stmicroelectronics_dfsdm.pdf,rm0430-stm32f413423-advanced-armbased-32bit-mcus-stmicroelectronics_dfsdm,34,RESERVED,29,24,,,29:24,nan:nan
rm0430-stm32f413423-advanced-armbased-32bit-mcus-stmicroelectronics_dfsdm.pdf,rm0430-stm32f413423-advanced-armbased-32bit-mcus-stmicroelectronics_dfsdm,34,CKOUTDIV,23,16,7.0,0.0,23:16,7.0:0.0
rm0430-stm32f413423-advanced-armbased-32bit-mcus-stmicroelectronics_dfsdm.pdf,rm0430-stm32f413423-advanced-armbased-32bit-mcus-stmicroelectronics_dfsdm,34,DATPACK,15,14,1.0,0.0,15:14,1.0:0.0
rm0430-stm32f413423-advanced-armbased-32bit-mcus-stmicroelectronics_dfsdm.pdf,rm0430-stm32f413423-advanced-armbased-32bit-mcus-stmicroelectronics_dfsdm,35,DATMPX,13,12,1.0,0.0,13:12,1.0:0.0
rm0430-stm32f413423-advanced-armbased-32bit-mcus-stmicroelectronics_dfsdm.pdf,rm0430-stm32f413423-advanced-armbased-32bit-mcus-stmicroelectronics_dfsdm,35,RESERVED,11,9,,,11:9,nan:nan
rm0430-stm32f413423-advanced-armbased-32bit-mcus-stmicroelectronics_dfsdm.pdf,rm0430-stm32f413423-advanced-armbased-32bit-mcus-stmicroelectronics_dfsdm,35,CHINSEL,8,8,,,8,nan:nan
rm0430-stm32f413423-advanced-armbased-32bit-mcus-stmicroelectronics_dfsdm.pdf,rm0430-stm32f413423-advanced-armbased-32bit-mcus-stmicroelectronics_dfsdm,35,CHEN,7,7,,,7,nan:nan
rm0430-stm32f413423-advanced-armbased-32bit-mcus-stmicroelectronics_dfsdm.pdf,rm0430-stm32f413423-advanced-armbased-32bit-mcus-stmicroelectronics_dfsdm,35,CKABEN,6,6,,,6,nan:nan
rm0430-stm32f413423-advanced-armbased-32bit-mcus-stmicroelectronics_dfsdm.pdf,rm0430-stm32f413423-advanced-armbased-32bit-mcus-stmicroelectronics_dfsdm,35,SCDEN,5,5,,,5,nan:nan
rm0430-stm32f413423-advanced-armbased-32bit-mcus-stmicroelectronics_dfsdm.pdf,rm0430-stm32f413423-advanced-armbased-32bit-mcus-stmicroelectronics_dfsdm,35,RESERVED,4,4,,,4,nan:nan
rm0430-stm32f413423-advanced-armbased-32bit-mcus-stmicroelectronics_dfsdm.pdf,rm0430-stm32f413423-advanced-armbased-32bit-mcus-stmicroelectronics_dfsdm,35,SPICKSEL,3,2,1.0,0.0,3:2,1.0:0.0
rm0430-stm32f413423-advanced-armbased-32bit-mcus-stmicroelectronics_dfsdm.pdf,rm0430-stm32f413423-advanced-armbased-32bit-mcus-stmicroelectronics_dfsdm,35,SITP,1,0,1.0,0.0,1:0,1.0:0.0
rm0430-stm32f413423-advanced-armbased-32bit-mcus-stmicroelectronics_dfsdm.pdf,rm0430-stm32f413423-advanced-armbased-32bit-mcus-stmicroelectronics_dfsdm,36,OFFSET,31,8,23.0,0.0,31:8,23.0:0.0
rm0430-stm32f413423-advanced-armbased-32bit-mcus-stmicroelectronics_dfsdm.pdf,rm0430-stm32f413423-advanced-armbased-32bit-mcus-stmicroelectronics_dfsdm,36,DTRBS,7,3,4.0,0.0,7:3,4.0:0.0
rm0430-stm32f413423-advanced-armbased-32bit-mcus-stmicroelectronics_dfsdm.pdf,rm0430-stm32f413423-advanced-armbased-32bit-mcus-stmicroelectronics_dfsdm,36,RESERVED,2,0,,,2:0,nan:nan
rm0430-stm32f413423-advanced-armbased-32bit-mcus-stmicroelectronics_dfsdm.pdf,rm0430-stm32f413423-advanced-armbased-32bit-mcus-stmicroelectronics_dfsdm,37,RESERVED,31,24,,,31:24,nan:nan
rm0430-stm32f413423-advanced-armbased-32bit-mcus-stmicroelectronics_dfsdm.pdf,rm0430-stm32f413423-advanced-armbased-32bit-mcus-stmicroelectronics_dfsdm,37,AWFORD,23,22,1.0,0.0,23:22,1.0:0.0
rm0430-stm32f413423-advanced-armbased-32bit-mcus-stmicroelectronics_dfsdm.pdf,rm0430-stm32f413423-advanced-armbased-32bit-mcus-stmicroelectronics_dfsdm,37,RESERVED,21,21,,,21,nan:nan
rm0430-stm32f413423-advanced-armbased-32bit-mcus-stmicroelectronics_dfsdm.pdf,rm0430-stm32f413423-advanced-armbased-32bit-mcus-stmicroelectronics_dfsdm,37,AWFOSR,20,16,4.0,0.0,20:16,4.0:0.0
rm0430-stm32f413423-advanced-armbased-32bit-mcus-stmicroelectronics_dfsdm.pdf,rm0430-stm32f413423-advanced-armbased-32bit-mcus-stmicroelectronics_dfsdm,37,BKSCD,15,12,3.0,0.0,15:12,3.0:0.0
rm0430-stm32f413423-advanced-armbased-32bit-mcus-stmicroelectronics_dfsdm.pdf,rm0430-stm32f413423-advanced-armbased-32bit-mcus-stmicroelectronics_dfsdm,37,RESERVED,11,8,,,11:8,nan:nan
rm0430-stm32f413423-advanced-armbased-32bit-mcus-stmicroelectronics_dfsdm.pdf,rm0430-stm32f413423-advanced-armbased-32bit-mcus-stmicroelectronics_dfsdm,37,SCDT,7,0,7.0,0.0,7:0,7.0:0.0
rm0430-stm32f413423-advanced-armbased-32bit-mcus-stmicroelectronics_dfsdm.pdf,rm0430-stm32f413423-advanced-armbased-32bit-mcus-stmicroelectronics_dfsdm,38,RESERVED,31,16,,,31:16,nan:nan
rm0430-stm32f413423-advanced-armbased-32bit-mcus-stmicroelectronics_dfsdm.pdf,rm0430-stm32f413423-advanced-armbased-32bit-mcus-stmicroelectronics_dfsdm,38,WDATA,15,0,15.0,0.0,15:0,15.0:0.0
rm0430-stm32f413423-advanced-armbased-32bit-mcus-stmicroelectronics_dfsdm.pdf,rm0430-stm32f413423-advanced-armbased-32bit-mcus-stmicroelectronics_dfsdm,38,INDAT1,31,16,15.0,0.0,31:16,15.0:0.0
rm0430-stm32f413423-advanced-armbased-32bit-mcus-stmicroelectronics_dfsdm.pdf,rm0430-stm32f413423-advanced-armbased-32bit-mcus-stmicroelectronics_dfsdm,38,INDAT0,15,0,15.0,0.0,15:0,15.0:0.0
rm0430-stm32f413423-advanced-armbased-32bit-mcus-stmicroelectronics_dfsdm.pdf,rm0430-stm32f413423-advanced-armbased-32bit-mcus-stmicroelectronics_dfsdm,39,RESERVED,31,31,,,31,nan:nan
rm0430-stm32f413423-advanced-armbased-32bit-mcus-stmicroelectronics_dfsdm.pdf,rm0430-stm32f413423-advanced-armbased-32bit-mcus-stmicroelectronics_dfsdm,39,AWFSEL,30,30,,,30,nan:nan
rm0430-stm32f413423-advanced-armbased-32bit-mcus-stmicroelectronics_dfsdm.pdf,rm0430-stm32f413423-advanced-armbased-32bit-mcus-stmicroelectronics_dfsdm,39,FAST,29,29,,,29,nan:nan
rm0430-stm32f413423-advanced-armbased-32bit-mcus-stmicroelectronics_dfsdm.pdf,rm0430-stm32f413423-advanced-armbased-32bit-mcus-stmicroelectronics_dfsdm,39,RESERVED,28,27,,,28:27,nan:nan
rm0430-stm32f413423-advanced-armbased-32bit-mcus-stmicroelectronics_dfsdm.pdf,rm0430-stm32f413423-advanced-armbased-32bit-mcus-stmicroelectronics_dfsdm,39,RCH,26,24,2.0,0.0,26:24,2.0:0.0
rm0430-stm32f413423-advanced-armbased-32bit-mcus-stmicroelectronics_dfsdm.pdf,rm0430-stm32f413423-advanced-armbased-32bit-mcus-stmicroelectronics_dfsdm,39,RESERVED,23,22,,,23:22,nan:nan
rm0430-stm32f413423-advanced-armbased-32bit-mcus-stmicroelectronics_dfsdm.pdf,rm0430-stm32f413423-advanced-armbased-32bit-mcus-stmicroelectronics_dfsdm,40,RDMAEN,21,21,,,21,nan:nan
rm0430-stm32f413423-advanced-armbased-32bit-mcus-stmicroelectronics_dfsdm.pdf,rm0430-stm32f413423-advanced-armbased-32bit-mcus-stmicroelectronics_dfsdm,40,RESERVED,20,20,,,20,nan:nan
rm0430-stm32f413423-advanced-armbased-32bit-mcus-stmicroelectronics_dfsdm.pdf,rm0430-stm32f413423-advanced-armbased-32bit-mcus-stmicroelectronics_dfsdm,40,RSYNC,19,19,,,19,nan:nan
rm0430-stm32f413423-advanced-armbased-32bit-mcus-stmicroelectronics_dfsdm.pdf,rm0430-stm32f413423-advanced-armbased-32bit-mcus-stmicroelectronics_dfsdm,40,RCONT,18,18,,,18,nan:nan
rm0430-stm32f413423-advanced-armbased-32bit-mcus-stmicroelectronics_dfsdm.pdf,rm0430-stm32f413423-advanced-armbased-32bit-mcus-stmicroelectronics_dfsdm,40,RSWSTART,17,17,,,17,nan:nan
rm0430-stm32f413423-advanced-armbased-32bit-mcus-stmicroelectronics_dfsdm.pdf,rm0430-stm32f413423-advanced-armbased-32bit-mcus-stmicroelectronics_dfsdm,40,RESERVED,16,15,,,16:15,nan:nan
rm0430-stm32f413423-advanced-armbased-32bit-mcus-stmicroelectronics_dfsdm.pdf,rm0430-stm32f413423-advanced-armbased-32bit-mcus-stmicroelectronics_dfsdm,40,JEXTEN,14,13,1.0,0.0,14:13,1.0:0.0
rm0430-stm32f413423-advanced-armbased-32bit-mcus-stmicroelectronics_dfsdm.pdf,rm0430-stm32f413423-advanced-armbased-32bit-mcus-stmicroelectronics_dfsdm,40,RESERVED,12,11,,,12:11,nan:nan
rm0430-stm32f413423-advanced-armbased-32bit-mcus-stmicroelectronics_dfsdm.pdf,rm0430-stm32f413423-advanced-armbased-32bit-mcus-stmicroelectronics_dfsdm,40,JEXTSEL,10,8,2.0,0.0,10:8,2.0:0.0
rm0430-stm32f413423-advanced-armbased-32bit-mcus-stmicroelectronics_dfsdm.pdf,rm0430-stm32f413423-advanced-armbased-32bit-mcus-stmicroelectronics_dfsdm,41,RESERVED,7,6,,,7:6,nan:nan
rm0430-stm32f413423-advanced-armbased-32bit-mcus-stmicroelectronics_dfsdm.pdf,rm0430-stm32f413423-advanced-armbased-32bit-mcus-stmicroelectronics_dfsdm,41,JDMAEN,5,5,,,5,nan:nan
rm0430-stm32f413423-advanced-armbased-32bit-mcus-stmicroelectronics_dfsdm.pdf,rm0430-stm32f413423-advanced-armbased-32bit-mcus-stmicroelectronics_dfsdm,41,JSCAN,4,4,,,4,nan:nan
rm0430-stm32f413423-advanced-armbased-32bit-mcus-stmicroelectronics_dfsdm.pdf,rm0430-stm32f413423-advanced-armbased-32bit-mcus-stmicroelectronics_dfsdm,41,JSYNC,3,3,,,3,nan:nan
rm0430-stm32f413423-advanced-armbased-32bit-mcus-stmicroelectronics_dfsdm.pdf,rm0430-stm32f413423-advanced-armbased-32bit-mcus-stmicroelectronics_dfsdm,41,RESERVED,2,2,,,2,nan:nan
rm0430-stm32f413423-advanced-armbased-32bit-mcus-stmicroelectronics_dfsdm.pdf,rm0430-stm32f413423-advanced-armbased-32bit-mcus-stmicroelectronics_dfsdm,41,JSWSTART,1,1,,,1,nan:nan
rm0430-stm32f413423-advanced-armbased-32bit-mcus-stmicroelectronics_dfsdm.pdf,rm0430-stm32f413423-advanced-armbased-32bit-mcus-stmicroelectronics_dfsdm,41,DFEN,0,0,,,0,nan:nan
rm0430-stm32f413423-advanced-armbased-32bit-mcus-stmicroelectronics_dfsdm.pdf,rm0430-stm32f413423-advanced-armbased-32bit-mcus-stmicroelectronics_dfsdm,42,RESERVED,31,24,,,31:24,nan:nan
rm0430-stm32f413423-advanced-armbased-32bit-mcus-stmicroelectronics_dfsdm.pdf,rm0430-stm32f413423-advanced-armbased-32bit-mcus-stmicroelectronics_dfsdm,42,AWDCH,23,16,7.0,0.0,23:16,7.0:0.0
rm0430-stm32f413423-advanced-armbased-32bit-mcus-stmicroelectronics_dfsdm.pdf,rm0430-stm32f413423-advanced-armbased-32bit-mcus-stmicroelectronics_dfsdm,42,EXCH,15,8,7.0,0.0,15:8,7.0:0.0
rm0430-stm32f413423-advanced-armbased-32bit-mcus-stmicroelectronics_dfsdm.pdf,rm0430-stm32f413423-advanced-armbased-32bit-mcus-stmicroelectronics_dfsdm,42,RESERVED,7,7,,,7,nan:nan
rm0430-stm32f413423-advanced-armbased-32bit-mcus-stmicroelectronics_dfsdm.pdf,rm0430-stm32f413423-advanced-armbased-32bit-mcus-stmicroelectronics_dfsdm,42,CKABIE,6,6,,,6,nan:nan
rm0430-stm32f413423-advanced-armbased-32bit-mcus-stmicroelectronics_dfsdm.pdf,rm0430-stm32f413423-advanced-armbased-32bit-mcus-stmicroelectronics_dfsdm,42,SCDIE,5,5,,,5,nan:nan
rm0430-stm32f413423-advanced-armbased-32bit-mcus-stmicroelectronics_dfsdm.pdf,rm0430-stm32f413423-advanced-armbased-32bit-mcus-stmicroelectronics_dfsdm,42,AWDIE,4,4,,,4,nan:nan
rm0430-stm32f413423-advanced-armbased-32bit-mcus-stmicroelectronics_dfsdm.pdf,rm0430-stm32f413423-advanced-armbased-32bit-mcus-stmicroelectronics_dfsdm,42,ROVRIE,3,3,,,3,nan:nan
rm0430-stm32f413423-advanced-armbased-32bit-mcus-stmicroelectronics_dfsdm.pdf,rm0430-stm32f413423-advanced-armbased-32bit-mcus-stmicroelectronics_dfsdm,43,JOVRIE,2,2,,,2,nan:nan
rm0430-stm32f413423-advanced-armbased-32bit-mcus-stmicroelectronics_dfsdm.pdf,rm0430-stm32f413423-advanced-armbased-32bit-mcus-stmicroelectronics_dfsdm,43,REOCIE,1,1,,,1,nan:nan
rm0430-stm32f413423-advanced-armbased-32bit-mcus-stmicroelectronics_dfsdm.pdf,rm0430-stm32f413423-advanced-armbased-32bit-mcus-stmicroelectronics_dfsdm,43,JEOCIE,0,0,,,0,nan:nan
rm0430-stm32f413423-advanced-armbased-32bit-mcus-stmicroelectronics_dfsdm.pdf,rm0430-stm32f413423-advanced-armbased-32bit-mcus-stmicroelectronics_dfsdm,43,SCDF,31,24,7.0,0.0,31:24,7.0:0.0
rm0430-stm32f413423-advanced-armbased-32bit-mcus-stmicroelectronics_dfsdm.pdf,rm0430-stm32f413423-advanced-armbased-32bit-mcus-stmicroelectronics_dfsdm,43,CKABF,23,16,7.0,0.0,23:16,7.0:0.0
rm0430-stm32f413423-advanced-armbased-32bit-mcus-stmicroelectronics_dfsdm.pdf,rm0430-stm32f413423-advanced-armbased-32bit-mcus-stmicroelectronics_dfsdm,43,RESERVED,15,15,,,15,nan:nan
rm0430-stm32f413423-advanced-armbased-32bit-mcus-stmicroelectronics_dfsdm.pdf,rm0430-stm32f413423-advanced-armbased-32bit-mcus-stmicroelectronics_dfsdm,43,RCIP,14,14,,,14,nan:nan
rm0430-stm32f413423-advanced-armbased-32bit-mcus-stmicroelectronics_dfsdm.pdf,rm0430-stm32f413423-advanced-armbased-32bit-mcus-stmicroelectronics_dfsdm,44,JCIP,13,13,,,13,nan:nan
rm0430-stm32f413423-advanced-armbased-32bit-mcus-stmicroelectronics_dfsdm.pdf,rm0430-stm32f413423-advanced-armbased-32bit-mcus-stmicroelectronics_dfsdm,44,RESERVED,12,5,,,12:5,nan:nan
rm0430-stm32f413423-advanced-armbased-32bit-mcus-stmicroelectronics_dfsdm.pdf,rm0430-stm32f413423-advanced-armbased-32bit-mcus-stmicroelectronics_dfsdm,44,AWDF,4,4,,,4,nan:nan
rm0430-stm32f413423-advanced-armbased-32bit-mcus-stmicroelectronics_dfsdm.pdf,rm0430-stm32f413423-advanced-armbased-32bit-mcus-stmicroelectronics_dfsdm,44,ROVRF,3,3,,,3,nan:nan
rm0430-stm32f413423-advanced-armbased-32bit-mcus-stmicroelectronics_dfsdm.pdf,rm0430-stm32f413423-advanced-armbased-32bit-mcus-stmicroelectronics_dfsdm,44,JOVRF,2,2,,,2,nan:nan
rm0430-stm32f413423-advanced-armbased-32bit-mcus-stmicroelectronics_dfsdm.pdf,rm0430-stm32f413423-advanced-armbased-32bit-mcus-stmicroelectronics_dfsdm,44,REOCF,1,1,,,1,nan:nan
rm0430-stm32f413423-advanced-armbased-32bit-mcus-stmicroelectronics_dfsdm.pdf,rm0430-stm32f413423-advanced-armbased-32bit-mcus-stmicroelectronics_dfsdm,44,JEOCF,0,0,,,0,nan:nan
rm0430-stm32f413423-advanced-armbased-32bit-mcus-stmicroelectronics_dfsdm.pdf,rm0430-stm32f413423-advanced-armbased-32bit-mcus-stmicroelectronics_dfsdm,45,CLRSCDF,31,24,7.0,0.0,31:24,7.0:0.0
rm0430-stm32f413423-advanced-armbased-32bit-mcus-stmicroelectronics_dfsdm.pdf,rm0430-stm32f413423-advanced-armbased-32bit-mcus-stmicroelectronics_dfsdm,45,CLRCKABF,23,16,7.0,0.0,23:16,7.0:0.0
rm0430-stm32f413423-advanced-armbased-32bit-mcus-stmicroelectronics_dfsdm.pdf,rm0430-stm32f413423-advanced-armbased-32bit-mcus-stmicroelectronics_dfsdm,45,RESERVED,15,4,,,15:4,nan:nan
rm0430-stm32f413423-advanced-armbased-32bit-mcus-stmicroelectronics_dfsdm.pdf,rm0430-stm32f413423-advanced-armbased-32bit-mcus-stmicroelectronics_dfsdm,45,CLRROVRF,3,3,,,3,nan:nan
rm0430-stm32f413423-advanced-armbased-32bit-mcus-stmicroelectronics_dfsdm.pdf,rm0430-stm32f413423-advanced-armbased-32bit-mcus-stmicroelectronics_dfsdm,45,CLRJOVRF,2,2,,,2,nan:nan
rm0430-stm32f413423-advanced-armbased-32bit-mcus-stmicroelectronics_dfsdm.pdf,rm0430-stm32f413423-advanced-armbased-32bit-mcus-stmicroelectronics_dfsdm,45,RESERVED,1,0,,,1:0,nan:nan
rm0430-stm32f413423-advanced-armbased-32bit-mcus-stmicroelectronics_dfsdm.pdf,rm0430-stm32f413423-advanced-armbased-32bit-mcus-stmicroelectronics_dfsdm,46,RESERVED,31,8,,,31:8,nan:nan
rm0430-stm32f413423-advanced-armbased-32bit-mcus-stmicroelectronics_dfsdm.pdf,rm0430-stm32f413423-advanced-armbased-32bit-mcus-stmicroelectronics_dfsdm,46,JCHG,7,0,7.0,0.0,7:0,7.0:0.0
rm0430-stm32f413423-advanced-armbased-32bit-mcus-stmicroelectronics_dfsdm.pdf,rm0430-stm32f413423-advanced-armbased-32bit-mcus-stmicroelectronics_dfsdm,47,FORD,31,29,2.0,0.0,31:29,2.0:0.0
rm0430-stm32f413423-advanced-armbased-32bit-mcus-stmicroelectronics_dfsdm.pdf,rm0430-stm32f413423-advanced-armbased-32bit-mcus-stmicroelectronics_dfsdm,47,RESERVED,28,26,,,28:26,nan:nan
rm0430-stm32f413423-advanced-armbased-32bit-mcus-stmicroelectronics_dfsdm.pdf,rm0430-stm32f413423-advanced-armbased-32bit-mcus-stmicroelectronics_dfsdm,47,FOSR,25,16,9.0,0.0,25:16,9.0:0.0
rm0430-stm32f413423-advanced-armbased-32bit-mcus-stmicroelectronics_dfsdm.pdf,rm0430-stm32f413423-advanced-armbased-32bit-mcus-stmicroelectronics_dfsdm,47,RESERVED,15,8,,,15:8,nan:nan
rm0430-stm32f413423-advanced-armbased-32bit-mcus-stmicroelectronics_dfsdm.pdf,rm0430-stm32f413423-advanced-armbased-32bit-mcus-stmicroelectronics_dfsdm,47,IOSR,7,0,7.0,0.0,7:0,7.0:0.0
rm0430-stm32f413423-advanced-armbased-32bit-mcus-stmicroelectronics_dfsdm.pdf,rm0430-stm32f413423-advanced-armbased-32bit-mcus-stmicroelectronics_dfsdm,48,JDATA,31,8,23.0,0.0,31:8,23.0:0.0
rm0430-stm32f413423-advanced-armbased-32bit-mcus-stmicroelectronics_dfsdm.pdf,rm0430-stm32f413423-advanced-armbased-32bit-mcus-stmicroelectronics_dfsdm,48,RESERVED,7,3,,,7:3,nan:nan
rm0430-stm32f413423-advanced-armbased-32bit-mcus-stmicroelectronics_dfsdm.pdf,rm0430-stm32f413423-advanced-armbased-32bit-mcus-stmicroelectronics_dfsdm,48,JDATACH,2,0,2.0,0.0,2:0,2.0:0.0
rm0430-stm32f413423-advanced-armbased-32bit-mcus-stmicroelectronics_dfsdm.pdf,rm0430-stm32f413423-advanced-armbased-32bit-mcus-stmicroelectronics_dfsdm,48,RDATA,31,8,23.0,0.0,31:8,23.0:0.0
rm0430-stm32f413423-advanced-armbased-32bit-mcus-stmicroelectronics_dfsdm.pdf,rm0430-stm32f413423-advanced-armbased-32bit-mcus-stmicroelectronics_dfsdm,48,RESERVED,7,5,,,7:5,nan:nan
rm0430-stm32f413423-advanced-armbased-32bit-mcus-stmicroelectronics_dfsdm.pdf,rm0430-stm32f413423-advanced-armbased-32bit-mcus-stmicroelectronics_dfsdm,48,RPEND,4,4,,,4,nan:nan
rm0430-stm32f413423-advanced-armbased-32bit-mcus-stmicroelectronics_dfsdm.pdf,rm0430-stm32f413423-advanced-armbased-32bit-mcus-stmicroelectronics_dfsdm,48,RESERVED,3,3,,,3,nan:nan
rm0430-stm32f413423-advanced-armbased-32bit-mcus-stmicroelectronics_dfsdm.pdf,rm0430-stm32f413423-advanced-armbased-32bit-mcus-stmicroelectronics_dfsdm,48,RDATACH,2,0,2.0,0.0,2:0,2.0:0.0
rm0430-stm32f413423-advanced-armbased-32bit-mcus-stmicroelectronics_dfsdm.pdf,rm0430-stm32f413423-advanced-armbased-32bit-mcus-stmicroelectronics_dfsdm,49,AWHT,31,8,23.0,0.0,31:8,23.0:0.0
rm0430-stm32f413423-advanced-armbased-32bit-mcus-stmicroelectronics_dfsdm.pdf,rm0430-stm32f413423-advanced-armbased-32bit-mcus-stmicroelectronics_dfsdm,49,RESERVED,7,4,,,7:4,nan:nan
rm0430-stm32f413423-advanced-armbased-32bit-mcus-stmicroelectronics_dfsdm.pdf,rm0430-stm32f413423-advanced-armbased-32bit-mcus-stmicroelectronics_dfsdm,49,BKAWH,3,0,3.0,0.0,3:0,3.0:0.0
rm0430-stm32f413423-advanced-armbased-32bit-mcus-stmicroelectronics_dfsdm.pdf,rm0430-stm32f413423-advanced-armbased-32bit-mcus-stmicroelectronics_dfsdm,50,AWLT,31,8,23.0,0.0,31:8,23.0:0.0
rm0430-stm32f413423-advanced-armbased-32bit-mcus-stmicroelectronics_dfsdm.pdf,rm0430-stm32f413423-advanced-armbased-32bit-mcus-stmicroelectronics_dfsdm,50,RESERVED,7,4,,,7:4,nan:nan
rm0430-stm32f413423-advanced-armbased-32bit-mcus-stmicroelectronics_dfsdm.pdf,rm0430-stm32f413423-advanced-armbased-32bit-mcus-stmicroelectronics_dfsdm,50,BKAWL,3,0,3.0,0.0,3:0,3.0:0.0
rm0430-stm32f413423-advanced-armbased-32bit-mcus-stmicroelectronics_dfsdm.pdf,rm0430-stm32f413423-advanced-armbased-32bit-mcus-stmicroelectronics_dfsdm,50,RESERVED,31,16,,,31:16,nan:nan
rm0430-stm32f413423-advanced-armbased-32bit-mcus-stmicroelectronics_dfsdm.pdf,rm0430-stm32f413423-advanced-armbased-32bit-mcus-stmicroelectronics_dfsdm,50,AWHTF,15,8,7.0,0.0,15:8,7.0:0.0
rm0430-stm32f413423-advanced-armbased-32bit-mcus-stmicroelectronics_dfsdm.pdf,rm0430-stm32f413423-advanced-armbased-32bit-mcus-stmicroelectronics_dfsdm,50,AWLTF,7,0,7.0,0.0,7:0,7.0:0.0
rm0430-stm32f413423-advanced-armbased-32bit-mcus-stmicroelectronics_dfsdm.pdf,rm0430-stm32f413423-advanced-armbased-32bit-mcus-stmicroelectronics_dfsdm,51,RESERVED,31,16,,,31:16,nan:nan
rm0430-stm32f413423-advanced-armbased-32bit-mcus-stmicroelectronics_dfsdm.pdf,rm0430-stm32f413423-advanced-armbased-32bit-mcus-stmicroelectronics_dfsdm,51,CLRAWHTF,15,8,7.0,0.0,15:8,7.0:0.0
rm0430-stm32f413423-advanced-armbased-32bit-mcus-stmicroelectronics_dfsdm.pdf,rm0430-stm32f413423-advanced-armbased-32bit-mcus-stmicroelectronics_dfsdm,51,CLRAWLTF,7,0,7.0,0.0,7:0,7.0:0.0
rm0430-stm32f413423-advanced-armbased-32bit-mcus-stmicroelectronics_dfsdm.pdf,rm0430-stm32f413423-advanced-armbased-32bit-mcus-stmicroelectronics_dfsdm,51,EXMAX,31,8,23.0,0.0,31:8,23.0:0.0
rm0430-stm32f413423-advanced-armbased-32bit-mcus-stmicroelectronics_dfsdm.pdf,rm0430-stm32f413423-advanced-armbased-32bit-mcus-stmicroelectronics_dfsdm,51,RESERVED,7,3,,,7:3,nan:nan
rm0430-stm32f413423-advanced-armbased-32bit-mcus-stmicroelectronics_dfsdm.pdf,rm0430-stm32f413423-advanced-armbased-32bit-mcus-stmicroelectronics_dfsdm,51,EXMAXCH,2,0,2.0,0.0,2:0,2.0:0.0
rm0430-stm32f413423-advanced-armbased-32bit-mcus-stmicroelectronics_dfsdm.pdf,rm0430-stm32f413423-advanced-armbased-32bit-mcus-stmicroelectronics_dfsdm,52,EXMIN,31,8,23.0,0.0,31:8,23.0:0.0
rm0430-stm32f413423-advanced-armbased-32bit-mcus-stmicroelectronics_dfsdm.pdf,rm0430-stm32f413423-advanced-armbased-32bit-mcus-stmicroelectronics_dfsdm,52,RESERVED,7,3,,,7:3,nan:nan
rm0430-stm32f413423-advanced-armbased-32bit-mcus-stmicroelectronics_dfsdm.pdf,rm0430-stm32f413423-advanced-armbased-32bit-mcus-stmicroelectronics_dfsdm,52,EXMINCH,2,0,2.0,0.0,2:0,2.0:0.0
rm0430-stm32f413423-advanced-armbased-32bit-mcus-stmicroelectronics_dfsdm.pdf,rm0430-stm32f413423-advanced-armbased-32bit-mcus-stmicroelectronics_dfsdm,53,CNVCNT,31,4,27.0,0.0,31:4,27.0:0.0
rm0430-stm32f413423-advanced-armbased-32bit-mcus-stmicroelectronics_dfsdm.pdf,rm0430-stm32f413423-advanced-armbased-32bit-mcus-stmicroelectronics_dfsdm,53,RESERVED,3,0,,,3:0,nan:nan
rm0432-stm32l4-series-advanced-armbased-32bit-mcus-stmicroelectronics_dfsdm.pdf,rm0432-stm32l4-series-advanced-armbased-32bit-mcus-stmicroelectronics_dfsdm,31,DFSDMEN,31,31,,,31,nan:nan
rm0432-stm32l4-series-advanced-armbased-32bit-mcus-stmicroelectronics_dfsdm.pdf,rm0432-stm32l4-series-advanced-armbased-32bit-mcus-stmicroelectronics_dfsdm,31,CKOUTSRC,30,30,,,30,nan:nan
rm0432-stm32l4-series-advanced-armbased-32bit-mcus-stmicroelectronics_dfsdm.pdf,rm0432-stm32l4-series-advanced-armbased-32bit-mcus-stmicroelectronics_dfsdm,31,RESERVED,29,24,,,29:24,nan:nan
rm0432-stm32l4-series-advanced-armbased-32bit-mcus-stmicroelectronics_dfsdm.pdf,rm0432-stm32l4-series-advanced-armbased-32bit-mcus-stmicroelectronics_dfsdm,32,CKOUTDIV,23,16,7.0,0.0,23:16,7.0:0.0
rm0432-stm32l4-series-advanced-armbased-32bit-mcus-stmicroelectronics_dfsdm.pdf,rm0432-stm32l4-series-advanced-armbased-32bit-mcus-stmicroelectronics_dfsdm,32,DATPACK,15,14,1.0,0.0,15:14,1.0:0.0
rm0432-stm32l4-series-advanced-armbased-32bit-mcus-stmicroelectronics_dfsdm.pdf,rm0432-stm32l4-series-advanced-armbased-32bit-mcus-stmicroelectronics_dfsdm,32,DATMPX,13,12,1.0,0.0,13:12,1.0:0.0
rm0432-stm32l4-series-advanced-armbased-32bit-mcus-stmicroelectronics_dfsdm.pdf,rm0432-stm32l4-series-advanced-armbased-32bit-mcus-stmicroelectronics_dfsdm,32,RESERVED,11,9,,,11:9,nan:nan
rm0432-stm32l4-series-advanced-armbased-32bit-mcus-stmicroelectronics_dfsdm.pdf,rm0432-stm32l4-series-advanced-armbased-32bit-mcus-stmicroelectronics_dfsdm,32,CHINSEL,8,8,,,8,nan:nan
rm0432-stm32l4-series-advanced-armbased-32bit-mcus-stmicroelectronics_dfsdm.pdf,rm0432-stm32l4-series-advanced-armbased-32bit-mcus-stmicroelectronics_dfsdm,32,CHEN,7,7,,,7,nan:nan
rm0432-stm32l4-series-advanced-armbased-32bit-mcus-stmicroelectronics_dfsdm.pdf,rm0432-stm32l4-series-advanced-armbased-32bit-mcus-stmicroelectronics_dfsdm,33,CKABEN,6,6,,,6,nan:nan
rm0432-stm32l4-series-advanced-armbased-32bit-mcus-stmicroelectronics_dfsdm.pdf,rm0432-stm32l4-series-advanced-armbased-32bit-mcus-stmicroelectronics_dfsdm,33,SCDEN,5,5,,,5,nan:nan
rm0432-stm32l4-series-advanced-armbased-32bit-mcus-stmicroelectronics_dfsdm.pdf,rm0432-stm32l4-series-advanced-armbased-32bit-mcus-stmicroelectronics_dfsdm,33,RESERVED,4,4,,,4,nan:nan
rm0432-stm32l4-series-advanced-armbased-32bit-mcus-stmicroelectronics_dfsdm.pdf,rm0432-stm32l4-series-advanced-armbased-32bit-mcus-stmicroelectronics_dfsdm,33,SPICKSEL,3,2,1.0,0.0,3:2,1.0:0.0
rm0432-stm32l4-series-advanced-armbased-32bit-mcus-stmicroelectronics_dfsdm.pdf,rm0432-stm32l4-series-advanced-armbased-32bit-mcus-stmicroelectronics_dfsdm,33,SITP,1,0,1.0,0.0,1:0,1.0:0.0
rm0432-stm32l4-series-advanced-armbased-32bit-mcus-stmicroelectronics_dfsdm.pdf,rm0432-stm32l4-series-advanced-armbased-32bit-mcus-stmicroelectronics_dfsdm,34,OFFSET,31,8,23.0,0.0,31:8,23.0:0.0
rm0432-stm32l4-series-advanced-armbased-32bit-mcus-stmicroelectronics_dfsdm.pdf,rm0432-stm32l4-series-advanced-armbased-32bit-mcus-stmicroelectronics_dfsdm,34,DTRBS,7,3,4.0,0.0,7:3,4.0:0.0
rm0432-stm32l4-series-advanced-armbased-32bit-mcus-stmicroelectronics_dfsdm.pdf,rm0432-stm32l4-series-advanced-armbased-32bit-mcus-stmicroelectronics_dfsdm,34,RESERVED,2,0,,,2:0,nan:nan
rm0432-stm32l4-series-advanced-armbased-32bit-mcus-stmicroelectronics_dfsdm.pdf,rm0432-stm32l4-series-advanced-armbased-32bit-mcus-stmicroelectronics_dfsdm,34,RESERVED,31,24,,,31:24,nan:nan
rm0432-stm32l4-series-advanced-armbased-32bit-mcus-stmicroelectronics_dfsdm.pdf,rm0432-stm32l4-series-advanced-armbased-32bit-mcus-stmicroelectronics_dfsdm,34,AWFORD,23,22,1.0,0.0,23:22,1.0:0.0
rm0432-stm32l4-series-advanced-armbased-32bit-mcus-stmicroelectronics_dfsdm.pdf,rm0432-stm32l4-series-advanced-armbased-32bit-mcus-stmicroelectronics_dfsdm,34,RESERVED,21,21,,,21,nan:nan
rm0432-stm32l4-series-advanced-armbased-32bit-mcus-stmicroelectronics_dfsdm.pdf,rm0432-stm32l4-series-advanced-armbased-32bit-mcus-stmicroelectronics_dfsdm,34,AWFOSR,20,16,4.0,0.0,20:16,4.0:0.0
rm0432-stm32l4-series-advanced-armbased-32bit-mcus-stmicroelectronics_dfsdm.pdf,rm0432-stm32l4-series-advanced-armbased-32bit-mcus-stmicroelectronics_dfsdm,35,BKSCD,15,12,3.0,0.0,15:12,3.0:0.0
rm0432-stm32l4-series-advanced-armbased-32bit-mcus-stmicroelectronics_dfsdm.pdf,rm0432-stm32l4-series-advanced-armbased-32bit-mcus-stmicroelectronics_dfsdm,35,RESERVED,11,8,,,11:8,nan:nan
rm0432-stm32l4-series-advanced-armbased-32bit-mcus-stmicroelectronics_dfsdm.pdf,rm0432-stm32l4-series-advanced-armbased-32bit-mcus-stmicroelectronics_dfsdm,35,SCDT,7,0,7.0,0.0,7:0,7.0:0.0
rm0432-stm32l4-series-advanced-armbased-32bit-mcus-stmicroelectronics_dfsdm.pdf,rm0432-stm32l4-series-advanced-armbased-32bit-mcus-stmicroelectronics_dfsdm,35,RESERVED,31,16,,,31:16,nan:nan
rm0432-stm32l4-series-advanced-armbased-32bit-mcus-stmicroelectronics_dfsdm.pdf,rm0432-stm32l4-series-advanced-armbased-32bit-mcus-stmicroelectronics_dfsdm,35,WDATA,15,0,15.0,0.0,15:0,15.0:0.0
rm0432-stm32l4-series-advanced-armbased-32bit-mcus-stmicroelectronics_dfsdm.pdf,rm0432-stm32l4-series-advanced-armbased-32bit-mcus-stmicroelectronics_dfsdm,36,INDAT1,31,16,15.0,0.0,31:16,15.0:0.0
rm0432-stm32l4-series-advanced-armbased-32bit-mcus-stmicroelectronics_dfsdm.pdf,rm0432-stm32l4-series-advanced-armbased-32bit-mcus-stmicroelectronics_dfsdm,36,INDAT0,15,0,15.0,0.0,15:0,15.0:0.0
rm0432-stm32l4-series-advanced-armbased-32bit-mcus-stmicroelectronics_dfsdm.pdf,rm0432-stm32l4-series-advanced-armbased-32bit-mcus-stmicroelectronics_dfsdm,37,RESERVED,31,6,,,31:6,nan:nan
rm0432-stm32l4-series-advanced-armbased-32bit-mcus-stmicroelectronics_dfsdm.pdf,rm0432-stm32l4-series-advanced-armbased-32bit-mcus-stmicroelectronics_dfsdm,37,PLSSKP,5,0,5.0,0.0,5:0,5.0:0.0
rm0432-stm32l4-series-advanced-armbased-32bit-mcus-stmicroelectronics_dfsdm.pdf,rm0432-stm32l4-series-advanced-armbased-32bit-mcus-stmicroelectronics_dfsdm,37,RESERVED,31,31,,,31,nan:nan
rm0432-stm32l4-series-advanced-armbased-32bit-mcus-stmicroelectronics_dfsdm.pdf,rm0432-stm32l4-series-advanced-armbased-32bit-mcus-stmicroelectronics_dfsdm,37,AWFSEL,30,30,,,30,nan:nan
rm0432-stm32l4-series-advanced-armbased-32bit-mcus-stmicroelectronics_dfsdm.pdf,rm0432-stm32l4-series-advanced-armbased-32bit-mcus-stmicroelectronics_dfsdm,37,FAST,29,29,,,29,nan:nan
rm0432-stm32l4-series-advanced-armbased-32bit-mcus-stmicroelectronics_dfsdm.pdf,rm0432-stm32l4-series-advanced-armbased-32bit-mcus-stmicroelectronics_dfsdm,37,RESERVED,28,27,,,28:27,nan:nan
rm0432-stm32l4-series-advanced-armbased-32bit-mcus-stmicroelectronics_dfsdm.pdf,rm0432-stm32l4-series-advanced-armbased-32bit-mcus-stmicroelectronics_dfsdm,38,RCH,26,24,2.0,0.0,26:24,2.0:0.0
rm0432-stm32l4-series-advanced-armbased-32bit-mcus-stmicroelectronics_dfsdm.pdf,rm0432-stm32l4-series-advanced-armbased-32bit-mcus-stmicroelectronics_dfsdm,38,RESERVED,23,22,,,23:22,nan:nan
rm0432-stm32l4-series-advanced-armbased-32bit-mcus-stmicroelectronics_dfsdm.pdf,rm0432-stm32l4-series-advanced-armbased-32bit-mcus-stmicroelectronics_dfsdm,38,RDMAEN,21,21,,,21,nan:nan
rm0432-stm32l4-series-advanced-armbased-32bit-mcus-stmicroelectronics_dfsdm.pdf,rm0432-stm32l4-series-advanced-armbased-32bit-mcus-stmicroelectronics_dfsdm,38,RESERVED,20,20,,,20,nan:nan
rm0432-stm32l4-series-advanced-armbased-32bit-mcus-stmicroelectronics_dfsdm.pdf,rm0432-stm32l4-series-advanced-armbased-32bit-mcus-stmicroelectronics_dfsdm,38,RSYNC,19,19,,,19,nan:nan
rm0432-stm32l4-series-advanced-armbased-32bit-mcus-stmicroelectronics_dfsdm.pdf,rm0432-stm32l4-series-advanced-armbased-32bit-mcus-stmicroelectronics_dfsdm,38,RCONT,18,18,,,18,nan:nan
rm0432-stm32l4-series-advanced-armbased-32bit-mcus-stmicroelectronics_dfsdm.pdf,rm0432-stm32l4-series-advanced-armbased-32bit-mcus-stmicroelectronics_dfsdm,38,RSWSTART,17,17,,,17,nan:nan
rm0432-stm32l4-series-advanced-armbased-32bit-mcus-stmicroelectronics_dfsdm.pdf,rm0432-stm32l4-series-advanced-armbased-32bit-mcus-stmicroelectronics_dfsdm,38,RESERVED,16,15,,,16:15,nan:nan
rm0432-stm32l4-series-advanced-armbased-32bit-mcus-stmicroelectronics_dfsdm.pdf,rm0432-stm32l4-series-advanced-armbased-32bit-mcus-stmicroelectronics_dfsdm,38,JEXTEN,14,13,1.0,0.0,14:13,1.0:0.0
rm0432-stm32l4-series-advanced-armbased-32bit-mcus-stmicroelectronics_dfsdm.pdf,rm0432-stm32l4-series-advanced-armbased-32bit-mcus-stmicroelectronics_dfsdm,39,JEXTSEL,12,8,4.0,0.0,12:8,4.0:0.0
rm0432-stm32l4-series-advanced-armbased-32bit-mcus-stmicroelectronics_dfsdm.pdf,rm0432-stm32l4-series-advanced-armbased-32bit-mcus-stmicroelectronics_dfsdm,39,RESERVED,7,6,,,7:6,nan:nan
rm0432-stm32l4-series-advanced-armbased-32bit-mcus-stmicroelectronics_dfsdm.pdf,rm0432-stm32l4-series-advanced-armbased-32bit-mcus-stmicroelectronics_dfsdm,39,JDMAEN,5,5,,,5,nan:nan
rm0432-stm32l4-series-advanced-armbased-32bit-mcus-stmicroelectronics_dfsdm.pdf,rm0432-stm32l4-series-advanced-armbased-32bit-mcus-stmicroelectronics_dfsdm,39,JSCAN,4,4,,,4,nan:nan
rm0432-stm32l4-series-advanced-armbased-32bit-mcus-stmicroelectronics_dfsdm.pdf,rm0432-stm32l4-series-advanced-armbased-32bit-mcus-stmicroelectronics_dfsdm,39,JSYNC,3,3,,,3,nan:nan
rm0432-stm32l4-series-advanced-armbased-32bit-mcus-stmicroelectronics_dfsdm.pdf,rm0432-stm32l4-series-advanced-armbased-32bit-mcus-stmicroelectronics_dfsdm,39,RESERVED,2,2,,,2,nan:nan
rm0432-stm32l4-series-advanced-armbased-32bit-mcus-stmicroelectronics_dfsdm.pdf,rm0432-stm32l4-series-advanced-armbased-32bit-mcus-stmicroelectronics_dfsdm,39,JSWSTART,1,1,,,1,nan:nan
rm0432-stm32l4-series-advanced-armbased-32bit-mcus-stmicroelectronics_dfsdm.pdf,rm0432-stm32l4-series-advanced-armbased-32bit-mcus-stmicroelectronics_dfsdm,39,DFEN,0,0,,,0,nan:nan
rm0432-stm32l4-series-advanced-armbased-32bit-mcus-stmicroelectronics_dfsdm.pdf,rm0432-stm32l4-series-advanced-armbased-32bit-mcus-stmicroelectronics_dfsdm,40,RESERVED,31,24,,,31:24,nan:nan
rm0432-stm32l4-series-advanced-armbased-32bit-mcus-stmicroelectronics_dfsdm.pdf,rm0432-stm32l4-series-advanced-armbased-32bit-mcus-stmicroelectronics_dfsdm,40,AWDCH,23,16,7.0,0.0,23:16,7.0:0.0
rm0432-stm32l4-series-advanced-armbased-32bit-mcus-stmicroelectronics_dfsdm.pdf,rm0432-stm32l4-series-advanced-armbased-32bit-mcus-stmicroelectronics_dfsdm,40,EXCH,15,8,7.0,0.0,15:8,7.0:0.0
rm0432-stm32l4-series-advanced-armbased-32bit-mcus-stmicroelectronics_dfsdm.pdf,rm0432-stm32l4-series-advanced-armbased-32bit-mcus-stmicroelectronics_dfsdm,40,RESERVED,7,7,,,7,nan:nan
rm0432-stm32l4-series-advanced-armbased-32bit-mcus-stmicroelectronics_dfsdm.pdf,rm0432-stm32l4-series-advanced-armbased-32bit-mcus-stmicroelectronics_dfsdm,40,CKABIE,6,6,,,6,nan:nan
rm0432-stm32l4-series-advanced-armbased-32bit-mcus-stmicroelectronics_dfsdm.pdf,rm0432-stm32l4-series-advanced-armbased-32bit-mcus-stmicroelectronics_dfsdm,40,SCDIE,5,5,,,5,nan:nan
rm0432-stm32l4-series-advanced-armbased-32bit-mcus-stmicroelectronics_dfsdm.pdf,rm0432-stm32l4-series-advanced-armbased-32bit-mcus-stmicroelectronics_dfsdm,40,AWDIE,4,4,,,4,nan:nan
rm0432-stm32l4-series-advanced-armbased-32bit-mcus-stmicroelectronics_dfsdm.pdf,rm0432-stm32l4-series-advanced-armbased-32bit-mcus-stmicroelectronics_dfsdm,40,ROVRIE,3,3,,,3,nan:nan
rm0432-stm32l4-series-advanced-armbased-32bit-mcus-stmicroelectronics_dfsdm.pdf,rm0432-stm32l4-series-advanced-armbased-32bit-mcus-stmicroelectronics_dfsdm,41,JOVRIE,2,2,,,2,nan:nan
rm0432-stm32l4-series-advanced-armbased-32bit-mcus-stmicroelectronics_dfsdm.pdf,rm0432-stm32l4-series-advanced-armbased-32bit-mcus-stmicroelectronics_dfsdm,41,REOCIE,1,1,,,1,nan:nan
rm0432-stm32l4-series-advanced-armbased-32bit-mcus-stmicroelectronics_dfsdm.pdf,rm0432-stm32l4-series-advanced-armbased-32bit-mcus-stmicroelectronics_dfsdm,41,JEOCIE,0,0,,,0,nan:nan
rm0432-stm32l4-series-advanced-armbased-32bit-mcus-stmicroelectronics_dfsdm.pdf,rm0432-stm32l4-series-advanced-armbased-32bit-mcus-stmicroelectronics_dfsdm,41,SCDF,31,24,7.0,0.0,31:24,7.0:0.0
rm0432-stm32l4-series-advanced-armbased-32bit-mcus-stmicroelectronics_dfsdm.pdf,rm0432-stm32l4-series-advanced-armbased-32bit-mcus-stmicroelectronics_dfsdm,41,CKABF,23,16,7.0,0.0,23:16,7.0:0.0
rm0432-stm32l4-series-advanced-armbased-32bit-mcus-stmicroelectronics_dfsdm.pdf,rm0432-stm32l4-series-advanced-armbased-32bit-mcus-stmicroelectronics_dfsdm,41,RESERVED,15,15,,,15,nan:nan
rm0432-stm32l4-series-advanced-armbased-32bit-mcus-stmicroelectronics_dfsdm.pdf,rm0432-stm32l4-series-advanced-armbased-32bit-mcus-stmicroelectronics_dfsdm,41,RCIP,14,14,,,14,nan:nan
rm0432-stm32l4-series-advanced-armbased-32bit-mcus-stmicroelectronics_dfsdm.pdf,rm0432-stm32l4-series-advanced-armbased-32bit-mcus-stmicroelectronics_dfsdm,42,JCIP,13,13,,,13,nan:nan
rm0432-stm32l4-series-advanced-armbased-32bit-mcus-stmicroelectronics_dfsdm.pdf,rm0432-stm32l4-series-advanced-armbased-32bit-mcus-stmicroelectronics_dfsdm,42,RESERVED,12,5,,,12:5,nan:nan
rm0432-stm32l4-series-advanced-armbased-32bit-mcus-stmicroelectronics_dfsdm.pdf,rm0432-stm32l4-series-advanced-armbased-32bit-mcus-stmicroelectronics_dfsdm,42,AWDF,4,4,,,4,nan:nan
rm0432-stm32l4-series-advanced-armbased-32bit-mcus-stmicroelectronics_dfsdm.pdf,rm0432-stm32l4-series-advanced-armbased-32bit-mcus-stmicroelectronics_dfsdm,42,ROVRF,3,3,,,3,nan:nan
rm0432-stm32l4-series-advanced-armbased-32bit-mcus-stmicroelectronics_dfsdm.pdf,rm0432-stm32l4-series-advanced-armbased-32bit-mcus-stmicroelectronics_dfsdm,42,JOVRF,2,2,,,2,nan:nan
rm0432-stm32l4-series-advanced-armbased-32bit-mcus-stmicroelectronics_dfsdm.pdf,rm0432-stm32l4-series-advanced-armbased-32bit-mcus-stmicroelectronics_dfsdm,42,REOCF,1,1,,,1,nan:nan
rm0432-stm32l4-series-advanced-armbased-32bit-mcus-stmicroelectronics_dfsdm.pdf,rm0432-stm32l4-series-advanced-armbased-32bit-mcus-stmicroelectronics_dfsdm,42,JEOCF,0,0,,,0,nan:nan
rm0432-stm32l4-series-advanced-armbased-32bit-mcus-stmicroelectronics_dfsdm.pdf,rm0432-stm32l4-series-advanced-armbased-32bit-mcus-stmicroelectronics_dfsdm,43,CLRSCDF,31,24,7.0,0.0,31:24,7.0:0.0
rm0432-stm32l4-series-advanced-armbased-32bit-mcus-stmicroelectronics_dfsdm.pdf,rm0432-stm32l4-series-advanced-armbased-32bit-mcus-stmicroelectronics_dfsdm,43,CLRCKABF,23,16,7.0,0.0,23:16,7.0:0.0
rm0432-stm32l4-series-advanced-armbased-32bit-mcus-stmicroelectronics_dfsdm.pdf,rm0432-stm32l4-series-advanced-armbased-32bit-mcus-stmicroelectronics_dfsdm,43,RESERVED,15,4,,,15:4,nan:nan
rm0432-stm32l4-series-advanced-armbased-32bit-mcus-stmicroelectronics_dfsdm.pdf,rm0432-stm32l4-series-advanced-armbased-32bit-mcus-stmicroelectronics_dfsdm,43,CLRROVRF,3,3,,,3,nan:nan
rm0432-stm32l4-series-advanced-armbased-32bit-mcus-stmicroelectronics_dfsdm.pdf,rm0432-stm32l4-series-advanced-armbased-32bit-mcus-stmicroelectronics_dfsdm,43,CLRJOVRF,2,2,,,2,nan:nan
rm0432-stm32l4-series-advanced-armbased-32bit-mcus-stmicroelectronics_dfsdm.pdf,rm0432-stm32l4-series-advanced-armbased-32bit-mcus-stmicroelectronics_dfsdm,43,RESERVED,1,0,,,1:0,nan:nan
rm0432-stm32l4-series-advanced-armbased-32bit-mcus-stmicroelectronics_dfsdm.pdf,rm0432-stm32l4-series-advanced-armbased-32bit-mcus-stmicroelectronics_dfsdm,44,RESERVED,31,8,,,31:8,nan:nan
rm0432-stm32l4-series-advanced-armbased-32bit-mcus-stmicroelectronics_dfsdm.pdf,rm0432-stm32l4-series-advanced-armbased-32bit-mcus-stmicroelectronics_dfsdm,44,JCHG,7,0,7.0,0.0,7:0,7.0:0.0
rm0432-stm32l4-series-advanced-armbased-32bit-mcus-stmicroelectronics_dfsdm.pdf,rm0432-stm32l4-series-advanced-armbased-32bit-mcus-stmicroelectronics_dfsdm,45,FORD,31,29,2.0,0.0,31:29,2.0:0.0
rm0432-stm32l4-series-advanced-armbased-32bit-mcus-stmicroelectronics_dfsdm.pdf,rm0432-stm32l4-series-advanced-armbased-32bit-mcus-stmicroelectronics_dfsdm,45,RESERVED,28,26,,,28:26,nan:nan
rm0432-stm32l4-series-advanced-armbased-32bit-mcus-stmicroelectronics_dfsdm.pdf,rm0432-stm32l4-series-advanced-armbased-32bit-mcus-stmicroelectronics_dfsdm,45,FOSR,25,16,9.0,0.0,25:16,9.0:0.0
rm0432-stm32l4-series-advanced-armbased-32bit-mcus-stmicroelectronics_dfsdm.pdf,rm0432-stm32l4-series-advanced-armbased-32bit-mcus-stmicroelectronics_dfsdm,45,RESERVED,15,8,,,15:8,nan:nan
rm0432-stm32l4-series-advanced-armbased-32bit-mcus-stmicroelectronics_dfsdm.pdf,rm0432-stm32l4-series-advanced-armbased-32bit-mcus-stmicroelectronics_dfsdm,45,IOSR,7,0,7.0,0.0,7:0,7.0:0.0
rm0432-stm32l4-series-advanced-armbased-32bit-mcus-stmicroelectronics_dfsdm.pdf,rm0432-stm32l4-series-advanced-armbased-32bit-mcus-stmicroelectronics_dfsdm,46,JDATA,31,8,23.0,0.0,31:8,23.0:0.0
rm0432-stm32l4-series-advanced-armbased-32bit-mcus-stmicroelectronics_dfsdm.pdf,rm0432-stm32l4-series-advanced-armbased-32bit-mcus-stmicroelectronics_dfsdm,46,RESERVED,7,3,,,7:3,nan:nan
rm0432-stm32l4-series-advanced-armbased-32bit-mcus-stmicroelectronics_dfsdm.pdf,rm0432-stm32l4-series-advanced-armbased-32bit-mcus-stmicroelectronics_dfsdm,46,JDATACH,2,0,2.0,0.0,2:0,2.0:0.0
rm0432-stm32l4-series-advanced-armbased-32bit-mcus-stmicroelectronics_dfsdm.pdf,rm0432-stm32l4-series-advanced-armbased-32bit-mcus-stmicroelectronics_dfsdm,46,RDATA,31,8,23.0,0.0,31:8,23.0:0.0
rm0432-stm32l4-series-advanced-armbased-32bit-mcus-stmicroelectronics_dfsdm.pdf,rm0432-stm32l4-series-advanced-armbased-32bit-mcus-stmicroelectronics_dfsdm,46,RESERVED,7,5,,,7:5,nan:nan
rm0432-stm32l4-series-advanced-armbased-32bit-mcus-stmicroelectronics_dfsdm.pdf,rm0432-stm32l4-series-advanced-armbased-32bit-mcus-stmicroelectronics_dfsdm,46,RPEND,4,4,,,4,nan:nan
rm0432-stm32l4-series-advanced-armbased-32bit-mcus-stmicroelectronics_dfsdm.pdf,rm0432-stm32l4-series-advanced-armbased-32bit-mcus-stmicroelectronics_dfsdm,46,RESERVED,3,3,,,3,nan:nan
rm0432-stm32l4-series-advanced-armbased-32bit-mcus-stmicroelectronics_dfsdm.pdf,rm0432-stm32l4-series-advanced-armbased-32bit-mcus-stmicroelectronics_dfsdm,46,RDATACH,2,0,2.0,0.0,2:0,2.0:0.0
rm0432-stm32l4-series-advanced-armbased-32bit-mcus-stmicroelectronics_dfsdm.pdf,rm0432-stm32l4-series-advanced-armbased-32bit-mcus-stmicroelectronics_dfsdm,47,AWHT,31,8,23.0,0.0,31:8,23.0:0.0
rm0432-stm32l4-series-advanced-armbased-32bit-mcus-stmicroelectronics_dfsdm.pdf,rm0432-stm32l4-series-advanced-armbased-32bit-mcus-stmicroelectronics_dfsdm,47,RESERVED,7,4,,,7:4,nan:nan
rm0432-stm32l4-series-advanced-armbased-32bit-mcus-stmicroelectronics_dfsdm.pdf,rm0432-stm32l4-series-advanced-armbased-32bit-mcus-stmicroelectronics_dfsdm,47,BKAWH,3,0,3.0,0.0,3:0,3.0:0.0
rm0432-stm32l4-series-advanced-armbased-32bit-mcus-stmicroelectronics_dfsdm.pdf,rm0432-stm32l4-series-advanced-armbased-32bit-mcus-stmicroelectronics_dfsdm,48,AWLT,31,8,23.0,0.0,31:8,23.0:0.0
rm0432-stm32l4-series-advanced-armbased-32bit-mcus-stmicroelectronics_dfsdm.pdf,rm0432-stm32l4-series-advanced-armbased-32bit-mcus-stmicroelectronics_dfsdm,48,RESERVED,7,4,,,7:4,nan:nan
rm0432-stm32l4-series-advanced-armbased-32bit-mcus-stmicroelectronics_dfsdm.pdf,rm0432-stm32l4-series-advanced-armbased-32bit-mcus-stmicroelectronics_dfsdm,48,BKAWL,3,0,3.0,0.0,3:0,3.0:0.0
rm0432-stm32l4-series-advanced-armbased-32bit-mcus-stmicroelectronics_dfsdm.pdf,rm0432-stm32l4-series-advanced-armbased-32bit-mcus-stmicroelectronics_dfsdm,48,RESERVED,31,16,,,31:16,nan:nan
rm0432-stm32l4-series-advanced-armbased-32bit-mcus-stmicroelectronics_dfsdm.pdf,rm0432-stm32l4-series-advanced-armbased-32bit-mcus-stmicroelectronics_dfsdm,48,AWHTF,15,8,7.0,0.0,15:8,7.0:0.0
rm0432-stm32l4-series-advanced-armbased-32bit-mcus-stmicroelectronics_dfsdm.pdf,rm0432-stm32l4-series-advanced-armbased-32bit-mcus-stmicroelectronics_dfsdm,48,AWLTF,7,0,7.0,0.0,7:0,7.0:0.0
rm0432-stm32l4-series-advanced-armbased-32bit-mcus-stmicroelectronics_dfsdm.pdf,rm0432-stm32l4-series-advanced-armbased-32bit-mcus-stmicroelectronics_dfsdm,49,RESERVED,31,16,,,31:16,nan:nan
rm0432-stm32l4-series-advanced-armbased-32bit-mcus-stmicroelectronics_dfsdm.pdf,rm0432-stm32l4-series-advanced-armbased-32bit-mcus-stmicroelectronics_dfsdm,49,CLRAWHTF,15,8,7.0,0.0,15:8,7.0:0.0
rm0432-stm32l4-series-advanced-armbased-32bit-mcus-stmicroelectronics_dfsdm.pdf,rm0432-stm32l4-series-advanced-armbased-32bit-mcus-stmicroelectronics_dfsdm,49,CLRAWLTF,7,0,7.0,0.0,7:0,7.0:0.0
rm0432-stm32l4-series-advanced-armbased-32bit-mcus-stmicroelectronics_dfsdm.pdf,rm0432-stm32l4-series-advanced-armbased-32bit-mcus-stmicroelectronics_dfsdm,49,EXMAX,31,8,23.0,0.0,31:8,23.0:0.0
rm0432-stm32l4-series-advanced-armbased-32bit-mcus-stmicroelectronics_dfsdm.pdf,rm0432-stm32l4-series-advanced-armbased-32bit-mcus-stmicroelectronics_dfsdm,49,RESERVED,7,3,,,7:3,nan:nan
rm0432-stm32l4-series-advanced-armbased-32bit-mcus-stmicroelectronics_dfsdm.pdf,rm0432-stm32l4-series-advanced-armbased-32bit-mcus-stmicroelectronics_dfsdm,49,EXMAXCH,2,0,2.0,0.0,2:0,2.0:0.0
rm0432-stm32l4-series-advanced-armbased-32bit-mcus-stmicroelectronics_dfsdm.pdf,rm0432-stm32l4-series-advanced-armbased-32bit-mcus-stmicroelectronics_dfsdm,50,EXMIN,31,8,23.0,0.0,31:8,23.0:0.0
rm0432-stm32l4-series-advanced-armbased-32bit-mcus-stmicroelectronics_dfsdm.pdf,rm0432-stm32l4-series-advanced-armbased-32bit-mcus-stmicroelectronics_dfsdm,50,RESERVED,7,3,,,7:3,nan:nan
rm0432-stm32l4-series-advanced-armbased-32bit-mcus-stmicroelectronics_dfsdm.pdf,rm0432-stm32l4-series-advanced-armbased-32bit-mcus-stmicroelectronics_dfsdm,50,EXMINCH,2,0,2.0,0.0,2:0,2.0:0.0
rm0432-stm32l4-series-advanced-armbased-32bit-mcus-stmicroelectronics_dfsdm.pdf,rm0432-stm32l4-series-advanced-armbased-32bit-mcus-stmicroelectronics_dfsdm,51,CNVCNT,31,4,27.0,0.0,31:4,27.0:0.0
rm0432-stm32l4-series-advanced-armbased-32bit-mcus-stmicroelectronics_dfsdm.pdf,rm0432-stm32l4-series-advanced-armbased-32bit-mcus-stmicroelectronics_dfsdm,51,RESERVED,3,0,,,3:0,nan:nan
rm0433-stm32h742-stm32h743753-and-stm32h750-value-line-advanced-armbased-32bit-mcus-stmicroelectronics_dfsdm.pdf,rm0433-stm32h742-stm32h743753-and-stm32h750-value-line-advanced-armbased-32bit-mcus-stmicroelectronics_dfsdm,31,DFSDMEN,31,31,,,31,nan:nan
rm0433-stm32h742-stm32h743753-and-stm32h750-value-line-advanced-armbased-32bit-mcus-stmicroelectronics_dfsdm.pdf,rm0433-stm32h742-stm32h743753-and-stm32h750-value-line-advanced-armbased-32bit-mcus-stmicroelectronics_dfsdm,31,CKOUTSRC,30,30,,,30,nan:nan
rm0433-stm32h742-stm32h743753-and-stm32h750-value-line-advanced-armbased-32bit-mcus-stmicroelectronics_dfsdm.pdf,rm0433-stm32h742-stm32h743753-and-stm32h750-value-line-advanced-armbased-32bit-mcus-stmicroelectronics_dfsdm,31,RESERVED,29,24,,,29:24,nan:nan
rm0433-stm32h742-stm32h743753-and-stm32h750-value-line-advanced-armbased-32bit-mcus-stmicroelectronics_dfsdm.pdf,rm0433-stm32h742-stm32h743753-and-stm32h750-value-line-advanced-armbased-32bit-mcus-stmicroelectronics_dfsdm,32,CKOUTDIV,23,16,7.0,0.0,23:16,7.0:0.0
rm0433-stm32h742-stm32h743753-and-stm32h750-value-line-advanced-armbased-32bit-mcus-stmicroelectronics_dfsdm.pdf,rm0433-stm32h742-stm32h743753-and-stm32h750-value-line-advanced-armbased-32bit-mcus-stmicroelectronics_dfsdm,32,DATPACK,15,14,1.0,0.0,15:14,1.0:0.0
rm0433-stm32h742-stm32h743753-and-stm32h750-value-line-advanced-armbased-32bit-mcus-stmicroelectronics_dfsdm.pdf,rm0433-stm32h742-stm32h743753-and-stm32h750-value-line-advanced-armbased-32bit-mcus-stmicroelectronics_dfsdm,32,DATMPX,13,12,1.0,0.0,13:12,1.0:0.0
rm0433-stm32h742-stm32h743753-and-stm32h750-value-line-advanced-armbased-32bit-mcus-stmicroelectronics_dfsdm.pdf,rm0433-stm32h742-stm32h743753-and-stm32h750-value-line-advanced-armbased-32bit-mcus-stmicroelectronics_dfsdm,32,RESERVED,11,9,,,11:9,nan:nan
rm0433-stm32h742-stm32h743753-and-stm32h750-value-line-advanced-armbased-32bit-mcus-stmicroelectronics_dfsdm.pdf,rm0433-stm32h742-stm32h743753-and-stm32h750-value-line-advanced-armbased-32bit-mcus-stmicroelectronics_dfsdm,32,CHINSEL,8,8,,,8,nan:nan
rm0433-stm32h742-stm32h743753-and-stm32h750-value-line-advanced-armbased-32bit-mcus-stmicroelectronics_dfsdm.pdf,rm0433-stm32h742-stm32h743753-and-stm32h750-value-line-advanced-armbased-32bit-mcus-stmicroelectronics_dfsdm,32,CHEN,7,7,,,7,nan:nan
rm0433-stm32h742-stm32h743753-and-stm32h750-value-line-advanced-armbased-32bit-mcus-stmicroelectronics_dfsdm.pdf,rm0433-stm32h742-stm32h743753-and-stm32h750-value-line-advanced-armbased-32bit-mcus-stmicroelectronics_dfsdm,33,CKABEN,6,6,,,6,nan:nan
rm0433-stm32h742-stm32h743753-and-stm32h750-value-line-advanced-armbased-32bit-mcus-stmicroelectronics_dfsdm.pdf,rm0433-stm32h742-stm32h743753-and-stm32h750-value-line-advanced-armbased-32bit-mcus-stmicroelectronics_dfsdm,33,SCDEN,5,5,,,5,nan:nan
rm0433-stm32h742-stm32h743753-and-stm32h750-value-line-advanced-armbased-32bit-mcus-stmicroelectronics_dfsdm.pdf,rm0433-stm32h742-stm32h743753-and-stm32h750-value-line-advanced-armbased-32bit-mcus-stmicroelectronics_dfsdm,33,RESERVED,4,4,,,4,nan:nan
rm0433-stm32h742-stm32h743753-and-stm32h750-value-line-advanced-armbased-32bit-mcus-stmicroelectronics_dfsdm.pdf,rm0433-stm32h742-stm32h743753-and-stm32h750-value-line-advanced-armbased-32bit-mcus-stmicroelectronics_dfsdm,33,SPICKSEL,3,2,1.0,0.0,3:2,1.0:0.0
rm0433-stm32h742-stm32h743753-and-stm32h750-value-line-advanced-armbased-32bit-mcus-stmicroelectronics_dfsdm.pdf,rm0433-stm32h742-stm32h743753-and-stm32h750-value-line-advanced-armbased-32bit-mcus-stmicroelectronics_dfsdm,33,SITP,1,0,1.0,0.0,1:0,1.0:0.0
rm0433-stm32h742-stm32h743753-and-stm32h750-value-line-advanced-armbased-32bit-mcus-stmicroelectronics_dfsdm.pdf,rm0433-stm32h742-stm32h743753-and-stm32h750-value-line-advanced-armbased-32bit-mcus-stmicroelectronics_dfsdm,34,OFFSET,31,8,23.0,0.0,31:8,23.0:0.0
rm0433-stm32h742-stm32h743753-and-stm32h750-value-line-advanced-armbased-32bit-mcus-stmicroelectronics_dfsdm.pdf,rm0433-stm32h742-stm32h743753-and-stm32h750-value-line-advanced-armbased-32bit-mcus-stmicroelectronics_dfsdm,34,DTRBS,7,3,4.0,0.0,7:3,4.0:0.0
rm0433-stm32h742-stm32h743753-and-stm32h750-value-line-advanced-armbased-32bit-mcus-stmicroelectronics_dfsdm.pdf,rm0433-stm32h742-stm32h743753-and-stm32h750-value-line-advanced-armbased-32bit-mcus-stmicroelectronics_dfsdm,34,RESERVED,2,0,,,2:0,nan:nan
rm0433-stm32h742-stm32h743753-and-stm32h750-value-line-advanced-armbased-32bit-mcus-stmicroelectronics_dfsdm.pdf,rm0433-stm32h742-stm32h743753-and-stm32h750-value-line-advanced-armbased-32bit-mcus-stmicroelectronics_dfsdm,34,RESERVED,31,24,,,31:24,nan:nan
rm0433-stm32h742-stm32h743753-and-stm32h750-value-line-advanced-armbased-32bit-mcus-stmicroelectronics_dfsdm.pdf,rm0433-stm32h742-stm32h743753-and-stm32h750-value-line-advanced-armbased-32bit-mcus-stmicroelectronics_dfsdm,34,AWFORD,23,22,1.0,0.0,23:22,1.0:0.0
rm0433-stm32h742-stm32h743753-and-stm32h750-value-line-advanced-armbased-32bit-mcus-stmicroelectronics_dfsdm.pdf,rm0433-stm32h742-stm32h743753-and-stm32h750-value-line-advanced-armbased-32bit-mcus-stmicroelectronics_dfsdm,34,RESERVED,21,21,,,21,nan:nan
rm0433-stm32h742-stm32h743753-and-stm32h750-value-line-advanced-armbased-32bit-mcus-stmicroelectronics_dfsdm.pdf,rm0433-stm32h742-stm32h743753-and-stm32h750-value-line-advanced-armbased-32bit-mcus-stmicroelectronics_dfsdm,34,AWFOSR,20,16,4.0,0.0,20:16,4.0:0.0
rm0433-stm32h742-stm32h743753-and-stm32h750-value-line-advanced-armbased-32bit-mcus-stmicroelectronics_dfsdm.pdf,rm0433-stm32h742-stm32h743753-and-stm32h750-value-line-advanced-armbased-32bit-mcus-stmicroelectronics_dfsdm,35,BKSCD,15,12,3.0,0.0,15:12,3.0:0.0
rm0433-stm32h742-stm32h743753-and-stm32h750-value-line-advanced-armbased-32bit-mcus-stmicroelectronics_dfsdm.pdf,rm0433-stm32h742-stm32h743753-and-stm32h750-value-line-advanced-armbased-32bit-mcus-stmicroelectronics_dfsdm,35,RESERVED,11,8,,,11:8,nan:nan
rm0433-stm32h742-stm32h743753-and-stm32h750-value-line-advanced-armbased-32bit-mcus-stmicroelectronics_dfsdm.pdf,rm0433-stm32h742-stm32h743753-and-stm32h750-value-line-advanced-armbased-32bit-mcus-stmicroelectronics_dfsdm,35,SCDT,7,0,7.0,0.0,7:0,7.0:0.0
rm0433-stm32h742-stm32h743753-and-stm32h750-value-line-advanced-armbased-32bit-mcus-stmicroelectronics_dfsdm.pdf,rm0433-stm32h742-stm32h743753-and-stm32h750-value-line-advanced-armbased-32bit-mcus-stmicroelectronics_dfsdm,35,RESERVED,31,16,,,31:16,nan:nan
rm0433-stm32h742-stm32h743753-and-stm32h750-value-line-advanced-armbased-32bit-mcus-stmicroelectronics_dfsdm.pdf,rm0433-stm32h742-stm32h743753-and-stm32h750-value-line-advanced-armbased-32bit-mcus-stmicroelectronics_dfsdm,35,WDATA,15,0,15.0,0.0,15:0,15.0:0.0
rm0433-stm32h742-stm32h743753-and-stm32h750-value-line-advanced-armbased-32bit-mcus-stmicroelectronics_dfsdm.pdf,rm0433-stm32h742-stm32h743753-and-stm32h750-value-line-advanced-armbased-32bit-mcus-stmicroelectronics_dfsdm,36,INDAT1,31,16,15.0,0.0,31:16,15.0:0.0
rm0433-stm32h742-stm32h743753-and-stm32h750-value-line-advanced-armbased-32bit-mcus-stmicroelectronics_dfsdm.pdf,rm0433-stm32h742-stm32h743753-and-stm32h750-value-line-advanced-armbased-32bit-mcus-stmicroelectronics_dfsdm,36,INDAT0,15,0,15.0,0.0,15:0,15.0:0.0
rm0433-stm32h742-stm32h743753-and-stm32h750-value-line-advanced-armbased-32bit-mcus-stmicroelectronics_dfsdm.pdf,rm0433-stm32h742-stm32h743753-and-stm32h750-value-line-advanced-armbased-32bit-mcus-stmicroelectronics_dfsdm,37,RESERVED,31,31,,,31,nan:nan
rm0433-stm32h742-stm32h743753-and-stm32h750-value-line-advanced-armbased-32bit-mcus-stmicroelectronics_dfsdm.pdf,rm0433-stm32h742-stm32h743753-and-stm32h750-value-line-advanced-armbased-32bit-mcus-stmicroelectronics_dfsdm,37,AWFSEL,30,30,,,30,nan:nan
rm0433-stm32h742-stm32h743753-and-stm32h750-value-line-advanced-armbased-32bit-mcus-stmicroelectronics_dfsdm.pdf,rm0433-stm32h742-stm32h743753-and-stm32h750-value-line-advanced-armbased-32bit-mcus-stmicroelectronics_dfsdm,37,FAST,29,29,,,29,nan:nan
rm0433-stm32h742-stm32h743753-and-stm32h750-value-line-advanced-armbased-32bit-mcus-stmicroelectronics_dfsdm.pdf,rm0433-stm32h742-stm32h743753-and-stm32h750-value-line-advanced-armbased-32bit-mcus-stmicroelectronics_dfsdm,37,RESERVED,28,27,,,28:27,nan:nan
rm0433-stm32h742-stm32h743753-and-stm32h750-value-line-advanced-armbased-32bit-mcus-stmicroelectronics_dfsdm.pdf,rm0433-stm32h742-stm32h743753-and-stm32h750-value-line-advanced-armbased-32bit-mcus-stmicroelectronics_dfsdm,37,RCH,26,24,2.0,0.0,26:24,2.0:0.0
rm0433-stm32h742-stm32h743753-and-stm32h750-value-line-advanced-armbased-32bit-mcus-stmicroelectronics_dfsdm.pdf,rm0433-stm32h742-stm32h743753-and-stm32h750-value-line-advanced-armbased-32bit-mcus-stmicroelectronics_dfsdm,37,RESERVED,23,22,,,23:22,nan:nan
rm0433-stm32h742-stm32h743753-and-stm32h750-value-line-advanced-armbased-32bit-mcus-stmicroelectronics_dfsdm.pdf,rm0433-stm32h742-stm32h743753-and-stm32h750-value-line-advanced-armbased-32bit-mcus-stmicroelectronics_dfsdm,37,RDMAEN,21,21,,,21,nan:nan
rm0433-stm32h742-stm32h743753-and-stm32h750-value-line-advanced-armbased-32bit-mcus-stmicroelectronics_dfsdm.pdf,rm0433-stm32h742-stm32h743753-and-stm32h750-value-line-advanced-armbased-32bit-mcus-stmicroelectronics_dfsdm,37,RESERVED,20,20,,,20,nan:nan
rm0433-stm32h742-stm32h743753-and-stm32h750-value-line-advanced-armbased-32bit-mcus-stmicroelectronics_dfsdm.pdf,rm0433-stm32h742-stm32h743753-and-stm32h750-value-line-advanced-armbased-32bit-mcus-stmicroelectronics_dfsdm,37,RSYNC,19,19,,,19,nan:nan
rm0433-stm32h742-stm32h743753-and-stm32h750-value-line-advanced-armbased-32bit-mcus-stmicroelectronics_dfsdm.pdf,rm0433-stm32h742-stm32h743753-and-stm32h750-value-line-advanced-armbased-32bit-mcus-stmicroelectronics_dfsdm,37,RCONT,18,18,,,18,nan:nan
rm0433-stm32h742-stm32h743753-and-stm32h750-value-line-advanced-armbased-32bit-mcus-stmicroelectronics_dfsdm.pdf,rm0433-stm32h742-stm32h743753-and-stm32h750-value-line-advanced-armbased-32bit-mcus-stmicroelectronics_dfsdm,38,RSWSTART,17,17,,,17,nan:nan
rm0433-stm32h742-stm32h743753-and-stm32h750-value-line-advanced-armbased-32bit-mcus-stmicroelectronics_dfsdm.pdf,rm0433-stm32h742-stm32h743753-and-stm32h750-value-line-advanced-armbased-32bit-mcus-stmicroelectronics_dfsdm,38,RESERVED,16,15,,,16:15,nan:nan
rm0433-stm32h742-stm32h743753-and-stm32h750-value-line-advanced-armbased-32bit-mcus-stmicroelectronics_dfsdm.pdf,rm0433-stm32h742-stm32h743753-and-stm32h750-value-line-advanced-armbased-32bit-mcus-stmicroelectronics_dfsdm,38,JEXTEN,14,13,1.0,0.0,14:13,1.0:0.0
rm0433-stm32h742-stm32h743753-and-stm32h750-value-line-advanced-armbased-32bit-mcus-stmicroelectronics_dfsdm.pdf,rm0433-stm32h742-stm32h743753-and-stm32h750-value-line-advanced-armbased-32bit-mcus-stmicroelectronics_dfsdm,38,JEXTSEL,12,8,4.0,0.0,12:8,4.0:0.0
rm0433-stm32h742-stm32h743753-and-stm32h750-value-line-advanced-armbased-32bit-mcus-stmicroelectronics_dfsdm.pdf,rm0433-stm32h742-stm32h743753-and-stm32h750-value-line-advanced-armbased-32bit-mcus-stmicroelectronics_dfsdm,38,RESERVED,7,6,,,7:6,nan:nan
rm0433-stm32h742-stm32h743753-and-stm32h750-value-line-advanced-armbased-32bit-mcus-stmicroelectronics_dfsdm.pdf,rm0433-stm32h742-stm32h743753-and-stm32h750-value-line-advanced-armbased-32bit-mcus-stmicroelectronics_dfsdm,38,JDMAEN,5,5,,,5,nan:nan
rm0433-stm32h742-stm32h743753-and-stm32h750-value-line-advanced-armbased-32bit-mcus-stmicroelectronics_dfsdm.pdf,rm0433-stm32h742-stm32h743753-and-stm32h750-value-line-advanced-armbased-32bit-mcus-stmicroelectronics_dfsdm,38,JSCAN,4,4,,,4,nan:nan
rm0433-stm32h742-stm32h743753-and-stm32h750-value-line-advanced-armbased-32bit-mcus-stmicroelectronics_dfsdm.pdf,rm0433-stm32h742-stm32h743753-and-stm32h750-value-line-advanced-armbased-32bit-mcus-stmicroelectronics_dfsdm,38,JSYNC,3,3,,,3,nan:nan
rm0433-stm32h742-stm32h743753-and-stm32h750-value-line-advanced-armbased-32bit-mcus-stmicroelectronics_dfsdm.pdf,rm0433-stm32h742-stm32h743753-and-stm32h750-value-line-advanced-armbased-32bit-mcus-stmicroelectronics_dfsdm,39,RESERVED,2,2,,,2,nan:nan
rm0433-stm32h742-stm32h743753-and-stm32h750-value-line-advanced-armbased-32bit-mcus-stmicroelectronics_dfsdm.pdf,rm0433-stm32h742-stm32h743753-and-stm32h750-value-line-advanced-armbased-32bit-mcus-stmicroelectronics_dfsdm,39,JSWSTART,1,1,,,1,nan:nan
rm0433-stm32h742-stm32h743753-and-stm32h750-value-line-advanced-armbased-32bit-mcus-stmicroelectronics_dfsdm.pdf,rm0433-stm32h742-stm32h743753-and-stm32h750-value-line-advanced-armbased-32bit-mcus-stmicroelectronics_dfsdm,39,DFEN,0,0,,,0,nan:nan
rm0433-stm32h742-stm32h743753-and-stm32h750-value-line-advanced-armbased-32bit-mcus-stmicroelectronics_dfsdm.pdf,rm0433-stm32h742-stm32h743753-and-stm32h750-value-line-advanced-armbased-32bit-mcus-stmicroelectronics_dfsdm,39,RESERVED,31,24,,,31:24,nan:nan
rm0433-stm32h742-stm32h743753-and-stm32h750-value-line-advanced-armbased-32bit-mcus-stmicroelectronics_dfsdm.pdf,rm0433-stm32h742-stm32h743753-and-stm32h750-value-line-advanced-armbased-32bit-mcus-stmicroelectronics_dfsdm,39,AWDCH,23,16,7.0,0.0,23:16,7.0:0.0
rm0433-stm32h742-stm32h743753-and-stm32h750-value-line-advanced-armbased-32bit-mcus-stmicroelectronics_dfsdm.pdf,rm0433-stm32h742-stm32h743753-and-stm32h750-value-line-advanced-armbased-32bit-mcus-stmicroelectronics_dfsdm,39,EXCH,15,8,7.0,0.0,15:8,7.0:0.0
rm0433-stm32h742-stm32h743753-and-stm32h750-value-line-advanced-armbased-32bit-mcus-stmicroelectronics_dfsdm.pdf,rm0433-stm32h742-stm32h743753-and-stm32h750-value-line-advanced-armbased-32bit-mcus-stmicroelectronics_dfsdm,39,RESERVED,7,7,,,7,nan:nan
rm0433-stm32h742-stm32h743753-and-stm32h750-value-line-advanced-armbased-32bit-mcus-stmicroelectronics_dfsdm.pdf,rm0433-stm32h742-stm32h743753-and-stm32h750-value-line-advanced-armbased-32bit-mcus-stmicroelectronics_dfsdm,39,CKABIE,6,6,,,6,nan:nan
rm0433-stm32h742-stm32h743753-and-stm32h750-value-line-advanced-armbased-32bit-mcus-stmicroelectronics_dfsdm.pdf,rm0433-stm32h742-stm32h743753-and-stm32h750-value-line-advanced-armbased-32bit-mcus-stmicroelectronics_dfsdm,40,SCDIE,5,5,,,5,nan:nan
rm0433-stm32h742-stm32h743753-and-stm32h750-value-line-advanced-armbased-32bit-mcus-stmicroelectronics_dfsdm.pdf,rm0433-stm32h742-stm32h743753-and-stm32h750-value-line-advanced-armbased-32bit-mcus-stmicroelectronics_dfsdm,40,AWDIE,4,4,,,4,nan:nan
rm0433-stm32h742-stm32h743753-and-stm32h750-value-line-advanced-armbased-32bit-mcus-stmicroelectronics_dfsdm.pdf,rm0433-stm32h742-stm32h743753-and-stm32h750-value-line-advanced-armbased-32bit-mcus-stmicroelectronics_dfsdm,40,ROVRIE,3,3,,,3,nan:nan
rm0433-stm32h742-stm32h743753-and-stm32h750-value-line-advanced-armbased-32bit-mcus-stmicroelectronics_dfsdm.pdf,rm0433-stm32h742-stm32h743753-and-stm32h750-value-line-advanced-armbased-32bit-mcus-stmicroelectronics_dfsdm,40,JOVRIE,2,2,,,2,nan:nan
rm0433-stm32h742-stm32h743753-and-stm32h750-value-line-advanced-armbased-32bit-mcus-stmicroelectronics_dfsdm.pdf,rm0433-stm32h742-stm32h743753-and-stm32h750-value-line-advanced-armbased-32bit-mcus-stmicroelectronics_dfsdm,40,REOCIE,1,1,,,1,nan:nan
rm0433-stm32h742-stm32h743753-and-stm32h750-value-line-advanced-armbased-32bit-mcus-stmicroelectronics_dfsdm.pdf,rm0433-stm32h742-stm32h743753-and-stm32h750-value-line-advanced-armbased-32bit-mcus-stmicroelectronics_dfsdm,40,JEOCIE,0,0,,,0,nan:nan
rm0433-stm32h742-stm32h743753-and-stm32h750-value-line-advanced-armbased-32bit-mcus-stmicroelectronics_dfsdm.pdf,rm0433-stm32h742-stm32h743753-and-stm32h750-value-line-advanced-armbased-32bit-mcus-stmicroelectronics_dfsdm,41,SCDF,31,24,7.0,0.0,31:24,7.0:0.0
rm0433-stm32h742-stm32h743753-and-stm32h750-value-line-advanced-armbased-32bit-mcus-stmicroelectronics_dfsdm.pdf,rm0433-stm32h742-stm32h743753-and-stm32h750-value-line-advanced-armbased-32bit-mcus-stmicroelectronics_dfsdm,41,CKABF,23,16,7.0,0.0,23:16,7.0:0.0
rm0433-stm32h742-stm32h743753-and-stm32h750-value-line-advanced-armbased-32bit-mcus-stmicroelectronics_dfsdm.pdf,rm0433-stm32h742-stm32h743753-and-stm32h750-value-line-advanced-armbased-32bit-mcus-stmicroelectronics_dfsdm,41,RESERVED,15,15,,,15,nan:nan
rm0433-stm32h742-stm32h743753-and-stm32h750-value-line-advanced-armbased-32bit-mcus-stmicroelectronics_dfsdm.pdf,rm0433-stm32h742-stm32h743753-and-stm32h750-value-line-advanced-armbased-32bit-mcus-stmicroelectronics_dfsdm,41,RCIP,14,14,,,14,nan:nan
rm0433-stm32h742-stm32h743753-and-stm32h750-value-line-advanced-armbased-32bit-mcus-stmicroelectronics_dfsdm.pdf,rm0433-stm32h742-stm32h743753-and-stm32h750-value-line-advanced-armbased-32bit-mcus-stmicroelectronics_dfsdm,41,JCIP,13,13,,,13,nan:nan
rm0433-stm32h742-stm32h743753-and-stm32h750-value-line-advanced-armbased-32bit-mcus-stmicroelectronics_dfsdm.pdf,rm0433-stm32h742-stm32h743753-and-stm32h750-value-line-advanced-armbased-32bit-mcus-stmicroelectronics_dfsdm,41,RESERVED,12,5,,,12:5,nan:nan
rm0433-stm32h742-stm32h743753-and-stm32h750-value-line-advanced-armbased-32bit-mcus-stmicroelectronics_dfsdm.pdf,rm0433-stm32h742-stm32h743753-and-stm32h750-value-line-advanced-armbased-32bit-mcus-stmicroelectronics_dfsdm,41,AWDF,4,4,,,4,nan:nan
rm0433-stm32h742-stm32h743753-and-stm32h750-value-line-advanced-armbased-32bit-mcus-stmicroelectronics_dfsdm.pdf,rm0433-stm32h742-stm32h743753-and-stm32h750-value-line-advanced-armbased-32bit-mcus-stmicroelectronics_dfsdm,41,ROVRF,3,3,,,3,nan:nan
rm0433-stm32h742-stm32h743753-and-stm32h750-value-line-advanced-armbased-32bit-mcus-stmicroelectronics_dfsdm.pdf,rm0433-stm32h742-stm32h743753-and-stm32h750-value-line-advanced-armbased-32bit-mcus-stmicroelectronics_dfsdm,42,JOVRF,2,2,,,2,nan:nan
rm0433-stm32h742-stm32h743753-and-stm32h750-value-line-advanced-armbased-32bit-mcus-stmicroelectronics_dfsdm.pdf,rm0433-stm32h742-stm32h743753-and-stm32h750-value-line-advanced-armbased-32bit-mcus-stmicroelectronics_dfsdm,42,REOCF,1,1,,,1,nan:nan
rm0433-stm32h742-stm32h743753-and-stm32h750-value-line-advanced-armbased-32bit-mcus-stmicroelectronics_dfsdm.pdf,rm0433-stm32h742-stm32h743753-and-stm32h750-value-line-advanced-armbased-32bit-mcus-stmicroelectronics_dfsdm,42,JEOCF,0,0,,,0,nan:nan
rm0433-stm32h742-stm32h743753-and-stm32h750-value-line-advanced-armbased-32bit-mcus-stmicroelectronics_dfsdm.pdf,rm0433-stm32h742-stm32h743753-and-stm32h750-value-line-advanced-armbased-32bit-mcus-stmicroelectronics_dfsdm,42,CLRSCDF,31,24,7.0,0.0,31:24,7.0:0.0
rm0433-stm32h742-stm32h743753-and-stm32h750-value-line-advanced-armbased-32bit-mcus-stmicroelectronics_dfsdm.pdf,rm0433-stm32h742-stm32h743753-and-stm32h750-value-line-advanced-armbased-32bit-mcus-stmicroelectronics_dfsdm,42,CLRCKABF,23,16,7.0,0.0,23:16,7.0:0.0
rm0433-stm32h742-stm32h743753-and-stm32h750-value-line-advanced-armbased-32bit-mcus-stmicroelectronics_dfsdm.pdf,rm0433-stm32h742-stm32h743753-and-stm32h750-value-line-advanced-armbased-32bit-mcus-stmicroelectronics_dfsdm,42,RESERVED,15,4,,,15:4,nan:nan
rm0433-stm32h742-stm32h743753-and-stm32h750-value-line-advanced-armbased-32bit-mcus-stmicroelectronics_dfsdm.pdf,rm0433-stm32h742-stm32h743753-and-stm32h750-value-line-advanced-armbased-32bit-mcus-stmicroelectronics_dfsdm,43,CLRROVRF,3,3,,,3,nan:nan
rm0433-stm32h742-stm32h743753-and-stm32h750-value-line-advanced-armbased-32bit-mcus-stmicroelectronics_dfsdm.pdf,rm0433-stm32h742-stm32h743753-and-stm32h750-value-line-advanced-armbased-32bit-mcus-stmicroelectronics_dfsdm,43,CLRJOVRF,2,2,,,2,nan:nan
rm0433-stm32h742-stm32h743753-and-stm32h750-value-line-advanced-armbased-32bit-mcus-stmicroelectronics_dfsdm.pdf,rm0433-stm32h742-stm32h743753-and-stm32h750-value-line-advanced-armbased-32bit-mcus-stmicroelectronics_dfsdm,43,RESERVED,1,0,,,1:0,nan:nan
rm0433-stm32h742-stm32h743753-and-stm32h750-value-line-advanced-armbased-32bit-mcus-stmicroelectronics_dfsdm.pdf,rm0433-stm32h742-stm32h743753-and-stm32h750-value-line-advanced-armbased-32bit-mcus-stmicroelectronics_dfsdm,43,RESERVED,31,8,,,31:8,nan:nan
rm0433-stm32h742-stm32h743753-and-stm32h750-value-line-advanced-armbased-32bit-mcus-stmicroelectronics_dfsdm.pdf,rm0433-stm32h742-stm32h743753-and-stm32h750-value-line-advanced-armbased-32bit-mcus-stmicroelectronics_dfsdm,43,JCHG,7,0,7.0,0.0,7:0,7.0:0.0
rm0433-stm32h742-stm32h743753-and-stm32h750-value-line-advanced-armbased-32bit-mcus-stmicroelectronics_dfsdm.pdf,rm0433-stm32h742-stm32h743753-and-stm32h750-value-line-advanced-armbased-32bit-mcus-stmicroelectronics_dfsdm,44,FORD,31,29,2.0,0.0,31:29,2.0:0.0
rm0433-stm32h742-stm32h743753-and-stm32h750-value-line-advanced-armbased-32bit-mcus-stmicroelectronics_dfsdm.pdf,rm0433-stm32h742-stm32h743753-and-stm32h750-value-line-advanced-armbased-32bit-mcus-stmicroelectronics_dfsdm,44,RESERVED,28,26,,,28:26,nan:nan
rm0433-stm32h742-stm32h743753-and-stm32h750-value-line-advanced-armbased-32bit-mcus-stmicroelectronics_dfsdm.pdf,rm0433-stm32h742-stm32h743753-and-stm32h750-value-line-advanced-armbased-32bit-mcus-stmicroelectronics_dfsdm,44,FOSR,25,16,9.0,0.0,25:16,9.0:0.0
rm0433-stm32h742-stm32h743753-and-stm32h750-value-line-advanced-armbased-32bit-mcus-stmicroelectronics_dfsdm.pdf,rm0433-stm32h742-stm32h743753-and-stm32h750-value-line-advanced-armbased-32bit-mcus-stmicroelectronics_dfsdm,44,RESERVED,15,8,,,15:8,nan:nan
rm0433-stm32h742-stm32h743753-and-stm32h750-value-line-advanced-armbased-32bit-mcus-stmicroelectronics_dfsdm.pdf,rm0433-stm32h742-stm32h743753-and-stm32h750-value-line-advanced-armbased-32bit-mcus-stmicroelectronics_dfsdm,44,IOSR,7,0,7.0,0.0,7:0,7.0:0.0
rm0433-stm32h742-stm32h743753-and-stm32h750-value-line-advanced-armbased-32bit-mcus-stmicroelectronics_dfsdm.pdf,rm0433-stm32h742-stm32h743753-and-stm32h750-value-line-advanced-armbased-32bit-mcus-stmicroelectronics_dfsdm,45,JDATA,31,8,23.0,0.0,31:8,23.0:0.0
rm0433-stm32h742-stm32h743753-and-stm32h750-value-line-advanced-armbased-32bit-mcus-stmicroelectronics_dfsdm.pdf,rm0433-stm32h742-stm32h743753-and-stm32h750-value-line-advanced-armbased-32bit-mcus-stmicroelectronics_dfsdm,45,RESERVED,7,3,,,7:3,nan:nan
rm0433-stm32h742-stm32h743753-and-stm32h750-value-line-advanced-armbased-32bit-mcus-stmicroelectronics_dfsdm.pdf,rm0433-stm32h742-stm32h743753-and-stm32h750-value-line-advanced-armbased-32bit-mcus-stmicroelectronics_dfsdm,45,JDATACH,2,0,2.0,0.0,2:0,2.0:0.0
rm0433-stm32h742-stm32h743753-and-stm32h750-value-line-advanced-armbased-32bit-mcus-stmicroelectronics_dfsdm.pdf,rm0433-stm32h742-stm32h743753-and-stm32h750-value-line-advanced-armbased-32bit-mcus-stmicroelectronics_dfsdm,45,RDATA,31,8,23.0,0.0,31:8,23.0:0.0
rm0433-stm32h742-stm32h743753-and-stm32h750-value-line-advanced-armbased-32bit-mcus-stmicroelectronics_dfsdm.pdf,rm0433-stm32h742-stm32h743753-and-stm32h750-value-line-advanced-armbased-32bit-mcus-stmicroelectronics_dfsdm,45,RESERVED,7,5,,,7:5,nan:nan
rm0433-stm32h742-stm32h743753-and-stm32h750-value-line-advanced-armbased-32bit-mcus-stmicroelectronics_dfsdm.pdf,rm0433-stm32h742-stm32h743753-and-stm32h750-value-line-advanced-armbased-32bit-mcus-stmicroelectronics_dfsdm,45,RPEND,4,4,,,4,nan:nan
rm0433-stm32h742-stm32h743753-and-stm32h750-value-line-advanced-armbased-32bit-mcus-stmicroelectronics_dfsdm.pdf,rm0433-stm32h742-stm32h743753-and-stm32h750-value-line-advanced-armbased-32bit-mcus-stmicroelectronics_dfsdm,45,RESERVED,3,3,,,3,nan:nan
rm0433-stm32h742-stm32h743753-and-stm32h750-value-line-advanced-armbased-32bit-mcus-stmicroelectronics_dfsdm.pdf,rm0433-stm32h742-stm32h743753-and-stm32h750-value-line-advanced-armbased-32bit-mcus-stmicroelectronics_dfsdm,45,RDATACH,2,0,2.0,0.0,2:0,2.0:0.0
rm0433-stm32h742-stm32h743753-and-stm32h750-value-line-advanced-armbased-32bit-mcus-stmicroelectronics_dfsdm.pdf,rm0433-stm32h742-stm32h743753-and-stm32h750-value-line-advanced-armbased-32bit-mcus-stmicroelectronics_dfsdm,46,AWHT,31,8,23.0,0.0,31:8,23.0:0.0
rm0433-stm32h742-stm32h743753-and-stm32h750-value-line-advanced-armbased-32bit-mcus-stmicroelectronics_dfsdm.pdf,rm0433-stm32h742-stm32h743753-and-stm32h750-value-line-advanced-armbased-32bit-mcus-stmicroelectronics_dfsdm,46,RESERVED,7,4,,,7:4,nan:nan
rm0433-stm32h742-stm32h743753-and-stm32h750-value-line-advanced-armbased-32bit-mcus-stmicroelectronics_dfsdm.pdf,rm0433-stm32h742-stm32h743753-and-stm32h750-value-line-advanced-armbased-32bit-mcus-stmicroelectronics_dfsdm,46,BKAWH,3,0,3.0,0.0,3:0,3.0:0.0
rm0433-stm32h742-stm32h743753-and-stm32h750-value-line-advanced-armbased-32bit-mcus-stmicroelectronics_dfsdm.pdf,rm0433-stm32h742-stm32h743753-and-stm32h750-value-line-advanced-armbased-32bit-mcus-stmicroelectronics_dfsdm,47,AWLT,31,8,23.0,0.0,31:8,23.0:0.0
rm0433-stm32h742-stm32h743753-and-stm32h750-value-line-advanced-armbased-32bit-mcus-stmicroelectronics_dfsdm.pdf,rm0433-stm32h742-stm32h743753-and-stm32h750-value-line-advanced-armbased-32bit-mcus-stmicroelectronics_dfsdm,47,RESERVED,7,4,,,7:4,nan:nan
rm0433-stm32h742-stm32h743753-and-stm32h750-value-line-advanced-armbased-32bit-mcus-stmicroelectronics_dfsdm.pdf,rm0433-stm32h742-stm32h743753-and-stm32h750-value-line-advanced-armbased-32bit-mcus-stmicroelectronics_dfsdm,47,BKAWL,3,0,3.0,0.0,3:0,3.0:0.0
rm0433-stm32h742-stm32h743753-and-stm32h750-value-line-advanced-armbased-32bit-mcus-stmicroelectronics_dfsdm.pdf,rm0433-stm32h742-stm32h743753-and-stm32h750-value-line-advanced-armbased-32bit-mcus-stmicroelectronics_dfsdm,47,RESERVED,31,16,,,31:16,nan:nan
rm0433-stm32h742-stm32h743753-and-stm32h750-value-line-advanced-armbased-32bit-mcus-stmicroelectronics_dfsdm.pdf,rm0433-stm32h742-stm32h743753-and-stm32h750-value-line-advanced-armbased-32bit-mcus-stmicroelectronics_dfsdm,47,AWHTF,15,8,7.0,0.0,15:8,7.0:0.0
rm0433-stm32h742-stm32h743753-and-stm32h750-value-line-advanced-armbased-32bit-mcus-stmicroelectronics_dfsdm.pdf,rm0433-stm32h742-stm32h743753-and-stm32h750-value-line-advanced-armbased-32bit-mcus-stmicroelectronics_dfsdm,47,AWLTF,7,0,7.0,0.0,7:0,7.0:0.0
rm0433-stm32h742-stm32h743753-and-stm32h750-value-line-advanced-armbased-32bit-mcus-stmicroelectronics_dfsdm.pdf,rm0433-stm32h742-stm32h743753-and-stm32h750-value-line-advanced-armbased-32bit-mcus-stmicroelectronics_dfsdm,48,RESERVED,31,16,,,31:16,nan:nan
rm0433-stm32h742-stm32h743753-and-stm32h750-value-line-advanced-armbased-32bit-mcus-stmicroelectronics_dfsdm.pdf,rm0433-stm32h742-stm32h743753-and-stm32h750-value-line-advanced-armbased-32bit-mcus-stmicroelectronics_dfsdm,48,CLRAWHTF,15,8,7.0,0.0,15:8,7.0:0.0
rm0433-stm32h742-stm32h743753-and-stm32h750-value-line-advanced-armbased-32bit-mcus-stmicroelectronics_dfsdm.pdf,rm0433-stm32h742-stm32h743753-and-stm32h750-value-line-advanced-armbased-32bit-mcus-stmicroelectronics_dfsdm,48,CLRAWLTF,7,0,7.0,0.0,7:0,7.0:0.0
rm0433-stm32h742-stm32h743753-and-stm32h750-value-line-advanced-armbased-32bit-mcus-stmicroelectronics_dfsdm.pdf,rm0433-stm32h742-stm32h743753-and-stm32h750-value-line-advanced-armbased-32bit-mcus-stmicroelectronics_dfsdm,48,EXMAX,31,8,23.0,0.0,31:8,23.0:0.0
rm0433-stm32h742-stm32h743753-and-stm32h750-value-line-advanced-armbased-32bit-mcus-stmicroelectronics_dfsdm.pdf,rm0433-stm32h742-stm32h743753-and-stm32h750-value-line-advanced-armbased-32bit-mcus-stmicroelectronics_dfsdm,48,RESERVED,7,3,,,7:3,nan:nan
rm0433-stm32h742-stm32h743753-and-stm32h750-value-line-advanced-armbased-32bit-mcus-stmicroelectronics_dfsdm.pdf,rm0433-stm32h742-stm32h743753-and-stm32h750-value-line-advanced-armbased-32bit-mcus-stmicroelectronics_dfsdm,48,EXMAXCH,2,0,2.0,0.0,2:0,2.0:0.0
rm0433-stm32h742-stm32h743753-and-stm32h750-value-line-advanced-armbased-32bit-mcus-stmicroelectronics_dfsdm.pdf,rm0433-stm32h742-stm32h743753-and-stm32h750-value-line-advanced-armbased-32bit-mcus-stmicroelectronics_dfsdm,49,EXMIN,31,8,23.0,0.0,31:8,23.0:0.0
rm0433-stm32h742-stm32h743753-and-stm32h750-value-line-advanced-armbased-32bit-mcus-stmicroelectronics_dfsdm.pdf,rm0433-stm32h742-stm32h743753-and-stm32h750-value-line-advanced-armbased-32bit-mcus-stmicroelectronics_dfsdm,49,RESERVED,7,3,,,7:3,nan:nan
rm0433-stm32h742-stm32h743753-and-stm32h750-value-line-advanced-armbased-32bit-mcus-stmicroelectronics_dfsdm.pdf,rm0433-stm32h742-stm32h743753-and-stm32h750-value-line-advanced-armbased-32bit-mcus-stmicroelectronics_dfsdm,49,EXMINCH,2,0,2.0,0.0,2:0,2.0:0.0
rm0433-stm32h742-stm32h743753-and-stm32h750-value-line-advanced-armbased-32bit-mcus-stmicroelectronics_dfsdm.pdf,rm0433-stm32h742-stm32h743753-and-stm32h750-value-line-advanced-armbased-32bit-mcus-stmicroelectronics_dfsdm,50,CNVCNT,31,4,27.0,0.0,31:4,27.0:0.0
rm0433-stm32h742-stm32h743753-and-stm32h750-value-line-advanced-armbased-32bit-mcus-stmicroelectronics_dfsdm.pdf,rm0433-stm32h742-stm32h743753-and-stm32h750-value-line-advanced-armbased-32bit-mcus-stmicroelectronics_dfsdm,50,RESERVED,3,0,,,3:0,nan:nan
rm0436-stm32mp157-advanced-armbased-32bit-mpus-stmicroelectronics_dfsdm.pdf,rm0436-stm32mp157-advanced-armbased-32bit-mpus-stmicroelectronics_dfsdm,31,DFSDMEN,31,31,,,31,nan:nan
rm0436-stm32mp157-advanced-armbased-32bit-mpus-stmicroelectronics_dfsdm.pdf,rm0436-stm32mp157-advanced-armbased-32bit-mpus-stmicroelectronics_dfsdm,31,CKOUTSRC,30,30,,,30,nan:nan
rm0436-stm32mp157-advanced-armbased-32bit-mpus-stmicroelectronics_dfsdm.pdf,rm0436-stm32mp157-advanced-armbased-32bit-mpus-stmicroelectronics_dfsdm,31,RESERVED,29,24,,,29:24,nan:nan
rm0436-stm32mp157-advanced-armbased-32bit-mpus-stmicroelectronics_dfsdm.pdf,rm0436-stm32mp157-advanced-armbased-32bit-mpus-stmicroelectronics_dfsdm,32,CKOUTDIV,23,16,7.0,0.0,23:16,7.0:0.0
rm0436-stm32mp157-advanced-armbased-32bit-mpus-stmicroelectronics_dfsdm.pdf,rm0436-stm32mp157-advanced-armbased-32bit-mpus-stmicroelectronics_dfsdm,32,DATPACK,15,14,1.0,0.0,15:14,1.0:0.0
rm0436-stm32mp157-advanced-armbased-32bit-mpus-stmicroelectronics_dfsdm.pdf,rm0436-stm32mp157-advanced-armbased-32bit-mpus-stmicroelectronics_dfsdm,32,DATMPX,13,12,1.0,0.0,13:12,1.0:0.0
rm0436-stm32mp157-advanced-armbased-32bit-mpus-stmicroelectronics_dfsdm.pdf,rm0436-stm32mp157-advanced-armbased-32bit-mpus-stmicroelectronics_dfsdm,32,RESERVED,11,9,,,11:9,nan:nan
rm0436-stm32mp157-advanced-armbased-32bit-mpus-stmicroelectronics_dfsdm.pdf,rm0436-stm32mp157-advanced-armbased-32bit-mpus-stmicroelectronics_dfsdm,32,CHINSEL,8,8,,,8,nan:nan
rm0436-stm32mp157-advanced-armbased-32bit-mpus-stmicroelectronics_dfsdm.pdf,rm0436-stm32mp157-advanced-armbased-32bit-mpus-stmicroelectronics_dfsdm,32,CHEN,7,7,,,7,nan:nan
rm0436-stm32mp157-advanced-armbased-32bit-mpus-stmicroelectronics_dfsdm.pdf,rm0436-stm32mp157-advanced-armbased-32bit-mpus-stmicroelectronics_dfsdm,33,CKABEN,6,6,,,6,nan:nan
rm0436-stm32mp157-advanced-armbased-32bit-mpus-stmicroelectronics_dfsdm.pdf,rm0436-stm32mp157-advanced-armbased-32bit-mpus-stmicroelectronics_dfsdm,33,SCDEN,5,5,,,5,nan:nan
rm0436-stm32mp157-advanced-armbased-32bit-mpus-stmicroelectronics_dfsdm.pdf,rm0436-stm32mp157-advanced-armbased-32bit-mpus-stmicroelectronics_dfsdm,33,RESERVED,4,4,,,4,nan:nan
rm0436-stm32mp157-advanced-armbased-32bit-mpus-stmicroelectronics_dfsdm.pdf,rm0436-stm32mp157-advanced-armbased-32bit-mpus-stmicroelectronics_dfsdm,33,SPICKSEL,3,2,1.0,0.0,3:2,1.0:0.0
rm0436-stm32mp157-advanced-armbased-32bit-mpus-stmicroelectronics_dfsdm.pdf,rm0436-stm32mp157-advanced-armbased-32bit-mpus-stmicroelectronics_dfsdm,33,SITP,1,0,1.0,0.0,1:0,1.0:0.0
rm0436-stm32mp157-advanced-armbased-32bit-mpus-stmicroelectronics_dfsdm.pdf,rm0436-stm32mp157-advanced-armbased-32bit-mpus-stmicroelectronics_dfsdm,34,OFFSET,31,8,23.0,0.0,31:8,23.0:0.0
rm0436-stm32mp157-advanced-armbased-32bit-mpus-stmicroelectronics_dfsdm.pdf,rm0436-stm32mp157-advanced-armbased-32bit-mpus-stmicroelectronics_dfsdm,34,DTRBS,7,3,4.0,0.0,7:3,4.0:0.0
rm0436-stm32mp157-advanced-armbased-32bit-mpus-stmicroelectronics_dfsdm.pdf,rm0436-stm32mp157-advanced-armbased-32bit-mpus-stmicroelectronics_dfsdm,34,RESERVED,2,0,,,2:0,nan:nan
rm0436-stm32mp157-advanced-armbased-32bit-mpus-stmicroelectronics_dfsdm.pdf,rm0436-stm32mp157-advanced-armbased-32bit-mpus-stmicroelectronics_dfsdm,34,RESERVED,31,24,,,31:24,nan:nan
rm0436-stm32mp157-advanced-armbased-32bit-mpus-stmicroelectronics_dfsdm.pdf,rm0436-stm32mp157-advanced-armbased-32bit-mpus-stmicroelectronics_dfsdm,34,AWFORD,23,22,1.0,0.0,23:22,1.0:0.0
rm0436-stm32mp157-advanced-armbased-32bit-mpus-stmicroelectronics_dfsdm.pdf,rm0436-stm32mp157-advanced-armbased-32bit-mpus-stmicroelectronics_dfsdm,34,RESERVED,21,21,,,21,nan:nan
rm0436-stm32mp157-advanced-armbased-32bit-mpus-stmicroelectronics_dfsdm.pdf,rm0436-stm32mp157-advanced-armbased-32bit-mpus-stmicroelectronics_dfsdm,34,AWFOSR,20,16,4.0,0.0,20:16,4.0:0.0
rm0436-stm32mp157-advanced-armbased-32bit-mpus-stmicroelectronics_dfsdm.pdf,rm0436-stm32mp157-advanced-armbased-32bit-mpus-stmicroelectronics_dfsdm,35,BKSCD,15,12,3.0,0.0,15:12,3.0:0.0
rm0436-stm32mp157-advanced-armbased-32bit-mpus-stmicroelectronics_dfsdm.pdf,rm0436-stm32mp157-advanced-armbased-32bit-mpus-stmicroelectronics_dfsdm,35,RESERVED,11,8,,,11:8,nan:nan
rm0436-stm32mp157-advanced-armbased-32bit-mpus-stmicroelectronics_dfsdm.pdf,rm0436-stm32mp157-advanced-armbased-32bit-mpus-stmicroelectronics_dfsdm,35,SCDT,7,0,7.0,0.0,7:0,7.0:0.0
rm0436-stm32mp157-advanced-armbased-32bit-mpus-stmicroelectronics_dfsdm.pdf,rm0436-stm32mp157-advanced-armbased-32bit-mpus-stmicroelectronics_dfsdm,35,RESERVED,31,16,,,31:16,nan:nan
rm0436-stm32mp157-advanced-armbased-32bit-mpus-stmicroelectronics_dfsdm.pdf,rm0436-stm32mp157-advanced-armbased-32bit-mpus-stmicroelectronics_dfsdm,35,WDATA,15,0,15.0,0.0,15:0,15.0:0.0
rm0436-stm32mp157-advanced-armbased-32bit-mpus-stmicroelectronics_dfsdm.pdf,rm0436-stm32mp157-advanced-armbased-32bit-mpus-stmicroelectronics_dfsdm,36,INDAT1,31,16,15.0,0.0,31:16,15.0:0.0
rm0436-stm32mp157-advanced-armbased-32bit-mpus-stmicroelectronics_dfsdm.pdf,rm0436-stm32mp157-advanced-armbased-32bit-mpus-stmicroelectronics_dfsdm,36,INDAT0,15,0,15.0,0.0,15:0,15.0:0.0
rm0436-stm32mp157-advanced-armbased-32bit-mpus-stmicroelectronics_dfsdm.pdf,rm0436-stm32mp157-advanced-armbased-32bit-mpus-stmicroelectronics_dfsdm,37,RESERVED,31,6,,,31:6,nan:nan
rm0436-stm32mp157-advanced-armbased-32bit-mpus-stmicroelectronics_dfsdm.pdf,rm0436-stm32mp157-advanced-armbased-32bit-mpus-stmicroelectronics_dfsdm,37,PLSSKP,5,0,5.0,0.0,5:0,5.0:0.0
rm0436-stm32mp157-advanced-armbased-32bit-mpus-stmicroelectronics_dfsdm.pdf,rm0436-stm32mp157-advanced-armbased-32bit-mpus-stmicroelectronics_dfsdm,37,RESERVED,31,31,,,31,nan:nan
rm0436-stm32mp157-advanced-armbased-32bit-mpus-stmicroelectronics_dfsdm.pdf,rm0436-stm32mp157-advanced-armbased-32bit-mpus-stmicroelectronics_dfsdm,37,AWFSEL,30,30,,,30,nan:nan
rm0436-stm32mp157-advanced-armbased-32bit-mpus-stmicroelectronics_dfsdm.pdf,rm0436-stm32mp157-advanced-armbased-32bit-mpus-stmicroelectronics_dfsdm,37,FAST,29,29,,,29,nan:nan
rm0436-stm32mp157-advanced-armbased-32bit-mpus-stmicroelectronics_dfsdm.pdf,rm0436-stm32mp157-advanced-armbased-32bit-mpus-stmicroelectronics_dfsdm,37,RESERVED,28,27,,,28:27,nan:nan
rm0436-stm32mp157-advanced-armbased-32bit-mpus-stmicroelectronics_dfsdm.pdf,rm0436-stm32mp157-advanced-armbased-32bit-mpus-stmicroelectronics_dfsdm,38,RCH,26,24,2.0,0.0,26:24,2.0:0.0
rm0436-stm32mp157-advanced-armbased-32bit-mpus-stmicroelectronics_dfsdm.pdf,rm0436-stm32mp157-advanced-armbased-32bit-mpus-stmicroelectronics_dfsdm,38,RESERVED,23,22,,,23:22,nan:nan
rm0436-stm32mp157-advanced-armbased-32bit-mpus-stmicroelectronics_dfsdm.pdf,rm0436-stm32mp157-advanced-armbased-32bit-mpus-stmicroelectronics_dfsdm,38,RDMAEN,21,21,,,21,nan:nan
rm0436-stm32mp157-advanced-armbased-32bit-mpus-stmicroelectronics_dfsdm.pdf,rm0436-stm32mp157-advanced-armbased-32bit-mpus-stmicroelectronics_dfsdm,38,RESERVED,20,20,,,20,nan:nan
rm0436-stm32mp157-advanced-armbased-32bit-mpus-stmicroelectronics_dfsdm.pdf,rm0436-stm32mp157-advanced-armbased-32bit-mpus-stmicroelectronics_dfsdm,38,RSYNC,19,19,,,19,nan:nan
rm0436-stm32mp157-advanced-armbased-32bit-mpus-stmicroelectronics_dfsdm.pdf,rm0436-stm32mp157-advanced-armbased-32bit-mpus-stmicroelectronics_dfsdm,38,RCONT,18,18,,,18,nan:nan
rm0436-stm32mp157-advanced-armbased-32bit-mpus-stmicroelectronics_dfsdm.pdf,rm0436-stm32mp157-advanced-armbased-32bit-mpus-stmicroelectronics_dfsdm,38,RSWSTART,17,17,,,17,nan:nan
rm0436-stm32mp157-advanced-armbased-32bit-mpus-stmicroelectronics_dfsdm.pdf,rm0436-stm32mp157-advanced-armbased-32bit-mpus-stmicroelectronics_dfsdm,38,RESERVED,16,15,,,16:15,nan:nan
rm0436-stm32mp157-advanced-armbased-32bit-mpus-stmicroelectronics_dfsdm.pdf,rm0436-stm32mp157-advanced-armbased-32bit-mpus-stmicroelectronics_dfsdm,38,JEXTEN,14,13,1.0,0.0,14:13,1.0:0.0
rm0436-stm32mp157-advanced-armbased-32bit-mpus-stmicroelectronics_dfsdm.pdf,rm0436-stm32mp157-advanced-armbased-32bit-mpus-stmicroelectronics_dfsdm,39,JEXTSEL,12,8,4.0,0.0,12:8,4.0:0.0
rm0436-stm32mp157-advanced-armbased-32bit-mpus-stmicroelectronics_dfsdm.pdf,rm0436-stm32mp157-advanced-armbased-32bit-mpus-stmicroelectronics_dfsdm,39,RESERVED,7,6,,,7:6,nan:nan
rm0436-stm32mp157-advanced-armbased-32bit-mpus-stmicroelectronics_dfsdm.pdf,rm0436-stm32mp157-advanced-armbased-32bit-mpus-stmicroelectronics_dfsdm,39,JDMAEN,5,5,,,5,nan:nan
rm0436-stm32mp157-advanced-armbased-32bit-mpus-stmicroelectronics_dfsdm.pdf,rm0436-stm32mp157-advanced-armbased-32bit-mpus-stmicroelectronics_dfsdm,39,JSCAN,4,4,,,4,nan:nan
rm0436-stm32mp157-advanced-armbased-32bit-mpus-stmicroelectronics_dfsdm.pdf,rm0436-stm32mp157-advanced-armbased-32bit-mpus-stmicroelectronics_dfsdm,39,JSYNC,3,3,,,3,nan:nan
rm0436-stm32mp157-advanced-armbased-32bit-mpus-stmicroelectronics_dfsdm.pdf,rm0436-stm32mp157-advanced-armbased-32bit-mpus-stmicroelectronics_dfsdm,39,RESERVED,2,2,,,2,nan:nan
rm0436-stm32mp157-advanced-armbased-32bit-mpus-stmicroelectronics_dfsdm.pdf,rm0436-stm32mp157-advanced-armbased-32bit-mpus-stmicroelectronics_dfsdm,39,JSWSTART,1,1,,,1,nan:nan
rm0436-stm32mp157-advanced-armbased-32bit-mpus-stmicroelectronics_dfsdm.pdf,rm0436-stm32mp157-advanced-armbased-32bit-mpus-stmicroelectronics_dfsdm,39,DFEN,0,0,,,0,nan:nan
rm0436-stm32mp157-advanced-armbased-32bit-mpus-stmicroelectronics_dfsdm.pdf,rm0436-stm32mp157-advanced-armbased-32bit-mpus-stmicroelectronics_dfsdm,40,RESERVED,31,24,,,31:24,nan:nan
rm0436-stm32mp157-advanced-armbased-32bit-mpus-stmicroelectronics_dfsdm.pdf,rm0436-stm32mp157-advanced-armbased-32bit-mpus-stmicroelectronics_dfsdm,40,AWDCH,23,16,7.0,0.0,23:16,7.0:0.0
rm0436-stm32mp157-advanced-armbased-32bit-mpus-stmicroelectronics_dfsdm.pdf,rm0436-stm32mp157-advanced-armbased-32bit-mpus-stmicroelectronics_dfsdm,40,EXCH,15,8,7.0,0.0,15:8,7.0:0.0
rm0436-stm32mp157-advanced-armbased-32bit-mpus-stmicroelectronics_dfsdm.pdf,rm0436-stm32mp157-advanced-armbased-32bit-mpus-stmicroelectronics_dfsdm,40,RESERVED,7,7,,,7,nan:nan
rm0436-stm32mp157-advanced-armbased-32bit-mpus-stmicroelectronics_dfsdm.pdf,rm0436-stm32mp157-advanced-armbased-32bit-mpus-stmicroelectronics_dfsdm,40,CKABIE,6,6,,,6,nan:nan
rm0436-stm32mp157-advanced-armbased-32bit-mpus-stmicroelectronics_dfsdm.pdf,rm0436-stm32mp157-advanced-armbased-32bit-mpus-stmicroelectronics_dfsdm,40,SCDIE,5,5,,,5,nan:nan
rm0436-stm32mp157-advanced-armbased-32bit-mpus-stmicroelectronics_dfsdm.pdf,rm0436-stm32mp157-advanced-armbased-32bit-mpus-stmicroelectronics_dfsdm,40,AWDIE,4,4,,,4,nan:nan
rm0436-stm32mp157-advanced-armbased-32bit-mpus-stmicroelectronics_dfsdm.pdf,rm0436-stm32mp157-advanced-armbased-32bit-mpus-stmicroelectronics_dfsdm,40,ROVRIE,3,3,,,3,nan:nan
rm0436-stm32mp157-advanced-armbased-32bit-mpus-stmicroelectronics_dfsdm.pdf,rm0436-stm32mp157-advanced-armbased-32bit-mpus-stmicroelectronics_dfsdm,41,JOVRIE,2,2,,,2,nan:nan
rm0436-stm32mp157-advanced-armbased-32bit-mpus-stmicroelectronics_dfsdm.pdf,rm0436-stm32mp157-advanced-armbased-32bit-mpus-stmicroelectronics_dfsdm,41,REOCIE,1,1,,,1,nan:nan
rm0436-stm32mp157-advanced-armbased-32bit-mpus-stmicroelectronics_dfsdm.pdf,rm0436-stm32mp157-advanced-armbased-32bit-mpus-stmicroelectronics_dfsdm,41,JEOCIE,0,0,,,0,nan:nan
rm0436-stm32mp157-advanced-armbased-32bit-mpus-stmicroelectronics_dfsdm.pdf,rm0436-stm32mp157-advanced-armbased-32bit-mpus-stmicroelectronics_dfsdm,41,SCDF,31,24,7.0,0.0,31:24,7.0:0.0
rm0436-stm32mp157-advanced-armbased-32bit-mpus-stmicroelectronics_dfsdm.pdf,rm0436-stm32mp157-advanced-armbased-32bit-mpus-stmicroelectronics_dfsdm,41,CKABF,23,16,7.0,0.0,23:16,7.0:0.0
rm0436-stm32mp157-advanced-armbased-32bit-mpus-stmicroelectronics_dfsdm.pdf,rm0436-stm32mp157-advanced-armbased-32bit-mpus-stmicroelectronics_dfsdm,41,RESERVED,15,15,,,15,nan:nan
rm0436-stm32mp157-advanced-armbased-32bit-mpus-stmicroelectronics_dfsdm.pdf,rm0436-stm32mp157-advanced-armbased-32bit-mpus-stmicroelectronics_dfsdm,41,RCIP,14,14,,,14,nan:nan
rm0436-stm32mp157-advanced-armbased-32bit-mpus-stmicroelectronics_dfsdm.pdf,rm0436-stm32mp157-advanced-armbased-32bit-mpus-stmicroelectronics_dfsdm,42,JCIP,13,13,,,13,nan:nan
rm0436-stm32mp157-advanced-armbased-32bit-mpus-stmicroelectronics_dfsdm.pdf,rm0436-stm32mp157-advanced-armbased-32bit-mpus-stmicroelectronics_dfsdm,42,RESERVED,12,5,,,12:5,nan:nan
rm0436-stm32mp157-advanced-armbased-32bit-mpus-stmicroelectronics_dfsdm.pdf,rm0436-stm32mp157-advanced-armbased-32bit-mpus-stmicroelectronics_dfsdm,42,AWDF,4,4,,,4,nan:nan
rm0436-stm32mp157-advanced-armbased-32bit-mpus-stmicroelectronics_dfsdm.pdf,rm0436-stm32mp157-advanced-armbased-32bit-mpus-stmicroelectronics_dfsdm,42,ROVRF,3,3,,,3,nan:nan
rm0436-stm32mp157-advanced-armbased-32bit-mpus-stmicroelectronics_dfsdm.pdf,rm0436-stm32mp157-advanced-armbased-32bit-mpus-stmicroelectronics_dfsdm,42,JOVRF,2,2,,,2,nan:nan
rm0436-stm32mp157-advanced-armbased-32bit-mpus-stmicroelectronics_dfsdm.pdf,rm0436-stm32mp157-advanced-armbased-32bit-mpus-stmicroelectronics_dfsdm,42,REOCF,1,1,,,1,nan:nan
rm0436-stm32mp157-advanced-armbased-32bit-mpus-stmicroelectronics_dfsdm.pdf,rm0436-stm32mp157-advanced-armbased-32bit-mpus-stmicroelectronics_dfsdm,42,JEOCF,0,0,,,0,nan:nan
rm0436-stm32mp157-advanced-armbased-32bit-mpus-stmicroelectronics_dfsdm.pdf,rm0436-stm32mp157-advanced-armbased-32bit-mpus-stmicroelectronics_dfsdm,43,CLRSCDF,31,24,7.0,0.0,31:24,7.0:0.0
rm0436-stm32mp157-advanced-armbased-32bit-mpus-stmicroelectronics_dfsdm.pdf,rm0436-stm32mp157-advanced-armbased-32bit-mpus-stmicroelectronics_dfsdm,43,CLRCKABF,23,16,7.0,0.0,23:16,7.0:0.0
rm0436-stm32mp157-advanced-armbased-32bit-mpus-stmicroelectronics_dfsdm.pdf,rm0436-stm32mp157-advanced-armbased-32bit-mpus-stmicroelectronics_dfsdm,43,RESERVED,15,4,,,15:4,nan:nan
rm0436-stm32mp157-advanced-armbased-32bit-mpus-stmicroelectronics_dfsdm.pdf,rm0436-stm32mp157-advanced-armbased-32bit-mpus-stmicroelectronics_dfsdm,43,CLRROVRF,3,3,,,3,nan:nan
rm0436-stm32mp157-advanced-armbased-32bit-mpus-stmicroelectronics_dfsdm.pdf,rm0436-stm32mp157-advanced-armbased-32bit-mpus-stmicroelectronics_dfsdm,43,CLRJOVRF,2,2,,,2,nan:nan
rm0436-stm32mp157-advanced-armbased-32bit-mpus-stmicroelectronics_dfsdm.pdf,rm0436-stm32mp157-advanced-armbased-32bit-mpus-stmicroelectronics_dfsdm,43,RESERVED,1,0,,,1:0,nan:nan
rm0436-stm32mp157-advanced-armbased-32bit-mpus-stmicroelectronics_dfsdm.pdf,rm0436-stm32mp157-advanced-armbased-32bit-mpus-stmicroelectronics_dfsdm,44,RESERVED,31,8,,,31:8,nan:nan
rm0436-stm32mp157-advanced-armbased-32bit-mpus-stmicroelectronics_dfsdm.pdf,rm0436-stm32mp157-advanced-armbased-32bit-mpus-stmicroelectronics_dfsdm,44,JCHG,7,0,7.0,0.0,7:0,7.0:0.0
rm0436-stm32mp157-advanced-armbased-32bit-mpus-stmicroelectronics_dfsdm.pdf,rm0436-stm32mp157-advanced-armbased-32bit-mpus-stmicroelectronics_dfsdm,45,FORD,31,29,2.0,0.0,31:29,2.0:0.0
rm0436-stm32mp157-advanced-armbased-32bit-mpus-stmicroelectronics_dfsdm.pdf,rm0436-stm32mp157-advanced-armbased-32bit-mpus-stmicroelectronics_dfsdm,45,RESERVED,28,26,,,28:26,nan:nan
rm0436-stm32mp157-advanced-armbased-32bit-mpus-stmicroelectronics_dfsdm.pdf,rm0436-stm32mp157-advanced-armbased-32bit-mpus-stmicroelectronics_dfsdm,45,FOSR,25,16,9.0,0.0,25:16,9.0:0.0
rm0436-stm32mp157-advanced-armbased-32bit-mpus-stmicroelectronics_dfsdm.pdf,rm0436-stm32mp157-advanced-armbased-32bit-mpus-stmicroelectronics_dfsdm,45,RESERVED,15,8,,,15:8,nan:nan
rm0436-stm32mp157-advanced-armbased-32bit-mpus-stmicroelectronics_dfsdm.pdf,rm0436-stm32mp157-advanced-armbased-32bit-mpus-stmicroelectronics_dfsdm,45,IOSR,7,0,7.0,0.0,7:0,7.0:0.0
rm0436-stm32mp157-advanced-armbased-32bit-mpus-stmicroelectronics_dfsdm.pdf,rm0436-stm32mp157-advanced-armbased-32bit-mpus-stmicroelectronics_dfsdm,46,JDATA,31,8,23.0,0.0,31:8,23.0:0.0
rm0436-stm32mp157-advanced-armbased-32bit-mpus-stmicroelectronics_dfsdm.pdf,rm0436-stm32mp157-advanced-armbased-32bit-mpus-stmicroelectronics_dfsdm,46,RESERVED,7,3,,,7:3,nan:nan
rm0436-stm32mp157-advanced-armbased-32bit-mpus-stmicroelectronics_dfsdm.pdf,rm0436-stm32mp157-advanced-armbased-32bit-mpus-stmicroelectronics_dfsdm,46,JDATACH,2,0,2.0,0.0,2:0,2.0:0.0
rm0436-stm32mp157-advanced-armbased-32bit-mpus-stmicroelectronics_dfsdm.pdf,rm0436-stm32mp157-advanced-armbased-32bit-mpus-stmicroelectronics_dfsdm,46,RDATA,31,8,23.0,0.0,31:8,23.0:0.0
rm0436-stm32mp157-advanced-armbased-32bit-mpus-stmicroelectronics_dfsdm.pdf,rm0436-stm32mp157-advanced-armbased-32bit-mpus-stmicroelectronics_dfsdm,46,RESERVED,7,5,,,7:5,nan:nan
rm0436-stm32mp157-advanced-armbased-32bit-mpus-stmicroelectronics_dfsdm.pdf,rm0436-stm32mp157-advanced-armbased-32bit-mpus-stmicroelectronics_dfsdm,46,RPEND,4,4,,,4,nan:nan
rm0436-stm32mp157-advanced-armbased-32bit-mpus-stmicroelectronics_dfsdm.pdf,rm0436-stm32mp157-advanced-armbased-32bit-mpus-stmicroelectronics_dfsdm,46,RESERVED,3,3,,,3,nan:nan
rm0436-stm32mp157-advanced-armbased-32bit-mpus-stmicroelectronics_dfsdm.pdf,rm0436-stm32mp157-advanced-armbased-32bit-mpus-stmicroelectronics_dfsdm,46,RDATACH,2,0,2.0,0.0,2:0,2.0:0.0
rm0436-stm32mp157-advanced-armbased-32bit-mpus-stmicroelectronics_dfsdm.pdf,rm0436-stm32mp157-advanced-armbased-32bit-mpus-stmicroelectronics_dfsdm,47,AWHT,31,8,23.0,0.0,31:8,23.0:0.0
rm0436-stm32mp157-advanced-armbased-32bit-mpus-stmicroelectronics_dfsdm.pdf,rm0436-stm32mp157-advanced-armbased-32bit-mpus-stmicroelectronics_dfsdm,47,RESERVED,7,4,,,7:4,nan:nan
rm0436-stm32mp157-advanced-armbased-32bit-mpus-stmicroelectronics_dfsdm.pdf,rm0436-stm32mp157-advanced-armbased-32bit-mpus-stmicroelectronics_dfsdm,47,BKAWH,3,0,3.0,0.0,3:0,3.0:0.0
rm0436-stm32mp157-advanced-armbased-32bit-mpus-stmicroelectronics_dfsdm.pdf,rm0436-stm32mp157-advanced-armbased-32bit-mpus-stmicroelectronics_dfsdm,48,AWLT,31,8,23.0,0.0,31:8,23.0:0.0
rm0436-stm32mp157-advanced-armbased-32bit-mpus-stmicroelectronics_dfsdm.pdf,rm0436-stm32mp157-advanced-armbased-32bit-mpus-stmicroelectronics_dfsdm,48,RESERVED,7,4,,,7:4,nan:nan
rm0436-stm32mp157-advanced-armbased-32bit-mpus-stmicroelectronics_dfsdm.pdf,rm0436-stm32mp157-advanced-armbased-32bit-mpus-stmicroelectronics_dfsdm,48,BKAWL,3,0,3.0,0.0,3:0,3.0:0.0
rm0436-stm32mp157-advanced-armbased-32bit-mpus-stmicroelectronics_dfsdm.pdf,rm0436-stm32mp157-advanced-armbased-32bit-mpus-stmicroelectronics_dfsdm,48,RESERVED,31,16,,,31:16,nan:nan
rm0436-stm32mp157-advanced-armbased-32bit-mpus-stmicroelectronics_dfsdm.pdf,rm0436-stm32mp157-advanced-armbased-32bit-mpus-stmicroelectronics_dfsdm,48,AWHTF,15,8,7.0,0.0,15:8,7.0:0.0
rm0436-stm32mp157-advanced-armbased-32bit-mpus-stmicroelectronics_dfsdm.pdf,rm0436-stm32mp157-advanced-armbased-32bit-mpus-stmicroelectronics_dfsdm,48,AWLTF,7,0,7.0,0.0,7:0,7.0:0.0
rm0436-stm32mp157-advanced-armbased-32bit-mpus-stmicroelectronics_dfsdm.pdf,rm0436-stm32mp157-advanced-armbased-32bit-mpus-stmicroelectronics_dfsdm,49,RESERVED,31,16,,,31:16,nan:nan
rm0436-stm32mp157-advanced-armbased-32bit-mpus-stmicroelectronics_dfsdm.pdf,rm0436-stm32mp157-advanced-armbased-32bit-mpus-stmicroelectronics_dfsdm,49,CLRAWHTF,15,8,7.0,0.0,15:8,7.0:0.0
rm0436-stm32mp157-advanced-armbased-32bit-mpus-stmicroelectronics_dfsdm.pdf,rm0436-stm32mp157-advanced-armbased-32bit-mpus-stmicroelectronics_dfsdm,49,CLRAWLTF,7,0,7.0,0.0,7:0,7.0:0.0
rm0436-stm32mp157-advanced-armbased-32bit-mpus-stmicroelectronics_dfsdm.pdf,rm0436-stm32mp157-advanced-armbased-32bit-mpus-stmicroelectronics_dfsdm,49,EXMAX,31,8,23.0,0.0,31:8,23.0:0.0
rm0436-stm32mp157-advanced-armbased-32bit-mpus-stmicroelectronics_dfsdm.pdf,rm0436-stm32mp157-advanced-armbased-32bit-mpus-stmicroelectronics_dfsdm,49,RESERVED,7,3,,,7:3,nan:nan
rm0436-stm32mp157-advanced-armbased-32bit-mpus-stmicroelectronics_dfsdm.pdf,rm0436-stm32mp157-advanced-armbased-32bit-mpus-stmicroelectronics_dfsdm,49,EXMAXCH,2,0,2.0,0.0,2:0,2.0:0.0
rm0436-stm32mp157-advanced-armbased-32bit-mpus-stmicroelectronics_dfsdm.pdf,rm0436-stm32mp157-advanced-armbased-32bit-mpus-stmicroelectronics_dfsdm,50,EXMIN,31,8,23.0,0.0,31:8,23.0:0.0
rm0436-stm32mp157-advanced-armbased-32bit-mpus-stmicroelectronics_dfsdm.pdf,rm0436-stm32mp157-advanced-armbased-32bit-mpus-stmicroelectronics_dfsdm,50,RESERVED,7,3,,,7:3,nan:nan
rm0436-stm32mp157-advanced-armbased-32bit-mpus-stmicroelectronics_dfsdm.pdf,rm0436-stm32mp157-advanced-armbased-32bit-mpus-stmicroelectronics_dfsdm,50,EXMINCH,2,0,2.0,0.0,2:0,2.0:0.0
rm0436-stm32mp157-advanced-armbased-32bit-mpus-stmicroelectronics_dfsdm.pdf,rm0436-stm32mp157-advanced-armbased-32bit-mpus-stmicroelectronics_dfsdm,51,CNVCNT,31,4,27.0,0.0,31:4,27.0:0.0
rm0436-stm32mp157-advanced-armbased-32bit-mpus-stmicroelectronics_dfsdm.pdf,rm0436-stm32mp157-advanced-armbased-32bit-mpus-stmicroelectronics_dfsdm,51,RESERVED,3,0,,,3:0,nan:nan
rm0436-stm32mp157-advanced-armbased-32bit-mpus-stmicroelectronics_dfsdm.pdf,rm0436-stm32mp157-advanced-armbased-32bit-mpus-stmicroelectronics_dfsdm,52,RESERVED,31,16,,,31:16,nan:nan
rm0436-stm32mp157-advanced-armbased-32bit-mpus-stmicroelectronics_dfsdm.pdf,rm0436-stm32mp157-advanced-armbased-32bit-mpus-stmicroelectronics_dfsdm,52,NBF,15,8,7.0,0.0,15:8,7.0:0.0
rm0436-stm32mp157-advanced-armbased-32bit-mpus-stmicroelectronics_dfsdm.pdf,rm0436-stm32mp157-advanced-armbased-32bit-mpus-stmicroelectronics_dfsdm,52,NBT,7,0,7.0,0.0,7:0,7.0:0.0
rm0436-stm32mp157-advanced-armbased-32bit-mpus-stmicroelectronics_dfsdm.pdf,rm0436-stm32mp157-advanced-armbased-32bit-mpus-stmicroelectronics_dfsdm,52,RESERVED,31,8,,,31:8,nan:nan
rm0436-stm32mp157-advanced-armbased-32bit-mpus-stmicroelectronics_dfsdm.pdf,rm0436-stm32mp157-advanced-armbased-32bit-mpus-stmicroelectronics_dfsdm,52,MAJREV,7,4,3.0,0.0,7:4,3.0:0.0
rm0436-stm32mp157-advanced-armbased-32bit-mpus-stmicroelectronics_dfsdm.pdf,rm0436-stm32mp157-advanced-armbased-32bit-mpus-stmicroelectronics_dfsdm,52,MINREV,3,0,3.0,0.0,3:0,3.0:0.0
rm0436-stm32mp157-advanced-armbased-32bit-mpus-stmicroelectronics_dfsdm.pdf,rm0436-stm32mp157-advanced-armbased-32bit-mpus-stmicroelectronics_dfsdm,53,ID,31,0,31.0,0.0,31:0,31.0:0.0
rm0436-stm32mp157-advanced-armbased-32bit-mpus-stmicroelectronics_dfsdm.pdf,rm0436-stm32mp157-advanced-armbased-32bit-mpus-stmicroelectronics_dfsdm,53,SID,31,0,31.0,0.0,31:0,31.0:0.0
rm0438-stm32l5-series-advanced-armbased-32bit-mcus-stmicroelectronics_dfsdm.pdf,rm0438-stm32l5-series-advanced-armbased-32bit-mcus-stmicroelectronics_dfsdm,31,DFSDMEN,31,31,,,31,nan:nan
rm0438-stm32l5-series-advanced-armbased-32bit-mcus-stmicroelectronics_dfsdm.pdf,rm0438-stm32l5-series-advanced-armbased-32bit-mcus-stmicroelectronics_dfsdm,31,CKOUTSRC,30,30,,,30,nan:nan
rm0438-stm32l5-series-advanced-armbased-32bit-mcus-stmicroelectronics_dfsdm.pdf,rm0438-stm32l5-series-advanced-armbased-32bit-mcus-stmicroelectronics_dfsdm,31,RESERVED,29,24,,,29:24,nan:nan
rm0438-stm32l5-series-advanced-armbased-32bit-mcus-stmicroelectronics_dfsdm.pdf,rm0438-stm32l5-series-advanced-armbased-32bit-mcus-stmicroelectronics_dfsdm,32,CKOUTDIV,23,16,7.0,0.0,23:16,7.0:0.0
rm0438-stm32l5-series-advanced-armbased-32bit-mcus-stmicroelectronics_dfsdm.pdf,rm0438-stm32l5-series-advanced-armbased-32bit-mcus-stmicroelectronics_dfsdm,32,DATPACK,15,14,1.0,0.0,15:14,1.0:0.0
rm0438-stm32l5-series-advanced-armbased-32bit-mcus-stmicroelectronics_dfsdm.pdf,rm0438-stm32l5-series-advanced-armbased-32bit-mcus-stmicroelectronics_dfsdm,32,DATMPX,13,12,1.0,0.0,13:12,1.0:0.0
rm0438-stm32l5-series-advanced-armbased-32bit-mcus-stmicroelectronics_dfsdm.pdf,rm0438-stm32l5-series-advanced-armbased-32bit-mcus-stmicroelectronics_dfsdm,32,RESERVED,11,9,,,11:9,nan:nan
rm0438-stm32l5-series-advanced-armbased-32bit-mcus-stmicroelectronics_dfsdm.pdf,rm0438-stm32l5-series-advanced-armbased-32bit-mcus-stmicroelectronics_dfsdm,32,CHINSEL,8,8,,,8,nan:nan
rm0438-stm32l5-series-advanced-armbased-32bit-mcus-stmicroelectronics_dfsdm.pdf,rm0438-stm32l5-series-advanced-armbased-32bit-mcus-stmicroelectronics_dfsdm,32,CHEN,7,7,,,7,nan:nan
rm0438-stm32l5-series-advanced-armbased-32bit-mcus-stmicroelectronics_dfsdm.pdf,rm0438-stm32l5-series-advanced-armbased-32bit-mcus-stmicroelectronics_dfsdm,33,CKABEN,6,6,,,6,nan:nan
rm0438-stm32l5-series-advanced-armbased-32bit-mcus-stmicroelectronics_dfsdm.pdf,rm0438-stm32l5-series-advanced-armbased-32bit-mcus-stmicroelectronics_dfsdm,33,SCDEN,5,5,,,5,nan:nan
rm0438-stm32l5-series-advanced-armbased-32bit-mcus-stmicroelectronics_dfsdm.pdf,rm0438-stm32l5-series-advanced-armbased-32bit-mcus-stmicroelectronics_dfsdm,33,RESERVED,4,4,,,4,nan:nan
rm0438-stm32l5-series-advanced-armbased-32bit-mcus-stmicroelectronics_dfsdm.pdf,rm0438-stm32l5-series-advanced-armbased-32bit-mcus-stmicroelectronics_dfsdm,33,SPICKSEL,3,2,1.0,0.0,3:2,1.0:0.0
rm0438-stm32l5-series-advanced-armbased-32bit-mcus-stmicroelectronics_dfsdm.pdf,rm0438-stm32l5-series-advanced-armbased-32bit-mcus-stmicroelectronics_dfsdm,33,SITP,1,0,1.0,0.0,1:0,1.0:0.0
rm0438-stm32l5-series-advanced-armbased-32bit-mcus-stmicroelectronics_dfsdm.pdf,rm0438-stm32l5-series-advanced-armbased-32bit-mcus-stmicroelectronics_dfsdm,34,OFFSET,31,8,23.0,0.0,31:8,23.0:0.0
rm0438-stm32l5-series-advanced-armbased-32bit-mcus-stmicroelectronics_dfsdm.pdf,rm0438-stm32l5-series-advanced-armbased-32bit-mcus-stmicroelectronics_dfsdm,34,DTRBS,7,3,4.0,0.0,7:3,4.0:0.0
rm0438-stm32l5-series-advanced-armbased-32bit-mcus-stmicroelectronics_dfsdm.pdf,rm0438-stm32l5-series-advanced-armbased-32bit-mcus-stmicroelectronics_dfsdm,34,RESERVED,2,0,,,2:0,nan:nan
rm0438-stm32l5-series-advanced-armbased-32bit-mcus-stmicroelectronics_dfsdm.pdf,rm0438-stm32l5-series-advanced-armbased-32bit-mcus-stmicroelectronics_dfsdm,34,RESERVED,31,24,,,31:24,nan:nan
rm0438-stm32l5-series-advanced-armbased-32bit-mcus-stmicroelectronics_dfsdm.pdf,rm0438-stm32l5-series-advanced-armbased-32bit-mcus-stmicroelectronics_dfsdm,34,AWFORD,23,22,1.0,0.0,23:22,1.0:0.0
rm0438-stm32l5-series-advanced-armbased-32bit-mcus-stmicroelectronics_dfsdm.pdf,rm0438-stm32l5-series-advanced-armbased-32bit-mcus-stmicroelectronics_dfsdm,34,RESERVED,21,21,,,21,nan:nan
rm0438-stm32l5-series-advanced-armbased-32bit-mcus-stmicroelectronics_dfsdm.pdf,rm0438-stm32l5-series-advanced-armbased-32bit-mcus-stmicroelectronics_dfsdm,34,AWFOSR,20,16,4.0,0.0,20:16,4.0:0.0
rm0438-stm32l5-series-advanced-armbased-32bit-mcus-stmicroelectronics_dfsdm.pdf,rm0438-stm32l5-series-advanced-armbased-32bit-mcus-stmicroelectronics_dfsdm,35,BKSCD,15,12,3.0,0.0,15:12,3.0:0.0
rm0438-stm32l5-series-advanced-armbased-32bit-mcus-stmicroelectronics_dfsdm.pdf,rm0438-stm32l5-series-advanced-armbased-32bit-mcus-stmicroelectronics_dfsdm,35,RESERVED,11,8,,,11:8,nan:nan
rm0438-stm32l5-series-advanced-armbased-32bit-mcus-stmicroelectronics_dfsdm.pdf,rm0438-stm32l5-series-advanced-armbased-32bit-mcus-stmicroelectronics_dfsdm,35,SCDT,7,0,7.0,0.0,7:0,7.0:0.0
rm0438-stm32l5-series-advanced-armbased-32bit-mcus-stmicroelectronics_dfsdm.pdf,rm0438-stm32l5-series-advanced-armbased-32bit-mcus-stmicroelectronics_dfsdm,35,RESERVED,31,16,,,31:16,nan:nan
rm0438-stm32l5-series-advanced-armbased-32bit-mcus-stmicroelectronics_dfsdm.pdf,rm0438-stm32l5-series-advanced-armbased-32bit-mcus-stmicroelectronics_dfsdm,35,WDATA,15,0,15.0,0.0,15:0,15.0:0.0
rm0438-stm32l5-series-advanced-armbased-32bit-mcus-stmicroelectronics_dfsdm.pdf,rm0438-stm32l5-series-advanced-armbased-32bit-mcus-stmicroelectronics_dfsdm,36,INDAT1,31,16,15.0,0.0,31:16,15.0:0.0
rm0438-stm32l5-series-advanced-armbased-32bit-mcus-stmicroelectronics_dfsdm.pdf,rm0438-stm32l5-series-advanced-armbased-32bit-mcus-stmicroelectronics_dfsdm,36,INDAT0,15,0,15.0,0.0,15:0,15.0:0.0
rm0438-stm32l5-series-advanced-armbased-32bit-mcus-stmicroelectronics_dfsdm.pdf,rm0438-stm32l5-series-advanced-armbased-32bit-mcus-stmicroelectronics_dfsdm,37,RESERVED,31,6,,,31:6,nan:nan
rm0438-stm32l5-series-advanced-armbased-32bit-mcus-stmicroelectronics_dfsdm.pdf,rm0438-stm32l5-series-advanced-armbased-32bit-mcus-stmicroelectronics_dfsdm,37,PLSSKP,5,0,5.0,0.0,5:0,5.0:0.0
rm0438-stm32l5-series-advanced-armbased-32bit-mcus-stmicroelectronics_dfsdm.pdf,rm0438-stm32l5-series-advanced-armbased-32bit-mcus-stmicroelectronics_dfsdm,37,RESERVED,31,31,,,31,nan:nan
rm0438-stm32l5-series-advanced-armbased-32bit-mcus-stmicroelectronics_dfsdm.pdf,rm0438-stm32l5-series-advanced-armbased-32bit-mcus-stmicroelectronics_dfsdm,37,AWFSEL,30,30,,,30,nan:nan
rm0438-stm32l5-series-advanced-armbased-32bit-mcus-stmicroelectronics_dfsdm.pdf,rm0438-stm32l5-series-advanced-armbased-32bit-mcus-stmicroelectronics_dfsdm,37,FAST,29,29,,,29,nan:nan
rm0438-stm32l5-series-advanced-armbased-32bit-mcus-stmicroelectronics_dfsdm.pdf,rm0438-stm32l5-series-advanced-armbased-32bit-mcus-stmicroelectronics_dfsdm,37,RESERVED,28,26,,,28:26,nan:nan
rm0438-stm32l5-series-advanced-armbased-32bit-mcus-stmicroelectronics_dfsdm.pdf,rm0438-stm32l5-series-advanced-armbased-32bit-mcus-stmicroelectronics_dfsdm,38,RCH,25,24,1.0,0.0,25:24,1.0:0.0
rm0438-stm32l5-series-advanced-armbased-32bit-mcus-stmicroelectronics_dfsdm.pdf,rm0438-stm32l5-series-advanced-armbased-32bit-mcus-stmicroelectronics_dfsdm,38,RESERVED,23,22,,,23:22,nan:nan
rm0438-stm32l5-series-advanced-armbased-32bit-mcus-stmicroelectronics_dfsdm.pdf,rm0438-stm32l5-series-advanced-armbased-32bit-mcus-stmicroelectronics_dfsdm,38,RDMAEN,21,21,,,21,nan:nan
rm0438-stm32l5-series-advanced-armbased-32bit-mcus-stmicroelectronics_dfsdm.pdf,rm0438-stm32l5-series-advanced-armbased-32bit-mcus-stmicroelectronics_dfsdm,38,RESERVED,20,20,,,20,nan:nan
rm0438-stm32l5-series-advanced-armbased-32bit-mcus-stmicroelectronics_dfsdm.pdf,rm0438-stm32l5-series-advanced-armbased-32bit-mcus-stmicroelectronics_dfsdm,38,RSYNC,19,19,,,19,nan:nan
rm0438-stm32l5-series-advanced-armbased-32bit-mcus-stmicroelectronics_dfsdm.pdf,rm0438-stm32l5-series-advanced-armbased-32bit-mcus-stmicroelectronics_dfsdm,38,RCONT,18,18,,,18,nan:nan
rm0438-stm32l5-series-advanced-armbased-32bit-mcus-stmicroelectronics_dfsdm.pdf,rm0438-stm32l5-series-advanced-armbased-32bit-mcus-stmicroelectronics_dfsdm,38,RSWSTART,17,17,,,17,nan:nan
rm0438-stm32l5-series-advanced-armbased-32bit-mcus-stmicroelectronics_dfsdm.pdf,rm0438-stm32l5-series-advanced-armbased-32bit-mcus-stmicroelectronics_dfsdm,38,RESERVED,16,15,,,16:15,nan:nan
rm0438-stm32l5-series-advanced-armbased-32bit-mcus-stmicroelectronics_dfsdm.pdf,rm0438-stm32l5-series-advanced-armbased-32bit-mcus-stmicroelectronics_dfsdm,38,JEXTEN,14,13,1.0,0.0,14:13,1.0:0.0
rm0438-stm32l5-series-advanced-armbased-32bit-mcus-stmicroelectronics_dfsdm.pdf,rm0438-stm32l5-series-advanced-armbased-32bit-mcus-stmicroelectronics_dfsdm,39,JEXTSEL,12,8,4.0,0.0,12:8,4.0:0.0
rm0438-stm32l5-series-advanced-armbased-32bit-mcus-stmicroelectronics_dfsdm.pdf,rm0438-stm32l5-series-advanced-armbased-32bit-mcus-stmicroelectronics_dfsdm,39,RESERVED,7,6,,,7:6,nan:nan
rm0438-stm32l5-series-advanced-armbased-32bit-mcus-stmicroelectronics_dfsdm.pdf,rm0438-stm32l5-series-advanced-armbased-32bit-mcus-stmicroelectronics_dfsdm,39,JDMAEN,5,5,,,5,nan:nan
rm0438-stm32l5-series-advanced-armbased-32bit-mcus-stmicroelectronics_dfsdm.pdf,rm0438-stm32l5-series-advanced-armbased-32bit-mcus-stmicroelectronics_dfsdm,39,JSCAN,4,4,,,4,nan:nan
rm0438-stm32l5-series-advanced-armbased-32bit-mcus-stmicroelectronics_dfsdm.pdf,rm0438-stm32l5-series-advanced-armbased-32bit-mcus-stmicroelectronics_dfsdm,39,JSYNC,3,3,,,3,nan:nan
rm0438-stm32l5-series-advanced-armbased-32bit-mcus-stmicroelectronics_dfsdm.pdf,rm0438-stm32l5-series-advanced-armbased-32bit-mcus-stmicroelectronics_dfsdm,39,RESERVED,2,2,,,2,nan:nan
rm0438-stm32l5-series-advanced-armbased-32bit-mcus-stmicroelectronics_dfsdm.pdf,rm0438-stm32l5-series-advanced-armbased-32bit-mcus-stmicroelectronics_dfsdm,39,JSWSTART,1,1,,,1,nan:nan
rm0438-stm32l5-series-advanced-armbased-32bit-mcus-stmicroelectronics_dfsdm.pdf,rm0438-stm32l5-series-advanced-armbased-32bit-mcus-stmicroelectronics_dfsdm,39,DFEN,0,0,,,0,nan:nan
rm0438-stm32l5-series-advanced-armbased-32bit-mcus-stmicroelectronics_dfsdm.pdf,rm0438-stm32l5-series-advanced-armbased-32bit-mcus-stmicroelectronics_dfsdm,40,RESERVED,31,20,,,31:20,nan:nan
rm0438-stm32l5-series-advanced-armbased-32bit-mcus-stmicroelectronics_dfsdm.pdf,rm0438-stm32l5-series-advanced-armbased-32bit-mcus-stmicroelectronics_dfsdm,40,AWDCH,19,16,3.0,0.0,19:16,3.0:0.0
rm0438-stm32l5-series-advanced-armbased-32bit-mcus-stmicroelectronics_dfsdm.pdf,rm0438-stm32l5-series-advanced-armbased-32bit-mcus-stmicroelectronics_dfsdm,40,RESERVED,15,12,,,15:12,nan:nan
rm0438-stm32l5-series-advanced-armbased-32bit-mcus-stmicroelectronics_dfsdm.pdf,rm0438-stm32l5-series-advanced-armbased-32bit-mcus-stmicroelectronics_dfsdm,40,EXCH,11,8,3.0,0.0,11:8,3.0:0.0
rm0438-stm32l5-series-advanced-armbased-32bit-mcus-stmicroelectronics_dfsdm.pdf,rm0438-stm32l5-series-advanced-armbased-32bit-mcus-stmicroelectronics_dfsdm,40,RESERVED,7,7,,,7,nan:nan
rm0438-stm32l5-series-advanced-armbased-32bit-mcus-stmicroelectronics_dfsdm.pdf,rm0438-stm32l5-series-advanced-armbased-32bit-mcus-stmicroelectronics_dfsdm,40,CKABIE,6,6,,,6,nan:nan
rm0438-stm32l5-series-advanced-armbased-32bit-mcus-stmicroelectronics_dfsdm.pdf,rm0438-stm32l5-series-advanced-armbased-32bit-mcus-stmicroelectronics_dfsdm,40,SCDIE,5,5,,,5,nan:nan
rm0438-stm32l5-series-advanced-armbased-32bit-mcus-stmicroelectronics_dfsdm.pdf,rm0438-stm32l5-series-advanced-armbased-32bit-mcus-stmicroelectronics_dfsdm,40,AWDIE,4,4,,,4,nan:nan
rm0438-stm32l5-series-advanced-armbased-32bit-mcus-stmicroelectronics_dfsdm.pdf,rm0438-stm32l5-series-advanced-armbased-32bit-mcus-stmicroelectronics_dfsdm,40,ROVRIE,3,3,,,3,nan:nan
rm0438-stm32l5-series-advanced-armbased-32bit-mcus-stmicroelectronics_dfsdm.pdf,rm0438-stm32l5-series-advanced-armbased-32bit-mcus-stmicroelectronics_dfsdm,41,JOVRIE,2,2,,,2,nan:nan
rm0438-stm32l5-series-advanced-armbased-32bit-mcus-stmicroelectronics_dfsdm.pdf,rm0438-stm32l5-series-advanced-armbased-32bit-mcus-stmicroelectronics_dfsdm,41,REOCIE,1,1,,,1,nan:nan
rm0438-stm32l5-series-advanced-armbased-32bit-mcus-stmicroelectronics_dfsdm.pdf,rm0438-stm32l5-series-advanced-armbased-32bit-mcus-stmicroelectronics_dfsdm,41,JEOCIE,0,0,,,0,nan:nan
rm0438-stm32l5-series-advanced-armbased-32bit-mcus-stmicroelectronics_dfsdm.pdf,rm0438-stm32l5-series-advanced-armbased-32bit-mcus-stmicroelectronics_dfsdm,41,RESERVED,31,28,,,31:28,nan:nan
rm0438-stm32l5-series-advanced-armbased-32bit-mcus-stmicroelectronics_dfsdm.pdf,rm0438-stm32l5-series-advanced-armbased-32bit-mcus-stmicroelectronics_dfsdm,41,SCDF,27,24,3.0,0.0,27:24,3.0:0.0
rm0438-stm32l5-series-advanced-armbased-32bit-mcus-stmicroelectronics_dfsdm.pdf,rm0438-stm32l5-series-advanced-armbased-32bit-mcus-stmicroelectronics_dfsdm,41,RESERVED,23,20,,,23:20,nan:nan
rm0438-stm32l5-series-advanced-armbased-32bit-mcus-stmicroelectronics_dfsdm.pdf,rm0438-stm32l5-series-advanced-armbased-32bit-mcus-stmicroelectronics_dfsdm,41,CKABF,19,16,3.0,0.0,19:16,3.0:0.0
rm0438-stm32l5-series-advanced-armbased-32bit-mcus-stmicroelectronics_dfsdm.pdf,rm0438-stm32l5-series-advanced-armbased-32bit-mcus-stmicroelectronics_dfsdm,41,RESERVED,15,15,,,15,nan:nan
rm0438-stm32l5-series-advanced-armbased-32bit-mcus-stmicroelectronics_dfsdm.pdf,rm0438-stm32l5-series-advanced-armbased-32bit-mcus-stmicroelectronics_dfsdm,42,RCIP,14,14,,,14,nan:nan
rm0438-stm32l5-series-advanced-armbased-32bit-mcus-stmicroelectronics_dfsdm.pdf,rm0438-stm32l5-series-advanced-armbased-32bit-mcus-stmicroelectronics_dfsdm,42,JCIP,13,13,,,13,nan:nan
rm0438-stm32l5-series-advanced-armbased-32bit-mcus-stmicroelectronics_dfsdm.pdf,rm0438-stm32l5-series-advanced-armbased-32bit-mcus-stmicroelectronics_dfsdm,42,RESERVED,12,5,,,12:5,nan:nan
rm0438-stm32l5-series-advanced-armbased-32bit-mcus-stmicroelectronics_dfsdm.pdf,rm0438-stm32l5-series-advanced-armbased-32bit-mcus-stmicroelectronics_dfsdm,42,AWDF,4,4,,,4,nan:nan
rm0438-stm32l5-series-advanced-armbased-32bit-mcus-stmicroelectronics_dfsdm.pdf,rm0438-stm32l5-series-advanced-armbased-32bit-mcus-stmicroelectronics_dfsdm,42,ROVRF,3,3,,,3,nan:nan
rm0438-stm32l5-series-advanced-armbased-32bit-mcus-stmicroelectronics_dfsdm.pdf,rm0438-stm32l5-series-advanced-armbased-32bit-mcus-stmicroelectronics_dfsdm,42,JOVRF,2,2,,,2,nan:nan
rm0438-stm32l5-series-advanced-armbased-32bit-mcus-stmicroelectronics_dfsdm.pdf,rm0438-stm32l5-series-advanced-armbased-32bit-mcus-stmicroelectronics_dfsdm,42,REOCF,1,1,,,1,nan:nan
rm0438-stm32l5-series-advanced-armbased-32bit-mcus-stmicroelectronics_dfsdm.pdf,rm0438-stm32l5-series-advanced-armbased-32bit-mcus-stmicroelectronics_dfsdm,42,JEOCF,0,0,,,0,nan:nan
rm0438-stm32l5-series-advanced-armbased-32bit-mcus-stmicroelectronics_dfsdm.pdf,rm0438-stm32l5-series-advanced-armbased-32bit-mcus-stmicroelectronics_dfsdm,43,RESERVED,31,28,,,31:28,nan:nan
rm0438-stm32l5-series-advanced-armbased-32bit-mcus-stmicroelectronics_dfsdm.pdf,rm0438-stm32l5-series-advanced-armbased-32bit-mcus-stmicroelectronics_dfsdm,43,CLRSCDF,27,24,3.0,0.0,27:24,3.0:0.0
rm0438-stm32l5-series-advanced-armbased-32bit-mcus-stmicroelectronics_dfsdm.pdf,rm0438-stm32l5-series-advanced-armbased-32bit-mcus-stmicroelectronics_dfsdm,43,RESERVED,23,20,,,23:20,nan:nan
rm0438-stm32l5-series-advanced-armbased-32bit-mcus-stmicroelectronics_dfsdm.pdf,rm0438-stm32l5-series-advanced-armbased-32bit-mcus-stmicroelectronics_dfsdm,43,CLRCKABF,19,16,3.0,0.0,19:16,3.0:0.0
rm0438-stm32l5-series-advanced-armbased-32bit-mcus-stmicroelectronics_dfsdm.pdf,rm0438-stm32l5-series-advanced-armbased-32bit-mcus-stmicroelectronics_dfsdm,43,RESERVED,15,4,,,15:4,nan:nan
rm0438-stm32l5-series-advanced-armbased-32bit-mcus-stmicroelectronics_dfsdm.pdf,rm0438-stm32l5-series-advanced-armbased-32bit-mcus-stmicroelectronics_dfsdm,43,CLRROVRF,3,3,,,3,nan:nan
rm0438-stm32l5-series-advanced-armbased-32bit-mcus-stmicroelectronics_dfsdm.pdf,rm0438-stm32l5-series-advanced-armbased-32bit-mcus-stmicroelectronics_dfsdm,43,CLRJOVRF,2,2,,,2,nan:nan
rm0438-stm32l5-series-advanced-armbased-32bit-mcus-stmicroelectronics_dfsdm.pdf,rm0438-stm32l5-series-advanced-armbased-32bit-mcus-stmicroelectronics_dfsdm,43,RESERVED,1,0,,,1:0,nan:nan
rm0438-stm32l5-series-advanced-armbased-32bit-mcus-stmicroelectronics_dfsdm.pdf,rm0438-stm32l5-series-advanced-armbased-32bit-mcus-stmicroelectronics_dfsdm,44,RESERVED,31,4,,,31:4,nan:nan
rm0438-stm32l5-series-advanced-armbased-32bit-mcus-stmicroelectronics_dfsdm.pdf,rm0438-stm32l5-series-advanced-armbased-32bit-mcus-stmicroelectronics_dfsdm,44,JCHG,3,0,3.0,0.0,3:0,3.0:0.0
rm0438-stm32l5-series-advanced-armbased-32bit-mcus-stmicroelectronics_dfsdm.pdf,rm0438-stm32l5-series-advanced-armbased-32bit-mcus-stmicroelectronics_dfsdm,45,FORD,31,29,2.0,0.0,31:29,2.0:0.0
rm0438-stm32l5-series-advanced-armbased-32bit-mcus-stmicroelectronics_dfsdm.pdf,rm0438-stm32l5-series-advanced-armbased-32bit-mcus-stmicroelectronics_dfsdm,45,RESERVED,28,26,,,28:26,nan:nan
rm0438-stm32l5-series-advanced-armbased-32bit-mcus-stmicroelectronics_dfsdm.pdf,rm0438-stm32l5-series-advanced-armbased-32bit-mcus-stmicroelectronics_dfsdm,45,FOSR,25,16,9.0,0.0,25:16,9.0:0.0
rm0438-stm32l5-series-advanced-armbased-32bit-mcus-stmicroelectronics_dfsdm.pdf,rm0438-stm32l5-series-advanced-armbased-32bit-mcus-stmicroelectronics_dfsdm,45,RESERVED,15,8,,,15:8,nan:nan
rm0438-stm32l5-series-advanced-armbased-32bit-mcus-stmicroelectronics_dfsdm.pdf,rm0438-stm32l5-series-advanced-armbased-32bit-mcus-stmicroelectronics_dfsdm,45,IOSR,7,0,7.0,0.0,7:0,7.0:0.0
rm0438-stm32l5-series-advanced-armbased-32bit-mcus-stmicroelectronics_dfsdm.pdf,rm0438-stm32l5-series-advanced-armbased-32bit-mcus-stmicroelectronics_dfsdm,46,JDATA,31,8,23.0,0.0,31:8,23.0:0.0
rm0438-stm32l5-series-advanced-armbased-32bit-mcus-stmicroelectronics_dfsdm.pdf,rm0438-stm32l5-series-advanced-armbased-32bit-mcus-stmicroelectronics_dfsdm,46,RESERVED,7,2,,,7:2,nan:nan
rm0438-stm32l5-series-advanced-armbased-32bit-mcus-stmicroelectronics_dfsdm.pdf,rm0438-stm32l5-series-advanced-armbased-32bit-mcus-stmicroelectronics_dfsdm,46,JDATACH,1,0,1.0,0.0,1:0,1.0:0.0
rm0438-stm32l5-series-advanced-armbased-32bit-mcus-stmicroelectronics_dfsdm.pdf,rm0438-stm32l5-series-advanced-armbased-32bit-mcus-stmicroelectronics_dfsdm,46,RDATA,31,8,23.0,0.0,31:8,23.0:0.0
rm0438-stm32l5-series-advanced-armbased-32bit-mcus-stmicroelectronics_dfsdm.pdf,rm0438-stm32l5-series-advanced-armbased-32bit-mcus-stmicroelectronics_dfsdm,46,RESERVED,7,5,,,7:5,nan:nan
rm0438-stm32l5-series-advanced-armbased-32bit-mcus-stmicroelectronics_dfsdm.pdf,rm0438-stm32l5-series-advanced-armbased-32bit-mcus-stmicroelectronics_dfsdm,46,RPEND,4,4,,,4,nan:nan
rm0438-stm32l5-series-advanced-armbased-32bit-mcus-stmicroelectronics_dfsdm.pdf,rm0438-stm32l5-series-advanced-armbased-32bit-mcus-stmicroelectronics_dfsdm,46,RESERVED,3,2,,,3:2,nan:nan
rm0438-stm32l5-series-advanced-armbased-32bit-mcus-stmicroelectronics_dfsdm.pdf,rm0438-stm32l5-series-advanced-armbased-32bit-mcus-stmicroelectronics_dfsdm,46,RDATACH,1,0,1.0,0.0,1:0,1.0:0.0
rm0438-stm32l5-series-advanced-armbased-32bit-mcus-stmicroelectronics_dfsdm.pdf,rm0438-stm32l5-series-advanced-armbased-32bit-mcus-stmicroelectronics_dfsdm,47,AWHT,31,8,23.0,0.0,31:8,23.0:0.0
rm0438-stm32l5-series-advanced-armbased-32bit-mcus-stmicroelectronics_dfsdm.pdf,rm0438-stm32l5-series-advanced-armbased-32bit-mcus-stmicroelectronics_dfsdm,47,RESERVED,7,4,,,7:4,nan:nan
rm0438-stm32l5-series-advanced-armbased-32bit-mcus-stmicroelectronics_dfsdm.pdf,rm0438-stm32l5-series-advanced-armbased-32bit-mcus-stmicroelectronics_dfsdm,47,BKAWH,3,0,3.0,0.0,3:0,3.0:0.0
rm0438-stm32l5-series-advanced-armbased-32bit-mcus-stmicroelectronics_dfsdm.pdf,rm0438-stm32l5-series-advanced-armbased-32bit-mcus-stmicroelectronics_dfsdm,48,AWLT,31,8,23.0,0.0,31:8,23.0:0.0
rm0438-stm32l5-series-advanced-armbased-32bit-mcus-stmicroelectronics_dfsdm.pdf,rm0438-stm32l5-series-advanced-armbased-32bit-mcus-stmicroelectronics_dfsdm,48,RESERVED,7,4,,,7:4,nan:nan
rm0438-stm32l5-series-advanced-armbased-32bit-mcus-stmicroelectronics_dfsdm.pdf,rm0438-stm32l5-series-advanced-armbased-32bit-mcus-stmicroelectronics_dfsdm,48,BKAWL,3,0,3.0,0.0,3:0,3.0:0.0
rm0438-stm32l5-series-advanced-armbased-32bit-mcus-stmicroelectronics_dfsdm.pdf,rm0438-stm32l5-series-advanced-armbased-32bit-mcus-stmicroelectronics_dfsdm,48,RESERVED,31,12,,,31:12,nan:nan
rm0438-stm32l5-series-advanced-armbased-32bit-mcus-stmicroelectronics_dfsdm.pdf,rm0438-stm32l5-series-advanced-armbased-32bit-mcus-stmicroelectronics_dfsdm,48,AWHTF,11,8,3.0,0.0,11:8,3.0:0.0
rm0438-stm32l5-series-advanced-armbased-32bit-mcus-stmicroelectronics_dfsdm.pdf,rm0438-stm32l5-series-advanced-armbased-32bit-mcus-stmicroelectronics_dfsdm,48,RESERVED,7,4,,,7:4,nan:nan
rm0438-stm32l5-series-advanced-armbased-32bit-mcus-stmicroelectronics_dfsdm.pdf,rm0438-stm32l5-series-advanced-armbased-32bit-mcus-stmicroelectronics_dfsdm,48,AWLTF,3,0,3.0,0.0,3:0,3.0:0.0
rm0438-stm32l5-series-advanced-armbased-32bit-mcus-stmicroelectronics_dfsdm.pdf,rm0438-stm32l5-series-advanced-armbased-32bit-mcus-stmicroelectronics_dfsdm,49,RESERVED,31,12,,,31:12,nan:nan
rm0438-stm32l5-series-advanced-armbased-32bit-mcus-stmicroelectronics_dfsdm.pdf,rm0438-stm32l5-series-advanced-armbased-32bit-mcus-stmicroelectronics_dfsdm,49,CLRAWHTF,11,8,3.0,0.0,11:8,3.0:0.0
rm0438-stm32l5-series-advanced-armbased-32bit-mcus-stmicroelectronics_dfsdm.pdf,rm0438-stm32l5-series-advanced-armbased-32bit-mcus-stmicroelectronics_dfsdm,49,RESERVED,7,4,,,7:4,nan:nan
rm0438-stm32l5-series-advanced-armbased-32bit-mcus-stmicroelectronics_dfsdm.pdf,rm0438-stm32l5-series-advanced-armbased-32bit-mcus-stmicroelectronics_dfsdm,49,CLRAWLTF,3,0,3.0,0.0,3:0,3.0:0.0
rm0438-stm32l5-series-advanced-armbased-32bit-mcus-stmicroelectronics_dfsdm.pdf,rm0438-stm32l5-series-advanced-armbased-32bit-mcus-stmicroelectronics_dfsdm,49,EXMAX,31,8,23.0,0.0,31:8,23.0:0.0
rm0438-stm32l5-series-advanced-armbased-32bit-mcus-stmicroelectronics_dfsdm.pdf,rm0438-stm32l5-series-advanced-armbased-32bit-mcus-stmicroelectronics_dfsdm,49,RESERVED,7,2,,,7:2,nan:nan
rm0438-stm32l5-series-advanced-armbased-32bit-mcus-stmicroelectronics_dfsdm.pdf,rm0438-stm32l5-series-advanced-armbased-32bit-mcus-stmicroelectronics_dfsdm,49,EXMAXCH,1,0,1.0,0.0,1:0,1.0:0.0
rm0438-stm32l5-series-advanced-armbased-32bit-mcus-stmicroelectronics_dfsdm.pdf,rm0438-stm32l5-series-advanced-armbased-32bit-mcus-stmicroelectronics_dfsdm,50,EXMIN,31,8,23.0,0.0,31:8,23.0:0.0
rm0438-stm32l5-series-advanced-armbased-32bit-mcus-stmicroelectronics_dfsdm.pdf,rm0438-stm32l5-series-advanced-armbased-32bit-mcus-stmicroelectronics_dfsdm,50,RESERVED,7,2,,,7:2,nan:nan
rm0438-stm32l5-series-advanced-armbased-32bit-mcus-stmicroelectronics_dfsdm.pdf,rm0438-stm32l5-series-advanced-armbased-32bit-mcus-stmicroelectronics_dfsdm,50,EXMINCH,1,0,1.0,0.0,1:0,1.0:0.0
rm0438-stm32l5-series-advanced-armbased-32bit-mcus-stmicroelectronics_dfsdm.pdf,rm0438-stm32l5-series-advanced-armbased-32bit-mcus-stmicroelectronics_dfsdm,51,CNVCNT,31,4,27.0,0.0,31:4,27.0:0.0
rm0438-stm32l5-series-advanced-armbased-32bit-mcus-stmicroelectronics_dfsdm.pdf,rm0438-stm32l5-series-advanced-armbased-32bit-mcus-stmicroelectronics_dfsdm,51,RESERVED,3,0,,,3:0,nan:nan
rm0441-stm32mp151-advanced-armbased-32bit-mpus-stmicroelectronics_dfsdm.pdf,rm0441-stm32mp151-advanced-armbased-32bit-mpus-stmicroelectronics_dfsdm,31,DFSDMEN,31,31,,,31,nan:nan
rm0441-stm32mp151-advanced-armbased-32bit-mpus-stmicroelectronics_dfsdm.pdf,rm0441-stm32mp151-advanced-armbased-32bit-mpus-stmicroelectronics_dfsdm,31,CKOUTSRC,30,30,,,30,nan:nan
rm0441-stm32mp151-advanced-armbased-32bit-mpus-stmicroelectronics_dfsdm.pdf,rm0441-stm32mp151-advanced-armbased-32bit-mpus-stmicroelectronics_dfsdm,31,RESERVED,29,24,,,29:24,nan:nan
rm0441-stm32mp151-advanced-armbased-32bit-mpus-stmicroelectronics_dfsdm.pdf,rm0441-stm32mp151-advanced-armbased-32bit-mpus-stmicroelectronics_dfsdm,32,CKOUTDIV,23,16,7.0,0.0,23:16,7.0:0.0
rm0441-stm32mp151-advanced-armbased-32bit-mpus-stmicroelectronics_dfsdm.pdf,rm0441-stm32mp151-advanced-armbased-32bit-mpus-stmicroelectronics_dfsdm,32,DATPACK,15,14,1.0,0.0,15:14,1.0:0.0
rm0441-stm32mp151-advanced-armbased-32bit-mpus-stmicroelectronics_dfsdm.pdf,rm0441-stm32mp151-advanced-armbased-32bit-mpus-stmicroelectronics_dfsdm,32,DATMPX,13,12,1.0,0.0,13:12,1.0:0.0
rm0441-stm32mp151-advanced-armbased-32bit-mpus-stmicroelectronics_dfsdm.pdf,rm0441-stm32mp151-advanced-armbased-32bit-mpus-stmicroelectronics_dfsdm,32,RESERVED,11,9,,,11:9,nan:nan
rm0441-stm32mp151-advanced-armbased-32bit-mpus-stmicroelectronics_dfsdm.pdf,rm0441-stm32mp151-advanced-armbased-32bit-mpus-stmicroelectronics_dfsdm,32,CHINSEL,8,8,,,8,nan:nan
rm0441-stm32mp151-advanced-armbased-32bit-mpus-stmicroelectronics_dfsdm.pdf,rm0441-stm32mp151-advanced-armbased-32bit-mpus-stmicroelectronics_dfsdm,32,CHEN,7,7,,,7,nan:nan
rm0441-stm32mp151-advanced-armbased-32bit-mpus-stmicroelectronics_dfsdm.pdf,rm0441-stm32mp151-advanced-armbased-32bit-mpus-stmicroelectronics_dfsdm,33,CKABEN,6,6,,,6,nan:nan
rm0441-stm32mp151-advanced-armbased-32bit-mpus-stmicroelectronics_dfsdm.pdf,rm0441-stm32mp151-advanced-armbased-32bit-mpus-stmicroelectronics_dfsdm,33,SCDEN,5,5,,,5,nan:nan
rm0441-stm32mp151-advanced-armbased-32bit-mpus-stmicroelectronics_dfsdm.pdf,rm0441-stm32mp151-advanced-armbased-32bit-mpus-stmicroelectronics_dfsdm,33,RESERVED,4,4,,,4,nan:nan
rm0441-stm32mp151-advanced-armbased-32bit-mpus-stmicroelectronics_dfsdm.pdf,rm0441-stm32mp151-advanced-armbased-32bit-mpus-stmicroelectronics_dfsdm,33,SPICKSEL,3,2,1.0,0.0,3:2,1.0:0.0
rm0441-stm32mp151-advanced-armbased-32bit-mpus-stmicroelectronics_dfsdm.pdf,rm0441-stm32mp151-advanced-armbased-32bit-mpus-stmicroelectronics_dfsdm,33,SITP,1,0,1.0,0.0,1:0,1.0:0.0
rm0441-stm32mp151-advanced-armbased-32bit-mpus-stmicroelectronics_dfsdm.pdf,rm0441-stm32mp151-advanced-armbased-32bit-mpus-stmicroelectronics_dfsdm,34,OFFSET,31,8,23.0,0.0,31:8,23.0:0.0
rm0441-stm32mp151-advanced-armbased-32bit-mpus-stmicroelectronics_dfsdm.pdf,rm0441-stm32mp151-advanced-armbased-32bit-mpus-stmicroelectronics_dfsdm,34,DTRBS,7,3,4.0,0.0,7:3,4.0:0.0
rm0441-stm32mp151-advanced-armbased-32bit-mpus-stmicroelectronics_dfsdm.pdf,rm0441-stm32mp151-advanced-armbased-32bit-mpus-stmicroelectronics_dfsdm,34,RESERVED,2,0,,,2:0,nan:nan
rm0441-stm32mp151-advanced-armbased-32bit-mpus-stmicroelectronics_dfsdm.pdf,rm0441-stm32mp151-advanced-armbased-32bit-mpus-stmicroelectronics_dfsdm,34,RESERVED,31,24,,,31:24,nan:nan
rm0441-stm32mp151-advanced-armbased-32bit-mpus-stmicroelectronics_dfsdm.pdf,rm0441-stm32mp151-advanced-armbased-32bit-mpus-stmicroelectronics_dfsdm,34,AWFORD,23,22,1.0,0.0,23:22,1.0:0.0
rm0441-stm32mp151-advanced-armbased-32bit-mpus-stmicroelectronics_dfsdm.pdf,rm0441-stm32mp151-advanced-armbased-32bit-mpus-stmicroelectronics_dfsdm,34,RESERVED,21,21,,,21,nan:nan
rm0441-stm32mp151-advanced-armbased-32bit-mpus-stmicroelectronics_dfsdm.pdf,rm0441-stm32mp151-advanced-armbased-32bit-mpus-stmicroelectronics_dfsdm,34,AWFOSR,20,16,4.0,0.0,20:16,4.0:0.0
rm0441-stm32mp151-advanced-armbased-32bit-mpus-stmicroelectronics_dfsdm.pdf,rm0441-stm32mp151-advanced-armbased-32bit-mpus-stmicroelectronics_dfsdm,35,BKSCD,15,12,3.0,0.0,15:12,3.0:0.0
rm0441-stm32mp151-advanced-armbased-32bit-mpus-stmicroelectronics_dfsdm.pdf,rm0441-stm32mp151-advanced-armbased-32bit-mpus-stmicroelectronics_dfsdm,35,RESERVED,11,8,,,11:8,nan:nan
rm0441-stm32mp151-advanced-armbased-32bit-mpus-stmicroelectronics_dfsdm.pdf,rm0441-stm32mp151-advanced-armbased-32bit-mpus-stmicroelectronics_dfsdm,35,SCDT,7,0,7.0,0.0,7:0,7.0:0.0
rm0441-stm32mp151-advanced-armbased-32bit-mpus-stmicroelectronics_dfsdm.pdf,rm0441-stm32mp151-advanced-armbased-32bit-mpus-stmicroelectronics_dfsdm,35,RESERVED,31,16,,,31:16,nan:nan
rm0441-stm32mp151-advanced-armbased-32bit-mpus-stmicroelectronics_dfsdm.pdf,rm0441-stm32mp151-advanced-armbased-32bit-mpus-stmicroelectronics_dfsdm,35,WDATA,15,0,15.0,0.0,15:0,15.0:0.0
rm0441-stm32mp151-advanced-armbased-32bit-mpus-stmicroelectronics_dfsdm.pdf,rm0441-stm32mp151-advanced-armbased-32bit-mpus-stmicroelectronics_dfsdm,36,INDAT1,31,16,15.0,0.0,31:16,15.0:0.0
rm0441-stm32mp151-advanced-armbased-32bit-mpus-stmicroelectronics_dfsdm.pdf,rm0441-stm32mp151-advanced-armbased-32bit-mpus-stmicroelectronics_dfsdm,36,INDAT0,15,0,15.0,0.0,15:0,15.0:0.0
rm0441-stm32mp151-advanced-armbased-32bit-mpus-stmicroelectronics_dfsdm.pdf,rm0441-stm32mp151-advanced-armbased-32bit-mpus-stmicroelectronics_dfsdm,37,RESERVED,31,6,,,31:6,nan:nan
rm0441-stm32mp151-advanced-armbased-32bit-mpus-stmicroelectronics_dfsdm.pdf,rm0441-stm32mp151-advanced-armbased-32bit-mpus-stmicroelectronics_dfsdm,37,PLSSKP,5,0,5.0,0.0,5:0,5.0:0.0
rm0441-stm32mp151-advanced-armbased-32bit-mpus-stmicroelectronics_dfsdm.pdf,rm0441-stm32mp151-advanced-armbased-32bit-mpus-stmicroelectronics_dfsdm,37,RESERVED,31,31,,,31,nan:nan
rm0441-stm32mp151-advanced-armbased-32bit-mpus-stmicroelectronics_dfsdm.pdf,rm0441-stm32mp151-advanced-armbased-32bit-mpus-stmicroelectronics_dfsdm,37,AWFSEL,30,30,,,30,nan:nan
rm0441-stm32mp151-advanced-armbased-32bit-mpus-stmicroelectronics_dfsdm.pdf,rm0441-stm32mp151-advanced-armbased-32bit-mpus-stmicroelectronics_dfsdm,37,FAST,29,29,,,29,nan:nan
rm0441-stm32mp151-advanced-armbased-32bit-mpus-stmicroelectronics_dfsdm.pdf,rm0441-stm32mp151-advanced-armbased-32bit-mpus-stmicroelectronics_dfsdm,37,RESERVED,28,27,,,28:27,nan:nan
rm0441-stm32mp151-advanced-armbased-32bit-mpus-stmicroelectronics_dfsdm.pdf,rm0441-stm32mp151-advanced-armbased-32bit-mpus-stmicroelectronics_dfsdm,38,RCH,26,24,2.0,0.0,26:24,2.0:0.0
rm0441-stm32mp151-advanced-armbased-32bit-mpus-stmicroelectronics_dfsdm.pdf,rm0441-stm32mp151-advanced-armbased-32bit-mpus-stmicroelectronics_dfsdm,38,RESERVED,23,22,,,23:22,nan:nan
rm0441-stm32mp151-advanced-armbased-32bit-mpus-stmicroelectronics_dfsdm.pdf,rm0441-stm32mp151-advanced-armbased-32bit-mpus-stmicroelectronics_dfsdm,38,RDMAEN,21,21,,,21,nan:nan
rm0441-stm32mp151-advanced-armbased-32bit-mpus-stmicroelectronics_dfsdm.pdf,rm0441-stm32mp151-advanced-armbased-32bit-mpus-stmicroelectronics_dfsdm,38,RESERVED,20,20,,,20,nan:nan
rm0441-stm32mp151-advanced-armbased-32bit-mpus-stmicroelectronics_dfsdm.pdf,rm0441-stm32mp151-advanced-armbased-32bit-mpus-stmicroelectronics_dfsdm,38,RSYNC,19,19,,,19,nan:nan
rm0441-stm32mp151-advanced-armbased-32bit-mpus-stmicroelectronics_dfsdm.pdf,rm0441-stm32mp151-advanced-armbased-32bit-mpus-stmicroelectronics_dfsdm,38,RCONT,18,18,,,18,nan:nan
rm0441-stm32mp151-advanced-armbased-32bit-mpus-stmicroelectronics_dfsdm.pdf,rm0441-stm32mp151-advanced-armbased-32bit-mpus-stmicroelectronics_dfsdm,38,RSWSTART,17,17,,,17,nan:nan
rm0441-stm32mp151-advanced-armbased-32bit-mpus-stmicroelectronics_dfsdm.pdf,rm0441-stm32mp151-advanced-armbased-32bit-mpus-stmicroelectronics_dfsdm,38,RESERVED,16,15,,,16:15,nan:nan
rm0441-stm32mp151-advanced-armbased-32bit-mpus-stmicroelectronics_dfsdm.pdf,rm0441-stm32mp151-advanced-armbased-32bit-mpus-stmicroelectronics_dfsdm,38,JEXTEN,14,13,1.0,0.0,14:13,1.0:0.0
rm0441-stm32mp151-advanced-armbased-32bit-mpus-stmicroelectronics_dfsdm.pdf,rm0441-stm32mp151-advanced-armbased-32bit-mpus-stmicroelectronics_dfsdm,39,JEXTSEL,12,8,4.0,0.0,12:8,4.0:0.0
rm0441-stm32mp151-advanced-armbased-32bit-mpus-stmicroelectronics_dfsdm.pdf,rm0441-stm32mp151-advanced-armbased-32bit-mpus-stmicroelectronics_dfsdm,39,RESERVED,7,6,,,7:6,nan:nan
rm0441-stm32mp151-advanced-armbased-32bit-mpus-stmicroelectronics_dfsdm.pdf,rm0441-stm32mp151-advanced-armbased-32bit-mpus-stmicroelectronics_dfsdm,39,JDMAEN,5,5,,,5,nan:nan
rm0441-stm32mp151-advanced-armbased-32bit-mpus-stmicroelectronics_dfsdm.pdf,rm0441-stm32mp151-advanced-armbased-32bit-mpus-stmicroelectronics_dfsdm,39,JSCAN,4,4,,,4,nan:nan
rm0441-stm32mp151-advanced-armbased-32bit-mpus-stmicroelectronics_dfsdm.pdf,rm0441-stm32mp151-advanced-armbased-32bit-mpus-stmicroelectronics_dfsdm,39,JSYNC,3,3,,,3,nan:nan
rm0441-stm32mp151-advanced-armbased-32bit-mpus-stmicroelectronics_dfsdm.pdf,rm0441-stm32mp151-advanced-armbased-32bit-mpus-stmicroelectronics_dfsdm,39,RESERVED,2,2,,,2,nan:nan
rm0441-stm32mp151-advanced-armbased-32bit-mpus-stmicroelectronics_dfsdm.pdf,rm0441-stm32mp151-advanced-armbased-32bit-mpus-stmicroelectronics_dfsdm,39,JSWSTART,1,1,,,1,nan:nan
rm0441-stm32mp151-advanced-armbased-32bit-mpus-stmicroelectronics_dfsdm.pdf,rm0441-stm32mp151-advanced-armbased-32bit-mpus-stmicroelectronics_dfsdm,39,DFEN,0,0,,,0,nan:nan
rm0441-stm32mp151-advanced-armbased-32bit-mpus-stmicroelectronics_dfsdm.pdf,rm0441-stm32mp151-advanced-armbased-32bit-mpus-stmicroelectronics_dfsdm,40,RESERVED,31,24,,,31:24,nan:nan
rm0441-stm32mp151-advanced-armbased-32bit-mpus-stmicroelectronics_dfsdm.pdf,rm0441-stm32mp151-advanced-armbased-32bit-mpus-stmicroelectronics_dfsdm,40,AWDCH,23,16,7.0,0.0,23:16,7.0:0.0
rm0441-stm32mp151-advanced-armbased-32bit-mpus-stmicroelectronics_dfsdm.pdf,rm0441-stm32mp151-advanced-armbased-32bit-mpus-stmicroelectronics_dfsdm,40,EXCH,15,8,7.0,0.0,15:8,7.0:0.0
rm0441-stm32mp151-advanced-armbased-32bit-mpus-stmicroelectronics_dfsdm.pdf,rm0441-stm32mp151-advanced-armbased-32bit-mpus-stmicroelectronics_dfsdm,40,RESERVED,7,7,,,7,nan:nan
rm0441-stm32mp151-advanced-armbased-32bit-mpus-stmicroelectronics_dfsdm.pdf,rm0441-stm32mp151-advanced-armbased-32bit-mpus-stmicroelectronics_dfsdm,40,CKABIE,6,6,,,6,nan:nan
rm0441-stm32mp151-advanced-armbased-32bit-mpus-stmicroelectronics_dfsdm.pdf,rm0441-stm32mp151-advanced-armbased-32bit-mpus-stmicroelectronics_dfsdm,40,SCDIE,5,5,,,5,nan:nan
rm0441-stm32mp151-advanced-armbased-32bit-mpus-stmicroelectronics_dfsdm.pdf,rm0441-stm32mp151-advanced-armbased-32bit-mpus-stmicroelectronics_dfsdm,40,AWDIE,4,4,,,4,nan:nan
rm0441-stm32mp151-advanced-armbased-32bit-mpus-stmicroelectronics_dfsdm.pdf,rm0441-stm32mp151-advanced-armbased-32bit-mpus-stmicroelectronics_dfsdm,40,ROVRIE,3,3,,,3,nan:nan
rm0441-stm32mp151-advanced-armbased-32bit-mpus-stmicroelectronics_dfsdm.pdf,rm0441-stm32mp151-advanced-armbased-32bit-mpus-stmicroelectronics_dfsdm,41,JOVRIE,2,2,,,2,nan:nan
rm0441-stm32mp151-advanced-armbased-32bit-mpus-stmicroelectronics_dfsdm.pdf,rm0441-stm32mp151-advanced-armbased-32bit-mpus-stmicroelectronics_dfsdm,41,REOCIE,1,1,,,1,nan:nan
rm0441-stm32mp151-advanced-armbased-32bit-mpus-stmicroelectronics_dfsdm.pdf,rm0441-stm32mp151-advanced-armbased-32bit-mpus-stmicroelectronics_dfsdm,41,JEOCIE,0,0,,,0,nan:nan
rm0441-stm32mp151-advanced-armbased-32bit-mpus-stmicroelectronics_dfsdm.pdf,rm0441-stm32mp151-advanced-armbased-32bit-mpus-stmicroelectronics_dfsdm,41,SCDF,31,24,7.0,0.0,31:24,7.0:0.0
rm0441-stm32mp151-advanced-armbased-32bit-mpus-stmicroelectronics_dfsdm.pdf,rm0441-stm32mp151-advanced-armbased-32bit-mpus-stmicroelectronics_dfsdm,41,CKABF,23,16,7.0,0.0,23:16,7.0:0.0
rm0441-stm32mp151-advanced-armbased-32bit-mpus-stmicroelectronics_dfsdm.pdf,rm0441-stm32mp151-advanced-armbased-32bit-mpus-stmicroelectronics_dfsdm,41,RESERVED,15,15,,,15,nan:nan
rm0441-stm32mp151-advanced-armbased-32bit-mpus-stmicroelectronics_dfsdm.pdf,rm0441-stm32mp151-advanced-armbased-32bit-mpus-stmicroelectronics_dfsdm,41,RCIP,14,14,,,14,nan:nan
rm0441-stm32mp151-advanced-armbased-32bit-mpus-stmicroelectronics_dfsdm.pdf,rm0441-stm32mp151-advanced-armbased-32bit-mpus-stmicroelectronics_dfsdm,42,JCIP,13,13,,,13,nan:nan
rm0441-stm32mp151-advanced-armbased-32bit-mpus-stmicroelectronics_dfsdm.pdf,rm0441-stm32mp151-advanced-armbased-32bit-mpus-stmicroelectronics_dfsdm,42,RESERVED,12,5,,,12:5,nan:nan
rm0441-stm32mp151-advanced-armbased-32bit-mpus-stmicroelectronics_dfsdm.pdf,rm0441-stm32mp151-advanced-armbased-32bit-mpus-stmicroelectronics_dfsdm,42,AWDF,4,4,,,4,nan:nan
rm0441-stm32mp151-advanced-armbased-32bit-mpus-stmicroelectronics_dfsdm.pdf,rm0441-stm32mp151-advanced-armbased-32bit-mpus-stmicroelectronics_dfsdm,42,ROVRF,3,3,,,3,nan:nan
rm0441-stm32mp151-advanced-armbased-32bit-mpus-stmicroelectronics_dfsdm.pdf,rm0441-stm32mp151-advanced-armbased-32bit-mpus-stmicroelectronics_dfsdm,42,JOVRF,2,2,,,2,nan:nan
rm0441-stm32mp151-advanced-armbased-32bit-mpus-stmicroelectronics_dfsdm.pdf,rm0441-stm32mp151-advanced-armbased-32bit-mpus-stmicroelectronics_dfsdm,42,REOCF,1,1,,,1,nan:nan
rm0441-stm32mp151-advanced-armbased-32bit-mpus-stmicroelectronics_dfsdm.pdf,rm0441-stm32mp151-advanced-armbased-32bit-mpus-stmicroelectronics_dfsdm,42,JEOCF,0,0,,,0,nan:nan
rm0441-stm32mp151-advanced-armbased-32bit-mpus-stmicroelectronics_dfsdm.pdf,rm0441-stm32mp151-advanced-armbased-32bit-mpus-stmicroelectronics_dfsdm,43,CLRSCDF,31,24,7.0,0.0,31:24,7.0:0.0
rm0441-stm32mp151-advanced-armbased-32bit-mpus-stmicroelectronics_dfsdm.pdf,rm0441-stm32mp151-advanced-armbased-32bit-mpus-stmicroelectronics_dfsdm,43,CLRCKABF,23,16,7.0,0.0,23:16,7.0:0.0
rm0441-stm32mp151-advanced-armbased-32bit-mpus-stmicroelectronics_dfsdm.pdf,rm0441-stm32mp151-advanced-armbased-32bit-mpus-stmicroelectronics_dfsdm,43,RESERVED,15,4,,,15:4,nan:nan
rm0441-stm32mp151-advanced-armbased-32bit-mpus-stmicroelectronics_dfsdm.pdf,rm0441-stm32mp151-advanced-armbased-32bit-mpus-stmicroelectronics_dfsdm,43,CLRROVRF,3,3,,,3,nan:nan
rm0441-stm32mp151-advanced-armbased-32bit-mpus-stmicroelectronics_dfsdm.pdf,rm0441-stm32mp151-advanced-armbased-32bit-mpus-stmicroelectronics_dfsdm,43,CLRJOVRF,2,2,,,2,nan:nan
rm0441-stm32mp151-advanced-armbased-32bit-mpus-stmicroelectronics_dfsdm.pdf,rm0441-stm32mp151-advanced-armbased-32bit-mpus-stmicroelectronics_dfsdm,43,RESERVED,1,0,,,1:0,nan:nan
rm0441-stm32mp151-advanced-armbased-32bit-mpus-stmicroelectronics_dfsdm.pdf,rm0441-stm32mp151-advanced-armbased-32bit-mpus-stmicroelectronics_dfsdm,44,RESERVED,31,8,,,31:8,nan:nan
rm0441-stm32mp151-advanced-armbased-32bit-mpus-stmicroelectronics_dfsdm.pdf,rm0441-stm32mp151-advanced-armbased-32bit-mpus-stmicroelectronics_dfsdm,44,JCHG,7,0,7.0,0.0,7:0,7.0:0.0
rm0441-stm32mp151-advanced-armbased-32bit-mpus-stmicroelectronics_dfsdm.pdf,rm0441-stm32mp151-advanced-armbased-32bit-mpus-stmicroelectronics_dfsdm,45,FORD,31,29,2.0,0.0,31:29,2.0:0.0
rm0441-stm32mp151-advanced-armbased-32bit-mpus-stmicroelectronics_dfsdm.pdf,rm0441-stm32mp151-advanced-armbased-32bit-mpus-stmicroelectronics_dfsdm,45,RESERVED,28,26,,,28:26,nan:nan
rm0441-stm32mp151-advanced-armbased-32bit-mpus-stmicroelectronics_dfsdm.pdf,rm0441-stm32mp151-advanced-armbased-32bit-mpus-stmicroelectronics_dfsdm,45,FOSR,25,16,9.0,0.0,25:16,9.0:0.0
rm0441-stm32mp151-advanced-armbased-32bit-mpus-stmicroelectronics_dfsdm.pdf,rm0441-stm32mp151-advanced-armbased-32bit-mpus-stmicroelectronics_dfsdm,45,RESERVED,15,8,,,15:8,nan:nan
rm0441-stm32mp151-advanced-armbased-32bit-mpus-stmicroelectronics_dfsdm.pdf,rm0441-stm32mp151-advanced-armbased-32bit-mpus-stmicroelectronics_dfsdm,45,IOSR,7,0,7.0,0.0,7:0,7.0:0.0
rm0441-stm32mp151-advanced-armbased-32bit-mpus-stmicroelectronics_dfsdm.pdf,rm0441-stm32mp151-advanced-armbased-32bit-mpus-stmicroelectronics_dfsdm,46,JDATA,31,8,23.0,0.0,31:8,23.0:0.0
rm0441-stm32mp151-advanced-armbased-32bit-mpus-stmicroelectronics_dfsdm.pdf,rm0441-stm32mp151-advanced-armbased-32bit-mpus-stmicroelectronics_dfsdm,46,RESERVED,7,3,,,7:3,nan:nan
rm0441-stm32mp151-advanced-armbased-32bit-mpus-stmicroelectronics_dfsdm.pdf,rm0441-stm32mp151-advanced-armbased-32bit-mpus-stmicroelectronics_dfsdm,46,JDATACH,2,0,2.0,0.0,2:0,2.0:0.0
rm0441-stm32mp151-advanced-armbased-32bit-mpus-stmicroelectronics_dfsdm.pdf,rm0441-stm32mp151-advanced-armbased-32bit-mpus-stmicroelectronics_dfsdm,46,RDATA,31,8,23.0,0.0,31:8,23.0:0.0
rm0441-stm32mp151-advanced-armbased-32bit-mpus-stmicroelectronics_dfsdm.pdf,rm0441-stm32mp151-advanced-armbased-32bit-mpus-stmicroelectronics_dfsdm,46,RESERVED,7,5,,,7:5,nan:nan
rm0441-stm32mp151-advanced-armbased-32bit-mpus-stmicroelectronics_dfsdm.pdf,rm0441-stm32mp151-advanced-armbased-32bit-mpus-stmicroelectronics_dfsdm,46,RPEND,4,4,,,4,nan:nan
rm0441-stm32mp151-advanced-armbased-32bit-mpus-stmicroelectronics_dfsdm.pdf,rm0441-stm32mp151-advanced-armbased-32bit-mpus-stmicroelectronics_dfsdm,46,RESERVED,3,3,,,3,nan:nan
rm0441-stm32mp151-advanced-armbased-32bit-mpus-stmicroelectronics_dfsdm.pdf,rm0441-stm32mp151-advanced-armbased-32bit-mpus-stmicroelectronics_dfsdm,46,RDATACH,2,0,2.0,0.0,2:0,2.0:0.0
rm0441-stm32mp151-advanced-armbased-32bit-mpus-stmicroelectronics_dfsdm.pdf,rm0441-stm32mp151-advanced-armbased-32bit-mpus-stmicroelectronics_dfsdm,47,AWHT,31,8,23.0,0.0,31:8,23.0:0.0
rm0441-stm32mp151-advanced-armbased-32bit-mpus-stmicroelectronics_dfsdm.pdf,rm0441-stm32mp151-advanced-armbased-32bit-mpus-stmicroelectronics_dfsdm,47,RESERVED,7,4,,,7:4,nan:nan
rm0441-stm32mp151-advanced-armbased-32bit-mpus-stmicroelectronics_dfsdm.pdf,rm0441-stm32mp151-advanced-armbased-32bit-mpus-stmicroelectronics_dfsdm,47,BKAWH,3,0,3.0,0.0,3:0,3.0:0.0
rm0441-stm32mp151-advanced-armbased-32bit-mpus-stmicroelectronics_dfsdm.pdf,rm0441-stm32mp151-advanced-armbased-32bit-mpus-stmicroelectronics_dfsdm,48,AWLT,31,8,23.0,0.0,31:8,23.0:0.0
rm0441-stm32mp151-advanced-armbased-32bit-mpus-stmicroelectronics_dfsdm.pdf,rm0441-stm32mp151-advanced-armbased-32bit-mpus-stmicroelectronics_dfsdm,48,RESERVED,7,4,,,7:4,nan:nan
rm0441-stm32mp151-advanced-armbased-32bit-mpus-stmicroelectronics_dfsdm.pdf,rm0441-stm32mp151-advanced-armbased-32bit-mpus-stmicroelectronics_dfsdm,48,BKAWL,3,0,3.0,0.0,3:0,3.0:0.0
rm0441-stm32mp151-advanced-armbased-32bit-mpus-stmicroelectronics_dfsdm.pdf,rm0441-stm32mp151-advanced-armbased-32bit-mpus-stmicroelectronics_dfsdm,48,RESERVED,31,16,,,31:16,nan:nan
rm0441-stm32mp151-advanced-armbased-32bit-mpus-stmicroelectronics_dfsdm.pdf,rm0441-stm32mp151-advanced-armbased-32bit-mpus-stmicroelectronics_dfsdm,48,AWHTF,15,8,7.0,0.0,15:8,7.0:0.0
rm0441-stm32mp151-advanced-armbased-32bit-mpus-stmicroelectronics_dfsdm.pdf,rm0441-stm32mp151-advanced-armbased-32bit-mpus-stmicroelectronics_dfsdm,48,AWLTF,7,0,7.0,0.0,7:0,7.0:0.0
rm0441-stm32mp151-advanced-armbased-32bit-mpus-stmicroelectronics_dfsdm.pdf,rm0441-stm32mp151-advanced-armbased-32bit-mpus-stmicroelectronics_dfsdm,49,RESERVED,31,16,,,31:16,nan:nan
rm0441-stm32mp151-advanced-armbased-32bit-mpus-stmicroelectronics_dfsdm.pdf,rm0441-stm32mp151-advanced-armbased-32bit-mpus-stmicroelectronics_dfsdm,49,CLRAWHTF,15,8,7.0,0.0,15:8,7.0:0.0
rm0441-stm32mp151-advanced-armbased-32bit-mpus-stmicroelectronics_dfsdm.pdf,rm0441-stm32mp151-advanced-armbased-32bit-mpus-stmicroelectronics_dfsdm,49,CLRAWLTF,7,0,7.0,0.0,7:0,7.0:0.0
rm0441-stm32mp151-advanced-armbased-32bit-mpus-stmicroelectronics_dfsdm.pdf,rm0441-stm32mp151-advanced-armbased-32bit-mpus-stmicroelectronics_dfsdm,49,EXMAX,31,8,23.0,0.0,31:8,23.0:0.0
rm0441-stm32mp151-advanced-armbased-32bit-mpus-stmicroelectronics_dfsdm.pdf,rm0441-stm32mp151-advanced-armbased-32bit-mpus-stmicroelectronics_dfsdm,49,RESERVED,7,3,,,7:3,nan:nan
rm0441-stm32mp151-advanced-armbased-32bit-mpus-stmicroelectronics_dfsdm.pdf,rm0441-stm32mp151-advanced-armbased-32bit-mpus-stmicroelectronics_dfsdm,49,EXMAXCH,2,0,2.0,0.0,2:0,2.0:0.0
rm0441-stm32mp151-advanced-armbased-32bit-mpus-stmicroelectronics_dfsdm.pdf,rm0441-stm32mp151-advanced-armbased-32bit-mpus-stmicroelectronics_dfsdm,50,EXMIN,31,8,23.0,0.0,31:8,23.0:0.0
rm0441-stm32mp151-advanced-armbased-32bit-mpus-stmicroelectronics_dfsdm.pdf,rm0441-stm32mp151-advanced-armbased-32bit-mpus-stmicroelectronics_dfsdm,50,RESERVED,7,3,,,7:3,nan:nan
rm0441-stm32mp151-advanced-armbased-32bit-mpus-stmicroelectronics_dfsdm.pdf,rm0441-stm32mp151-advanced-armbased-32bit-mpus-stmicroelectronics_dfsdm,50,EXMINCH,2,0,2.0,0.0,2:0,2.0:0.0
rm0441-stm32mp151-advanced-armbased-32bit-mpus-stmicroelectronics_dfsdm.pdf,rm0441-stm32mp151-advanced-armbased-32bit-mpus-stmicroelectronics_dfsdm,51,CNVCNT,31,4,27.0,0.0,31:4,27.0:0.0
rm0441-stm32mp151-advanced-armbased-32bit-mpus-stmicroelectronics_dfsdm.pdf,rm0441-stm32mp151-advanced-armbased-32bit-mpus-stmicroelectronics_dfsdm,51,RESERVED,3,0,,,3:0,nan:nan
rm0441-stm32mp151-advanced-armbased-32bit-mpus-stmicroelectronics_dfsdm.pdf,rm0441-stm32mp151-advanced-armbased-32bit-mpus-stmicroelectronics_dfsdm,52,RESERVED,31,16,,,31:16,nan:nan
rm0441-stm32mp151-advanced-armbased-32bit-mpus-stmicroelectronics_dfsdm.pdf,rm0441-stm32mp151-advanced-armbased-32bit-mpus-stmicroelectronics_dfsdm,52,NBF,15,8,7.0,0.0,15:8,7.0:0.0
rm0441-stm32mp151-advanced-armbased-32bit-mpus-stmicroelectronics_dfsdm.pdf,rm0441-stm32mp151-advanced-armbased-32bit-mpus-stmicroelectronics_dfsdm,52,NBT,7,0,7.0,0.0,7:0,7.0:0.0
rm0441-stm32mp151-advanced-armbased-32bit-mpus-stmicroelectronics_dfsdm.pdf,rm0441-stm32mp151-advanced-armbased-32bit-mpus-stmicroelectronics_dfsdm,52,RESERVED,31,8,,,31:8,nan:nan
rm0441-stm32mp151-advanced-armbased-32bit-mpus-stmicroelectronics_dfsdm.pdf,rm0441-stm32mp151-advanced-armbased-32bit-mpus-stmicroelectronics_dfsdm,52,MAJREV,7,4,3.0,0.0,7:4,3.0:0.0
rm0441-stm32mp151-advanced-armbased-32bit-mpus-stmicroelectronics_dfsdm.pdf,rm0441-stm32mp151-advanced-armbased-32bit-mpus-stmicroelectronics_dfsdm,52,MINREV,3,0,3.0,0.0,3:0,3.0:0.0
rm0441-stm32mp151-advanced-armbased-32bit-mpus-stmicroelectronics_dfsdm.pdf,rm0441-stm32mp151-advanced-armbased-32bit-mpus-stmicroelectronics_dfsdm,53,ID,31,0,31.0,0.0,31:0,31.0:0.0
rm0441-stm32mp151-advanced-armbased-32bit-mpus-stmicroelectronics_dfsdm.pdf,rm0441-stm32mp151-advanced-armbased-32bit-mpus-stmicroelectronics_dfsdm,53,SID,31,0,31.0,0.0,31:0,31.0:0.0
rm0442-stm32mp153-advanced-armbased-32bit-mpus-stmicroelectronics_dfsdm.pdf,rm0442-stm32mp153-advanced-armbased-32bit-mpus-stmicroelectronics_dfsdm,31,DFSDMEN,31,31,,,31,nan:nan
rm0442-stm32mp153-advanced-armbased-32bit-mpus-stmicroelectronics_dfsdm.pdf,rm0442-stm32mp153-advanced-armbased-32bit-mpus-stmicroelectronics_dfsdm,31,CKOUTSRC,30,30,,,30,nan:nan
rm0442-stm32mp153-advanced-armbased-32bit-mpus-stmicroelectronics_dfsdm.pdf,rm0442-stm32mp153-advanced-armbased-32bit-mpus-stmicroelectronics_dfsdm,31,RESERVED,29,24,,,29:24,nan:nan
rm0442-stm32mp153-advanced-armbased-32bit-mpus-stmicroelectronics_dfsdm.pdf,rm0442-stm32mp153-advanced-armbased-32bit-mpus-stmicroelectronics_dfsdm,32,CKOUTDIV,23,16,7.0,0.0,23:16,7.0:0.0
rm0442-stm32mp153-advanced-armbased-32bit-mpus-stmicroelectronics_dfsdm.pdf,rm0442-stm32mp153-advanced-armbased-32bit-mpus-stmicroelectronics_dfsdm,32,DATPACK,15,14,1.0,0.0,15:14,1.0:0.0
rm0442-stm32mp153-advanced-armbased-32bit-mpus-stmicroelectronics_dfsdm.pdf,rm0442-stm32mp153-advanced-armbased-32bit-mpus-stmicroelectronics_dfsdm,32,DATMPX,13,12,1.0,0.0,13:12,1.0:0.0
rm0442-stm32mp153-advanced-armbased-32bit-mpus-stmicroelectronics_dfsdm.pdf,rm0442-stm32mp153-advanced-armbased-32bit-mpus-stmicroelectronics_dfsdm,32,RESERVED,11,9,,,11:9,nan:nan
rm0442-stm32mp153-advanced-armbased-32bit-mpus-stmicroelectronics_dfsdm.pdf,rm0442-stm32mp153-advanced-armbased-32bit-mpus-stmicroelectronics_dfsdm,32,CHINSEL,8,8,,,8,nan:nan
rm0442-stm32mp153-advanced-armbased-32bit-mpus-stmicroelectronics_dfsdm.pdf,rm0442-stm32mp153-advanced-armbased-32bit-mpus-stmicroelectronics_dfsdm,32,CHEN,7,7,,,7,nan:nan
rm0442-stm32mp153-advanced-armbased-32bit-mpus-stmicroelectronics_dfsdm.pdf,rm0442-stm32mp153-advanced-armbased-32bit-mpus-stmicroelectronics_dfsdm,33,CKABEN,6,6,,,6,nan:nan
rm0442-stm32mp153-advanced-armbased-32bit-mpus-stmicroelectronics_dfsdm.pdf,rm0442-stm32mp153-advanced-armbased-32bit-mpus-stmicroelectronics_dfsdm,33,SCDEN,5,5,,,5,nan:nan
rm0442-stm32mp153-advanced-armbased-32bit-mpus-stmicroelectronics_dfsdm.pdf,rm0442-stm32mp153-advanced-armbased-32bit-mpus-stmicroelectronics_dfsdm,33,RESERVED,4,4,,,4,nan:nan
rm0442-stm32mp153-advanced-armbased-32bit-mpus-stmicroelectronics_dfsdm.pdf,rm0442-stm32mp153-advanced-armbased-32bit-mpus-stmicroelectronics_dfsdm,33,SPICKSEL,3,2,1.0,0.0,3:2,1.0:0.0
rm0442-stm32mp153-advanced-armbased-32bit-mpus-stmicroelectronics_dfsdm.pdf,rm0442-stm32mp153-advanced-armbased-32bit-mpus-stmicroelectronics_dfsdm,33,SITP,1,0,1.0,0.0,1:0,1.0:0.0
rm0442-stm32mp153-advanced-armbased-32bit-mpus-stmicroelectronics_dfsdm.pdf,rm0442-stm32mp153-advanced-armbased-32bit-mpus-stmicroelectronics_dfsdm,34,OFFSET,31,8,23.0,0.0,31:8,23.0:0.0
rm0442-stm32mp153-advanced-armbased-32bit-mpus-stmicroelectronics_dfsdm.pdf,rm0442-stm32mp153-advanced-armbased-32bit-mpus-stmicroelectronics_dfsdm,34,DTRBS,7,3,4.0,0.0,7:3,4.0:0.0
rm0442-stm32mp153-advanced-armbased-32bit-mpus-stmicroelectronics_dfsdm.pdf,rm0442-stm32mp153-advanced-armbased-32bit-mpus-stmicroelectronics_dfsdm,34,RESERVED,2,0,,,2:0,nan:nan
rm0442-stm32mp153-advanced-armbased-32bit-mpus-stmicroelectronics_dfsdm.pdf,rm0442-stm32mp153-advanced-armbased-32bit-mpus-stmicroelectronics_dfsdm,34,RESERVED,31,24,,,31:24,nan:nan
rm0442-stm32mp153-advanced-armbased-32bit-mpus-stmicroelectronics_dfsdm.pdf,rm0442-stm32mp153-advanced-armbased-32bit-mpus-stmicroelectronics_dfsdm,34,AWFORD,23,22,1.0,0.0,23:22,1.0:0.0
rm0442-stm32mp153-advanced-armbased-32bit-mpus-stmicroelectronics_dfsdm.pdf,rm0442-stm32mp153-advanced-armbased-32bit-mpus-stmicroelectronics_dfsdm,34,RESERVED,21,21,,,21,nan:nan
rm0442-stm32mp153-advanced-armbased-32bit-mpus-stmicroelectronics_dfsdm.pdf,rm0442-stm32mp153-advanced-armbased-32bit-mpus-stmicroelectronics_dfsdm,34,AWFOSR,20,16,4.0,0.0,20:16,4.0:0.0
rm0442-stm32mp153-advanced-armbased-32bit-mpus-stmicroelectronics_dfsdm.pdf,rm0442-stm32mp153-advanced-armbased-32bit-mpus-stmicroelectronics_dfsdm,35,BKSCD,15,12,3.0,0.0,15:12,3.0:0.0
rm0442-stm32mp153-advanced-armbased-32bit-mpus-stmicroelectronics_dfsdm.pdf,rm0442-stm32mp153-advanced-armbased-32bit-mpus-stmicroelectronics_dfsdm,35,RESERVED,11,8,,,11:8,nan:nan
rm0442-stm32mp153-advanced-armbased-32bit-mpus-stmicroelectronics_dfsdm.pdf,rm0442-stm32mp153-advanced-armbased-32bit-mpus-stmicroelectronics_dfsdm,35,SCDT,7,0,7.0,0.0,7:0,7.0:0.0
rm0442-stm32mp153-advanced-armbased-32bit-mpus-stmicroelectronics_dfsdm.pdf,rm0442-stm32mp153-advanced-armbased-32bit-mpus-stmicroelectronics_dfsdm,35,RESERVED,31,16,,,31:16,nan:nan
rm0442-stm32mp153-advanced-armbased-32bit-mpus-stmicroelectronics_dfsdm.pdf,rm0442-stm32mp153-advanced-armbased-32bit-mpus-stmicroelectronics_dfsdm,35,WDATA,15,0,15.0,0.0,15:0,15.0:0.0
rm0442-stm32mp153-advanced-armbased-32bit-mpus-stmicroelectronics_dfsdm.pdf,rm0442-stm32mp153-advanced-armbased-32bit-mpus-stmicroelectronics_dfsdm,36,INDAT1,31,16,15.0,0.0,31:16,15.0:0.0
rm0442-stm32mp153-advanced-armbased-32bit-mpus-stmicroelectronics_dfsdm.pdf,rm0442-stm32mp153-advanced-armbased-32bit-mpus-stmicroelectronics_dfsdm,36,INDAT0,15,0,15.0,0.0,15:0,15.0:0.0
rm0442-stm32mp153-advanced-armbased-32bit-mpus-stmicroelectronics_dfsdm.pdf,rm0442-stm32mp153-advanced-armbased-32bit-mpus-stmicroelectronics_dfsdm,37,RESERVED,31,6,,,31:6,nan:nan
rm0442-stm32mp153-advanced-armbased-32bit-mpus-stmicroelectronics_dfsdm.pdf,rm0442-stm32mp153-advanced-armbased-32bit-mpus-stmicroelectronics_dfsdm,37,PLSSKP,5,0,5.0,0.0,5:0,5.0:0.0
rm0442-stm32mp153-advanced-armbased-32bit-mpus-stmicroelectronics_dfsdm.pdf,rm0442-stm32mp153-advanced-armbased-32bit-mpus-stmicroelectronics_dfsdm,37,RESERVED,31,31,,,31,nan:nan
rm0442-stm32mp153-advanced-armbased-32bit-mpus-stmicroelectronics_dfsdm.pdf,rm0442-stm32mp153-advanced-armbased-32bit-mpus-stmicroelectronics_dfsdm,37,AWFSEL,30,30,,,30,nan:nan
rm0442-stm32mp153-advanced-armbased-32bit-mpus-stmicroelectronics_dfsdm.pdf,rm0442-stm32mp153-advanced-armbased-32bit-mpus-stmicroelectronics_dfsdm,37,FAST,29,29,,,29,nan:nan
rm0442-stm32mp153-advanced-armbased-32bit-mpus-stmicroelectronics_dfsdm.pdf,rm0442-stm32mp153-advanced-armbased-32bit-mpus-stmicroelectronics_dfsdm,37,RESERVED,28,27,,,28:27,nan:nan
rm0442-stm32mp153-advanced-armbased-32bit-mpus-stmicroelectronics_dfsdm.pdf,rm0442-stm32mp153-advanced-armbased-32bit-mpus-stmicroelectronics_dfsdm,38,RCH,26,24,2.0,0.0,26:24,2.0:0.0
rm0442-stm32mp153-advanced-armbased-32bit-mpus-stmicroelectronics_dfsdm.pdf,rm0442-stm32mp153-advanced-armbased-32bit-mpus-stmicroelectronics_dfsdm,38,RESERVED,23,22,,,23:22,nan:nan
rm0442-stm32mp153-advanced-armbased-32bit-mpus-stmicroelectronics_dfsdm.pdf,rm0442-stm32mp153-advanced-armbased-32bit-mpus-stmicroelectronics_dfsdm,38,RDMAEN,21,21,,,21,nan:nan
rm0442-stm32mp153-advanced-armbased-32bit-mpus-stmicroelectronics_dfsdm.pdf,rm0442-stm32mp153-advanced-armbased-32bit-mpus-stmicroelectronics_dfsdm,38,RESERVED,20,20,,,20,nan:nan
rm0442-stm32mp153-advanced-armbased-32bit-mpus-stmicroelectronics_dfsdm.pdf,rm0442-stm32mp153-advanced-armbased-32bit-mpus-stmicroelectronics_dfsdm,38,RSYNC,19,19,,,19,nan:nan
rm0442-stm32mp153-advanced-armbased-32bit-mpus-stmicroelectronics_dfsdm.pdf,rm0442-stm32mp153-advanced-armbased-32bit-mpus-stmicroelectronics_dfsdm,38,RCONT,18,18,,,18,nan:nan
rm0442-stm32mp153-advanced-armbased-32bit-mpus-stmicroelectronics_dfsdm.pdf,rm0442-stm32mp153-advanced-armbased-32bit-mpus-stmicroelectronics_dfsdm,38,RSWSTART,17,17,,,17,nan:nan
rm0442-stm32mp153-advanced-armbased-32bit-mpus-stmicroelectronics_dfsdm.pdf,rm0442-stm32mp153-advanced-armbased-32bit-mpus-stmicroelectronics_dfsdm,38,RESERVED,16,15,,,16:15,nan:nan
rm0442-stm32mp153-advanced-armbased-32bit-mpus-stmicroelectronics_dfsdm.pdf,rm0442-stm32mp153-advanced-armbased-32bit-mpus-stmicroelectronics_dfsdm,38,JEXTEN,14,13,1.0,0.0,14:13,1.0:0.0
rm0442-stm32mp153-advanced-armbased-32bit-mpus-stmicroelectronics_dfsdm.pdf,rm0442-stm32mp153-advanced-armbased-32bit-mpus-stmicroelectronics_dfsdm,39,JEXTSEL,12,8,4.0,0.0,12:8,4.0:0.0
rm0442-stm32mp153-advanced-armbased-32bit-mpus-stmicroelectronics_dfsdm.pdf,rm0442-stm32mp153-advanced-armbased-32bit-mpus-stmicroelectronics_dfsdm,39,RESERVED,7,6,,,7:6,nan:nan
rm0442-stm32mp153-advanced-armbased-32bit-mpus-stmicroelectronics_dfsdm.pdf,rm0442-stm32mp153-advanced-armbased-32bit-mpus-stmicroelectronics_dfsdm,39,JDMAEN,5,5,,,5,nan:nan
rm0442-stm32mp153-advanced-armbased-32bit-mpus-stmicroelectronics_dfsdm.pdf,rm0442-stm32mp153-advanced-armbased-32bit-mpus-stmicroelectronics_dfsdm,39,JSCAN,4,4,,,4,nan:nan
rm0442-stm32mp153-advanced-armbased-32bit-mpus-stmicroelectronics_dfsdm.pdf,rm0442-stm32mp153-advanced-armbased-32bit-mpus-stmicroelectronics_dfsdm,39,JSYNC,3,3,,,3,nan:nan
rm0442-stm32mp153-advanced-armbased-32bit-mpus-stmicroelectronics_dfsdm.pdf,rm0442-stm32mp153-advanced-armbased-32bit-mpus-stmicroelectronics_dfsdm,39,RESERVED,2,2,,,2,nan:nan
rm0442-stm32mp153-advanced-armbased-32bit-mpus-stmicroelectronics_dfsdm.pdf,rm0442-stm32mp153-advanced-armbased-32bit-mpus-stmicroelectronics_dfsdm,39,JSWSTART,1,1,,,1,nan:nan
rm0442-stm32mp153-advanced-armbased-32bit-mpus-stmicroelectronics_dfsdm.pdf,rm0442-stm32mp153-advanced-armbased-32bit-mpus-stmicroelectronics_dfsdm,39,DFEN,0,0,,,0,nan:nan
rm0442-stm32mp153-advanced-armbased-32bit-mpus-stmicroelectronics_dfsdm.pdf,rm0442-stm32mp153-advanced-armbased-32bit-mpus-stmicroelectronics_dfsdm,40,RESERVED,31,24,,,31:24,nan:nan
rm0442-stm32mp153-advanced-armbased-32bit-mpus-stmicroelectronics_dfsdm.pdf,rm0442-stm32mp153-advanced-armbased-32bit-mpus-stmicroelectronics_dfsdm,40,AWDCH,23,16,7.0,0.0,23:16,7.0:0.0
rm0442-stm32mp153-advanced-armbased-32bit-mpus-stmicroelectronics_dfsdm.pdf,rm0442-stm32mp153-advanced-armbased-32bit-mpus-stmicroelectronics_dfsdm,40,EXCH,15,8,7.0,0.0,15:8,7.0:0.0
rm0442-stm32mp153-advanced-armbased-32bit-mpus-stmicroelectronics_dfsdm.pdf,rm0442-stm32mp153-advanced-armbased-32bit-mpus-stmicroelectronics_dfsdm,40,RESERVED,7,7,,,7,nan:nan
rm0442-stm32mp153-advanced-armbased-32bit-mpus-stmicroelectronics_dfsdm.pdf,rm0442-stm32mp153-advanced-armbased-32bit-mpus-stmicroelectronics_dfsdm,40,CKABIE,6,6,,,6,nan:nan
rm0442-stm32mp153-advanced-armbased-32bit-mpus-stmicroelectronics_dfsdm.pdf,rm0442-stm32mp153-advanced-armbased-32bit-mpus-stmicroelectronics_dfsdm,40,SCDIE,5,5,,,5,nan:nan
rm0442-stm32mp153-advanced-armbased-32bit-mpus-stmicroelectronics_dfsdm.pdf,rm0442-stm32mp153-advanced-armbased-32bit-mpus-stmicroelectronics_dfsdm,40,AWDIE,4,4,,,4,nan:nan
rm0442-stm32mp153-advanced-armbased-32bit-mpus-stmicroelectronics_dfsdm.pdf,rm0442-stm32mp153-advanced-armbased-32bit-mpus-stmicroelectronics_dfsdm,40,ROVRIE,3,3,,,3,nan:nan
rm0442-stm32mp153-advanced-armbased-32bit-mpus-stmicroelectronics_dfsdm.pdf,rm0442-stm32mp153-advanced-armbased-32bit-mpus-stmicroelectronics_dfsdm,41,JOVRIE,2,2,,,2,nan:nan
rm0442-stm32mp153-advanced-armbased-32bit-mpus-stmicroelectronics_dfsdm.pdf,rm0442-stm32mp153-advanced-armbased-32bit-mpus-stmicroelectronics_dfsdm,41,REOCIE,1,1,,,1,nan:nan
rm0442-stm32mp153-advanced-armbased-32bit-mpus-stmicroelectronics_dfsdm.pdf,rm0442-stm32mp153-advanced-armbased-32bit-mpus-stmicroelectronics_dfsdm,41,JEOCIE,0,0,,,0,nan:nan
rm0442-stm32mp153-advanced-armbased-32bit-mpus-stmicroelectronics_dfsdm.pdf,rm0442-stm32mp153-advanced-armbased-32bit-mpus-stmicroelectronics_dfsdm,41,SCDF,31,24,7.0,0.0,31:24,7.0:0.0
rm0442-stm32mp153-advanced-armbased-32bit-mpus-stmicroelectronics_dfsdm.pdf,rm0442-stm32mp153-advanced-armbased-32bit-mpus-stmicroelectronics_dfsdm,41,CKABF,23,16,7.0,0.0,23:16,7.0:0.0
rm0442-stm32mp153-advanced-armbased-32bit-mpus-stmicroelectronics_dfsdm.pdf,rm0442-stm32mp153-advanced-armbased-32bit-mpus-stmicroelectronics_dfsdm,41,RESERVED,15,15,,,15,nan:nan
rm0442-stm32mp153-advanced-armbased-32bit-mpus-stmicroelectronics_dfsdm.pdf,rm0442-stm32mp153-advanced-armbased-32bit-mpus-stmicroelectronics_dfsdm,41,RCIP,14,14,,,14,nan:nan
rm0442-stm32mp153-advanced-armbased-32bit-mpus-stmicroelectronics_dfsdm.pdf,rm0442-stm32mp153-advanced-armbased-32bit-mpus-stmicroelectronics_dfsdm,42,JCIP,13,13,,,13,nan:nan
rm0442-stm32mp153-advanced-armbased-32bit-mpus-stmicroelectronics_dfsdm.pdf,rm0442-stm32mp153-advanced-armbased-32bit-mpus-stmicroelectronics_dfsdm,42,RESERVED,12,5,,,12:5,nan:nan
rm0442-stm32mp153-advanced-armbased-32bit-mpus-stmicroelectronics_dfsdm.pdf,rm0442-stm32mp153-advanced-armbased-32bit-mpus-stmicroelectronics_dfsdm,42,AWDF,4,4,,,4,nan:nan
rm0442-stm32mp153-advanced-armbased-32bit-mpus-stmicroelectronics_dfsdm.pdf,rm0442-stm32mp153-advanced-armbased-32bit-mpus-stmicroelectronics_dfsdm,42,ROVRF,3,3,,,3,nan:nan
rm0442-stm32mp153-advanced-armbased-32bit-mpus-stmicroelectronics_dfsdm.pdf,rm0442-stm32mp153-advanced-armbased-32bit-mpus-stmicroelectronics_dfsdm,42,JOVRF,2,2,,,2,nan:nan
rm0442-stm32mp153-advanced-armbased-32bit-mpus-stmicroelectronics_dfsdm.pdf,rm0442-stm32mp153-advanced-armbased-32bit-mpus-stmicroelectronics_dfsdm,42,REOCF,1,1,,,1,nan:nan
rm0442-stm32mp153-advanced-armbased-32bit-mpus-stmicroelectronics_dfsdm.pdf,rm0442-stm32mp153-advanced-armbased-32bit-mpus-stmicroelectronics_dfsdm,42,JEOCF,0,0,,,0,nan:nan
rm0442-stm32mp153-advanced-armbased-32bit-mpus-stmicroelectronics_dfsdm.pdf,rm0442-stm32mp153-advanced-armbased-32bit-mpus-stmicroelectronics_dfsdm,43,CLRSCDF,31,24,7.0,0.0,31:24,7.0:0.0
rm0442-stm32mp153-advanced-armbased-32bit-mpus-stmicroelectronics_dfsdm.pdf,rm0442-stm32mp153-advanced-armbased-32bit-mpus-stmicroelectronics_dfsdm,43,CLRCKABF,23,16,7.0,0.0,23:16,7.0:0.0
rm0442-stm32mp153-advanced-armbased-32bit-mpus-stmicroelectronics_dfsdm.pdf,rm0442-stm32mp153-advanced-armbased-32bit-mpus-stmicroelectronics_dfsdm,43,RESERVED,15,4,,,15:4,nan:nan
rm0442-stm32mp153-advanced-armbased-32bit-mpus-stmicroelectronics_dfsdm.pdf,rm0442-stm32mp153-advanced-armbased-32bit-mpus-stmicroelectronics_dfsdm,43,CLRROVRF,3,3,,,3,nan:nan
rm0442-stm32mp153-advanced-armbased-32bit-mpus-stmicroelectronics_dfsdm.pdf,rm0442-stm32mp153-advanced-armbased-32bit-mpus-stmicroelectronics_dfsdm,43,CLRJOVRF,2,2,,,2,nan:nan
rm0442-stm32mp153-advanced-armbased-32bit-mpus-stmicroelectronics_dfsdm.pdf,rm0442-stm32mp153-advanced-armbased-32bit-mpus-stmicroelectronics_dfsdm,43,RESERVED,1,0,,,1:0,nan:nan
rm0442-stm32mp153-advanced-armbased-32bit-mpus-stmicroelectronics_dfsdm.pdf,rm0442-stm32mp153-advanced-armbased-32bit-mpus-stmicroelectronics_dfsdm,44,RESERVED,31,8,,,31:8,nan:nan
rm0442-stm32mp153-advanced-armbased-32bit-mpus-stmicroelectronics_dfsdm.pdf,rm0442-stm32mp153-advanced-armbased-32bit-mpus-stmicroelectronics_dfsdm,44,JCHG,7,0,7.0,0.0,7:0,7.0:0.0
rm0442-stm32mp153-advanced-armbased-32bit-mpus-stmicroelectronics_dfsdm.pdf,rm0442-stm32mp153-advanced-armbased-32bit-mpus-stmicroelectronics_dfsdm,45,FORD,31,29,2.0,0.0,31:29,2.0:0.0
rm0442-stm32mp153-advanced-armbased-32bit-mpus-stmicroelectronics_dfsdm.pdf,rm0442-stm32mp153-advanced-armbased-32bit-mpus-stmicroelectronics_dfsdm,45,RESERVED,28,26,,,28:26,nan:nan
rm0442-stm32mp153-advanced-armbased-32bit-mpus-stmicroelectronics_dfsdm.pdf,rm0442-stm32mp153-advanced-armbased-32bit-mpus-stmicroelectronics_dfsdm,45,FOSR,25,16,9.0,0.0,25:16,9.0:0.0
rm0442-stm32mp153-advanced-armbased-32bit-mpus-stmicroelectronics_dfsdm.pdf,rm0442-stm32mp153-advanced-armbased-32bit-mpus-stmicroelectronics_dfsdm,45,RESERVED,15,8,,,15:8,nan:nan
rm0442-stm32mp153-advanced-armbased-32bit-mpus-stmicroelectronics_dfsdm.pdf,rm0442-stm32mp153-advanced-armbased-32bit-mpus-stmicroelectronics_dfsdm,45,IOSR,7,0,7.0,0.0,7:0,7.0:0.0
rm0442-stm32mp153-advanced-armbased-32bit-mpus-stmicroelectronics_dfsdm.pdf,rm0442-stm32mp153-advanced-armbased-32bit-mpus-stmicroelectronics_dfsdm,46,JDATA,31,8,23.0,0.0,31:8,23.0:0.0
rm0442-stm32mp153-advanced-armbased-32bit-mpus-stmicroelectronics_dfsdm.pdf,rm0442-stm32mp153-advanced-armbased-32bit-mpus-stmicroelectronics_dfsdm,46,RESERVED,7,3,,,7:3,nan:nan
rm0442-stm32mp153-advanced-armbased-32bit-mpus-stmicroelectronics_dfsdm.pdf,rm0442-stm32mp153-advanced-armbased-32bit-mpus-stmicroelectronics_dfsdm,46,JDATACH,2,0,2.0,0.0,2:0,2.0:0.0
rm0442-stm32mp153-advanced-armbased-32bit-mpus-stmicroelectronics_dfsdm.pdf,rm0442-stm32mp153-advanced-armbased-32bit-mpus-stmicroelectronics_dfsdm,46,RDATA,31,8,23.0,0.0,31:8,23.0:0.0
rm0442-stm32mp153-advanced-armbased-32bit-mpus-stmicroelectronics_dfsdm.pdf,rm0442-stm32mp153-advanced-armbased-32bit-mpus-stmicroelectronics_dfsdm,46,RESERVED,7,5,,,7:5,nan:nan
rm0442-stm32mp153-advanced-armbased-32bit-mpus-stmicroelectronics_dfsdm.pdf,rm0442-stm32mp153-advanced-armbased-32bit-mpus-stmicroelectronics_dfsdm,46,RPEND,4,4,,,4,nan:nan
rm0442-stm32mp153-advanced-armbased-32bit-mpus-stmicroelectronics_dfsdm.pdf,rm0442-stm32mp153-advanced-armbased-32bit-mpus-stmicroelectronics_dfsdm,46,RESERVED,3,3,,,3,nan:nan
rm0442-stm32mp153-advanced-armbased-32bit-mpus-stmicroelectronics_dfsdm.pdf,rm0442-stm32mp153-advanced-armbased-32bit-mpus-stmicroelectronics_dfsdm,46,RDATACH,2,0,2.0,0.0,2:0,2.0:0.0
rm0442-stm32mp153-advanced-armbased-32bit-mpus-stmicroelectronics_dfsdm.pdf,rm0442-stm32mp153-advanced-armbased-32bit-mpus-stmicroelectronics_dfsdm,47,AWHT,31,8,23.0,0.0,31:8,23.0:0.0
rm0442-stm32mp153-advanced-armbased-32bit-mpus-stmicroelectronics_dfsdm.pdf,rm0442-stm32mp153-advanced-armbased-32bit-mpus-stmicroelectronics_dfsdm,47,RESERVED,7,4,,,7:4,nan:nan
rm0442-stm32mp153-advanced-armbased-32bit-mpus-stmicroelectronics_dfsdm.pdf,rm0442-stm32mp153-advanced-armbased-32bit-mpus-stmicroelectronics_dfsdm,47,BKAWH,3,0,3.0,0.0,3:0,3.0:0.0
rm0442-stm32mp153-advanced-armbased-32bit-mpus-stmicroelectronics_dfsdm.pdf,rm0442-stm32mp153-advanced-armbased-32bit-mpus-stmicroelectronics_dfsdm,48,AWLT,31,8,23.0,0.0,31:8,23.0:0.0
rm0442-stm32mp153-advanced-armbased-32bit-mpus-stmicroelectronics_dfsdm.pdf,rm0442-stm32mp153-advanced-armbased-32bit-mpus-stmicroelectronics_dfsdm,48,RESERVED,7,4,,,7:4,nan:nan
rm0442-stm32mp153-advanced-armbased-32bit-mpus-stmicroelectronics_dfsdm.pdf,rm0442-stm32mp153-advanced-armbased-32bit-mpus-stmicroelectronics_dfsdm,48,BKAWL,3,0,3.0,0.0,3:0,3.0:0.0
rm0442-stm32mp153-advanced-armbased-32bit-mpus-stmicroelectronics_dfsdm.pdf,rm0442-stm32mp153-advanced-armbased-32bit-mpus-stmicroelectronics_dfsdm,48,RESERVED,31,16,,,31:16,nan:nan
rm0442-stm32mp153-advanced-armbased-32bit-mpus-stmicroelectronics_dfsdm.pdf,rm0442-stm32mp153-advanced-armbased-32bit-mpus-stmicroelectronics_dfsdm,48,AWHTF,15,8,7.0,0.0,15:8,7.0:0.0
rm0442-stm32mp153-advanced-armbased-32bit-mpus-stmicroelectronics_dfsdm.pdf,rm0442-stm32mp153-advanced-armbased-32bit-mpus-stmicroelectronics_dfsdm,48,AWLTF,7,0,7.0,0.0,7:0,7.0:0.0
rm0442-stm32mp153-advanced-armbased-32bit-mpus-stmicroelectronics_dfsdm.pdf,rm0442-stm32mp153-advanced-armbased-32bit-mpus-stmicroelectronics_dfsdm,49,RESERVED,31,16,,,31:16,nan:nan
rm0442-stm32mp153-advanced-armbased-32bit-mpus-stmicroelectronics_dfsdm.pdf,rm0442-stm32mp153-advanced-armbased-32bit-mpus-stmicroelectronics_dfsdm,49,CLRAWHTF,15,8,7.0,0.0,15:8,7.0:0.0
rm0442-stm32mp153-advanced-armbased-32bit-mpus-stmicroelectronics_dfsdm.pdf,rm0442-stm32mp153-advanced-armbased-32bit-mpus-stmicroelectronics_dfsdm,49,CLRAWLTF,7,0,7.0,0.0,7:0,7.0:0.0
rm0442-stm32mp153-advanced-armbased-32bit-mpus-stmicroelectronics_dfsdm.pdf,rm0442-stm32mp153-advanced-armbased-32bit-mpus-stmicroelectronics_dfsdm,49,EXMAX,31,8,23.0,0.0,31:8,23.0:0.0
rm0442-stm32mp153-advanced-armbased-32bit-mpus-stmicroelectronics_dfsdm.pdf,rm0442-stm32mp153-advanced-armbased-32bit-mpus-stmicroelectronics_dfsdm,49,RESERVED,7,3,,,7:3,nan:nan
rm0442-stm32mp153-advanced-armbased-32bit-mpus-stmicroelectronics_dfsdm.pdf,rm0442-stm32mp153-advanced-armbased-32bit-mpus-stmicroelectronics_dfsdm,49,EXMAXCH,2,0,2.0,0.0,2:0,2.0:0.0
rm0442-stm32mp153-advanced-armbased-32bit-mpus-stmicroelectronics_dfsdm.pdf,rm0442-stm32mp153-advanced-armbased-32bit-mpus-stmicroelectronics_dfsdm,50,EXMIN,31,8,23.0,0.0,31:8,23.0:0.0
rm0442-stm32mp153-advanced-armbased-32bit-mpus-stmicroelectronics_dfsdm.pdf,rm0442-stm32mp153-advanced-armbased-32bit-mpus-stmicroelectronics_dfsdm,50,RESERVED,7,3,,,7:3,nan:nan
rm0442-stm32mp153-advanced-armbased-32bit-mpus-stmicroelectronics_dfsdm.pdf,rm0442-stm32mp153-advanced-armbased-32bit-mpus-stmicroelectronics_dfsdm,50,EXMINCH,2,0,2.0,0.0,2:0,2.0:0.0
rm0442-stm32mp153-advanced-armbased-32bit-mpus-stmicroelectronics_dfsdm.pdf,rm0442-stm32mp153-advanced-armbased-32bit-mpus-stmicroelectronics_dfsdm,51,CNVCNT,31,4,27.0,0.0,31:4,27.0:0.0
rm0442-stm32mp153-advanced-armbased-32bit-mpus-stmicroelectronics_dfsdm.pdf,rm0442-stm32mp153-advanced-armbased-32bit-mpus-stmicroelectronics_dfsdm,51,RESERVED,3,0,,,3:0,nan:nan
rm0442-stm32mp153-advanced-armbased-32bit-mpus-stmicroelectronics_dfsdm.pdf,rm0442-stm32mp153-advanced-armbased-32bit-mpus-stmicroelectronics_dfsdm,52,RESERVED,31,16,,,31:16,nan:nan
rm0442-stm32mp153-advanced-armbased-32bit-mpus-stmicroelectronics_dfsdm.pdf,rm0442-stm32mp153-advanced-armbased-32bit-mpus-stmicroelectronics_dfsdm,52,NBF,15,8,7.0,0.0,15:8,7.0:0.0
rm0442-stm32mp153-advanced-armbased-32bit-mpus-stmicroelectronics_dfsdm.pdf,rm0442-stm32mp153-advanced-armbased-32bit-mpus-stmicroelectronics_dfsdm,52,NBT,7,0,7.0,0.0,7:0,7.0:0.0
rm0442-stm32mp153-advanced-armbased-32bit-mpus-stmicroelectronics_dfsdm.pdf,rm0442-stm32mp153-advanced-armbased-32bit-mpus-stmicroelectronics_dfsdm,52,RESERVED,31,8,,,31:8,nan:nan
rm0442-stm32mp153-advanced-armbased-32bit-mpus-stmicroelectronics_dfsdm.pdf,rm0442-stm32mp153-advanced-armbased-32bit-mpus-stmicroelectronics_dfsdm,52,MAJREV,7,4,3.0,0.0,7:4,3.0:0.0
rm0442-stm32mp153-advanced-armbased-32bit-mpus-stmicroelectronics_dfsdm.pdf,rm0442-stm32mp153-advanced-armbased-32bit-mpus-stmicroelectronics_dfsdm,52,MINREV,3,0,3.0,0.0,3:0,3.0:0.0
rm0442-stm32mp153-advanced-armbased-32bit-mpus-stmicroelectronics_dfsdm.pdf,rm0442-stm32mp153-advanced-armbased-32bit-mpus-stmicroelectronics_dfsdm,53,ID,31,0,31.0,0.0,31:0,31.0:0.0
rm0442-stm32mp153-advanced-armbased-32bit-mpus-stmicroelectronics_dfsdm.pdf,rm0442-stm32mp153-advanced-armbased-32bit-mpus-stmicroelectronics_dfsdm,53,SID,31,0,31.0,0.0,31:0,31.0:0.0
rm0455-stm32h7a37b3-and-stm32h7b0-value-line-advanced-armbased-32bit-mcus-stmicroelectronics_dfsdm.pdf,rm0455-stm32h7a37b3-and-stm32h7b0-value-line-advanced-armbased-32bit-mcus-stmicroelectronics_dfsdm,32,DFSDMEN,31,31,,,31,nan:nan
rm0455-stm32h7a37b3-and-stm32h7b0-value-line-advanced-armbased-32bit-mcus-stmicroelectronics_dfsdm.pdf,rm0455-stm32h7a37b3-and-stm32h7b0-value-line-advanced-armbased-32bit-mcus-stmicroelectronics_dfsdm,32,CKOUTSRC,30,30,,,30,nan:nan
rm0455-stm32h7a37b3-and-stm32h7b0-value-line-advanced-armbased-32bit-mcus-stmicroelectronics_dfsdm.pdf,rm0455-stm32h7a37b3-and-stm32h7b0-value-line-advanced-armbased-32bit-mcus-stmicroelectronics_dfsdm,32,RESERVED,29,24,,,29:24,nan:nan
rm0455-stm32h7a37b3-and-stm32h7b0-value-line-advanced-armbased-32bit-mcus-stmicroelectronics_dfsdm.pdf,rm0455-stm32h7a37b3-and-stm32h7b0-value-line-advanced-armbased-32bit-mcus-stmicroelectronics_dfsdm,33,CKOUTDIV,23,16,7.0,0.0,23:16,7.0:0.0
rm0455-stm32h7a37b3-and-stm32h7b0-value-line-advanced-armbased-32bit-mcus-stmicroelectronics_dfsdm.pdf,rm0455-stm32h7a37b3-and-stm32h7b0-value-line-advanced-armbased-32bit-mcus-stmicroelectronics_dfsdm,33,DATPACK,15,14,1.0,0.0,15:14,1.0:0.0
rm0455-stm32h7a37b3-and-stm32h7b0-value-line-advanced-armbased-32bit-mcus-stmicroelectronics_dfsdm.pdf,rm0455-stm32h7a37b3-and-stm32h7b0-value-line-advanced-armbased-32bit-mcus-stmicroelectronics_dfsdm,33,DATMPX,13,12,1.0,0.0,13:12,1.0:0.0
rm0455-stm32h7a37b3-and-stm32h7b0-value-line-advanced-armbased-32bit-mcus-stmicroelectronics_dfsdm.pdf,rm0455-stm32h7a37b3-and-stm32h7b0-value-line-advanced-armbased-32bit-mcus-stmicroelectronics_dfsdm,33,RESERVED,11,9,,,11:9,nan:nan
rm0455-stm32h7a37b3-and-stm32h7b0-value-line-advanced-armbased-32bit-mcus-stmicroelectronics_dfsdm.pdf,rm0455-stm32h7a37b3-and-stm32h7b0-value-line-advanced-armbased-32bit-mcus-stmicroelectronics_dfsdm,33,CHINSEL,8,8,,,8,nan:nan
rm0455-stm32h7a37b3-and-stm32h7b0-value-line-advanced-armbased-32bit-mcus-stmicroelectronics_dfsdm.pdf,rm0455-stm32h7a37b3-and-stm32h7b0-value-line-advanced-armbased-32bit-mcus-stmicroelectronics_dfsdm,33,CHEN,7,7,,,7,nan:nan
rm0455-stm32h7a37b3-and-stm32h7b0-value-line-advanced-armbased-32bit-mcus-stmicroelectronics_dfsdm.pdf,rm0455-stm32h7a37b3-and-stm32h7b0-value-line-advanced-armbased-32bit-mcus-stmicroelectronics_dfsdm,34,CKABEN,6,6,,,6,nan:nan
rm0455-stm32h7a37b3-and-stm32h7b0-value-line-advanced-armbased-32bit-mcus-stmicroelectronics_dfsdm.pdf,rm0455-stm32h7a37b3-and-stm32h7b0-value-line-advanced-armbased-32bit-mcus-stmicroelectronics_dfsdm,34,SCDEN,5,5,,,5,nan:nan
rm0455-stm32h7a37b3-and-stm32h7b0-value-line-advanced-armbased-32bit-mcus-stmicroelectronics_dfsdm.pdf,rm0455-stm32h7a37b3-and-stm32h7b0-value-line-advanced-armbased-32bit-mcus-stmicroelectronics_dfsdm,34,RESERVED,4,4,,,4,nan:nan
rm0455-stm32h7a37b3-and-stm32h7b0-value-line-advanced-armbased-32bit-mcus-stmicroelectronics_dfsdm.pdf,rm0455-stm32h7a37b3-and-stm32h7b0-value-line-advanced-armbased-32bit-mcus-stmicroelectronics_dfsdm,34,SPICKSEL,3,2,1.0,0.0,3:2,1.0:0.0
rm0455-stm32h7a37b3-and-stm32h7b0-value-line-advanced-armbased-32bit-mcus-stmicroelectronics_dfsdm.pdf,rm0455-stm32h7a37b3-and-stm32h7b0-value-line-advanced-armbased-32bit-mcus-stmicroelectronics_dfsdm,34,SITP,1,0,1.0,0.0,1:0,1.0:0.0
rm0455-stm32h7a37b3-and-stm32h7b0-value-line-advanced-armbased-32bit-mcus-stmicroelectronics_dfsdm.pdf,rm0455-stm32h7a37b3-and-stm32h7b0-value-line-advanced-armbased-32bit-mcus-stmicroelectronics_dfsdm,35,OFFSET,31,8,23.0,0.0,31:8,23.0:0.0
rm0455-stm32h7a37b3-and-stm32h7b0-value-line-advanced-armbased-32bit-mcus-stmicroelectronics_dfsdm.pdf,rm0455-stm32h7a37b3-and-stm32h7b0-value-line-advanced-armbased-32bit-mcus-stmicroelectronics_dfsdm,35,DTRBS,7,3,4.0,0.0,7:3,4.0:0.0
rm0455-stm32h7a37b3-and-stm32h7b0-value-line-advanced-armbased-32bit-mcus-stmicroelectronics_dfsdm.pdf,rm0455-stm32h7a37b3-and-stm32h7b0-value-line-advanced-armbased-32bit-mcus-stmicroelectronics_dfsdm,35,RESERVED,2,0,,,2:0,nan:nan
rm0455-stm32h7a37b3-and-stm32h7b0-value-line-advanced-armbased-32bit-mcus-stmicroelectronics_dfsdm.pdf,rm0455-stm32h7a37b3-and-stm32h7b0-value-line-advanced-armbased-32bit-mcus-stmicroelectronics_dfsdm,35,RESERVED,31,24,,,31:24,nan:nan
rm0455-stm32h7a37b3-and-stm32h7b0-value-line-advanced-armbased-32bit-mcus-stmicroelectronics_dfsdm.pdf,rm0455-stm32h7a37b3-and-stm32h7b0-value-line-advanced-armbased-32bit-mcus-stmicroelectronics_dfsdm,35,AWFORD,23,22,1.0,0.0,23:22,1.0:0.0
rm0455-stm32h7a37b3-and-stm32h7b0-value-line-advanced-armbased-32bit-mcus-stmicroelectronics_dfsdm.pdf,rm0455-stm32h7a37b3-and-stm32h7b0-value-line-advanced-armbased-32bit-mcus-stmicroelectronics_dfsdm,35,RESERVED,21,21,,,21,nan:nan
rm0455-stm32h7a37b3-and-stm32h7b0-value-line-advanced-armbased-32bit-mcus-stmicroelectronics_dfsdm.pdf,rm0455-stm32h7a37b3-and-stm32h7b0-value-line-advanced-armbased-32bit-mcus-stmicroelectronics_dfsdm,35,AWFOSR,20,16,4.0,0.0,20:16,4.0:0.0
rm0455-stm32h7a37b3-and-stm32h7b0-value-line-advanced-armbased-32bit-mcus-stmicroelectronics_dfsdm.pdf,rm0455-stm32h7a37b3-and-stm32h7b0-value-line-advanced-armbased-32bit-mcus-stmicroelectronics_dfsdm,36,BKSCD,15,12,3.0,0.0,15:12,3.0:0.0
rm0455-stm32h7a37b3-and-stm32h7b0-value-line-advanced-armbased-32bit-mcus-stmicroelectronics_dfsdm.pdf,rm0455-stm32h7a37b3-and-stm32h7b0-value-line-advanced-armbased-32bit-mcus-stmicroelectronics_dfsdm,36,RESERVED,11,8,,,11:8,nan:nan
rm0455-stm32h7a37b3-and-stm32h7b0-value-line-advanced-armbased-32bit-mcus-stmicroelectronics_dfsdm.pdf,rm0455-stm32h7a37b3-and-stm32h7b0-value-line-advanced-armbased-32bit-mcus-stmicroelectronics_dfsdm,36,SCDT,7,0,7.0,0.0,7:0,7.0:0.0
rm0455-stm32h7a37b3-and-stm32h7b0-value-line-advanced-armbased-32bit-mcus-stmicroelectronics_dfsdm.pdf,rm0455-stm32h7a37b3-and-stm32h7b0-value-line-advanced-armbased-32bit-mcus-stmicroelectronics_dfsdm,36,RESERVED,31,16,,,31:16,nan:nan
rm0455-stm32h7a37b3-and-stm32h7b0-value-line-advanced-armbased-32bit-mcus-stmicroelectronics_dfsdm.pdf,rm0455-stm32h7a37b3-and-stm32h7b0-value-line-advanced-armbased-32bit-mcus-stmicroelectronics_dfsdm,36,WDATA,15,0,15.0,0.0,15:0,15.0:0.0
rm0455-stm32h7a37b3-and-stm32h7b0-value-line-advanced-armbased-32bit-mcus-stmicroelectronics_dfsdm.pdf,rm0455-stm32h7a37b3-and-stm32h7b0-value-line-advanced-armbased-32bit-mcus-stmicroelectronics_dfsdm,37,INDAT1,31,16,15.0,0.0,31:16,15.0:0.0
rm0455-stm32h7a37b3-and-stm32h7b0-value-line-advanced-armbased-32bit-mcus-stmicroelectronics_dfsdm.pdf,rm0455-stm32h7a37b3-and-stm32h7b0-value-line-advanced-armbased-32bit-mcus-stmicroelectronics_dfsdm,37,INDAT0,15,0,15.0,0.0,15:0,15.0:0.0
rm0455-stm32h7a37b3-and-stm32h7b0-value-line-advanced-armbased-32bit-mcus-stmicroelectronics_dfsdm.pdf,rm0455-stm32h7a37b3-and-stm32h7b0-value-line-advanced-armbased-32bit-mcus-stmicroelectronics_dfsdm,38,RESERVED,31,6,,,31:6,nan:nan
rm0455-stm32h7a37b3-and-stm32h7b0-value-line-advanced-armbased-32bit-mcus-stmicroelectronics_dfsdm.pdf,rm0455-stm32h7a37b3-and-stm32h7b0-value-line-advanced-armbased-32bit-mcus-stmicroelectronics_dfsdm,38,PLSSKP,5,0,5.0,0.0,5:0,5.0:0.0
rm0455-stm32h7a37b3-and-stm32h7b0-value-line-advanced-armbased-32bit-mcus-stmicroelectronics_dfsdm.pdf,rm0455-stm32h7a37b3-and-stm32h7b0-value-line-advanced-armbased-32bit-mcus-stmicroelectronics_dfsdm,38,RESERVED,31,31,,,31,nan:nan
rm0455-stm32h7a37b3-and-stm32h7b0-value-line-advanced-armbased-32bit-mcus-stmicroelectronics_dfsdm.pdf,rm0455-stm32h7a37b3-and-stm32h7b0-value-line-advanced-armbased-32bit-mcus-stmicroelectronics_dfsdm,38,AWFSEL,30,30,,,30,nan:nan
rm0455-stm32h7a37b3-and-stm32h7b0-value-line-advanced-armbased-32bit-mcus-stmicroelectronics_dfsdm.pdf,rm0455-stm32h7a37b3-and-stm32h7b0-value-line-advanced-armbased-32bit-mcus-stmicroelectronics_dfsdm,38,FAST,29,29,,,29,nan:nan
rm0455-stm32h7a37b3-and-stm32h7b0-value-line-advanced-armbased-32bit-mcus-stmicroelectronics_dfsdm.pdf,rm0455-stm32h7a37b3-and-stm32h7b0-value-line-advanced-armbased-32bit-mcus-stmicroelectronics_dfsdm,38,RESERVED,28,27,,,28:27,nan:nan
rm0455-stm32h7a37b3-and-stm32h7b0-value-line-advanced-armbased-32bit-mcus-stmicroelectronics_dfsdm.pdf,rm0455-stm32h7a37b3-and-stm32h7b0-value-line-advanced-armbased-32bit-mcus-stmicroelectronics_dfsdm,39,RCH,26,24,2.0,0.0,26:24,2.0:0.0
rm0455-stm32h7a37b3-and-stm32h7b0-value-line-advanced-armbased-32bit-mcus-stmicroelectronics_dfsdm.pdf,rm0455-stm32h7a37b3-and-stm32h7b0-value-line-advanced-armbased-32bit-mcus-stmicroelectronics_dfsdm,39,RESERVED,23,22,,,23:22,nan:nan
rm0455-stm32h7a37b3-and-stm32h7b0-value-line-advanced-armbased-32bit-mcus-stmicroelectronics_dfsdm.pdf,rm0455-stm32h7a37b3-and-stm32h7b0-value-line-advanced-armbased-32bit-mcus-stmicroelectronics_dfsdm,39,RDMAEN,21,21,,,21,nan:nan
rm0455-stm32h7a37b3-and-stm32h7b0-value-line-advanced-armbased-32bit-mcus-stmicroelectronics_dfsdm.pdf,rm0455-stm32h7a37b3-and-stm32h7b0-value-line-advanced-armbased-32bit-mcus-stmicroelectronics_dfsdm,39,RESERVED,20,20,,,20,nan:nan
rm0455-stm32h7a37b3-and-stm32h7b0-value-line-advanced-armbased-32bit-mcus-stmicroelectronics_dfsdm.pdf,rm0455-stm32h7a37b3-and-stm32h7b0-value-line-advanced-armbased-32bit-mcus-stmicroelectronics_dfsdm,39,RSYNC,19,19,,,19,nan:nan
rm0455-stm32h7a37b3-and-stm32h7b0-value-line-advanced-armbased-32bit-mcus-stmicroelectronics_dfsdm.pdf,rm0455-stm32h7a37b3-and-stm32h7b0-value-line-advanced-armbased-32bit-mcus-stmicroelectronics_dfsdm,39,RCONT,18,18,,,18,nan:nan
rm0455-stm32h7a37b3-and-stm32h7b0-value-line-advanced-armbased-32bit-mcus-stmicroelectronics_dfsdm.pdf,rm0455-stm32h7a37b3-and-stm32h7b0-value-line-advanced-armbased-32bit-mcus-stmicroelectronics_dfsdm,39,RSWSTART,17,17,,,17,nan:nan
rm0455-stm32h7a37b3-and-stm32h7b0-value-line-advanced-armbased-32bit-mcus-stmicroelectronics_dfsdm.pdf,rm0455-stm32h7a37b3-and-stm32h7b0-value-line-advanced-armbased-32bit-mcus-stmicroelectronics_dfsdm,39,RESERVED,16,15,,,16:15,nan:nan
rm0455-stm32h7a37b3-and-stm32h7b0-value-line-advanced-armbased-32bit-mcus-stmicroelectronics_dfsdm.pdf,rm0455-stm32h7a37b3-and-stm32h7b0-value-line-advanced-armbased-32bit-mcus-stmicroelectronics_dfsdm,39,JEXTEN,14,13,1.0,0.0,14:13,1.0:0.0
rm0455-stm32h7a37b3-and-stm32h7b0-value-line-advanced-armbased-32bit-mcus-stmicroelectronics_dfsdm.pdf,rm0455-stm32h7a37b3-and-stm32h7b0-value-line-advanced-armbased-32bit-mcus-stmicroelectronics_dfsdm,40,JEXTSEL,12,8,4.0,0.0,12:8,4.0:0.0
rm0455-stm32h7a37b3-and-stm32h7b0-value-line-advanced-armbased-32bit-mcus-stmicroelectronics_dfsdm.pdf,rm0455-stm32h7a37b3-and-stm32h7b0-value-line-advanced-armbased-32bit-mcus-stmicroelectronics_dfsdm,40,RESERVED,7,6,,,7:6,nan:nan
rm0455-stm32h7a37b3-and-stm32h7b0-value-line-advanced-armbased-32bit-mcus-stmicroelectronics_dfsdm.pdf,rm0455-stm32h7a37b3-and-stm32h7b0-value-line-advanced-armbased-32bit-mcus-stmicroelectronics_dfsdm,40,JDMAEN,5,5,,,5,nan:nan
rm0455-stm32h7a37b3-and-stm32h7b0-value-line-advanced-armbased-32bit-mcus-stmicroelectronics_dfsdm.pdf,rm0455-stm32h7a37b3-and-stm32h7b0-value-line-advanced-armbased-32bit-mcus-stmicroelectronics_dfsdm,40,JSCAN,4,4,,,4,nan:nan
rm0455-stm32h7a37b3-and-stm32h7b0-value-line-advanced-armbased-32bit-mcus-stmicroelectronics_dfsdm.pdf,rm0455-stm32h7a37b3-and-stm32h7b0-value-line-advanced-armbased-32bit-mcus-stmicroelectronics_dfsdm,40,JSYNC,3,3,,,3,nan:nan
rm0455-stm32h7a37b3-and-stm32h7b0-value-line-advanced-armbased-32bit-mcus-stmicroelectronics_dfsdm.pdf,rm0455-stm32h7a37b3-and-stm32h7b0-value-line-advanced-armbased-32bit-mcus-stmicroelectronics_dfsdm,40,RESERVED,2,2,,,2,nan:nan
rm0455-stm32h7a37b3-and-stm32h7b0-value-line-advanced-armbased-32bit-mcus-stmicroelectronics_dfsdm.pdf,rm0455-stm32h7a37b3-and-stm32h7b0-value-line-advanced-armbased-32bit-mcus-stmicroelectronics_dfsdm,40,JSWSTART,1,1,,,1,nan:nan
rm0455-stm32h7a37b3-and-stm32h7b0-value-line-advanced-armbased-32bit-mcus-stmicroelectronics_dfsdm.pdf,rm0455-stm32h7a37b3-and-stm32h7b0-value-line-advanced-armbased-32bit-mcus-stmicroelectronics_dfsdm,40,DFEN,0,0,,,0,nan:nan
rm0455-stm32h7a37b3-and-stm32h7b0-value-line-advanced-armbased-32bit-mcus-stmicroelectronics_dfsdm.pdf,rm0455-stm32h7a37b3-and-stm32h7b0-value-line-advanced-armbased-32bit-mcus-stmicroelectronics_dfsdm,41,RESERVED,31,24,,,31:24,nan:nan
rm0455-stm32h7a37b3-and-stm32h7b0-value-line-advanced-armbased-32bit-mcus-stmicroelectronics_dfsdm.pdf,rm0455-stm32h7a37b3-and-stm32h7b0-value-line-advanced-armbased-32bit-mcus-stmicroelectronics_dfsdm,41,AWDCH,23,16,7.0,0.0,23:16,7.0:0.0
rm0455-stm32h7a37b3-and-stm32h7b0-value-line-advanced-armbased-32bit-mcus-stmicroelectronics_dfsdm.pdf,rm0455-stm32h7a37b3-and-stm32h7b0-value-line-advanced-armbased-32bit-mcus-stmicroelectronics_dfsdm,41,EXCH,15,8,7.0,0.0,15:8,7.0:0.0
rm0455-stm32h7a37b3-and-stm32h7b0-value-line-advanced-armbased-32bit-mcus-stmicroelectronics_dfsdm.pdf,rm0455-stm32h7a37b3-and-stm32h7b0-value-line-advanced-armbased-32bit-mcus-stmicroelectronics_dfsdm,41,RESERVED,7,7,,,7,nan:nan
rm0455-stm32h7a37b3-and-stm32h7b0-value-line-advanced-armbased-32bit-mcus-stmicroelectronics_dfsdm.pdf,rm0455-stm32h7a37b3-and-stm32h7b0-value-line-advanced-armbased-32bit-mcus-stmicroelectronics_dfsdm,41,CKABIE,6,6,,,6,nan:nan
rm0455-stm32h7a37b3-and-stm32h7b0-value-line-advanced-armbased-32bit-mcus-stmicroelectronics_dfsdm.pdf,rm0455-stm32h7a37b3-and-stm32h7b0-value-line-advanced-armbased-32bit-mcus-stmicroelectronics_dfsdm,41,SCDIE,5,5,,,5,nan:nan
rm0455-stm32h7a37b3-and-stm32h7b0-value-line-advanced-armbased-32bit-mcus-stmicroelectronics_dfsdm.pdf,rm0455-stm32h7a37b3-and-stm32h7b0-value-line-advanced-armbased-32bit-mcus-stmicroelectronics_dfsdm,41,AWDIE,4,4,,,4,nan:nan
rm0455-stm32h7a37b3-and-stm32h7b0-value-line-advanced-armbased-32bit-mcus-stmicroelectronics_dfsdm.pdf,rm0455-stm32h7a37b3-and-stm32h7b0-value-line-advanced-armbased-32bit-mcus-stmicroelectronics_dfsdm,41,ROVRIE,3,3,,,3,nan:nan
rm0455-stm32h7a37b3-and-stm32h7b0-value-line-advanced-armbased-32bit-mcus-stmicroelectronics_dfsdm.pdf,rm0455-stm32h7a37b3-and-stm32h7b0-value-line-advanced-armbased-32bit-mcus-stmicroelectronics_dfsdm,42,JOVRIE,2,2,,,2,nan:nan
rm0455-stm32h7a37b3-and-stm32h7b0-value-line-advanced-armbased-32bit-mcus-stmicroelectronics_dfsdm.pdf,rm0455-stm32h7a37b3-and-stm32h7b0-value-line-advanced-armbased-32bit-mcus-stmicroelectronics_dfsdm,42,REOCIE,1,1,,,1,nan:nan
rm0455-stm32h7a37b3-and-stm32h7b0-value-line-advanced-armbased-32bit-mcus-stmicroelectronics_dfsdm.pdf,rm0455-stm32h7a37b3-and-stm32h7b0-value-line-advanced-armbased-32bit-mcus-stmicroelectronics_dfsdm,42,JEOCIE,0,0,,,0,nan:nan
rm0455-stm32h7a37b3-and-stm32h7b0-value-line-advanced-armbased-32bit-mcus-stmicroelectronics_dfsdm.pdf,rm0455-stm32h7a37b3-and-stm32h7b0-value-line-advanced-armbased-32bit-mcus-stmicroelectronics_dfsdm,42,SCDF,31,24,7.0,0.0,31:24,7.0:0.0
rm0455-stm32h7a37b3-and-stm32h7b0-value-line-advanced-armbased-32bit-mcus-stmicroelectronics_dfsdm.pdf,rm0455-stm32h7a37b3-and-stm32h7b0-value-line-advanced-armbased-32bit-mcus-stmicroelectronics_dfsdm,42,CKABF,23,16,7.0,0.0,23:16,7.0:0.0
rm0455-stm32h7a37b3-and-stm32h7b0-value-line-advanced-armbased-32bit-mcus-stmicroelectronics_dfsdm.pdf,rm0455-stm32h7a37b3-and-stm32h7b0-value-line-advanced-armbased-32bit-mcus-stmicroelectronics_dfsdm,42,RESERVED,15,15,,,15,nan:nan
rm0455-stm32h7a37b3-and-stm32h7b0-value-line-advanced-armbased-32bit-mcus-stmicroelectronics_dfsdm.pdf,rm0455-stm32h7a37b3-and-stm32h7b0-value-line-advanced-armbased-32bit-mcus-stmicroelectronics_dfsdm,42,RCIP,14,14,,,14,nan:nan
rm0455-stm32h7a37b3-and-stm32h7b0-value-line-advanced-armbased-32bit-mcus-stmicroelectronics_dfsdm.pdf,rm0455-stm32h7a37b3-and-stm32h7b0-value-line-advanced-armbased-32bit-mcus-stmicroelectronics_dfsdm,43,JCIP,13,13,,,13,nan:nan
rm0455-stm32h7a37b3-and-stm32h7b0-value-line-advanced-armbased-32bit-mcus-stmicroelectronics_dfsdm.pdf,rm0455-stm32h7a37b3-and-stm32h7b0-value-line-advanced-armbased-32bit-mcus-stmicroelectronics_dfsdm,43,RESERVED,12,5,,,12:5,nan:nan
rm0455-stm32h7a37b3-and-stm32h7b0-value-line-advanced-armbased-32bit-mcus-stmicroelectronics_dfsdm.pdf,rm0455-stm32h7a37b3-and-stm32h7b0-value-line-advanced-armbased-32bit-mcus-stmicroelectronics_dfsdm,43,AWDF,4,4,,,4,nan:nan
rm0455-stm32h7a37b3-and-stm32h7b0-value-line-advanced-armbased-32bit-mcus-stmicroelectronics_dfsdm.pdf,rm0455-stm32h7a37b3-and-stm32h7b0-value-line-advanced-armbased-32bit-mcus-stmicroelectronics_dfsdm,43,ROVRF,3,3,,,3,nan:nan
rm0455-stm32h7a37b3-and-stm32h7b0-value-line-advanced-armbased-32bit-mcus-stmicroelectronics_dfsdm.pdf,rm0455-stm32h7a37b3-and-stm32h7b0-value-line-advanced-armbased-32bit-mcus-stmicroelectronics_dfsdm,43,JOVRF,2,2,,,2,nan:nan
rm0455-stm32h7a37b3-and-stm32h7b0-value-line-advanced-armbased-32bit-mcus-stmicroelectronics_dfsdm.pdf,rm0455-stm32h7a37b3-and-stm32h7b0-value-line-advanced-armbased-32bit-mcus-stmicroelectronics_dfsdm,43,REOCF,1,1,,,1,nan:nan
rm0455-stm32h7a37b3-and-stm32h7b0-value-line-advanced-armbased-32bit-mcus-stmicroelectronics_dfsdm.pdf,rm0455-stm32h7a37b3-and-stm32h7b0-value-line-advanced-armbased-32bit-mcus-stmicroelectronics_dfsdm,43,JEOCF,0,0,,,0,nan:nan
rm0455-stm32h7a37b3-and-stm32h7b0-value-line-advanced-armbased-32bit-mcus-stmicroelectronics_dfsdm.pdf,rm0455-stm32h7a37b3-and-stm32h7b0-value-line-advanced-armbased-32bit-mcus-stmicroelectronics_dfsdm,44,CLRSCDF,31,24,7.0,0.0,31:24,7.0:0.0
rm0455-stm32h7a37b3-and-stm32h7b0-value-line-advanced-armbased-32bit-mcus-stmicroelectronics_dfsdm.pdf,rm0455-stm32h7a37b3-and-stm32h7b0-value-line-advanced-armbased-32bit-mcus-stmicroelectronics_dfsdm,44,CLRCKABF,23,16,7.0,0.0,23:16,7.0:0.0
rm0455-stm32h7a37b3-and-stm32h7b0-value-line-advanced-armbased-32bit-mcus-stmicroelectronics_dfsdm.pdf,rm0455-stm32h7a37b3-and-stm32h7b0-value-line-advanced-armbased-32bit-mcus-stmicroelectronics_dfsdm,44,RESERVED,15,4,,,15:4,nan:nan
rm0455-stm32h7a37b3-and-stm32h7b0-value-line-advanced-armbased-32bit-mcus-stmicroelectronics_dfsdm.pdf,rm0455-stm32h7a37b3-and-stm32h7b0-value-line-advanced-armbased-32bit-mcus-stmicroelectronics_dfsdm,44,CLRROVRF,3,3,,,3,nan:nan
rm0455-stm32h7a37b3-and-stm32h7b0-value-line-advanced-armbased-32bit-mcus-stmicroelectronics_dfsdm.pdf,rm0455-stm32h7a37b3-and-stm32h7b0-value-line-advanced-armbased-32bit-mcus-stmicroelectronics_dfsdm,44,CLRJOVRF,2,2,,,2,nan:nan
rm0455-stm32h7a37b3-and-stm32h7b0-value-line-advanced-armbased-32bit-mcus-stmicroelectronics_dfsdm.pdf,rm0455-stm32h7a37b3-and-stm32h7b0-value-line-advanced-armbased-32bit-mcus-stmicroelectronics_dfsdm,44,RESERVED,1,0,,,1:0,nan:nan
rm0455-stm32h7a37b3-and-stm32h7b0-value-line-advanced-armbased-32bit-mcus-stmicroelectronics_dfsdm.pdf,rm0455-stm32h7a37b3-and-stm32h7b0-value-line-advanced-armbased-32bit-mcus-stmicroelectronics_dfsdm,45,RESERVED,31,8,,,31:8,nan:nan
rm0455-stm32h7a37b3-and-stm32h7b0-value-line-advanced-armbased-32bit-mcus-stmicroelectronics_dfsdm.pdf,rm0455-stm32h7a37b3-and-stm32h7b0-value-line-advanced-armbased-32bit-mcus-stmicroelectronics_dfsdm,45,JCHG,7,0,7.0,0.0,7:0,7.0:0.0
rm0455-stm32h7a37b3-and-stm32h7b0-value-line-advanced-armbased-32bit-mcus-stmicroelectronics_dfsdm.pdf,rm0455-stm32h7a37b3-and-stm32h7b0-value-line-advanced-armbased-32bit-mcus-stmicroelectronics_dfsdm,46,FORD,31,29,2.0,0.0,31:29,2.0:0.0
rm0455-stm32h7a37b3-and-stm32h7b0-value-line-advanced-armbased-32bit-mcus-stmicroelectronics_dfsdm.pdf,rm0455-stm32h7a37b3-and-stm32h7b0-value-line-advanced-armbased-32bit-mcus-stmicroelectronics_dfsdm,46,RESERVED,28,26,,,28:26,nan:nan
rm0455-stm32h7a37b3-and-stm32h7b0-value-line-advanced-armbased-32bit-mcus-stmicroelectronics_dfsdm.pdf,rm0455-stm32h7a37b3-and-stm32h7b0-value-line-advanced-armbased-32bit-mcus-stmicroelectronics_dfsdm,46,FOSR,25,16,9.0,0.0,25:16,9.0:0.0
rm0455-stm32h7a37b3-and-stm32h7b0-value-line-advanced-armbased-32bit-mcus-stmicroelectronics_dfsdm.pdf,rm0455-stm32h7a37b3-and-stm32h7b0-value-line-advanced-armbased-32bit-mcus-stmicroelectronics_dfsdm,46,RESERVED,15,8,,,15:8,nan:nan
rm0455-stm32h7a37b3-and-stm32h7b0-value-line-advanced-armbased-32bit-mcus-stmicroelectronics_dfsdm.pdf,rm0455-stm32h7a37b3-and-stm32h7b0-value-line-advanced-armbased-32bit-mcus-stmicroelectronics_dfsdm,46,IOSR,7,0,7.0,0.0,7:0,7.0:0.0
rm0455-stm32h7a37b3-and-stm32h7b0-value-line-advanced-armbased-32bit-mcus-stmicroelectronics_dfsdm.pdf,rm0455-stm32h7a37b3-and-stm32h7b0-value-line-advanced-armbased-32bit-mcus-stmicroelectronics_dfsdm,47,JDATA,31,8,23.0,0.0,31:8,23.0:0.0
rm0455-stm32h7a37b3-and-stm32h7b0-value-line-advanced-armbased-32bit-mcus-stmicroelectronics_dfsdm.pdf,rm0455-stm32h7a37b3-and-stm32h7b0-value-line-advanced-armbased-32bit-mcus-stmicroelectronics_dfsdm,47,RESERVED,7,3,,,7:3,nan:nan
rm0455-stm32h7a37b3-and-stm32h7b0-value-line-advanced-armbased-32bit-mcus-stmicroelectronics_dfsdm.pdf,rm0455-stm32h7a37b3-and-stm32h7b0-value-line-advanced-armbased-32bit-mcus-stmicroelectronics_dfsdm,47,JDATACH,2,0,2.0,0.0,2:0,2.0:0.0
rm0455-stm32h7a37b3-and-stm32h7b0-value-line-advanced-armbased-32bit-mcus-stmicroelectronics_dfsdm.pdf,rm0455-stm32h7a37b3-and-stm32h7b0-value-line-advanced-armbased-32bit-mcus-stmicroelectronics_dfsdm,47,RDATA,31,8,23.0,0.0,31:8,23.0:0.0
rm0455-stm32h7a37b3-and-stm32h7b0-value-line-advanced-armbased-32bit-mcus-stmicroelectronics_dfsdm.pdf,rm0455-stm32h7a37b3-and-stm32h7b0-value-line-advanced-armbased-32bit-mcus-stmicroelectronics_dfsdm,47,RESERVED,7,5,,,7:5,nan:nan
rm0455-stm32h7a37b3-and-stm32h7b0-value-line-advanced-armbased-32bit-mcus-stmicroelectronics_dfsdm.pdf,rm0455-stm32h7a37b3-and-stm32h7b0-value-line-advanced-armbased-32bit-mcus-stmicroelectronics_dfsdm,47,RPEND,4,4,,,4,nan:nan
rm0455-stm32h7a37b3-and-stm32h7b0-value-line-advanced-armbased-32bit-mcus-stmicroelectronics_dfsdm.pdf,rm0455-stm32h7a37b3-and-stm32h7b0-value-line-advanced-armbased-32bit-mcus-stmicroelectronics_dfsdm,47,RESERVED,3,3,,,3,nan:nan
rm0455-stm32h7a37b3-and-stm32h7b0-value-line-advanced-armbased-32bit-mcus-stmicroelectronics_dfsdm.pdf,rm0455-stm32h7a37b3-and-stm32h7b0-value-line-advanced-armbased-32bit-mcus-stmicroelectronics_dfsdm,47,RDATACH,2,0,2.0,0.0,2:0,2.0:0.0
rm0455-stm32h7a37b3-and-stm32h7b0-value-line-advanced-armbased-32bit-mcus-stmicroelectronics_dfsdm.pdf,rm0455-stm32h7a37b3-and-stm32h7b0-value-line-advanced-armbased-32bit-mcus-stmicroelectronics_dfsdm,48,AWHT,31,8,23.0,0.0,31:8,23.0:0.0
rm0455-stm32h7a37b3-and-stm32h7b0-value-line-advanced-armbased-32bit-mcus-stmicroelectronics_dfsdm.pdf,rm0455-stm32h7a37b3-and-stm32h7b0-value-line-advanced-armbased-32bit-mcus-stmicroelectronics_dfsdm,48,RESERVED,7,4,,,7:4,nan:nan
rm0455-stm32h7a37b3-and-stm32h7b0-value-line-advanced-armbased-32bit-mcus-stmicroelectronics_dfsdm.pdf,rm0455-stm32h7a37b3-and-stm32h7b0-value-line-advanced-armbased-32bit-mcus-stmicroelectronics_dfsdm,48,BKAWH,3,0,3.0,0.0,3:0,3.0:0.0
rm0455-stm32h7a37b3-and-stm32h7b0-value-line-advanced-armbased-32bit-mcus-stmicroelectronics_dfsdm.pdf,rm0455-stm32h7a37b3-and-stm32h7b0-value-line-advanced-armbased-32bit-mcus-stmicroelectronics_dfsdm,49,AWLT,31,8,23.0,0.0,31:8,23.0:0.0
rm0455-stm32h7a37b3-and-stm32h7b0-value-line-advanced-armbased-32bit-mcus-stmicroelectronics_dfsdm.pdf,rm0455-stm32h7a37b3-and-stm32h7b0-value-line-advanced-armbased-32bit-mcus-stmicroelectronics_dfsdm,49,RESERVED,7,4,,,7:4,nan:nan
rm0455-stm32h7a37b3-and-stm32h7b0-value-line-advanced-armbased-32bit-mcus-stmicroelectronics_dfsdm.pdf,rm0455-stm32h7a37b3-and-stm32h7b0-value-line-advanced-armbased-32bit-mcus-stmicroelectronics_dfsdm,49,BKAWL,3,0,3.0,0.0,3:0,3.0:0.0
rm0455-stm32h7a37b3-and-stm32h7b0-value-line-advanced-armbased-32bit-mcus-stmicroelectronics_dfsdm.pdf,rm0455-stm32h7a37b3-and-stm32h7b0-value-line-advanced-armbased-32bit-mcus-stmicroelectronics_dfsdm,49,RESERVED,31,16,,,31:16,nan:nan
rm0455-stm32h7a37b3-and-stm32h7b0-value-line-advanced-armbased-32bit-mcus-stmicroelectronics_dfsdm.pdf,rm0455-stm32h7a37b3-and-stm32h7b0-value-line-advanced-armbased-32bit-mcus-stmicroelectronics_dfsdm,49,AWHTF,15,8,7.0,0.0,15:8,7.0:0.0
rm0455-stm32h7a37b3-and-stm32h7b0-value-line-advanced-armbased-32bit-mcus-stmicroelectronics_dfsdm.pdf,rm0455-stm32h7a37b3-and-stm32h7b0-value-line-advanced-armbased-32bit-mcus-stmicroelectronics_dfsdm,49,AWLTF,7,0,7.0,0.0,7:0,7.0:0.0
rm0455-stm32h7a37b3-and-stm32h7b0-value-line-advanced-armbased-32bit-mcus-stmicroelectronics_dfsdm.pdf,rm0455-stm32h7a37b3-and-stm32h7b0-value-line-advanced-armbased-32bit-mcus-stmicroelectronics_dfsdm,50,RESERVED,31,16,,,31:16,nan:nan
rm0455-stm32h7a37b3-and-stm32h7b0-value-line-advanced-armbased-32bit-mcus-stmicroelectronics_dfsdm.pdf,rm0455-stm32h7a37b3-and-stm32h7b0-value-line-advanced-armbased-32bit-mcus-stmicroelectronics_dfsdm,50,CLRAWHTF,15,8,7.0,0.0,15:8,7.0:0.0
rm0455-stm32h7a37b3-and-stm32h7b0-value-line-advanced-armbased-32bit-mcus-stmicroelectronics_dfsdm.pdf,rm0455-stm32h7a37b3-and-stm32h7b0-value-line-advanced-armbased-32bit-mcus-stmicroelectronics_dfsdm,50,CLRAWLTF,7,0,7.0,0.0,7:0,7.0:0.0
rm0455-stm32h7a37b3-and-stm32h7b0-value-line-advanced-armbased-32bit-mcus-stmicroelectronics_dfsdm.pdf,rm0455-stm32h7a37b3-and-stm32h7b0-value-line-advanced-armbased-32bit-mcus-stmicroelectronics_dfsdm,50,EXMAX,31,8,23.0,0.0,31:8,23.0:0.0
rm0455-stm32h7a37b3-and-stm32h7b0-value-line-advanced-armbased-32bit-mcus-stmicroelectronics_dfsdm.pdf,rm0455-stm32h7a37b3-and-stm32h7b0-value-line-advanced-armbased-32bit-mcus-stmicroelectronics_dfsdm,50,RESERVED,7,3,,,7:3,nan:nan
rm0455-stm32h7a37b3-and-stm32h7b0-value-line-advanced-armbased-32bit-mcus-stmicroelectronics_dfsdm.pdf,rm0455-stm32h7a37b3-and-stm32h7b0-value-line-advanced-armbased-32bit-mcus-stmicroelectronics_dfsdm,50,EXMAXCH,2,0,2.0,0.0,2:0,2.0:0.0
rm0455-stm32h7a37b3-and-stm32h7b0-value-line-advanced-armbased-32bit-mcus-stmicroelectronics_dfsdm.pdf,rm0455-stm32h7a37b3-and-stm32h7b0-value-line-advanced-armbased-32bit-mcus-stmicroelectronics_dfsdm,51,EXMIN,31,8,23.0,0.0,31:8,23.0:0.0
rm0455-stm32h7a37b3-and-stm32h7b0-value-line-advanced-armbased-32bit-mcus-stmicroelectronics_dfsdm.pdf,rm0455-stm32h7a37b3-and-stm32h7b0-value-line-advanced-armbased-32bit-mcus-stmicroelectronics_dfsdm,51,RESERVED,7,3,,,7:3,nan:nan
rm0455-stm32h7a37b3-and-stm32h7b0-value-line-advanced-armbased-32bit-mcus-stmicroelectronics_dfsdm.pdf,rm0455-stm32h7a37b3-and-stm32h7b0-value-line-advanced-armbased-32bit-mcus-stmicroelectronics_dfsdm,51,EXMINCH,2,0,2.0,0.0,2:0,2.0:0.0
rm0455-stm32h7a37b3-and-stm32h7b0-value-line-advanced-armbased-32bit-mcus-stmicroelectronics_dfsdm.pdf,rm0455-stm32h7a37b3-and-stm32h7b0-value-line-advanced-armbased-32bit-mcus-stmicroelectronics_dfsdm,52,CNVCNT,31,4,27.0,0.0,31:4,27.0:0.0
rm0455-stm32h7a37b3-and-stm32h7b0-value-line-advanced-armbased-32bit-mcus-stmicroelectronics_dfsdm.pdf,rm0455-stm32h7a37b3-and-stm32h7b0-value-line-advanced-armbased-32bit-mcus-stmicroelectronics_dfsdm,52,RESERVED,3,0,,,3:0,nan:nan
rm0468-stm32h723733-stm32h725735-and-stm32h730-value-line-advanced-armbased-32bit-mcus-stmicroelectronics_dfsdm.pdf,rm0468-stm32h723733-stm32h725735-and-stm32h730-value-line-advanced-armbased-32bit-mcus-stmicroelectronics_dfsdm,31,DFSDMEN,31,31,,,31,nan:nan
rm0468-stm32h723733-stm32h725735-and-stm32h730-value-line-advanced-armbased-32bit-mcus-stmicroelectronics_dfsdm.pdf,rm0468-stm32h723733-stm32h725735-and-stm32h730-value-line-advanced-armbased-32bit-mcus-stmicroelectronics_dfsdm,31,CKOUTSRC,30,30,,,30,nan:nan
rm0468-stm32h723733-stm32h725735-and-stm32h730-value-line-advanced-armbased-32bit-mcus-stmicroelectronics_dfsdm.pdf,rm0468-stm32h723733-stm32h725735-and-stm32h730-value-line-advanced-armbased-32bit-mcus-stmicroelectronics_dfsdm,31,RESERVED,29,24,,,29:24,nan:nan
rm0468-stm32h723733-stm32h725735-and-stm32h730-value-line-advanced-armbased-32bit-mcus-stmicroelectronics_dfsdm.pdf,rm0468-stm32h723733-stm32h725735-and-stm32h730-value-line-advanced-armbased-32bit-mcus-stmicroelectronics_dfsdm,32,CKOUTDIV,23,16,7.0,0.0,23:16,7.0:0.0
rm0468-stm32h723733-stm32h725735-and-stm32h730-value-line-advanced-armbased-32bit-mcus-stmicroelectronics_dfsdm.pdf,rm0468-stm32h723733-stm32h725735-and-stm32h730-value-line-advanced-armbased-32bit-mcus-stmicroelectronics_dfsdm,32,DATPACK,15,14,1.0,0.0,15:14,1.0:0.0
rm0468-stm32h723733-stm32h725735-and-stm32h730-value-line-advanced-armbased-32bit-mcus-stmicroelectronics_dfsdm.pdf,rm0468-stm32h723733-stm32h725735-and-stm32h730-value-line-advanced-armbased-32bit-mcus-stmicroelectronics_dfsdm,32,DATMPX,13,12,1.0,0.0,13:12,1.0:0.0
rm0468-stm32h723733-stm32h725735-and-stm32h730-value-line-advanced-armbased-32bit-mcus-stmicroelectronics_dfsdm.pdf,rm0468-stm32h723733-stm32h725735-and-stm32h730-value-line-advanced-armbased-32bit-mcus-stmicroelectronics_dfsdm,32,RESERVED,11,9,,,11:9,nan:nan
rm0468-stm32h723733-stm32h725735-and-stm32h730-value-line-advanced-armbased-32bit-mcus-stmicroelectronics_dfsdm.pdf,rm0468-stm32h723733-stm32h725735-and-stm32h730-value-line-advanced-armbased-32bit-mcus-stmicroelectronics_dfsdm,32,CHINSEL,8,8,,,8,nan:nan
rm0468-stm32h723733-stm32h725735-and-stm32h730-value-line-advanced-armbased-32bit-mcus-stmicroelectronics_dfsdm.pdf,rm0468-stm32h723733-stm32h725735-and-stm32h730-value-line-advanced-armbased-32bit-mcus-stmicroelectronics_dfsdm,32,CHEN,7,7,,,7,nan:nan
rm0468-stm32h723733-stm32h725735-and-stm32h730-value-line-advanced-armbased-32bit-mcus-stmicroelectronics_dfsdm.pdf,rm0468-stm32h723733-stm32h725735-and-stm32h730-value-line-advanced-armbased-32bit-mcus-stmicroelectronics_dfsdm,33,CKABEN,6,6,,,6,nan:nan
rm0468-stm32h723733-stm32h725735-and-stm32h730-value-line-advanced-armbased-32bit-mcus-stmicroelectronics_dfsdm.pdf,rm0468-stm32h723733-stm32h725735-and-stm32h730-value-line-advanced-armbased-32bit-mcus-stmicroelectronics_dfsdm,33,SCDEN,5,5,,,5,nan:nan
rm0468-stm32h723733-stm32h725735-and-stm32h730-value-line-advanced-armbased-32bit-mcus-stmicroelectronics_dfsdm.pdf,rm0468-stm32h723733-stm32h725735-and-stm32h730-value-line-advanced-armbased-32bit-mcus-stmicroelectronics_dfsdm,33,RESERVED,4,4,,,4,nan:nan
rm0468-stm32h723733-stm32h725735-and-stm32h730-value-line-advanced-armbased-32bit-mcus-stmicroelectronics_dfsdm.pdf,rm0468-stm32h723733-stm32h725735-and-stm32h730-value-line-advanced-armbased-32bit-mcus-stmicroelectronics_dfsdm,33,SPICKSEL,3,2,1.0,0.0,3:2,1.0:0.0
rm0468-stm32h723733-stm32h725735-and-stm32h730-value-line-advanced-armbased-32bit-mcus-stmicroelectronics_dfsdm.pdf,rm0468-stm32h723733-stm32h725735-and-stm32h730-value-line-advanced-armbased-32bit-mcus-stmicroelectronics_dfsdm,33,SITP,1,0,1.0,0.0,1:0,1.0:0.0
rm0468-stm32h723733-stm32h725735-and-stm32h730-value-line-advanced-armbased-32bit-mcus-stmicroelectronics_dfsdm.pdf,rm0468-stm32h723733-stm32h725735-and-stm32h730-value-line-advanced-armbased-32bit-mcus-stmicroelectronics_dfsdm,34,OFFSET,31,8,23.0,0.0,31:8,23.0:0.0
rm0468-stm32h723733-stm32h725735-and-stm32h730-value-line-advanced-armbased-32bit-mcus-stmicroelectronics_dfsdm.pdf,rm0468-stm32h723733-stm32h725735-and-stm32h730-value-line-advanced-armbased-32bit-mcus-stmicroelectronics_dfsdm,34,DTRBS,7,3,4.0,0.0,7:3,4.0:0.0
rm0468-stm32h723733-stm32h725735-and-stm32h730-value-line-advanced-armbased-32bit-mcus-stmicroelectronics_dfsdm.pdf,rm0468-stm32h723733-stm32h725735-and-stm32h730-value-line-advanced-armbased-32bit-mcus-stmicroelectronics_dfsdm,34,RESERVED,2,0,,,2:0,nan:nan
rm0468-stm32h723733-stm32h725735-and-stm32h730-value-line-advanced-armbased-32bit-mcus-stmicroelectronics_dfsdm.pdf,rm0468-stm32h723733-stm32h725735-and-stm32h730-value-line-advanced-armbased-32bit-mcus-stmicroelectronics_dfsdm,34,RESERVED,31,24,,,31:24,nan:nan
rm0468-stm32h723733-stm32h725735-and-stm32h730-value-line-advanced-armbased-32bit-mcus-stmicroelectronics_dfsdm.pdf,rm0468-stm32h723733-stm32h725735-and-stm32h730-value-line-advanced-armbased-32bit-mcus-stmicroelectronics_dfsdm,34,AWFORD,23,22,1.0,0.0,23:22,1.0:0.0
rm0468-stm32h723733-stm32h725735-and-stm32h730-value-line-advanced-armbased-32bit-mcus-stmicroelectronics_dfsdm.pdf,rm0468-stm32h723733-stm32h725735-and-stm32h730-value-line-advanced-armbased-32bit-mcus-stmicroelectronics_dfsdm,34,RESERVED,21,21,,,21,nan:nan
rm0468-stm32h723733-stm32h725735-and-stm32h730-value-line-advanced-armbased-32bit-mcus-stmicroelectronics_dfsdm.pdf,rm0468-stm32h723733-stm32h725735-and-stm32h730-value-line-advanced-armbased-32bit-mcus-stmicroelectronics_dfsdm,34,AWFOSR,20,16,4.0,0.0,20:16,4.0:0.0
rm0468-stm32h723733-stm32h725735-and-stm32h730-value-line-advanced-armbased-32bit-mcus-stmicroelectronics_dfsdm.pdf,rm0468-stm32h723733-stm32h725735-and-stm32h730-value-line-advanced-armbased-32bit-mcus-stmicroelectronics_dfsdm,35,BKSCD,15,12,3.0,0.0,15:12,3.0:0.0
rm0468-stm32h723733-stm32h725735-and-stm32h730-value-line-advanced-armbased-32bit-mcus-stmicroelectronics_dfsdm.pdf,rm0468-stm32h723733-stm32h725735-and-stm32h730-value-line-advanced-armbased-32bit-mcus-stmicroelectronics_dfsdm,35,RESERVED,11,8,,,11:8,nan:nan
rm0468-stm32h723733-stm32h725735-and-stm32h730-value-line-advanced-armbased-32bit-mcus-stmicroelectronics_dfsdm.pdf,rm0468-stm32h723733-stm32h725735-and-stm32h730-value-line-advanced-armbased-32bit-mcus-stmicroelectronics_dfsdm,35,SCDT,7,0,7.0,0.0,7:0,7.0:0.0
rm0468-stm32h723733-stm32h725735-and-stm32h730-value-line-advanced-armbased-32bit-mcus-stmicroelectronics_dfsdm.pdf,rm0468-stm32h723733-stm32h725735-and-stm32h730-value-line-advanced-armbased-32bit-mcus-stmicroelectronics_dfsdm,35,RESERVED,31,16,,,31:16,nan:nan
rm0468-stm32h723733-stm32h725735-and-stm32h730-value-line-advanced-armbased-32bit-mcus-stmicroelectronics_dfsdm.pdf,rm0468-stm32h723733-stm32h725735-and-stm32h730-value-line-advanced-armbased-32bit-mcus-stmicroelectronics_dfsdm,35,WDATA,15,0,15.0,0.0,15:0,15.0:0.0
rm0468-stm32h723733-stm32h725735-and-stm32h730-value-line-advanced-armbased-32bit-mcus-stmicroelectronics_dfsdm.pdf,rm0468-stm32h723733-stm32h725735-and-stm32h730-value-line-advanced-armbased-32bit-mcus-stmicroelectronics_dfsdm,36,INDAT1,31,16,15.0,0.0,31:16,15.0:0.0
rm0468-stm32h723733-stm32h725735-and-stm32h730-value-line-advanced-armbased-32bit-mcus-stmicroelectronics_dfsdm.pdf,rm0468-stm32h723733-stm32h725735-and-stm32h730-value-line-advanced-armbased-32bit-mcus-stmicroelectronics_dfsdm,36,INDAT0,15,0,15.0,0.0,15:0,15.0:0.0
rm0468-stm32h723733-stm32h725735-and-stm32h730-value-line-advanced-armbased-32bit-mcus-stmicroelectronics_dfsdm.pdf,rm0468-stm32h723733-stm32h725735-and-stm32h730-value-line-advanced-armbased-32bit-mcus-stmicroelectronics_dfsdm,37,RESERVED,31,6,,,31:6,nan:nan
rm0468-stm32h723733-stm32h725735-and-stm32h730-value-line-advanced-armbased-32bit-mcus-stmicroelectronics_dfsdm.pdf,rm0468-stm32h723733-stm32h725735-and-stm32h730-value-line-advanced-armbased-32bit-mcus-stmicroelectronics_dfsdm,37,PLSSKP,5,0,5.0,0.0,5:0,5.0:0.0
rm0468-stm32h723733-stm32h725735-and-stm32h730-value-line-advanced-armbased-32bit-mcus-stmicroelectronics_dfsdm.pdf,rm0468-stm32h723733-stm32h725735-and-stm32h730-value-line-advanced-armbased-32bit-mcus-stmicroelectronics_dfsdm,37,RESERVED,31,31,,,31,nan:nan
rm0468-stm32h723733-stm32h725735-and-stm32h730-value-line-advanced-armbased-32bit-mcus-stmicroelectronics_dfsdm.pdf,rm0468-stm32h723733-stm32h725735-and-stm32h730-value-line-advanced-armbased-32bit-mcus-stmicroelectronics_dfsdm,37,AWFSEL,30,30,,,30,nan:nan
rm0468-stm32h723733-stm32h725735-and-stm32h730-value-line-advanced-armbased-32bit-mcus-stmicroelectronics_dfsdm.pdf,rm0468-stm32h723733-stm32h725735-and-stm32h730-value-line-advanced-armbased-32bit-mcus-stmicroelectronics_dfsdm,37,FAST,29,29,,,29,nan:nan
rm0468-stm32h723733-stm32h725735-and-stm32h730-value-line-advanced-armbased-32bit-mcus-stmicroelectronics_dfsdm.pdf,rm0468-stm32h723733-stm32h725735-and-stm32h730-value-line-advanced-armbased-32bit-mcus-stmicroelectronics_dfsdm,37,RESERVED,28,27,,,28:27,nan:nan
rm0468-stm32h723733-stm32h725735-and-stm32h730-value-line-advanced-armbased-32bit-mcus-stmicroelectronics_dfsdm.pdf,rm0468-stm32h723733-stm32h725735-and-stm32h730-value-line-advanced-armbased-32bit-mcus-stmicroelectronics_dfsdm,38,RCH,26,24,2.0,0.0,26:24,2.0:0.0
rm0468-stm32h723733-stm32h725735-and-stm32h730-value-line-advanced-armbased-32bit-mcus-stmicroelectronics_dfsdm.pdf,rm0468-stm32h723733-stm32h725735-and-stm32h730-value-line-advanced-armbased-32bit-mcus-stmicroelectronics_dfsdm,38,RESERVED,23,22,,,23:22,nan:nan
rm0468-stm32h723733-stm32h725735-and-stm32h730-value-line-advanced-armbased-32bit-mcus-stmicroelectronics_dfsdm.pdf,rm0468-stm32h723733-stm32h725735-and-stm32h730-value-line-advanced-armbased-32bit-mcus-stmicroelectronics_dfsdm,38,RDMAEN,21,21,,,21,nan:nan
rm0468-stm32h723733-stm32h725735-and-stm32h730-value-line-advanced-armbased-32bit-mcus-stmicroelectronics_dfsdm.pdf,rm0468-stm32h723733-stm32h725735-and-stm32h730-value-line-advanced-armbased-32bit-mcus-stmicroelectronics_dfsdm,38,RESERVED,20,20,,,20,nan:nan
rm0468-stm32h723733-stm32h725735-and-stm32h730-value-line-advanced-armbased-32bit-mcus-stmicroelectronics_dfsdm.pdf,rm0468-stm32h723733-stm32h725735-and-stm32h730-value-line-advanced-armbased-32bit-mcus-stmicroelectronics_dfsdm,38,RSYNC,19,19,,,19,nan:nan
rm0468-stm32h723733-stm32h725735-and-stm32h730-value-line-advanced-armbased-32bit-mcus-stmicroelectronics_dfsdm.pdf,rm0468-stm32h723733-stm32h725735-and-stm32h730-value-line-advanced-armbased-32bit-mcus-stmicroelectronics_dfsdm,38,RCONT,18,18,,,18,nan:nan
rm0468-stm32h723733-stm32h725735-and-stm32h730-value-line-advanced-armbased-32bit-mcus-stmicroelectronics_dfsdm.pdf,rm0468-stm32h723733-stm32h725735-and-stm32h730-value-line-advanced-armbased-32bit-mcus-stmicroelectronics_dfsdm,38,RSWSTART,17,17,,,17,nan:nan
rm0468-stm32h723733-stm32h725735-and-stm32h730-value-line-advanced-armbased-32bit-mcus-stmicroelectronics_dfsdm.pdf,rm0468-stm32h723733-stm32h725735-and-stm32h730-value-line-advanced-armbased-32bit-mcus-stmicroelectronics_dfsdm,38,RESERVED,16,15,,,16:15,nan:nan
rm0468-stm32h723733-stm32h725735-and-stm32h730-value-line-advanced-armbased-32bit-mcus-stmicroelectronics_dfsdm.pdf,rm0468-stm32h723733-stm32h725735-and-stm32h730-value-line-advanced-armbased-32bit-mcus-stmicroelectronics_dfsdm,38,JEXTEN,14,13,1.0,0.0,14:13,1.0:0.0
rm0468-stm32h723733-stm32h725735-and-stm32h730-value-line-advanced-armbased-32bit-mcus-stmicroelectronics_dfsdm.pdf,rm0468-stm32h723733-stm32h725735-and-stm32h730-value-line-advanced-armbased-32bit-mcus-stmicroelectronics_dfsdm,39,JEXTSEL,12,8,4.0,0.0,12:8,4.0:0.0
rm0468-stm32h723733-stm32h725735-and-stm32h730-value-line-advanced-armbased-32bit-mcus-stmicroelectronics_dfsdm.pdf,rm0468-stm32h723733-stm32h725735-and-stm32h730-value-line-advanced-armbased-32bit-mcus-stmicroelectronics_dfsdm,39,RESERVED,7,6,,,7:6,nan:nan
rm0468-stm32h723733-stm32h725735-and-stm32h730-value-line-advanced-armbased-32bit-mcus-stmicroelectronics_dfsdm.pdf,rm0468-stm32h723733-stm32h725735-and-stm32h730-value-line-advanced-armbased-32bit-mcus-stmicroelectronics_dfsdm,39,JDMAEN,5,5,,,5,nan:nan
rm0468-stm32h723733-stm32h725735-and-stm32h730-value-line-advanced-armbased-32bit-mcus-stmicroelectronics_dfsdm.pdf,rm0468-stm32h723733-stm32h725735-and-stm32h730-value-line-advanced-armbased-32bit-mcus-stmicroelectronics_dfsdm,39,JSCAN,4,4,,,4,nan:nan
rm0468-stm32h723733-stm32h725735-and-stm32h730-value-line-advanced-armbased-32bit-mcus-stmicroelectronics_dfsdm.pdf,rm0468-stm32h723733-stm32h725735-and-stm32h730-value-line-advanced-armbased-32bit-mcus-stmicroelectronics_dfsdm,39,JSYNC,3,3,,,3,nan:nan
rm0468-stm32h723733-stm32h725735-and-stm32h730-value-line-advanced-armbased-32bit-mcus-stmicroelectronics_dfsdm.pdf,rm0468-stm32h723733-stm32h725735-and-stm32h730-value-line-advanced-armbased-32bit-mcus-stmicroelectronics_dfsdm,39,RESERVED,2,2,,,2,nan:nan
rm0468-stm32h723733-stm32h725735-and-stm32h730-value-line-advanced-armbased-32bit-mcus-stmicroelectronics_dfsdm.pdf,rm0468-stm32h723733-stm32h725735-and-stm32h730-value-line-advanced-armbased-32bit-mcus-stmicroelectronics_dfsdm,39,JSWSTART,1,1,,,1,nan:nan
rm0468-stm32h723733-stm32h725735-and-stm32h730-value-line-advanced-armbased-32bit-mcus-stmicroelectronics_dfsdm.pdf,rm0468-stm32h723733-stm32h725735-and-stm32h730-value-line-advanced-armbased-32bit-mcus-stmicroelectronics_dfsdm,39,DFEN,0,0,,,0,nan:nan
rm0468-stm32h723733-stm32h725735-and-stm32h730-value-line-advanced-armbased-32bit-mcus-stmicroelectronics_dfsdm.pdf,rm0468-stm32h723733-stm32h725735-and-stm32h730-value-line-advanced-armbased-32bit-mcus-stmicroelectronics_dfsdm,40,RESERVED,31,24,,,31:24,nan:nan
rm0468-stm32h723733-stm32h725735-and-stm32h730-value-line-advanced-armbased-32bit-mcus-stmicroelectronics_dfsdm.pdf,rm0468-stm32h723733-stm32h725735-and-stm32h730-value-line-advanced-armbased-32bit-mcus-stmicroelectronics_dfsdm,40,AWDCH,23,16,7.0,0.0,23:16,7.0:0.0
rm0468-stm32h723733-stm32h725735-and-stm32h730-value-line-advanced-armbased-32bit-mcus-stmicroelectronics_dfsdm.pdf,rm0468-stm32h723733-stm32h725735-and-stm32h730-value-line-advanced-armbased-32bit-mcus-stmicroelectronics_dfsdm,40,EXCH,15,8,7.0,0.0,15:8,7.0:0.0
rm0468-stm32h723733-stm32h725735-and-stm32h730-value-line-advanced-armbased-32bit-mcus-stmicroelectronics_dfsdm.pdf,rm0468-stm32h723733-stm32h725735-and-stm32h730-value-line-advanced-armbased-32bit-mcus-stmicroelectronics_dfsdm,40,RESERVED,7,7,,,7,nan:nan
rm0468-stm32h723733-stm32h725735-and-stm32h730-value-line-advanced-armbased-32bit-mcus-stmicroelectronics_dfsdm.pdf,rm0468-stm32h723733-stm32h725735-and-stm32h730-value-line-advanced-armbased-32bit-mcus-stmicroelectronics_dfsdm,40,CKABIE,6,6,,,6,nan:nan
rm0468-stm32h723733-stm32h725735-and-stm32h730-value-line-advanced-armbased-32bit-mcus-stmicroelectronics_dfsdm.pdf,rm0468-stm32h723733-stm32h725735-and-stm32h730-value-line-advanced-armbased-32bit-mcus-stmicroelectronics_dfsdm,40,SCDIE,5,5,,,5,nan:nan
rm0468-stm32h723733-stm32h725735-and-stm32h730-value-line-advanced-armbased-32bit-mcus-stmicroelectronics_dfsdm.pdf,rm0468-stm32h723733-stm32h725735-and-stm32h730-value-line-advanced-armbased-32bit-mcus-stmicroelectronics_dfsdm,40,AWDIE,4,4,,,4,nan:nan
rm0468-stm32h723733-stm32h725735-and-stm32h730-value-line-advanced-armbased-32bit-mcus-stmicroelectronics_dfsdm.pdf,rm0468-stm32h723733-stm32h725735-and-stm32h730-value-line-advanced-armbased-32bit-mcus-stmicroelectronics_dfsdm,40,ROVRIE,3,3,,,3,nan:nan
rm0468-stm32h723733-stm32h725735-and-stm32h730-value-line-advanced-armbased-32bit-mcus-stmicroelectronics_dfsdm.pdf,rm0468-stm32h723733-stm32h725735-and-stm32h730-value-line-advanced-armbased-32bit-mcus-stmicroelectronics_dfsdm,41,JOVRIE,2,2,,,2,nan:nan
rm0468-stm32h723733-stm32h725735-and-stm32h730-value-line-advanced-armbased-32bit-mcus-stmicroelectronics_dfsdm.pdf,rm0468-stm32h723733-stm32h725735-and-stm32h730-value-line-advanced-armbased-32bit-mcus-stmicroelectronics_dfsdm,41,REOCIE,1,1,,,1,nan:nan
rm0468-stm32h723733-stm32h725735-and-stm32h730-value-line-advanced-armbased-32bit-mcus-stmicroelectronics_dfsdm.pdf,rm0468-stm32h723733-stm32h725735-and-stm32h730-value-line-advanced-armbased-32bit-mcus-stmicroelectronics_dfsdm,41,JEOCIE,0,0,,,0,nan:nan
rm0468-stm32h723733-stm32h725735-and-stm32h730-value-line-advanced-armbased-32bit-mcus-stmicroelectronics_dfsdm.pdf,rm0468-stm32h723733-stm32h725735-and-stm32h730-value-line-advanced-armbased-32bit-mcus-stmicroelectronics_dfsdm,41,SCDF,31,24,7.0,0.0,31:24,7.0:0.0
rm0468-stm32h723733-stm32h725735-and-stm32h730-value-line-advanced-armbased-32bit-mcus-stmicroelectronics_dfsdm.pdf,rm0468-stm32h723733-stm32h725735-and-stm32h730-value-line-advanced-armbased-32bit-mcus-stmicroelectronics_dfsdm,41,CKABF,23,16,7.0,0.0,23:16,7.0:0.0
rm0468-stm32h723733-stm32h725735-and-stm32h730-value-line-advanced-armbased-32bit-mcus-stmicroelectronics_dfsdm.pdf,rm0468-stm32h723733-stm32h725735-and-stm32h730-value-line-advanced-armbased-32bit-mcus-stmicroelectronics_dfsdm,41,RESERVED,15,15,,,15,nan:nan
rm0468-stm32h723733-stm32h725735-and-stm32h730-value-line-advanced-armbased-32bit-mcus-stmicroelectronics_dfsdm.pdf,rm0468-stm32h723733-stm32h725735-and-stm32h730-value-line-advanced-armbased-32bit-mcus-stmicroelectronics_dfsdm,41,RCIP,14,14,,,14,nan:nan
rm0468-stm32h723733-stm32h725735-and-stm32h730-value-line-advanced-armbased-32bit-mcus-stmicroelectronics_dfsdm.pdf,rm0468-stm32h723733-stm32h725735-and-stm32h730-value-line-advanced-armbased-32bit-mcus-stmicroelectronics_dfsdm,42,JCIP,13,13,,,13,nan:nan
rm0468-stm32h723733-stm32h725735-and-stm32h730-value-line-advanced-armbased-32bit-mcus-stmicroelectronics_dfsdm.pdf,rm0468-stm32h723733-stm32h725735-and-stm32h730-value-line-advanced-armbased-32bit-mcus-stmicroelectronics_dfsdm,42,RESERVED,12,5,,,12:5,nan:nan
rm0468-stm32h723733-stm32h725735-and-stm32h730-value-line-advanced-armbased-32bit-mcus-stmicroelectronics_dfsdm.pdf,rm0468-stm32h723733-stm32h725735-and-stm32h730-value-line-advanced-armbased-32bit-mcus-stmicroelectronics_dfsdm,42,AWDF,4,4,,,4,nan:nan
rm0468-stm32h723733-stm32h725735-and-stm32h730-value-line-advanced-armbased-32bit-mcus-stmicroelectronics_dfsdm.pdf,rm0468-stm32h723733-stm32h725735-and-stm32h730-value-line-advanced-armbased-32bit-mcus-stmicroelectronics_dfsdm,42,ROVRF,3,3,,,3,nan:nan
rm0468-stm32h723733-stm32h725735-and-stm32h730-value-line-advanced-armbased-32bit-mcus-stmicroelectronics_dfsdm.pdf,rm0468-stm32h723733-stm32h725735-and-stm32h730-value-line-advanced-armbased-32bit-mcus-stmicroelectronics_dfsdm,42,JOVRF,2,2,,,2,nan:nan
rm0468-stm32h723733-stm32h725735-and-stm32h730-value-line-advanced-armbased-32bit-mcus-stmicroelectronics_dfsdm.pdf,rm0468-stm32h723733-stm32h725735-and-stm32h730-value-line-advanced-armbased-32bit-mcus-stmicroelectronics_dfsdm,42,REOCF,1,1,,,1,nan:nan
rm0468-stm32h723733-stm32h725735-and-stm32h730-value-line-advanced-armbased-32bit-mcus-stmicroelectronics_dfsdm.pdf,rm0468-stm32h723733-stm32h725735-and-stm32h730-value-line-advanced-armbased-32bit-mcus-stmicroelectronics_dfsdm,42,JEOCF,0,0,,,0,nan:nan
rm0468-stm32h723733-stm32h725735-and-stm32h730-value-line-advanced-armbased-32bit-mcus-stmicroelectronics_dfsdm.pdf,rm0468-stm32h723733-stm32h725735-and-stm32h730-value-line-advanced-armbased-32bit-mcus-stmicroelectronics_dfsdm,43,CLRSCDF,31,24,7.0,0.0,31:24,7.0:0.0
rm0468-stm32h723733-stm32h725735-and-stm32h730-value-line-advanced-armbased-32bit-mcus-stmicroelectronics_dfsdm.pdf,rm0468-stm32h723733-stm32h725735-and-stm32h730-value-line-advanced-armbased-32bit-mcus-stmicroelectronics_dfsdm,43,CLRCKABF,23,16,7.0,0.0,23:16,7.0:0.0
rm0468-stm32h723733-stm32h725735-and-stm32h730-value-line-advanced-armbased-32bit-mcus-stmicroelectronics_dfsdm.pdf,rm0468-stm32h723733-stm32h725735-and-stm32h730-value-line-advanced-armbased-32bit-mcus-stmicroelectronics_dfsdm,43,RESERVED,15,4,,,15:4,nan:nan
rm0468-stm32h723733-stm32h725735-and-stm32h730-value-line-advanced-armbased-32bit-mcus-stmicroelectronics_dfsdm.pdf,rm0468-stm32h723733-stm32h725735-and-stm32h730-value-line-advanced-armbased-32bit-mcus-stmicroelectronics_dfsdm,43,CLRROVRF,3,3,,,3,nan:nan
rm0468-stm32h723733-stm32h725735-and-stm32h730-value-line-advanced-armbased-32bit-mcus-stmicroelectronics_dfsdm.pdf,rm0468-stm32h723733-stm32h725735-and-stm32h730-value-line-advanced-armbased-32bit-mcus-stmicroelectronics_dfsdm,43,CLRJOVRF,2,2,,,2,nan:nan
rm0468-stm32h723733-stm32h725735-and-stm32h730-value-line-advanced-armbased-32bit-mcus-stmicroelectronics_dfsdm.pdf,rm0468-stm32h723733-stm32h725735-and-stm32h730-value-line-advanced-armbased-32bit-mcus-stmicroelectronics_dfsdm,43,RESERVED,1,0,,,1:0,nan:nan
rm0468-stm32h723733-stm32h725735-and-stm32h730-value-line-advanced-armbased-32bit-mcus-stmicroelectronics_dfsdm.pdf,rm0468-stm32h723733-stm32h725735-and-stm32h730-value-line-advanced-armbased-32bit-mcus-stmicroelectronics_dfsdm,44,RESERVED,31,8,,,31:8,nan:nan
rm0468-stm32h723733-stm32h725735-and-stm32h730-value-line-advanced-armbased-32bit-mcus-stmicroelectronics_dfsdm.pdf,rm0468-stm32h723733-stm32h725735-and-stm32h730-value-line-advanced-armbased-32bit-mcus-stmicroelectronics_dfsdm,44,JCHG,7,0,7.0,0.0,7:0,7.0:0.0
rm0468-stm32h723733-stm32h725735-and-stm32h730-value-line-advanced-armbased-32bit-mcus-stmicroelectronics_dfsdm.pdf,rm0468-stm32h723733-stm32h725735-and-stm32h730-value-line-advanced-armbased-32bit-mcus-stmicroelectronics_dfsdm,45,FORD,31,29,2.0,0.0,31:29,2.0:0.0
rm0468-stm32h723733-stm32h725735-and-stm32h730-value-line-advanced-armbased-32bit-mcus-stmicroelectronics_dfsdm.pdf,rm0468-stm32h723733-stm32h725735-and-stm32h730-value-line-advanced-armbased-32bit-mcus-stmicroelectronics_dfsdm,45,RESERVED,28,26,,,28:26,nan:nan
rm0468-stm32h723733-stm32h725735-and-stm32h730-value-line-advanced-armbased-32bit-mcus-stmicroelectronics_dfsdm.pdf,rm0468-stm32h723733-stm32h725735-and-stm32h730-value-line-advanced-armbased-32bit-mcus-stmicroelectronics_dfsdm,45,FOSR,25,16,9.0,0.0,25:16,9.0:0.0
rm0468-stm32h723733-stm32h725735-and-stm32h730-value-line-advanced-armbased-32bit-mcus-stmicroelectronics_dfsdm.pdf,rm0468-stm32h723733-stm32h725735-and-stm32h730-value-line-advanced-armbased-32bit-mcus-stmicroelectronics_dfsdm,45,RESERVED,15,8,,,15:8,nan:nan
rm0468-stm32h723733-stm32h725735-and-stm32h730-value-line-advanced-armbased-32bit-mcus-stmicroelectronics_dfsdm.pdf,rm0468-stm32h723733-stm32h725735-and-stm32h730-value-line-advanced-armbased-32bit-mcus-stmicroelectronics_dfsdm,45,IOSR,7,0,7.0,0.0,7:0,7.0:0.0
rm0468-stm32h723733-stm32h725735-and-stm32h730-value-line-advanced-armbased-32bit-mcus-stmicroelectronics_dfsdm.pdf,rm0468-stm32h723733-stm32h725735-and-stm32h730-value-line-advanced-armbased-32bit-mcus-stmicroelectronics_dfsdm,46,JDATA,31,8,23.0,0.0,31:8,23.0:0.0
rm0468-stm32h723733-stm32h725735-and-stm32h730-value-line-advanced-armbased-32bit-mcus-stmicroelectronics_dfsdm.pdf,rm0468-stm32h723733-stm32h725735-and-stm32h730-value-line-advanced-armbased-32bit-mcus-stmicroelectronics_dfsdm,46,RESERVED,7,3,,,7:3,nan:nan
rm0468-stm32h723733-stm32h725735-and-stm32h730-value-line-advanced-armbased-32bit-mcus-stmicroelectronics_dfsdm.pdf,rm0468-stm32h723733-stm32h725735-and-stm32h730-value-line-advanced-armbased-32bit-mcus-stmicroelectronics_dfsdm,46,JDATACH,2,0,2.0,0.0,2:0,2.0:0.0
rm0468-stm32h723733-stm32h725735-and-stm32h730-value-line-advanced-armbased-32bit-mcus-stmicroelectronics_dfsdm.pdf,rm0468-stm32h723733-stm32h725735-and-stm32h730-value-line-advanced-armbased-32bit-mcus-stmicroelectronics_dfsdm,46,RDATA,31,8,23.0,0.0,31:8,23.0:0.0
rm0468-stm32h723733-stm32h725735-and-stm32h730-value-line-advanced-armbased-32bit-mcus-stmicroelectronics_dfsdm.pdf,rm0468-stm32h723733-stm32h725735-and-stm32h730-value-line-advanced-armbased-32bit-mcus-stmicroelectronics_dfsdm,46,RESERVED,7,5,,,7:5,nan:nan
rm0468-stm32h723733-stm32h725735-and-stm32h730-value-line-advanced-armbased-32bit-mcus-stmicroelectronics_dfsdm.pdf,rm0468-stm32h723733-stm32h725735-and-stm32h730-value-line-advanced-armbased-32bit-mcus-stmicroelectronics_dfsdm,46,RPEND,4,4,,,4,nan:nan
rm0468-stm32h723733-stm32h725735-and-stm32h730-value-line-advanced-armbased-32bit-mcus-stmicroelectronics_dfsdm.pdf,rm0468-stm32h723733-stm32h725735-and-stm32h730-value-line-advanced-armbased-32bit-mcus-stmicroelectronics_dfsdm,46,RESERVED,3,3,,,3,nan:nan
rm0468-stm32h723733-stm32h725735-and-stm32h730-value-line-advanced-armbased-32bit-mcus-stmicroelectronics_dfsdm.pdf,rm0468-stm32h723733-stm32h725735-and-stm32h730-value-line-advanced-armbased-32bit-mcus-stmicroelectronics_dfsdm,46,RDATACH,2,0,2.0,0.0,2:0,2.0:0.0
rm0468-stm32h723733-stm32h725735-and-stm32h730-value-line-advanced-armbased-32bit-mcus-stmicroelectronics_dfsdm.pdf,rm0468-stm32h723733-stm32h725735-and-stm32h730-value-line-advanced-armbased-32bit-mcus-stmicroelectronics_dfsdm,47,AWHT,31,8,23.0,0.0,31:8,23.0:0.0
rm0468-stm32h723733-stm32h725735-and-stm32h730-value-line-advanced-armbased-32bit-mcus-stmicroelectronics_dfsdm.pdf,rm0468-stm32h723733-stm32h725735-and-stm32h730-value-line-advanced-armbased-32bit-mcus-stmicroelectronics_dfsdm,47,RESERVED,7,4,,,7:4,nan:nan
rm0468-stm32h723733-stm32h725735-and-stm32h730-value-line-advanced-armbased-32bit-mcus-stmicroelectronics_dfsdm.pdf,rm0468-stm32h723733-stm32h725735-and-stm32h730-value-line-advanced-armbased-32bit-mcus-stmicroelectronics_dfsdm,47,BKAWH,3,0,3.0,0.0,3:0,3.0:0.0
rm0468-stm32h723733-stm32h725735-and-stm32h730-value-line-advanced-armbased-32bit-mcus-stmicroelectronics_dfsdm.pdf,rm0468-stm32h723733-stm32h725735-and-stm32h730-value-line-advanced-armbased-32bit-mcus-stmicroelectronics_dfsdm,48,AWLT,31,8,23.0,0.0,31:8,23.0:0.0
rm0468-stm32h723733-stm32h725735-and-stm32h730-value-line-advanced-armbased-32bit-mcus-stmicroelectronics_dfsdm.pdf,rm0468-stm32h723733-stm32h725735-and-stm32h730-value-line-advanced-armbased-32bit-mcus-stmicroelectronics_dfsdm,48,RESERVED,7,4,,,7:4,nan:nan
rm0468-stm32h723733-stm32h725735-and-stm32h730-value-line-advanced-armbased-32bit-mcus-stmicroelectronics_dfsdm.pdf,rm0468-stm32h723733-stm32h725735-and-stm32h730-value-line-advanced-armbased-32bit-mcus-stmicroelectronics_dfsdm,48,BKAWL,3,0,3.0,0.0,3:0,3.0:0.0
rm0468-stm32h723733-stm32h725735-and-stm32h730-value-line-advanced-armbased-32bit-mcus-stmicroelectronics_dfsdm.pdf,rm0468-stm32h723733-stm32h725735-and-stm32h730-value-line-advanced-armbased-32bit-mcus-stmicroelectronics_dfsdm,48,RESERVED,31,16,,,31:16,nan:nan
rm0468-stm32h723733-stm32h725735-and-stm32h730-value-line-advanced-armbased-32bit-mcus-stmicroelectronics_dfsdm.pdf,rm0468-stm32h723733-stm32h725735-and-stm32h730-value-line-advanced-armbased-32bit-mcus-stmicroelectronics_dfsdm,48,AWHTF,15,8,7.0,0.0,15:8,7.0:0.0
rm0468-stm32h723733-stm32h725735-and-stm32h730-value-line-advanced-armbased-32bit-mcus-stmicroelectronics_dfsdm.pdf,rm0468-stm32h723733-stm32h725735-and-stm32h730-value-line-advanced-armbased-32bit-mcus-stmicroelectronics_dfsdm,48,AWLTF,7,0,7.0,0.0,7:0,7.0:0.0
rm0468-stm32h723733-stm32h725735-and-stm32h730-value-line-advanced-armbased-32bit-mcus-stmicroelectronics_dfsdm.pdf,rm0468-stm32h723733-stm32h725735-and-stm32h730-value-line-advanced-armbased-32bit-mcus-stmicroelectronics_dfsdm,49,RESERVED,31,16,,,31:16,nan:nan
rm0468-stm32h723733-stm32h725735-and-stm32h730-value-line-advanced-armbased-32bit-mcus-stmicroelectronics_dfsdm.pdf,rm0468-stm32h723733-stm32h725735-and-stm32h730-value-line-advanced-armbased-32bit-mcus-stmicroelectronics_dfsdm,49,CLRAWHTF,15,8,7.0,0.0,15:8,7.0:0.0
rm0468-stm32h723733-stm32h725735-and-stm32h730-value-line-advanced-armbased-32bit-mcus-stmicroelectronics_dfsdm.pdf,rm0468-stm32h723733-stm32h725735-and-stm32h730-value-line-advanced-armbased-32bit-mcus-stmicroelectronics_dfsdm,49,CLRAWLTF,7,0,7.0,0.0,7:0,7.0:0.0
rm0468-stm32h723733-stm32h725735-and-stm32h730-value-line-advanced-armbased-32bit-mcus-stmicroelectronics_dfsdm.pdf,rm0468-stm32h723733-stm32h725735-and-stm32h730-value-line-advanced-armbased-32bit-mcus-stmicroelectronics_dfsdm,49,EXMAX,31,8,23.0,0.0,31:8,23.0:0.0
rm0468-stm32h723733-stm32h725735-and-stm32h730-value-line-advanced-armbased-32bit-mcus-stmicroelectronics_dfsdm.pdf,rm0468-stm32h723733-stm32h725735-and-stm32h730-value-line-advanced-armbased-32bit-mcus-stmicroelectronics_dfsdm,49,RESERVED,7,3,,,7:3,nan:nan
rm0468-stm32h723733-stm32h725735-and-stm32h730-value-line-advanced-armbased-32bit-mcus-stmicroelectronics_dfsdm.pdf,rm0468-stm32h723733-stm32h725735-and-stm32h730-value-line-advanced-armbased-32bit-mcus-stmicroelectronics_dfsdm,49,EXMAXCH,2,0,2.0,0.0,2:0,2.0:0.0
rm0468-stm32h723733-stm32h725735-and-stm32h730-value-line-advanced-armbased-32bit-mcus-stmicroelectronics_dfsdm.pdf,rm0468-stm32h723733-stm32h725735-and-stm32h730-value-line-advanced-armbased-32bit-mcus-stmicroelectronics_dfsdm,50,EXMIN,31,8,23.0,0.0,31:8,23.0:0.0
rm0468-stm32h723733-stm32h725735-and-stm32h730-value-line-advanced-armbased-32bit-mcus-stmicroelectronics_dfsdm.pdf,rm0468-stm32h723733-stm32h725735-and-stm32h730-value-line-advanced-armbased-32bit-mcus-stmicroelectronics_dfsdm,50,RESERVED,7,3,,,7:3,nan:nan
rm0468-stm32h723733-stm32h725735-and-stm32h730-value-line-advanced-armbased-32bit-mcus-stmicroelectronics_dfsdm.pdf,rm0468-stm32h723733-stm32h725735-and-stm32h730-value-line-advanced-armbased-32bit-mcus-stmicroelectronics_dfsdm,50,EXMINCH,2,0,2.0,0.0,2:0,2.0:0.0
rm0468-stm32h723733-stm32h725735-and-stm32h730-value-line-advanced-armbased-32bit-mcus-stmicroelectronics_dfsdm.pdf,rm0468-stm32h723733-stm32h725735-and-stm32h730-value-line-advanced-armbased-32bit-mcus-stmicroelectronics_dfsdm,51,CNVCNT,31,4,27.0,0.0,31:4,27.0:0.0
rm0468-stm32h723733-stm32h725735-and-stm32h730-value-line-advanced-armbased-32bit-mcus-stmicroelectronics_dfsdm.pdf,rm0468-stm32h723733-stm32h725735-and-stm32h730-value-line-advanced-armbased-32bit-mcus-stmicroelectronics_dfsdm,51,RESERVED,3,0,,,3:0,nan:nan
rm0475-stm32mp13xx-advanced-armbased-32bit-mpus-stmicroelectronics_dfsdm.pdf,rm0475-stm32mp13xx-advanced-armbased-32bit-mpus-stmicroelectronics_dfsdm,31,DFSDMEN,31,31,,,31,nan:nan
rm0475-stm32mp13xx-advanced-armbased-32bit-mpus-stmicroelectronics_dfsdm.pdf,rm0475-stm32mp13xx-advanced-armbased-32bit-mpus-stmicroelectronics_dfsdm,31,CKOUTSRC,30,30,,,30,nan:nan
rm0475-stm32mp13xx-advanced-armbased-32bit-mpus-stmicroelectronics_dfsdm.pdf,rm0475-stm32mp13xx-advanced-armbased-32bit-mpus-stmicroelectronics_dfsdm,31,RESERVED,29,24,,,29:24,nan:nan
rm0475-stm32mp13xx-advanced-armbased-32bit-mpus-stmicroelectronics_dfsdm.pdf,rm0475-stm32mp13xx-advanced-armbased-32bit-mpus-stmicroelectronics_dfsdm,32,CKOUTDIV,23,16,7.0,0.0,23:16,7.0:0.0
rm0475-stm32mp13xx-advanced-armbased-32bit-mpus-stmicroelectronics_dfsdm.pdf,rm0475-stm32mp13xx-advanced-armbased-32bit-mpus-stmicroelectronics_dfsdm,32,DATPACK,15,14,1.0,0.0,15:14,1.0:0.0
rm0475-stm32mp13xx-advanced-armbased-32bit-mpus-stmicroelectronics_dfsdm.pdf,rm0475-stm32mp13xx-advanced-armbased-32bit-mpus-stmicroelectronics_dfsdm,32,DATMPX,13,12,1.0,0.0,13:12,1.0:0.0
rm0475-stm32mp13xx-advanced-armbased-32bit-mpus-stmicroelectronics_dfsdm.pdf,rm0475-stm32mp13xx-advanced-armbased-32bit-mpus-stmicroelectronics_dfsdm,32,RESERVED,11,9,,,11:9,nan:nan
rm0475-stm32mp13xx-advanced-armbased-32bit-mpus-stmicroelectronics_dfsdm.pdf,rm0475-stm32mp13xx-advanced-armbased-32bit-mpus-stmicroelectronics_dfsdm,32,CHINSEL,8,8,,,8,nan:nan
rm0475-stm32mp13xx-advanced-armbased-32bit-mpus-stmicroelectronics_dfsdm.pdf,rm0475-stm32mp13xx-advanced-armbased-32bit-mpus-stmicroelectronics_dfsdm,32,CHEN,7,7,,,7,nan:nan
rm0475-stm32mp13xx-advanced-armbased-32bit-mpus-stmicroelectronics_dfsdm.pdf,rm0475-stm32mp13xx-advanced-armbased-32bit-mpus-stmicroelectronics_dfsdm,33,CKABEN,6,6,,,6,nan:nan
rm0475-stm32mp13xx-advanced-armbased-32bit-mpus-stmicroelectronics_dfsdm.pdf,rm0475-stm32mp13xx-advanced-armbased-32bit-mpus-stmicroelectronics_dfsdm,33,SCDEN,5,5,,,5,nan:nan
rm0475-stm32mp13xx-advanced-armbased-32bit-mpus-stmicroelectronics_dfsdm.pdf,rm0475-stm32mp13xx-advanced-armbased-32bit-mpus-stmicroelectronics_dfsdm,33,RESERVED,4,4,,,4,nan:nan
rm0475-stm32mp13xx-advanced-armbased-32bit-mpus-stmicroelectronics_dfsdm.pdf,rm0475-stm32mp13xx-advanced-armbased-32bit-mpus-stmicroelectronics_dfsdm,33,SPICKSEL,3,2,1.0,0.0,3:2,1.0:0.0
rm0475-stm32mp13xx-advanced-armbased-32bit-mpus-stmicroelectronics_dfsdm.pdf,rm0475-stm32mp13xx-advanced-armbased-32bit-mpus-stmicroelectronics_dfsdm,33,SITP,1,0,1.0,0.0,1:0,1.0:0.0
rm0475-stm32mp13xx-advanced-armbased-32bit-mpus-stmicroelectronics_dfsdm.pdf,rm0475-stm32mp13xx-advanced-armbased-32bit-mpus-stmicroelectronics_dfsdm,34,OFFSET,31,8,23.0,0.0,31:8,23.0:0.0
rm0475-stm32mp13xx-advanced-armbased-32bit-mpus-stmicroelectronics_dfsdm.pdf,rm0475-stm32mp13xx-advanced-armbased-32bit-mpus-stmicroelectronics_dfsdm,34,DTRBS,7,3,4.0,0.0,7:3,4.0:0.0
rm0475-stm32mp13xx-advanced-armbased-32bit-mpus-stmicroelectronics_dfsdm.pdf,rm0475-stm32mp13xx-advanced-armbased-32bit-mpus-stmicroelectronics_dfsdm,34,RESERVED,2,0,,,2:0,nan:nan
rm0475-stm32mp13xx-advanced-armbased-32bit-mpus-stmicroelectronics_dfsdm.pdf,rm0475-stm32mp13xx-advanced-armbased-32bit-mpus-stmicroelectronics_dfsdm,34,RESERVED,31,24,,,31:24,nan:nan
rm0475-stm32mp13xx-advanced-armbased-32bit-mpus-stmicroelectronics_dfsdm.pdf,rm0475-stm32mp13xx-advanced-armbased-32bit-mpus-stmicroelectronics_dfsdm,34,AWFORD,23,22,1.0,0.0,23:22,1.0:0.0
rm0475-stm32mp13xx-advanced-armbased-32bit-mpus-stmicroelectronics_dfsdm.pdf,rm0475-stm32mp13xx-advanced-armbased-32bit-mpus-stmicroelectronics_dfsdm,34,RESERVED,21,21,,,21,nan:nan
rm0475-stm32mp13xx-advanced-armbased-32bit-mpus-stmicroelectronics_dfsdm.pdf,rm0475-stm32mp13xx-advanced-armbased-32bit-mpus-stmicroelectronics_dfsdm,34,AWFOSR,20,16,4.0,0.0,20:16,4.0:0.0
rm0475-stm32mp13xx-advanced-armbased-32bit-mpus-stmicroelectronics_dfsdm.pdf,rm0475-stm32mp13xx-advanced-armbased-32bit-mpus-stmicroelectronics_dfsdm,35,BKSCD,15,12,3.0,0.0,15:12,3.0:0.0
rm0475-stm32mp13xx-advanced-armbased-32bit-mpus-stmicroelectronics_dfsdm.pdf,rm0475-stm32mp13xx-advanced-armbased-32bit-mpus-stmicroelectronics_dfsdm,35,RESERVED,11,8,,,11:8,nan:nan
rm0475-stm32mp13xx-advanced-armbased-32bit-mpus-stmicroelectronics_dfsdm.pdf,rm0475-stm32mp13xx-advanced-armbased-32bit-mpus-stmicroelectronics_dfsdm,35,SCDT,7,0,7.0,0.0,7:0,7.0:0.0
rm0475-stm32mp13xx-advanced-armbased-32bit-mpus-stmicroelectronics_dfsdm.pdf,rm0475-stm32mp13xx-advanced-armbased-32bit-mpus-stmicroelectronics_dfsdm,35,RESERVED,31,16,,,31:16,nan:nan
rm0475-stm32mp13xx-advanced-armbased-32bit-mpus-stmicroelectronics_dfsdm.pdf,rm0475-stm32mp13xx-advanced-armbased-32bit-mpus-stmicroelectronics_dfsdm,35,WDATA,15,0,15.0,0.0,15:0,15.0:0.0
rm0475-stm32mp13xx-advanced-armbased-32bit-mpus-stmicroelectronics_dfsdm.pdf,rm0475-stm32mp13xx-advanced-armbased-32bit-mpus-stmicroelectronics_dfsdm,36,INDAT1,31,16,15.0,0.0,31:16,15.0:0.0
rm0475-stm32mp13xx-advanced-armbased-32bit-mpus-stmicroelectronics_dfsdm.pdf,rm0475-stm32mp13xx-advanced-armbased-32bit-mpus-stmicroelectronics_dfsdm,36,INDAT0,15,0,15.0,0.0,15:0,15.0:0.0
rm0475-stm32mp13xx-advanced-armbased-32bit-mpus-stmicroelectronics_dfsdm.pdf,rm0475-stm32mp13xx-advanced-armbased-32bit-mpus-stmicroelectronics_dfsdm,37,RESERVED,31,6,,,31:6,nan:nan
rm0475-stm32mp13xx-advanced-armbased-32bit-mpus-stmicroelectronics_dfsdm.pdf,rm0475-stm32mp13xx-advanced-armbased-32bit-mpus-stmicroelectronics_dfsdm,37,PLSSKP,5,0,5.0,0.0,5:0,5.0:0.0
rm0475-stm32mp13xx-advanced-armbased-32bit-mpus-stmicroelectronics_dfsdm.pdf,rm0475-stm32mp13xx-advanced-armbased-32bit-mpus-stmicroelectronics_dfsdm,37,RESERVED,31,31,,,31,nan:nan
rm0475-stm32mp13xx-advanced-armbased-32bit-mpus-stmicroelectronics_dfsdm.pdf,rm0475-stm32mp13xx-advanced-armbased-32bit-mpus-stmicroelectronics_dfsdm,37,AWFSEL,30,30,,,30,nan:nan
rm0475-stm32mp13xx-advanced-armbased-32bit-mpus-stmicroelectronics_dfsdm.pdf,rm0475-stm32mp13xx-advanced-armbased-32bit-mpus-stmicroelectronics_dfsdm,37,FAST,29,29,,,29,nan:nan
rm0475-stm32mp13xx-advanced-armbased-32bit-mpus-stmicroelectronics_dfsdm.pdf,rm0475-stm32mp13xx-advanced-armbased-32bit-mpus-stmicroelectronics_dfsdm,37,RESERVED,28,26,,,28:26,nan:nan
rm0475-stm32mp13xx-advanced-armbased-32bit-mpus-stmicroelectronics_dfsdm.pdf,rm0475-stm32mp13xx-advanced-armbased-32bit-mpus-stmicroelectronics_dfsdm,38,RCH,25,24,1.0,0.0,25:24,1.0:0.0
rm0475-stm32mp13xx-advanced-armbased-32bit-mpus-stmicroelectronics_dfsdm.pdf,rm0475-stm32mp13xx-advanced-armbased-32bit-mpus-stmicroelectronics_dfsdm,38,RESERVED,23,22,,,23:22,nan:nan
rm0475-stm32mp13xx-advanced-armbased-32bit-mpus-stmicroelectronics_dfsdm.pdf,rm0475-stm32mp13xx-advanced-armbased-32bit-mpus-stmicroelectronics_dfsdm,38,RDMAEN,21,21,,,21,nan:nan
rm0475-stm32mp13xx-advanced-armbased-32bit-mpus-stmicroelectronics_dfsdm.pdf,rm0475-stm32mp13xx-advanced-armbased-32bit-mpus-stmicroelectronics_dfsdm,38,RESERVED,20,20,,,20,nan:nan
rm0475-stm32mp13xx-advanced-armbased-32bit-mpus-stmicroelectronics_dfsdm.pdf,rm0475-stm32mp13xx-advanced-armbased-32bit-mpus-stmicroelectronics_dfsdm,38,RSYNC,19,19,,,19,nan:nan
rm0475-stm32mp13xx-advanced-armbased-32bit-mpus-stmicroelectronics_dfsdm.pdf,rm0475-stm32mp13xx-advanced-armbased-32bit-mpus-stmicroelectronics_dfsdm,38,RCONT,18,18,,,18,nan:nan
rm0475-stm32mp13xx-advanced-armbased-32bit-mpus-stmicroelectronics_dfsdm.pdf,rm0475-stm32mp13xx-advanced-armbased-32bit-mpus-stmicroelectronics_dfsdm,38,RSWSTART,17,17,,,17,nan:nan
rm0475-stm32mp13xx-advanced-armbased-32bit-mpus-stmicroelectronics_dfsdm.pdf,rm0475-stm32mp13xx-advanced-armbased-32bit-mpus-stmicroelectronics_dfsdm,38,RESERVED,16,15,,,16:15,nan:nan
rm0475-stm32mp13xx-advanced-armbased-32bit-mpus-stmicroelectronics_dfsdm.pdf,rm0475-stm32mp13xx-advanced-armbased-32bit-mpus-stmicroelectronics_dfsdm,38,JEXTEN,14,13,1.0,0.0,14:13,1.0:0.0
rm0475-stm32mp13xx-advanced-armbased-32bit-mpus-stmicroelectronics_dfsdm.pdf,rm0475-stm32mp13xx-advanced-armbased-32bit-mpus-stmicroelectronics_dfsdm,39,JEXTSEL,12,8,4.0,0.0,12:8,4.0:0.0
rm0475-stm32mp13xx-advanced-armbased-32bit-mpus-stmicroelectronics_dfsdm.pdf,rm0475-stm32mp13xx-advanced-armbased-32bit-mpus-stmicroelectronics_dfsdm,39,RESERVED,7,6,,,7:6,nan:nan
rm0475-stm32mp13xx-advanced-armbased-32bit-mpus-stmicroelectronics_dfsdm.pdf,rm0475-stm32mp13xx-advanced-armbased-32bit-mpus-stmicroelectronics_dfsdm,39,JDMAEN,5,5,,,5,nan:nan
rm0475-stm32mp13xx-advanced-armbased-32bit-mpus-stmicroelectronics_dfsdm.pdf,rm0475-stm32mp13xx-advanced-armbased-32bit-mpus-stmicroelectronics_dfsdm,39,JSCAN,4,4,,,4,nan:nan
rm0475-stm32mp13xx-advanced-armbased-32bit-mpus-stmicroelectronics_dfsdm.pdf,rm0475-stm32mp13xx-advanced-armbased-32bit-mpus-stmicroelectronics_dfsdm,39,JSYNC,3,3,,,3,nan:nan
rm0475-stm32mp13xx-advanced-armbased-32bit-mpus-stmicroelectronics_dfsdm.pdf,rm0475-stm32mp13xx-advanced-armbased-32bit-mpus-stmicroelectronics_dfsdm,39,RESERVED,2,2,,,2,nan:nan
rm0475-stm32mp13xx-advanced-armbased-32bit-mpus-stmicroelectronics_dfsdm.pdf,rm0475-stm32mp13xx-advanced-armbased-32bit-mpus-stmicroelectronics_dfsdm,39,JSWSTART,1,1,,,1,nan:nan
rm0475-stm32mp13xx-advanced-armbased-32bit-mpus-stmicroelectronics_dfsdm.pdf,rm0475-stm32mp13xx-advanced-armbased-32bit-mpus-stmicroelectronics_dfsdm,39,DFEN,0,0,,,0,nan:nan
rm0475-stm32mp13xx-advanced-armbased-32bit-mpus-stmicroelectronics_dfsdm.pdf,rm0475-stm32mp13xx-advanced-armbased-32bit-mpus-stmicroelectronics_dfsdm,40,RESERVED,31,20,,,31:20,nan:nan
rm0475-stm32mp13xx-advanced-armbased-32bit-mpus-stmicroelectronics_dfsdm.pdf,rm0475-stm32mp13xx-advanced-armbased-32bit-mpus-stmicroelectronics_dfsdm,40,AWDCH,19,16,3.0,0.0,19:16,3.0:0.0
rm0475-stm32mp13xx-advanced-armbased-32bit-mpus-stmicroelectronics_dfsdm.pdf,rm0475-stm32mp13xx-advanced-armbased-32bit-mpus-stmicroelectronics_dfsdm,40,RESERVED,15,12,,,15:12,nan:nan
rm0475-stm32mp13xx-advanced-armbased-32bit-mpus-stmicroelectronics_dfsdm.pdf,rm0475-stm32mp13xx-advanced-armbased-32bit-mpus-stmicroelectronics_dfsdm,40,EXCH,11,8,3.0,0.0,11:8,3.0:0.0
rm0475-stm32mp13xx-advanced-armbased-32bit-mpus-stmicroelectronics_dfsdm.pdf,rm0475-stm32mp13xx-advanced-armbased-32bit-mpus-stmicroelectronics_dfsdm,40,RESERVED,7,7,,,7,nan:nan
rm0475-stm32mp13xx-advanced-armbased-32bit-mpus-stmicroelectronics_dfsdm.pdf,rm0475-stm32mp13xx-advanced-armbased-32bit-mpus-stmicroelectronics_dfsdm,40,CKABIE,6,6,,,6,nan:nan
rm0475-stm32mp13xx-advanced-armbased-32bit-mpus-stmicroelectronics_dfsdm.pdf,rm0475-stm32mp13xx-advanced-armbased-32bit-mpus-stmicroelectronics_dfsdm,40,SCDIE,5,5,,,5,nan:nan
rm0475-stm32mp13xx-advanced-armbased-32bit-mpus-stmicroelectronics_dfsdm.pdf,rm0475-stm32mp13xx-advanced-armbased-32bit-mpus-stmicroelectronics_dfsdm,40,AWDIE,4,4,,,4,nan:nan
rm0475-stm32mp13xx-advanced-armbased-32bit-mpus-stmicroelectronics_dfsdm.pdf,rm0475-stm32mp13xx-advanced-armbased-32bit-mpus-stmicroelectronics_dfsdm,40,ROVRIE,3,3,,,3,nan:nan
rm0475-stm32mp13xx-advanced-armbased-32bit-mpus-stmicroelectronics_dfsdm.pdf,rm0475-stm32mp13xx-advanced-armbased-32bit-mpus-stmicroelectronics_dfsdm,41,JOVRIE,2,2,,,2,nan:nan
rm0475-stm32mp13xx-advanced-armbased-32bit-mpus-stmicroelectronics_dfsdm.pdf,rm0475-stm32mp13xx-advanced-armbased-32bit-mpus-stmicroelectronics_dfsdm,41,REOCIE,1,1,,,1,nan:nan
rm0475-stm32mp13xx-advanced-armbased-32bit-mpus-stmicroelectronics_dfsdm.pdf,rm0475-stm32mp13xx-advanced-armbased-32bit-mpus-stmicroelectronics_dfsdm,41,JEOCIE,0,0,,,0,nan:nan
rm0475-stm32mp13xx-advanced-armbased-32bit-mpus-stmicroelectronics_dfsdm.pdf,rm0475-stm32mp13xx-advanced-armbased-32bit-mpus-stmicroelectronics_dfsdm,41,RESERVED,31,28,,,31:28,nan:nan
rm0475-stm32mp13xx-advanced-armbased-32bit-mpus-stmicroelectronics_dfsdm.pdf,rm0475-stm32mp13xx-advanced-armbased-32bit-mpus-stmicroelectronics_dfsdm,41,SCDF,27,24,3.0,0.0,27:24,3.0:0.0
rm0475-stm32mp13xx-advanced-armbased-32bit-mpus-stmicroelectronics_dfsdm.pdf,rm0475-stm32mp13xx-advanced-armbased-32bit-mpus-stmicroelectronics_dfsdm,41,RESERVED,23,20,,,23:20,nan:nan
rm0475-stm32mp13xx-advanced-armbased-32bit-mpus-stmicroelectronics_dfsdm.pdf,rm0475-stm32mp13xx-advanced-armbased-32bit-mpus-stmicroelectronics_dfsdm,41,CKABF,19,16,3.0,0.0,19:16,3.0:0.0
rm0475-stm32mp13xx-advanced-armbased-32bit-mpus-stmicroelectronics_dfsdm.pdf,rm0475-stm32mp13xx-advanced-armbased-32bit-mpus-stmicroelectronics_dfsdm,41,RESERVED,15,15,,,15,nan:nan
rm0475-stm32mp13xx-advanced-armbased-32bit-mpus-stmicroelectronics_dfsdm.pdf,rm0475-stm32mp13xx-advanced-armbased-32bit-mpus-stmicroelectronics_dfsdm,42,RCIP,14,14,,,14,nan:nan
rm0475-stm32mp13xx-advanced-armbased-32bit-mpus-stmicroelectronics_dfsdm.pdf,rm0475-stm32mp13xx-advanced-armbased-32bit-mpus-stmicroelectronics_dfsdm,42,JCIP,13,13,,,13,nan:nan
rm0475-stm32mp13xx-advanced-armbased-32bit-mpus-stmicroelectronics_dfsdm.pdf,rm0475-stm32mp13xx-advanced-armbased-32bit-mpus-stmicroelectronics_dfsdm,42,RESERVED,12,5,,,12:5,nan:nan
rm0475-stm32mp13xx-advanced-armbased-32bit-mpus-stmicroelectronics_dfsdm.pdf,rm0475-stm32mp13xx-advanced-armbased-32bit-mpus-stmicroelectronics_dfsdm,42,AWDF,4,4,,,4,nan:nan
rm0475-stm32mp13xx-advanced-armbased-32bit-mpus-stmicroelectronics_dfsdm.pdf,rm0475-stm32mp13xx-advanced-armbased-32bit-mpus-stmicroelectronics_dfsdm,42,ROVRF,3,3,,,3,nan:nan
rm0475-stm32mp13xx-advanced-armbased-32bit-mpus-stmicroelectronics_dfsdm.pdf,rm0475-stm32mp13xx-advanced-armbased-32bit-mpus-stmicroelectronics_dfsdm,42,JOVRF,2,2,,,2,nan:nan
rm0475-stm32mp13xx-advanced-armbased-32bit-mpus-stmicroelectronics_dfsdm.pdf,rm0475-stm32mp13xx-advanced-armbased-32bit-mpus-stmicroelectronics_dfsdm,42,REOCF,1,1,,,1,nan:nan
rm0475-stm32mp13xx-advanced-armbased-32bit-mpus-stmicroelectronics_dfsdm.pdf,rm0475-stm32mp13xx-advanced-armbased-32bit-mpus-stmicroelectronics_dfsdm,42,JEOCF,0,0,,,0,nan:nan
rm0475-stm32mp13xx-advanced-armbased-32bit-mpus-stmicroelectronics_dfsdm.pdf,rm0475-stm32mp13xx-advanced-armbased-32bit-mpus-stmicroelectronics_dfsdm,43,RESERVED,31,28,,,31:28,nan:nan
rm0475-stm32mp13xx-advanced-armbased-32bit-mpus-stmicroelectronics_dfsdm.pdf,rm0475-stm32mp13xx-advanced-armbased-32bit-mpus-stmicroelectronics_dfsdm,43,CLRSCDF,27,24,3.0,0.0,27:24,3.0:0.0
rm0475-stm32mp13xx-advanced-armbased-32bit-mpus-stmicroelectronics_dfsdm.pdf,rm0475-stm32mp13xx-advanced-armbased-32bit-mpus-stmicroelectronics_dfsdm,43,RESERVED,23,20,,,23:20,nan:nan
rm0475-stm32mp13xx-advanced-armbased-32bit-mpus-stmicroelectronics_dfsdm.pdf,rm0475-stm32mp13xx-advanced-armbased-32bit-mpus-stmicroelectronics_dfsdm,43,CLRCKABF,19,16,3.0,0.0,19:16,3.0:0.0
rm0475-stm32mp13xx-advanced-armbased-32bit-mpus-stmicroelectronics_dfsdm.pdf,rm0475-stm32mp13xx-advanced-armbased-32bit-mpus-stmicroelectronics_dfsdm,43,RESERVED,15,4,,,15:4,nan:nan
rm0475-stm32mp13xx-advanced-armbased-32bit-mpus-stmicroelectronics_dfsdm.pdf,rm0475-stm32mp13xx-advanced-armbased-32bit-mpus-stmicroelectronics_dfsdm,43,CLRROVRF,3,3,,,3,nan:nan
rm0475-stm32mp13xx-advanced-armbased-32bit-mpus-stmicroelectronics_dfsdm.pdf,rm0475-stm32mp13xx-advanced-armbased-32bit-mpus-stmicroelectronics_dfsdm,43,CLRJOVRF,2,2,,,2,nan:nan
rm0475-stm32mp13xx-advanced-armbased-32bit-mpus-stmicroelectronics_dfsdm.pdf,rm0475-stm32mp13xx-advanced-armbased-32bit-mpus-stmicroelectronics_dfsdm,43,RESERVED,1,0,,,1:0,nan:nan
rm0475-stm32mp13xx-advanced-armbased-32bit-mpus-stmicroelectronics_dfsdm.pdf,rm0475-stm32mp13xx-advanced-armbased-32bit-mpus-stmicroelectronics_dfsdm,44,RESERVED,31,4,,,31:4,nan:nan
rm0475-stm32mp13xx-advanced-armbased-32bit-mpus-stmicroelectronics_dfsdm.pdf,rm0475-stm32mp13xx-advanced-armbased-32bit-mpus-stmicroelectronics_dfsdm,44,JCHG,3,0,3.0,0.0,3:0,3.0:0.0
rm0475-stm32mp13xx-advanced-armbased-32bit-mpus-stmicroelectronics_dfsdm.pdf,rm0475-stm32mp13xx-advanced-armbased-32bit-mpus-stmicroelectronics_dfsdm,45,FORD,31,29,2.0,0.0,31:29,2.0:0.0
rm0475-stm32mp13xx-advanced-armbased-32bit-mpus-stmicroelectronics_dfsdm.pdf,rm0475-stm32mp13xx-advanced-armbased-32bit-mpus-stmicroelectronics_dfsdm,45,RESERVED,28,26,,,28:26,nan:nan
rm0475-stm32mp13xx-advanced-armbased-32bit-mpus-stmicroelectronics_dfsdm.pdf,rm0475-stm32mp13xx-advanced-armbased-32bit-mpus-stmicroelectronics_dfsdm,45,FOSR,25,16,9.0,0.0,25:16,9.0:0.0
rm0475-stm32mp13xx-advanced-armbased-32bit-mpus-stmicroelectronics_dfsdm.pdf,rm0475-stm32mp13xx-advanced-armbased-32bit-mpus-stmicroelectronics_dfsdm,45,RESERVED,15,8,,,15:8,nan:nan
rm0475-stm32mp13xx-advanced-armbased-32bit-mpus-stmicroelectronics_dfsdm.pdf,rm0475-stm32mp13xx-advanced-armbased-32bit-mpus-stmicroelectronics_dfsdm,45,IOSR,7,0,7.0,0.0,7:0,7.0:0.0
rm0475-stm32mp13xx-advanced-armbased-32bit-mpus-stmicroelectronics_dfsdm.pdf,rm0475-stm32mp13xx-advanced-armbased-32bit-mpus-stmicroelectronics_dfsdm,46,JDATA,31,8,23.0,0.0,31:8,23.0:0.0
rm0475-stm32mp13xx-advanced-armbased-32bit-mpus-stmicroelectronics_dfsdm.pdf,rm0475-stm32mp13xx-advanced-armbased-32bit-mpus-stmicroelectronics_dfsdm,46,RESERVED,7,2,,,7:2,nan:nan
rm0475-stm32mp13xx-advanced-armbased-32bit-mpus-stmicroelectronics_dfsdm.pdf,rm0475-stm32mp13xx-advanced-armbased-32bit-mpus-stmicroelectronics_dfsdm,46,JDATACH,1,0,1.0,0.0,1:0,1.0:0.0
rm0475-stm32mp13xx-advanced-armbased-32bit-mpus-stmicroelectronics_dfsdm.pdf,rm0475-stm32mp13xx-advanced-armbased-32bit-mpus-stmicroelectronics_dfsdm,46,RDATA,31,8,23.0,0.0,31:8,23.0:0.0
rm0475-stm32mp13xx-advanced-armbased-32bit-mpus-stmicroelectronics_dfsdm.pdf,rm0475-stm32mp13xx-advanced-armbased-32bit-mpus-stmicroelectronics_dfsdm,46,RESERVED,7,5,,,7:5,nan:nan
rm0475-stm32mp13xx-advanced-armbased-32bit-mpus-stmicroelectronics_dfsdm.pdf,rm0475-stm32mp13xx-advanced-armbased-32bit-mpus-stmicroelectronics_dfsdm,46,RPEND,4,4,,,4,nan:nan
rm0475-stm32mp13xx-advanced-armbased-32bit-mpus-stmicroelectronics_dfsdm.pdf,rm0475-stm32mp13xx-advanced-armbased-32bit-mpus-stmicroelectronics_dfsdm,46,RESERVED,3,2,,,3:2,nan:nan
rm0475-stm32mp13xx-advanced-armbased-32bit-mpus-stmicroelectronics_dfsdm.pdf,rm0475-stm32mp13xx-advanced-armbased-32bit-mpus-stmicroelectronics_dfsdm,46,RDATACH,1,0,1.0,0.0,1:0,1.0:0.0
rm0475-stm32mp13xx-advanced-armbased-32bit-mpus-stmicroelectronics_dfsdm.pdf,rm0475-stm32mp13xx-advanced-armbased-32bit-mpus-stmicroelectronics_dfsdm,47,AWHT,31,8,23.0,0.0,31:8,23.0:0.0
rm0475-stm32mp13xx-advanced-armbased-32bit-mpus-stmicroelectronics_dfsdm.pdf,rm0475-stm32mp13xx-advanced-armbased-32bit-mpus-stmicroelectronics_dfsdm,47,RESERVED,7,4,,,7:4,nan:nan
rm0475-stm32mp13xx-advanced-armbased-32bit-mpus-stmicroelectronics_dfsdm.pdf,rm0475-stm32mp13xx-advanced-armbased-32bit-mpus-stmicroelectronics_dfsdm,47,BKAWH,3,0,3.0,0.0,3:0,3.0:0.0
rm0475-stm32mp13xx-advanced-armbased-32bit-mpus-stmicroelectronics_dfsdm.pdf,rm0475-stm32mp13xx-advanced-armbased-32bit-mpus-stmicroelectronics_dfsdm,48,AWLT,31,8,23.0,0.0,31:8,23.0:0.0
rm0475-stm32mp13xx-advanced-armbased-32bit-mpus-stmicroelectronics_dfsdm.pdf,rm0475-stm32mp13xx-advanced-armbased-32bit-mpus-stmicroelectronics_dfsdm,48,RESERVED,7,4,,,7:4,nan:nan
rm0475-stm32mp13xx-advanced-armbased-32bit-mpus-stmicroelectronics_dfsdm.pdf,rm0475-stm32mp13xx-advanced-armbased-32bit-mpus-stmicroelectronics_dfsdm,48,BKAWL,3,0,3.0,0.0,3:0,3.0:0.0
rm0475-stm32mp13xx-advanced-armbased-32bit-mpus-stmicroelectronics_dfsdm.pdf,rm0475-stm32mp13xx-advanced-armbased-32bit-mpus-stmicroelectronics_dfsdm,48,RESERVED,31,12,,,31:12,nan:nan
rm0475-stm32mp13xx-advanced-armbased-32bit-mpus-stmicroelectronics_dfsdm.pdf,rm0475-stm32mp13xx-advanced-armbased-32bit-mpus-stmicroelectronics_dfsdm,48,AWHTF,11,8,3.0,0.0,11:8,3.0:0.0
rm0475-stm32mp13xx-advanced-armbased-32bit-mpus-stmicroelectronics_dfsdm.pdf,rm0475-stm32mp13xx-advanced-armbased-32bit-mpus-stmicroelectronics_dfsdm,48,RESERVED,7,4,,,7:4,nan:nan
rm0475-stm32mp13xx-advanced-armbased-32bit-mpus-stmicroelectronics_dfsdm.pdf,rm0475-stm32mp13xx-advanced-armbased-32bit-mpus-stmicroelectronics_dfsdm,48,AWLTF,3,0,3.0,0.0,3:0,3.0:0.0
rm0475-stm32mp13xx-advanced-armbased-32bit-mpus-stmicroelectronics_dfsdm.pdf,rm0475-stm32mp13xx-advanced-armbased-32bit-mpus-stmicroelectronics_dfsdm,49,RESERVED,31,12,,,31:12,nan:nan
rm0475-stm32mp13xx-advanced-armbased-32bit-mpus-stmicroelectronics_dfsdm.pdf,rm0475-stm32mp13xx-advanced-armbased-32bit-mpus-stmicroelectronics_dfsdm,49,CLRAWHTF,11,8,3.0,0.0,11:8,3.0:0.0
rm0475-stm32mp13xx-advanced-armbased-32bit-mpus-stmicroelectronics_dfsdm.pdf,rm0475-stm32mp13xx-advanced-armbased-32bit-mpus-stmicroelectronics_dfsdm,49,RESERVED,7,4,,,7:4,nan:nan
rm0475-stm32mp13xx-advanced-armbased-32bit-mpus-stmicroelectronics_dfsdm.pdf,rm0475-stm32mp13xx-advanced-armbased-32bit-mpus-stmicroelectronics_dfsdm,49,CLRAWLTF,3,0,3.0,0.0,3:0,3.0:0.0
rm0475-stm32mp13xx-advanced-armbased-32bit-mpus-stmicroelectronics_dfsdm.pdf,rm0475-stm32mp13xx-advanced-armbased-32bit-mpus-stmicroelectronics_dfsdm,49,EXMAX,31,8,23.0,0.0,31:8,23.0:0.0
rm0475-stm32mp13xx-advanced-armbased-32bit-mpus-stmicroelectronics_dfsdm.pdf,rm0475-stm32mp13xx-advanced-armbased-32bit-mpus-stmicroelectronics_dfsdm,49,RESERVED,7,2,,,7:2,nan:nan
rm0475-stm32mp13xx-advanced-armbased-32bit-mpus-stmicroelectronics_dfsdm.pdf,rm0475-stm32mp13xx-advanced-armbased-32bit-mpus-stmicroelectronics_dfsdm,49,EXMAXCH,1,0,1.0,0.0,1:0,1.0:0.0
rm0475-stm32mp13xx-advanced-armbased-32bit-mpus-stmicroelectronics_dfsdm.pdf,rm0475-stm32mp13xx-advanced-armbased-32bit-mpus-stmicroelectronics_dfsdm,50,EXMIN,31,8,23.0,0.0,31:8,23.0:0.0
rm0475-stm32mp13xx-advanced-armbased-32bit-mpus-stmicroelectronics_dfsdm.pdf,rm0475-stm32mp13xx-advanced-armbased-32bit-mpus-stmicroelectronics_dfsdm,50,RESERVED,7,2,,,7:2,nan:nan
rm0475-stm32mp13xx-advanced-armbased-32bit-mpus-stmicroelectronics_dfsdm.pdf,rm0475-stm32mp13xx-advanced-armbased-32bit-mpus-stmicroelectronics_dfsdm,50,EXMINCH,1,0,1.0,0.0,1:0,1.0:0.0
rm0475-stm32mp13xx-advanced-armbased-32bit-mpus-stmicroelectronics_dfsdm.pdf,rm0475-stm32mp13xx-advanced-armbased-32bit-mpus-stmicroelectronics_dfsdm,51,CNVCNT,31,4,27.0,0.0,31:4,27.0:0.0
rm0475-stm32mp13xx-advanced-armbased-32bit-mpus-stmicroelectronics_dfsdm.pdf,rm0475-stm32mp13xx-advanced-armbased-32bit-mpus-stmicroelectronics_dfsdm,51,RESERVED,3,0,,,3:0,nan:nan
rm0475-stm32mp13xx-advanced-armbased-32bit-mpus-stmicroelectronics_dfsdm.pdf,rm0475-stm32mp13xx-advanced-armbased-32bit-mpus-stmicroelectronics_dfsdm,52,RESERVED,31,16,,,31:16,nan:nan
rm0475-stm32mp13xx-advanced-armbased-32bit-mpus-stmicroelectronics_dfsdm.pdf,rm0475-stm32mp13xx-advanced-armbased-32bit-mpus-stmicroelectronics_dfsdm,52,NBF,15,8,7.0,0.0,15:8,7.0:0.0
rm0475-stm32mp13xx-advanced-armbased-32bit-mpus-stmicroelectronics_dfsdm.pdf,rm0475-stm32mp13xx-advanced-armbased-32bit-mpus-stmicroelectronics_dfsdm,52,NBT,7,0,7.0,0.0,7:0,7.0:0.0
rm0475-stm32mp13xx-advanced-armbased-32bit-mpus-stmicroelectronics_dfsdm.pdf,rm0475-stm32mp13xx-advanced-armbased-32bit-mpus-stmicroelectronics_dfsdm,52,RESERVED,31,8,,,31:8,nan:nan
rm0475-stm32mp13xx-advanced-armbased-32bit-mpus-stmicroelectronics_dfsdm.pdf,rm0475-stm32mp13xx-advanced-armbased-32bit-mpus-stmicroelectronics_dfsdm,52,MAJREV,7,4,3.0,0.0,7:4,3.0:0.0
rm0475-stm32mp13xx-advanced-armbased-32bit-mpus-stmicroelectronics_dfsdm.pdf,rm0475-stm32mp13xx-advanced-armbased-32bit-mpus-stmicroelectronics_dfsdm,52,MINREV,3,0,3.0,0.0,3:0,3.0:0.0
rm0475-stm32mp13xx-advanced-armbased-32bit-mpus-stmicroelectronics_dfsdm.pdf,rm0475-stm32mp13xx-advanced-armbased-32bit-mpus-stmicroelectronics_dfsdm,53,ID,31,0,31.0,0.0,31:0,31.0:0.0
rm0475-stm32mp13xx-advanced-armbased-32bit-mpus-stmicroelectronics_dfsdm.pdf,rm0475-stm32mp13xx-advanced-armbased-32bit-mpus-stmicroelectronics_dfsdm,53,SID,31,0,31.0,0.0,31:0,31.0:0.0
