PDF,Seite,Bitfeld,Registerbits,Feldbits
rm0351-stm32l47xxx-stm32l48xxx-stm32l49xxx-and-stm32l4axxx-advanced-armbased-32bit-mcus-stmicroelectronics_dfsdm.pdf,32,DFSDMEN,31,
rm0351-stm32l47xxx-stm32l48xxx-stm32l49xxx-and-stm32l4axxx-advanced-armbased-32bit-mcus-stmicroelectronics_dfsdm.pdf,32,CKOUTSRC,30,
rm0351-stm32l47xxx-stm32l48xxx-stm32l49xxx-and-stm32l4axxx-advanced-armbased-32bit-mcus-stmicroelectronics_dfsdm.pdf,32,RESERVED,29:24,
rm0351-stm32l47xxx-stm32l48xxx-stm32l49xxx-and-stm32l4axxx-advanced-armbased-32bit-mcus-stmicroelectronics_dfsdm.pdf,32,CKOUTDIV,23:16,7:0
rm0351-stm32l47xxx-stm32l48xxx-stm32l49xxx-and-stm32l4axxx-advanced-armbased-32bit-mcus-stmicroelectronics_dfsdm.pdf,32,DATPACK,15:14,1:0
rm0351-stm32l47xxx-stm32l48xxx-stm32l49xxx-and-stm32l4axxx-advanced-armbased-32bit-mcus-stmicroelectronics_dfsdm.pdf,33,DATMPX,13:12,1:0
rm0351-stm32l47xxx-stm32l48xxx-stm32l49xxx-and-stm32l4axxx-advanced-armbased-32bit-mcus-stmicroelectronics_dfsdm.pdf,33,RESERVED,11:9,
rm0351-stm32l47xxx-stm32l48xxx-stm32l49xxx-and-stm32l4axxx-advanced-armbased-32bit-mcus-stmicroelectronics_dfsdm.pdf,33,CHINSEL,8,
rm0351-stm32l47xxx-stm32l48xxx-stm32l49xxx-and-stm32l4axxx-advanced-armbased-32bit-mcus-stmicroelectronics_dfsdm.pdf,33,CHEN,7,
rm0351-stm32l47xxx-stm32l48xxx-stm32l49xxx-and-stm32l4axxx-advanced-armbased-32bit-mcus-stmicroelectronics_dfsdm.pdf,33,CKABEN,6,
rm0351-stm32l47xxx-stm32l48xxx-stm32l49xxx-and-stm32l4axxx-advanced-armbased-32bit-mcus-stmicroelectronics_dfsdm.pdf,33,SCDEN,5,
rm0351-stm32l47xxx-stm32l48xxx-stm32l49xxx-and-stm32l4axxx-advanced-armbased-32bit-mcus-stmicroelectronics_dfsdm.pdf,33,RESERVED,4,
rm0351-stm32l47xxx-stm32l48xxx-stm32l49xxx-and-stm32l4axxx-advanced-armbased-32bit-mcus-stmicroelectronics_dfsdm.pdf,33,SPICKSEL,3:2,1:0
rm0351-stm32l47xxx-stm32l48xxx-stm32l49xxx-and-stm32l4axxx-advanced-armbased-32bit-mcus-stmicroelectronics_dfsdm.pdf,33,SITP,1:0,1:0
rm0351-stm32l47xxx-stm32l48xxx-stm32l49xxx-and-stm32l4axxx-advanced-armbased-32bit-mcus-stmicroelectronics_dfsdm.pdf,34,OFFSET,31:8,23:0
rm0351-stm32l47xxx-stm32l48xxx-stm32l49xxx-and-stm32l4axxx-advanced-armbased-32bit-mcus-stmicroelectronics_dfsdm.pdf,34,DTRBS,7:3,4:0
rm0351-stm32l47xxx-stm32l48xxx-stm32l49xxx-and-stm32l4axxx-advanced-armbased-32bit-mcus-stmicroelectronics_dfsdm.pdf,34,RESERVED,2:0,
rm0351-stm32l47xxx-stm32l48xxx-stm32l49xxx-and-stm32l4axxx-advanced-armbased-32bit-mcus-stmicroelectronics_dfsdm.pdf,35,RESERVED,31:24,
rm0351-stm32l47xxx-stm32l48xxx-stm32l49xxx-and-stm32l4axxx-advanced-armbased-32bit-mcus-stmicroelectronics_dfsdm.pdf,35,AWFORD,23:22,1:0
rm0351-stm32l47xxx-stm32l48xxx-stm32l49xxx-and-stm32l4axxx-advanced-armbased-32bit-mcus-stmicroelectronics_dfsdm.pdf,35,RESERVED,21,
rm0351-stm32l47xxx-stm32l48xxx-stm32l49xxx-and-stm32l4axxx-advanced-armbased-32bit-mcus-stmicroelectronics_dfsdm.pdf,35,AWFOSR,20:16,4:0
rm0351-stm32l47xxx-stm32l48xxx-stm32l49xxx-and-stm32l4axxx-advanced-armbased-32bit-mcus-stmicroelectronics_dfsdm.pdf,35,BKSCD,15:12,3:0
rm0351-stm32l47xxx-stm32l48xxx-stm32l49xxx-and-stm32l4axxx-advanced-armbased-32bit-mcus-stmicroelectronics_dfsdm.pdf,35,RESERVED,11:8,
rm0351-stm32l47xxx-stm32l48xxx-stm32l49xxx-and-stm32l4axxx-advanced-armbased-32bit-mcus-stmicroelectronics_dfsdm.pdf,35,SCDT,7:0,7:0
rm0351-stm32l47xxx-stm32l48xxx-stm32l49xxx-and-stm32l4axxx-advanced-armbased-32bit-mcus-stmicroelectronics_dfsdm.pdf,36,RESERVED,31:16,
rm0351-stm32l47xxx-stm32l48xxx-stm32l49xxx-and-stm32l4axxx-advanced-armbased-32bit-mcus-stmicroelectronics_dfsdm.pdf,36,WDATA,15:0,15:0
rm0351-stm32l47xxx-stm32l48xxx-stm32l49xxx-and-stm32l4axxx-advanced-armbased-32bit-mcus-stmicroelectronics_dfsdm.pdf,37,INDAT1,31:16,15:0
rm0351-stm32l47xxx-stm32l48xxx-stm32l49xxx-and-stm32l4axxx-advanced-armbased-32bit-mcus-stmicroelectronics_dfsdm.pdf,37,INDAT0,15:0,15:0
rm0351-stm32l47xxx-stm32l48xxx-stm32l49xxx-and-stm32l4axxx-advanced-armbased-32bit-mcus-stmicroelectronics_dfsdm.pdf,38,RESERVED,31,
rm0351-stm32l47xxx-stm32l48xxx-stm32l49xxx-and-stm32l4axxx-advanced-armbased-32bit-mcus-stmicroelectronics_dfsdm.pdf,38,AWFSEL,30,
rm0351-stm32l47xxx-stm32l48xxx-stm32l49xxx-and-stm32l4axxx-advanced-armbased-32bit-mcus-stmicroelectronics_dfsdm.pdf,38,FAST,29,
rm0351-stm32l47xxx-stm32l48xxx-stm32l49xxx-and-stm32l4axxx-advanced-armbased-32bit-mcus-stmicroelectronics_dfsdm.pdf,38,RESERVED,28:27,
rm0351-stm32l47xxx-stm32l48xxx-stm32l49xxx-and-stm32l4axxx-advanced-armbased-32bit-mcus-stmicroelectronics_dfsdm.pdf,38,RCH,26:24,2:0
rm0351-stm32l47xxx-stm32l48xxx-stm32l49xxx-and-stm32l4axxx-advanced-armbased-32bit-mcus-stmicroelectronics_dfsdm.pdf,38,RESERVED,23:22,
rm0351-stm32l47xxx-stm32l48xxx-stm32l49xxx-and-stm32l4axxx-advanced-armbased-32bit-mcus-stmicroelectronics_dfsdm.pdf,38,RDMAEN,21,
rm0351-stm32l47xxx-stm32l48xxx-stm32l49xxx-and-stm32l4axxx-advanced-armbased-32bit-mcus-stmicroelectronics_dfsdm.pdf,39,RESERVED,20,
rm0351-stm32l47xxx-stm32l48xxx-stm32l49xxx-and-stm32l4axxx-advanced-armbased-32bit-mcus-stmicroelectronics_dfsdm.pdf,39,RSYNC,19,
rm0351-stm32l47xxx-stm32l48xxx-stm32l49xxx-and-stm32l4axxx-advanced-armbased-32bit-mcus-stmicroelectronics_dfsdm.pdf,39,RCONT,18,
rm0351-stm32l47xxx-stm32l48xxx-stm32l49xxx-and-stm32l4axxx-advanced-armbased-32bit-mcus-stmicroelectronics_dfsdm.pdf,39,RSWSTART,17,
rm0351-stm32l47xxx-stm32l48xxx-stm32l49xxx-and-stm32l4axxx-advanced-armbased-32bit-mcus-stmicroelectronics_dfsdm.pdf,39,RESERVED,16:15,
rm0351-stm32l47xxx-stm32l48xxx-stm32l49xxx-and-stm32l4axxx-advanced-armbased-32bit-mcus-stmicroelectronics_dfsdm.pdf,39,JEXTEN,14:13,1:0
rm0351-stm32l47xxx-stm32l48xxx-stm32l49xxx-and-stm32l4axxx-advanced-armbased-32bit-mcus-stmicroelectronics_dfsdm.pdf,39,RESERVED,12:11,
rm0351-stm32l47xxx-stm32l48xxx-stm32l49xxx-and-stm32l4axxx-advanced-armbased-32bit-mcus-stmicroelectronics_dfsdm.pdf,39,JEXTSEL,10:8,2:0
rm0351-stm32l47xxx-stm32l48xxx-stm32l49xxx-and-stm32l4axxx-advanced-armbased-32bit-mcus-stmicroelectronics_dfsdm.pdf,39,RESERVED,7:6,
rm0351-stm32l47xxx-stm32l48xxx-stm32l49xxx-and-stm32l4axxx-advanced-armbased-32bit-mcus-stmicroelectronics_dfsdm.pdf,39,JDMAEN,5,
rm0351-stm32l47xxx-stm32l48xxx-stm32l49xxx-and-stm32l4axxx-advanced-armbased-32bit-mcus-stmicroelectronics_dfsdm.pdf,40,JSCAN,4,
rm0351-stm32l47xxx-stm32l48xxx-stm32l49xxx-and-stm32l4axxx-advanced-armbased-32bit-mcus-stmicroelectronics_dfsdm.pdf,40,JSYNC,3,
rm0351-stm32l47xxx-stm32l48xxx-stm32l49xxx-and-stm32l4axxx-advanced-armbased-32bit-mcus-stmicroelectronics_dfsdm.pdf,40,RESERVED,2,
rm0351-stm32l47xxx-stm32l48xxx-stm32l49xxx-and-stm32l4axxx-advanced-armbased-32bit-mcus-stmicroelectronics_dfsdm.pdf,40,JSWSTART,1,
rm0351-stm32l47xxx-stm32l48xxx-stm32l49xxx-and-stm32l4axxx-advanced-armbased-32bit-mcus-stmicroelectronics_dfsdm.pdf,40,DFEN,0,
rm0351-stm32l47xxx-stm32l48xxx-stm32l49xxx-and-stm32l4axxx-advanced-armbased-32bit-mcus-stmicroelectronics_dfsdm.pdf,41,RESERVED,31:24,
rm0351-stm32l47xxx-stm32l48xxx-stm32l49xxx-and-stm32l4axxx-advanced-armbased-32bit-mcus-stmicroelectronics_dfsdm.pdf,41,AWDCH,23:16,7:0
rm0351-stm32l47xxx-stm32l48xxx-stm32l49xxx-and-stm32l4axxx-advanced-armbased-32bit-mcus-stmicroelectronics_dfsdm.pdf,41,EXCH,15:8,7:0
rm0351-stm32l47xxx-stm32l48xxx-stm32l49xxx-and-stm32l4axxx-advanced-armbased-32bit-mcus-stmicroelectronics_dfsdm.pdf,41,RESERVED,7,
rm0351-stm32l47xxx-stm32l48xxx-stm32l49xxx-and-stm32l4axxx-advanced-armbased-32bit-mcus-stmicroelectronics_dfsdm.pdf,41,CKABIE,6,
rm0351-stm32l47xxx-stm32l48xxx-stm32l49xxx-and-stm32l4axxx-advanced-armbased-32bit-mcus-stmicroelectronics_dfsdm.pdf,41,SCDIE,5,
rm0351-stm32l47xxx-stm32l48xxx-stm32l49xxx-and-stm32l4axxx-advanced-armbased-32bit-mcus-stmicroelectronics_dfsdm.pdf,41,AWDIE,4,
rm0351-stm32l47xxx-stm32l48xxx-stm32l49xxx-and-stm32l4axxx-advanced-armbased-32bit-mcus-stmicroelectronics_dfsdm.pdf,41,ROVRIE,3,
rm0351-stm32l47xxx-stm32l48xxx-stm32l49xxx-and-stm32l4axxx-advanced-armbased-32bit-mcus-stmicroelectronics_dfsdm.pdf,41,JOVRIE,2,
rm0351-stm32l47xxx-stm32l48xxx-stm32l49xxx-and-stm32l4axxx-advanced-armbased-32bit-mcus-stmicroelectronics_dfsdm.pdf,41,REOCIE,1,
rm0351-stm32l47xxx-stm32l48xxx-stm32l49xxx-and-stm32l4axxx-advanced-armbased-32bit-mcus-stmicroelectronics_dfsdm.pdf,41,JEOCIE,0,
rm0351-stm32l47xxx-stm32l48xxx-stm32l49xxx-and-stm32l4axxx-advanced-armbased-32bit-mcus-stmicroelectronics_dfsdm.pdf,42,SCDF,31:24,7:0
rm0351-stm32l47xxx-stm32l48xxx-stm32l49xxx-and-stm32l4axxx-advanced-armbased-32bit-mcus-stmicroelectronics_dfsdm.pdf,42,CKABF,23:16,7:0
rm0351-stm32l47xxx-stm32l48xxx-stm32l49xxx-and-stm32l4axxx-advanced-armbased-32bit-mcus-stmicroelectronics_dfsdm.pdf,42,RESERVED,15,
rm0351-stm32l47xxx-stm32l48xxx-stm32l49xxx-and-stm32l4axxx-advanced-armbased-32bit-mcus-stmicroelectronics_dfsdm.pdf,42,RCIP,14,
rm0351-stm32l47xxx-stm32l48xxx-stm32l49xxx-and-stm32l4axxx-advanced-armbased-32bit-mcus-stmicroelectronics_dfsdm.pdf,42,JCIP,13,
rm0351-stm32l47xxx-stm32l48xxx-stm32l49xxx-and-stm32l4axxx-advanced-armbased-32bit-mcus-stmicroelectronics_dfsdm.pdf,42,RESERVED,12:5,
rm0351-stm32l47xxx-stm32l48xxx-stm32l49xxx-and-stm32l4axxx-advanced-armbased-32bit-mcus-stmicroelectronics_dfsdm.pdf,42,AWDF,4,
rm0351-stm32l47xxx-stm32l48xxx-stm32l49xxx-and-stm32l4axxx-advanced-armbased-32bit-mcus-stmicroelectronics_dfsdm.pdf,43,ROVRF,3,
rm0351-stm32l47xxx-stm32l48xxx-stm32l49xxx-and-stm32l4axxx-advanced-armbased-32bit-mcus-stmicroelectronics_dfsdm.pdf,43,JOVRF,2,
rm0351-stm32l47xxx-stm32l48xxx-stm32l49xxx-and-stm32l4axxx-advanced-armbased-32bit-mcus-stmicroelectronics_dfsdm.pdf,43,REOCF,1,
rm0351-stm32l47xxx-stm32l48xxx-stm32l49xxx-and-stm32l4axxx-advanced-armbased-32bit-mcus-stmicroelectronics_dfsdm.pdf,43,JEOCF,0,
rm0351-stm32l47xxx-stm32l48xxx-stm32l49xxx-and-stm32l4axxx-advanced-armbased-32bit-mcus-stmicroelectronics_dfsdm.pdf,44,CLRSCDF,31:24,7:0
rm0351-stm32l47xxx-stm32l48xxx-stm32l49xxx-and-stm32l4axxx-advanced-armbased-32bit-mcus-stmicroelectronics_dfsdm.pdf,44,CLRCKABF,23:16,7:0
rm0351-stm32l47xxx-stm32l48xxx-stm32l49xxx-and-stm32l4axxx-advanced-armbased-32bit-mcus-stmicroelectronics_dfsdm.pdf,44,RESERVED,15:4,
rm0351-stm32l47xxx-stm32l48xxx-stm32l49xxx-and-stm32l4axxx-advanced-armbased-32bit-mcus-stmicroelectronics_dfsdm.pdf,44,CLRROVRF,3,
rm0351-stm32l47xxx-stm32l48xxx-stm32l49xxx-and-stm32l4axxx-advanced-armbased-32bit-mcus-stmicroelectronics_dfsdm.pdf,44,CLRJOVRF,2,
rm0351-stm32l47xxx-stm32l48xxx-stm32l49xxx-and-stm32l4axxx-advanced-armbased-32bit-mcus-stmicroelectronics_dfsdm.pdf,44,RESERVED,1:0,
rm0351-stm32l47xxx-stm32l48xxx-stm32l49xxx-and-stm32l4axxx-advanced-armbased-32bit-mcus-stmicroelectronics_dfsdm.pdf,44,RESERVED,31:8,
rm0351-stm32l47xxx-stm32l48xxx-stm32l49xxx-and-stm32l4axxx-advanced-armbased-32bit-mcus-stmicroelectronics_dfsdm.pdf,44,JCHG,7:0,7:0
rm0351-stm32l47xxx-stm32l48xxx-stm32l49xxx-and-stm32l4axxx-advanced-armbased-32bit-mcus-stmicroelectronics_dfsdm.pdf,45,FORD,31:29,2:0
rm0351-stm32l47xxx-stm32l48xxx-stm32l49xxx-and-stm32l4axxx-advanced-armbased-32bit-mcus-stmicroelectronics_dfsdm.pdf,45,RESERVED,28:26,
rm0351-stm32l47xxx-stm32l48xxx-stm32l49xxx-and-stm32l4axxx-advanced-armbased-32bit-mcus-stmicroelectronics_dfsdm.pdf,45,FOSR,25:16,9:0
rm0351-stm32l47xxx-stm32l48xxx-stm32l49xxx-and-stm32l4axxx-advanced-armbased-32bit-mcus-stmicroelectronics_dfsdm.pdf,45,RESERVED,15:8,
rm0351-stm32l47xxx-stm32l48xxx-stm32l49xxx-and-stm32l4axxx-advanced-armbased-32bit-mcus-stmicroelectronics_dfsdm.pdf,45,IOSR,7:0,7:0
rm0351-stm32l47xxx-stm32l48xxx-stm32l49xxx-and-stm32l4axxx-advanced-armbased-32bit-mcus-stmicroelectronics_dfsdm.pdf,46,JDATA,31:8,23:0
rm0351-stm32l47xxx-stm32l48xxx-stm32l49xxx-and-stm32l4axxx-advanced-armbased-32bit-mcus-stmicroelectronics_dfsdm.pdf,46,RESERVED,7:3,
rm0351-stm32l47xxx-stm32l48xxx-stm32l49xxx-and-stm32l4axxx-advanced-armbased-32bit-mcus-stmicroelectronics_dfsdm.pdf,46,JDATACH,2:0,2:0
rm0351-stm32l47xxx-stm32l48xxx-stm32l49xxx-and-stm32l4axxx-advanced-armbased-32bit-mcus-stmicroelectronics_dfsdm.pdf,47,RDATA,31:8,23:0
rm0351-stm32l47xxx-stm32l48xxx-stm32l49xxx-and-stm32l4axxx-advanced-armbased-32bit-mcus-stmicroelectronics_dfsdm.pdf,47,RESERVED,7:5,
rm0351-stm32l47xxx-stm32l48xxx-stm32l49xxx-and-stm32l4axxx-advanced-armbased-32bit-mcus-stmicroelectronics_dfsdm.pdf,47,RPEND,4,
rm0351-stm32l47xxx-stm32l48xxx-stm32l49xxx-and-stm32l4axxx-advanced-armbased-32bit-mcus-stmicroelectronics_dfsdm.pdf,47,RESERVED,3,
rm0351-stm32l47xxx-stm32l48xxx-stm32l49xxx-and-stm32l4axxx-advanced-armbased-32bit-mcus-stmicroelectronics_dfsdm.pdf,47,RDATACH,2:0,2:0
rm0351-stm32l47xxx-stm32l48xxx-stm32l49xxx-and-stm32l4axxx-advanced-armbased-32bit-mcus-stmicroelectronics_dfsdm.pdf,47,AWHT,31:8,23:0
rm0351-stm32l47xxx-stm32l48xxx-stm32l49xxx-and-stm32l4axxx-advanced-armbased-32bit-mcus-stmicroelectronics_dfsdm.pdf,47,RESERVED,7:4,
rm0351-stm32l47xxx-stm32l48xxx-stm32l49xxx-and-stm32l4axxx-advanced-armbased-32bit-mcus-stmicroelectronics_dfsdm.pdf,47,BKAWH,3:0,3:0
rm0351-stm32l47xxx-stm32l48xxx-stm32l49xxx-and-stm32l4axxx-advanced-armbased-32bit-mcus-stmicroelectronics_dfsdm.pdf,48,AWLT,31:8,23:0
rm0351-stm32l47xxx-stm32l48xxx-stm32l49xxx-and-stm32l4axxx-advanced-armbased-32bit-mcus-stmicroelectronics_dfsdm.pdf,48,RESERVED,7:4,
rm0351-stm32l47xxx-stm32l48xxx-stm32l49xxx-and-stm32l4axxx-advanced-armbased-32bit-mcus-stmicroelectronics_dfsdm.pdf,48,BKAWL,3:0,3:0
rm0351-stm32l47xxx-stm32l48xxx-stm32l49xxx-and-stm32l4axxx-advanced-armbased-32bit-mcus-stmicroelectronics_dfsdm.pdf,48,RESERVED,31:16,
rm0351-stm32l47xxx-stm32l48xxx-stm32l49xxx-and-stm32l4axxx-advanced-armbased-32bit-mcus-stmicroelectronics_dfsdm.pdf,48,AWHTF,15:8,7:0
rm0351-stm32l47xxx-stm32l48xxx-stm32l49xxx-and-stm32l4axxx-advanced-armbased-32bit-mcus-stmicroelectronics_dfsdm.pdf,48,AWLTF,7:0,7:0
rm0351-stm32l47xxx-stm32l48xxx-stm32l49xxx-and-stm32l4axxx-advanced-armbased-32bit-mcus-stmicroelectronics_dfsdm.pdf,49,RESERVED,31:16,
rm0351-stm32l47xxx-stm32l48xxx-stm32l49xxx-and-stm32l4axxx-advanced-armbased-32bit-mcus-stmicroelectronics_dfsdm.pdf,49,CLRAWHTF,15:8,7:0
rm0351-stm32l47xxx-stm32l48xxx-stm32l49xxx-and-stm32l4axxx-advanced-armbased-32bit-mcus-stmicroelectronics_dfsdm.pdf,49,CLRAWLTF,7:0,7:0
rm0351-stm32l47xxx-stm32l48xxx-stm32l49xxx-and-stm32l4axxx-advanced-armbased-32bit-mcus-stmicroelectronics_dfsdm.pdf,49,EXMAX,31:8,23:0
rm0351-stm32l47xxx-stm32l48xxx-stm32l49xxx-and-stm32l4axxx-advanced-armbased-32bit-mcus-stmicroelectronics_dfsdm.pdf,49,RESERVED,7:3,
rm0351-stm32l47xxx-stm32l48xxx-stm32l49xxx-and-stm32l4axxx-advanced-armbased-32bit-mcus-stmicroelectronics_dfsdm.pdf,49,EXMAXCH,2:0,2:0
rm0351-stm32l47xxx-stm32l48xxx-stm32l49xxx-and-stm32l4axxx-advanced-armbased-32bit-mcus-stmicroelectronics_dfsdm.pdf,50,EXMIN,31:8,23:0
rm0351-stm32l47xxx-stm32l48xxx-stm32l49xxx-and-stm32l4axxx-advanced-armbased-32bit-mcus-stmicroelectronics_dfsdm.pdf,50,RESERVED,7:3,
rm0351-stm32l47xxx-stm32l48xxx-stm32l49xxx-and-stm32l4axxx-advanced-armbased-32bit-mcus-stmicroelectronics_dfsdm.pdf,50,EXMINCH,2:0,2:0
rm0351-stm32l47xxx-stm32l48xxx-stm32l49xxx-and-stm32l4axxx-advanced-armbased-32bit-mcus-stmicroelectronics_dfsdm.pdf,51,CNVCNT,31:4,27:0
rm0351-stm32l47xxx-stm32l48xxx-stm32l49xxx-and-stm32l4axxx-advanced-armbased-32bit-mcus-stmicroelectronics_dfsdm.pdf,51,RESERVED,3:0,
rm0394-stm32l41xxx42xxx43xxx44xxx45xxx46xxx-advanced-armbased-32bit-mcus-stmicroelectronics_dfsdm.pdf,30,DFSDMEN,31,
rm0394-stm32l41xxx42xxx43xxx44xxx45xxx46xxx-advanced-armbased-32bit-mcus-stmicroelectronics_dfsdm.pdf,30,CKOUTSRC,30,
rm0394-stm32l41xxx42xxx43xxx44xxx45xxx46xxx-advanced-armbased-32bit-mcus-stmicroelectronics_dfsdm.pdf,30,RESERVED,29:24,
rm0394-stm32l41xxx42xxx43xxx44xxx45xxx46xxx-advanced-armbased-32bit-mcus-stmicroelectronics_dfsdm.pdf,30,CKOUTDIV,23:16,7:0
rm0394-stm32l41xxx42xxx43xxx44xxx45xxx46xxx-advanced-armbased-32bit-mcus-stmicroelectronics_dfsdm.pdf,30,DATPACK,15:14,1:0
rm0394-stm32l41xxx42xxx43xxx44xxx45xxx46xxx-advanced-armbased-32bit-mcus-stmicroelectronics_dfsdm.pdf,31,DATMPX,13:12,1:0
rm0394-stm32l41xxx42xxx43xxx44xxx45xxx46xxx-advanced-armbased-32bit-mcus-stmicroelectronics_dfsdm.pdf,31,RESERVED,11:9,
rm0394-stm32l41xxx42xxx43xxx44xxx45xxx46xxx-advanced-armbased-32bit-mcus-stmicroelectronics_dfsdm.pdf,31,CHINSEL,8,
rm0394-stm32l41xxx42xxx43xxx44xxx45xxx46xxx-advanced-armbased-32bit-mcus-stmicroelectronics_dfsdm.pdf,31,CHEN,7,
rm0394-stm32l41xxx42xxx43xxx44xxx45xxx46xxx-advanced-armbased-32bit-mcus-stmicroelectronics_dfsdm.pdf,31,CKABEN,6,
rm0394-stm32l41xxx42xxx43xxx44xxx45xxx46xxx-advanced-armbased-32bit-mcus-stmicroelectronics_dfsdm.pdf,31,SCDEN,5,
rm0394-stm32l41xxx42xxx43xxx44xxx45xxx46xxx-advanced-armbased-32bit-mcus-stmicroelectronics_dfsdm.pdf,31,RESERVED,4,
rm0394-stm32l41xxx42xxx43xxx44xxx45xxx46xxx-advanced-armbased-32bit-mcus-stmicroelectronics_dfsdm.pdf,31,SPICKSEL,3:2,1:0
rm0394-stm32l41xxx42xxx43xxx44xxx45xxx46xxx-advanced-armbased-32bit-mcus-stmicroelectronics_dfsdm.pdf,31,SITP,1:0,1:0
rm0394-stm32l41xxx42xxx43xxx44xxx45xxx46xxx-advanced-armbased-32bit-mcus-stmicroelectronics_dfsdm.pdf,32,OFFSET,31:8,23:0
rm0394-stm32l41xxx42xxx43xxx44xxx45xxx46xxx-advanced-armbased-32bit-mcus-stmicroelectronics_dfsdm.pdf,32,DTRBS,7:3,4:0
rm0394-stm32l41xxx42xxx43xxx44xxx45xxx46xxx-advanced-armbased-32bit-mcus-stmicroelectronics_dfsdm.pdf,32,RESERVED,2:0,
rm0394-stm32l41xxx42xxx43xxx44xxx45xxx46xxx-advanced-armbased-32bit-mcus-stmicroelectronics_dfsdm.pdf,33,RESERVED,31:24,
rm0394-stm32l41xxx42xxx43xxx44xxx45xxx46xxx-advanced-armbased-32bit-mcus-stmicroelectronics_dfsdm.pdf,33,AWFORD,23:22,1:0
rm0394-stm32l41xxx42xxx43xxx44xxx45xxx46xxx-advanced-armbased-32bit-mcus-stmicroelectronics_dfsdm.pdf,33,RESERVED,21,
rm0394-stm32l41xxx42xxx43xxx44xxx45xxx46xxx-advanced-armbased-32bit-mcus-stmicroelectronics_dfsdm.pdf,33,AWFOSR,20:16,4:0
rm0394-stm32l41xxx42xxx43xxx44xxx45xxx46xxx-advanced-armbased-32bit-mcus-stmicroelectronics_dfsdm.pdf,33,BKSCD,15:12,3:0
rm0394-stm32l41xxx42xxx43xxx44xxx45xxx46xxx-advanced-armbased-32bit-mcus-stmicroelectronics_dfsdm.pdf,33,RESERVED,11:8,
rm0394-stm32l41xxx42xxx43xxx44xxx45xxx46xxx-advanced-armbased-32bit-mcus-stmicroelectronics_dfsdm.pdf,33,SCDT,7:0,7:0
rm0394-stm32l41xxx42xxx43xxx44xxx45xxx46xxx-advanced-armbased-32bit-mcus-stmicroelectronics_dfsdm.pdf,34,RESERVED,31:16,
rm0394-stm32l41xxx42xxx43xxx44xxx45xxx46xxx-advanced-armbased-32bit-mcus-stmicroelectronics_dfsdm.pdf,34,WDATA,15:0,15:0
rm0394-stm32l41xxx42xxx43xxx44xxx45xxx46xxx-advanced-armbased-32bit-mcus-stmicroelectronics_dfsdm.pdf,34,INDAT1,31:16,15:0
rm0394-stm32l41xxx42xxx43xxx44xxx45xxx46xxx-advanced-armbased-32bit-mcus-stmicroelectronics_dfsdm.pdf,34,INDAT0,15:0,15:0
rm0394-stm32l41xxx42xxx43xxx44xxx45xxx46xxx-advanced-armbased-32bit-mcus-stmicroelectronics_dfsdm.pdf,35,RESERVED,31,
rm0394-stm32l41xxx42xxx43xxx44xxx45xxx46xxx-advanced-armbased-32bit-mcus-stmicroelectronics_dfsdm.pdf,35,AWFSEL,30,
rm0394-stm32l41xxx42xxx43xxx44xxx45xxx46xxx-advanced-armbased-32bit-mcus-stmicroelectronics_dfsdm.pdf,35,FAST,29,
rm0394-stm32l41xxx42xxx43xxx44xxx45xxx46xxx-advanced-armbased-32bit-mcus-stmicroelectronics_dfsdm.pdf,35,RESERVED,28:26,
rm0394-stm32l41xxx42xxx43xxx44xxx45xxx46xxx-advanced-armbased-32bit-mcus-stmicroelectronics_dfsdm.pdf,35,RCH,25:24,1:0
rm0394-stm32l41xxx42xxx43xxx44xxx45xxx46xxx-advanced-armbased-32bit-mcus-stmicroelectronics_dfsdm.pdf,35,RESERVED,23:22,
rm0394-stm32l41xxx42xxx43xxx44xxx45xxx46xxx-advanced-armbased-32bit-mcus-stmicroelectronics_dfsdm.pdf,36,RDMAEN,21,
rm0394-stm32l41xxx42xxx43xxx44xxx45xxx46xxx-advanced-armbased-32bit-mcus-stmicroelectronics_dfsdm.pdf,36,RESERVED,20,
rm0394-stm32l41xxx42xxx43xxx44xxx45xxx46xxx-advanced-armbased-32bit-mcus-stmicroelectronics_dfsdm.pdf,36,RSYNC,19,
rm0394-stm32l41xxx42xxx43xxx44xxx45xxx46xxx-advanced-armbased-32bit-mcus-stmicroelectronics_dfsdm.pdf,36,RCONT,18,
rm0394-stm32l41xxx42xxx43xxx44xxx45xxx46xxx-advanced-armbased-32bit-mcus-stmicroelectronics_dfsdm.pdf,36,RSWSTART,17,
rm0394-stm32l41xxx42xxx43xxx44xxx45xxx46xxx-advanced-armbased-32bit-mcus-stmicroelectronics_dfsdm.pdf,36,RESERVED,16:15,
rm0394-stm32l41xxx42xxx43xxx44xxx45xxx46xxx-advanced-armbased-32bit-mcus-stmicroelectronics_dfsdm.pdf,36,JEXTEN,14:13,1:0
rm0394-stm32l41xxx42xxx43xxx44xxx45xxx46xxx-advanced-armbased-32bit-mcus-stmicroelectronics_dfsdm.pdf,36,RESERVED,12:11,
rm0394-stm32l41xxx42xxx43xxx44xxx45xxx46xxx-advanced-armbased-32bit-mcus-stmicroelectronics_dfsdm.pdf,36,JEXTSEL,10:8,2:0
rm0394-stm32l41xxx42xxx43xxx44xxx45xxx46xxx-advanced-armbased-32bit-mcus-stmicroelectronics_dfsdm.pdf,36,RESERVED,7:6,
rm0394-stm32l41xxx42xxx43xxx44xxx45xxx46xxx-advanced-armbased-32bit-mcus-stmicroelectronics_dfsdm.pdf,37,JDMAEN,5,
rm0394-stm32l41xxx42xxx43xxx44xxx45xxx46xxx-advanced-armbased-32bit-mcus-stmicroelectronics_dfsdm.pdf,37,JSCAN,4,
rm0394-stm32l41xxx42xxx43xxx44xxx45xxx46xxx-advanced-armbased-32bit-mcus-stmicroelectronics_dfsdm.pdf,37,JSYNC,3,
rm0394-stm32l41xxx42xxx43xxx44xxx45xxx46xxx-advanced-armbased-32bit-mcus-stmicroelectronics_dfsdm.pdf,37,RESERVED,2,
rm0394-stm32l41xxx42xxx43xxx44xxx45xxx46xxx-advanced-armbased-32bit-mcus-stmicroelectronics_dfsdm.pdf,37,JSWSTART,1,
rm0394-stm32l41xxx42xxx43xxx44xxx45xxx46xxx-advanced-armbased-32bit-mcus-stmicroelectronics_dfsdm.pdf,37,DFEN,0,
rm0394-stm32l41xxx42xxx43xxx44xxx45xxx46xxx-advanced-armbased-32bit-mcus-stmicroelectronics_dfsdm.pdf,38,RESERVED,31:20,
rm0394-stm32l41xxx42xxx43xxx44xxx45xxx46xxx-advanced-armbased-32bit-mcus-stmicroelectronics_dfsdm.pdf,38,AWDCH,19:16,3:0
rm0394-stm32l41xxx42xxx43xxx44xxx45xxx46xxx-advanced-armbased-32bit-mcus-stmicroelectronics_dfsdm.pdf,38,RESERVED,15:12,
rm0394-stm32l41xxx42xxx43xxx44xxx45xxx46xxx-advanced-armbased-32bit-mcus-stmicroelectronics_dfsdm.pdf,38,EXCH,11:8,3:0
rm0394-stm32l41xxx42xxx43xxx44xxx45xxx46xxx-advanced-armbased-32bit-mcus-stmicroelectronics_dfsdm.pdf,38,RESERVED,7,
rm0394-stm32l41xxx42xxx43xxx44xxx45xxx46xxx-advanced-armbased-32bit-mcus-stmicroelectronics_dfsdm.pdf,38,CKABIE,6,
rm0394-stm32l41xxx42xxx43xxx44xxx45xxx46xxx-advanced-armbased-32bit-mcus-stmicroelectronics_dfsdm.pdf,38,SCDIE,5,
rm0394-stm32l41xxx42xxx43xxx44xxx45xxx46xxx-advanced-armbased-32bit-mcus-stmicroelectronics_dfsdm.pdf,38,AWDIE,4,
rm0394-stm32l41xxx42xxx43xxx44xxx45xxx46xxx-advanced-armbased-32bit-mcus-stmicroelectronics_dfsdm.pdf,38,ROVRIE,3,
rm0394-stm32l41xxx42xxx43xxx44xxx45xxx46xxx-advanced-armbased-32bit-mcus-stmicroelectronics_dfsdm.pdf,38,JOVRIE,2,
rm0394-stm32l41xxx42xxx43xxx44xxx45xxx46xxx-advanced-armbased-32bit-mcus-stmicroelectronics_dfsdm.pdf,38,REOCIE,1,
rm0394-stm32l41xxx42xxx43xxx44xxx45xxx46xxx-advanced-armbased-32bit-mcus-stmicroelectronics_dfsdm.pdf,38,JEOCIE,0,
rm0394-stm32l41xxx42xxx43xxx44xxx45xxx46xxx-advanced-armbased-32bit-mcus-stmicroelectronics_dfsdm.pdf,39,RESERVED,31:28,
rm0394-stm32l41xxx42xxx43xxx44xxx45xxx46xxx-advanced-armbased-32bit-mcus-stmicroelectronics_dfsdm.pdf,39,SCDF,27:24,3:0
rm0394-stm32l41xxx42xxx43xxx44xxx45xxx46xxx-advanced-armbased-32bit-mcus-stmicroelectronics_dfsdm.pdf,39,RESERVED,23:20,
rm0394-stm32l41xxx42xxx43xxx44xxx45xxx46xxx-advanced-armbased-32bit-mcus-stmicroelectronics_dfsdm.pdf,39,CKABF,19:16,3:0
rm0394-stm32l41xxx42xxx43xxx44xxx45xxx46xxx-advanced-armbased-32bit-mcus-stmicroelectronics_dfsdm.pdf,39,RESERVED,15,
rm0394-stm32l41xxx42xxx43xxx44xxx45xxx46xxx-advanced-armbased-32bit-mcus-stmicroelectronics_dfsdm.pdf,39,RCIP,14,
rm0394-stm32l41xxx42xxx43xxx44xxx45xxx46xxx-advanced-armbased-32bit-mcus-stmicroelectronics_dfsdm.pdf,39,JCIP,13,
rm0394-stm32l41xxx42xxx43xxx44xxx45xxx46xxx-advanced-armbased-32bit-mcus-stmicroelectronics_dfsdm.pdf,39,RESERVED,12:5,
rm0394-stm32l41xxx42xxx43xxx44xxx45xxx46xxx-advanced-armbased-32bit-mcus-stmicroelectronics_dfsdm.pdf,40,AWDF,4,
rm0394-stm32l41xxx42xxx43xxx44xxx45xxx46xxx-advanced-armbased-32bit-mcus-stmicroelectronics_dfsdm.pdf,40,ROVRF,3,
rm0394-stm32l41xxx42xxx43xxx44xxx45xxx46xxx-advanced-armbased-32bit-mcus-stmicroelectronics_dfsdm.pdf,40,JOVRF,2,
rm0394-stm32l41xxx42xxx43xxx44xxx45xxx46xxx-advanced-armbased-32bit-mcus-stmicroelectronics_dfsdm.pdf,40,REOCF,1,
rm0394-stm32l41xxx42xxx43xxx44xxx45xxx46xxx-advanced-armbased-32bit-mcus-stmicroelectronics_dfsdm.pdf,40,JEOCF,0,
rm0394-stm32l41xxx42xxx43xxx44xxx45xxx46xxx-advanced-armbased-32bit-mcus-stmicroelectronics_dfsdm.pdf,41,RESERVED,31:28,
rm0394-stm32l41xxx42xxx43xxx44xxx45xxx46xxx-advanced-armbased-32bit-mcus-stmicroelectronics_dfsdm.pdf,41,CLRSCDF,27:24,3:0
rm0394-stm32l41xxx42xxx43xxx44xxx45xxx46xxx-advanced-armbased-32bit-mcus-stmicroelectronics_dfsdm.pdf,41,RESERVED,23:20,
rm0394-stm32l41xxx42xxx43xxx44xxx45xxx46xxx-advanced-armbased-32bit-mcus-stmicroelectronics_dfsdm.pdf,41,CLRCKABF,19:16,3:0
rm0394-stm32l41xxx42xxx43xxx44xxx45xxx46xxx-advanced-armbased-32bit-mcus-stmicroelectronics_dfsdm.pdf,41,RESERVED,15:4,
rm0394-stm32l41xxx42xxx43xxx44xxx45xxx46xxx-advanced-armbased-32bit-mcus-stmicroelectronics_dfsdm.pdf,41,CLRROVRF,3,
rm0394-stm32l41xxx42xxx43xxx44xxx45xxx46xxx-advanced-armbased-32bit-mcus-stmicroelectronics_dfsdm.pdf,41,CLRJOVRF,2,
rm0394-stm32l41xxx42xxx43xxx44xxx45xxx46xxx-advanced-armbased-32bit-mcus-stmicroelectronics_dfsdm.pdf,41,RESERVED,1:0,
rm0394-stm32l41xxx42xxx43xxx44xxx45xxx46xxx-advanced-armbased-32bit-mcus-stmicroelectronics_dfsdm.pdf,42,RESERVED,31:4,
rm0394-stm32l41xxx42xxx43xxx44xxx45xxx46xxx-advanced-armbased-32bit-mcus-stmicroelectronics_dfsdm.pdf,42,JCHG,3:0,3:0
rm0394-stm32l41xxx42xxx43xxx44xxx45xxx46xxx-advanced-armbased-32bit-mcus-stmicroelectronics_dfsdm.pdf,42,FORD,31:29,2:0
rm0394-stm32l41xxx42xxx43xxx44xxx45xxx46xxx-advanced-armbased-32bit-mcus-stmicroelectronics_dfsdm.pdf,42,RESERVED,28:26,
rm0394-stm32l41xxx42xxx43xxx44xxx45xxx46xxx-advanced-armbased-32bit-mcus-stmicroelectronics_dfsdm.pdf,43,FOSR,25:16,9:0
rm0394-stm32l41xxx42xxx43xxx44xxx45xxx46xxx-advanced-armbased-32bit-mcus-stmicroelectronics_dfsdm.pdf,43,RESERVED,15:8,
rm0394-stm32l41xxx42xxx43xxx44xxx45xxx46xxx-advanced-armbased-32bit-mcus-stmicroelectronics_dfsdm.pdf,43,IOSR,7:0,7:0
rm0394-stm32l41xxx42xxx43xxx44xxx45xxx46xxx-advanced-armbased-32bit-mcus-stmicroelectronics_dfsdm.pdf,43,JDATA,31:8,23:0
rm0394-stm32l41xxx42xxx43xxx44xxx45xxx46xxx-advanced-armbased-32bit-mcus-stmicroelectronics_dfsdm.pdf,43,RESERVED,7:2,
rm0394-stm32l41xxx42xxx43xxx44xxx45xxx46xxx-advanced-armbased-32bit-mcus-stmicroelectronics_dfsdm.pdf,43,JDATACH,1:0,1:0
rm0394-stm32l41xxx42xxx43xxx44xxx45xxx46xxx-advanced-armbased-32bit-mcus-stmicroelectronics_dfsdm.pdf,44,RDATA,31:8,23:0
rm0394-stm32l41xxx42xxx43xxx44xxx45xxx46xxx-advanced-armbased-32bit-mcus-stmicroelectronics_dfsdm.pdf,44,RESERVED,7:5,
rm0394-stm32l41xxx42xxx43xxx44xxx45xxx46xxx-advanced-armbased-32bit-mcus-stmicroelectronics_dfsdm.pdf,44,RPEND,4,
rm0394-stm32l41xxx42xxx43xxx44xxx45xxx46xxx-advanced-armbased-32bit-mcus-stmicroelectronics_dfsdm.pdf,44,RESERVED,3:2,
rm0394-stm32l41xxx42xxx43xxx44xxx45xxx46xxx-advanced-armbased-32bit-mcus-stmicroelectronics_dfsdm.pdf,44,RDATACH,1:0,1:0
rm0394-stm32l41xxx42xxx43xxx44xxx45xxx46xxx-advanced-armbased-32bit-mcus-stmicroelectronics_dfsdm.pdf,45,AWHT,31:8,23:0
rm0394-stm32l41xxx42xxx43xxx44xxx45xxx46xxx-advanced-armbased-32bit-mcus-stmicroelectronics_dfsdm.pdf,45,RESERVED,7:4,
rm0394-stm32l41xxx42xxx43xxx44xxx45xxx46xxx-advanced-armbased-32bit-mcus-stmicroelectronics_dfsdm.pdf,45,BKAWH,3:0,3:0
rm0394-stm32l41xxx42xxx43xxx44xxx45xxx46xxx-advanced-armbased-32bit-mcus-stmicroelectronics_dfsdm.pdf,45,AWLT,31:8,23:0
rm0394-stm32l41xxx42xxx43xxx44xxx45xxx46xxx-advanced-armbased-32bit-mcus-stmicroelectronics_dfsdm.pdf,45,RESERVED,7:4,
rm0394-stm32l41xxx42xxx43xxx44xxx45xxx46xxx-advanced-armbased-32bit-mcus-stmicroelectronics_dfsdm.pdf,45,BKAWL,3:0,3:0
rm0394-stm32l41xxx42xxx43xxx44xxx45xxx46xxx-advanced-armbased-32bit-mcus-stmicroelectronics_dfsdm.pdf,46,RESERVED,31:12,
rm0394-stm32l41xxx42xxx43xxx44xxx45xxx46xxx-advanced-armbased-32bit-mcus-stmicroelectronics_dfsdm.pdf,46,AWHTF,11:8,3:0
rm0394-stm32l41xxx42xxx43xxx44xxx45xxx46xxx-advanced-armbased-32bit-mcus-stmicroelectronics_dfsdm.pdf,46,RESERVED,7:4,
rm0394-stm32l41xxx42xxx43xxx44xxx45xxx46xxx-advanced-armbased-32bit-mcus-stmicroelectronics_dfsdm.pdf,46,AWLTF,3:0,3:0
rm0394-stm32l41xxx42xxx43xxx44xxx45xxx46xxx-advanced-armbased-32bit-mcus-stmicroelectronics_dfsdm.pdf,46,RESERVED,31:12,
rm0394-stm32l41xxx42xxx43xxx44xxx45xxx46xxx-advanced-armbased-32bit-mcus-stmicroelectronics_dfsdm.pdf,47,CLRAWHTF,11:8,3:0
rm0394-stm32l41xxx42xxx43xxx44xxx45xxx46xxx-advanced-armbased-32bit-mcus-stmicroelectronics_dfsdm.pdf,47,RESERVED,7:4,
rm0394-stm32l41xxx42xxx43xxx44xxx45xxx46xxx-advanced-armbased-32bit-mcus-stmicroelectronics_dfsdm.pdf,47,CLRAWLTF,3:0,3:0
rm0394-stm32l41xxx42xxx43xxx44xxx45xxx46xxx-advanced-armbased-32bit-mcus-stmicroelectronics_dfsdm.pdf,47,EXMAX,31:8,23:0
rm0394-stm32l41xxx42xxx43xxx44xxx45xxx46xxx-advanced-armbased-32bit-mcus-stmicroelectronics_dfsdm.pdf,47,RESERVED,7:2,
rm0394-stm32l41xxx42xxx43xxx44xxx45xxx46xxx-advanced-armbased-32bit-mcus-stmicroelectronics_dfsdm.pdf,47,EXMAXCH,1:0,1:0
rm0394-stm32l41xxx42xxx43xxx44xxx45xxx46xxx-advanced-armbased-32bit-mcus-stmicroelectronics_dfsdm.pdf,48,EXMIN,31:8,23:0
rm0394-stm32l41xxx42xxx43xxx44xxx45xxx46xxx-advanced-armbased-32bit-mcus-stmicroelectronics_dfsdm.pdf,48,RESERVED,7:2,
rm0394-stm32l41xxx42xxx43xxx44xxx45xxx46xxx-advanced-armbased-32bit-mcus-stmicroelectronics_dfsdm.pdf,48,EXMINCH,1:0,1:0
rm0394-stm32l41xxx42xxx43xxx44xxx45xxx46xxx-advanced-armbased-32bit-mcus-stmicroelectronics_dfsdm.pdf,48,CNVCNT,31:4,27:0
rm0394-stm32l41xxx42xxx43xxx44xxx45xxx46xxx-advanced-armbased-32bit-mcus-stmicroelectronics_dfsdm.pdf,48,RESERVED,3:0,
rm0399-stm32h745755-and-stm32h747757-advanced-armbased-32bit-mcus-stmicroelectronics_dfsdm.pdf,31,DFSDMEN,31,
rm0399-stm32h745755-and-stm32h747757-advanced-armbased-32bit-mcus-stmicroelectronics_dfsdm.pdf,31,CKOUTSRC,30,
rm0399-stm32h745755-and-stm32h747757-advanced-armbased-32bit-mcus-stmicroelectronics_dfsdm.pdf,31,RESERVED,29:24,
rm0399-stm32h745755-and-stm32h747757-advanced-armbased-32bit-mcus-stmicroelectronics_dfsdm.pdf,32,CKOUTDIV,23:16,7:0
rm0399-stm32h745755-and-stm32h747757-advanced-armbased-32bit-mcus-stmicroelectronics_dfsdm.pdf,32,DATPACK,15:14,1:0
rm0399-stm32h745755-and-stm32h747757-advanced-armbased-32bit-mcus-stmicroelectronics_dfsdm.pdf,32,DATMPX,13:12,1:0
rm0399-stm32h745755-and-stm32h747757-advanced-armbased-32bit-mcus-stmicroelectronics_dfsdm.pdf,32,RESERVED,11:9,
rm0399-stm32h745755-and-stm32h747757-advanced-armbased-32bit-mcus-stmicroelectronics_dfsdm.pdf,32,CHINSEL,8,
rm0399-stm32h745755-and-stm32h747757-advanced-armbased-32bit-mcus-stmicroelectronics_dfsdm.pdf,32,CHEN,7,
rm0399-stm32h745755-and-stm32h747757-advanced-armbased-32bit-mcus-stmicroelectronics_dfsdm.pdf,33,CKABEN,6,
rm0399-stm32h745755-and-stm32h747757-advanced-armbased-32bit-mcus-stmicroelectronics_dfsdm.pdf,33,SCDEN,5,
rm0399-stm32h745755-and-stm32h747757-advanced-armbased-32bit-mcus-stmicroelectronics_dfsdm.pdf,33,RESERVED,4,
rm0399-stm32h745755-and-stm32h747757-advanced-armbased-32bit-mcus-stmicroelectronics_dfsdm.pdf,33,SPICKSEL,3:2,1:0
rm0399-stm32h745755-and-stm32h747757-advanced-armbased-32bit-mcus-stmicroelectronics_dfsdm.pdf,33,SITP,1:0,1:0
rm0399-stm32h745755-and-stm32h747757-advanced-armbased-32bit-mcus-stmicroelectronics_dfsdm.pdf,34,OFFSET,31:8,23:0
rm0399-stm32h745755-and-stm32h747757-advanced-armbased-32bit-mcus-stmicroelectronics_dfsdm.pdf,34,DTRBS,7:3,4:0
rm0399-stm32h745755-and-stm32h747757-advanced-armbased-32bit-mcus-stmicroelectronics_dfsdm.pdf,34,RESERVED,2:0,
rm0399-stm32h745755-and-stm32h747757-advanced-armbased-32bit-mcus-stmicroelectronics_dfsdm.pdf,34,RESERVED,31:24,
rm0399-stm32h745755-and-stm32h747757-advanced-armbased-32bit-mcus-stmicroelectronics_dfsdm.pdf,34,AWFORD,23:22,1:0
rm0399-stm32h745755-and-stm32h747757-advanced-armbased-32bit-mcus-stmicroelectronics_dfsdm.pdf,34,RESERVED,21,
rm0399-stm32h745755-and-stm32h747757-advanced-armbased-32bit-mcus-stmicroelectronics_dfsdm.pdf,34,AWFOSR,20:16,4:0
rm0399-stm32h745755-and-stm32h747757-advanced-armbased-32bit-mcus-stmicroelectronics_dfsdm.pdf,35,BKSCD,15:12,3:0
rm0399-stm32h745755-and-stm32h747757-advanced-armbased-32bit-mcus-stmicroelectronics_dfsdm.pdf,35,RESERVED,11:8,
rm0399-stm32h745755-and-stm32h747757-advanced-armbased-32bit-mcus-stmicroelectronics_dfsdm.pdf,35,SCDT,7:0,7:0
rm0399-stm32h745755-and-stm32h747757-advanced-armbased-32bit-mcus-stmicroelectronics_dfsdm.pdf,35,RESERVED,31:16,
rm0399-stm32h745755-and-stm32h747757-advanced-armbased-32bit-mcus-stmicroelectronics_dfsdm.pdf,35,WDATA,15:0,15:0
rm0399-stm32h745755-and-stm32h747757-advanced-armbased-32bit-mcus-stmicroelectronics_dfsdm.pdf,36,INDAT1,31:16,15:0
rm0399-stm32h745755-and-stm32h747757-advanced-armbased-32bit-mcus-stmicroelectronics_dfsdm.pdf,36,INDAT0,15:0,15:0
rm0399-stm32h745755-and-stm32h747757-advanced-armbased-32bit-mcus-stmicroelectronics_dfsdm.pdf,37,RESERVED,31,
rm0399-stm32h745755-and-stm32h747757-advanced-armbased-32bit-mcus-stmicroelectronics_dfsdm.pdf,37,AWFSEL,30,
rm0399-stm32h745755-and-stm32h747757-advanced-armbased-32bit-mcus-stmicroelectronics_dfsdm.pdf,37,FAST,29,
rm0399-stm32h745755-and-stm32h747757-advanced-armbased-32bit-mcus-stmicroelectronics_dfsdm.pdf,37,RESERVED,28:27,
rm0399-stm32h745755-and-stm32h747757-advanced-armbased-32bit-mcus-stmicroelectronics_dfsdm.pdf,37,RCH,26:24,2:0
rm0399-stm32h745755-and-stm32h747757-advanced-armbased-32bit-mcus-stmicroelectronics_dfsdm.pdf,37,RESERVED,23:22,
rm0399-stm32h745755-and-stm32h747757-advanced-armbased-32bit-mcus-stmicroelectronics_dfsdm.pdf,37,RDMAEN,21,
rm0399-stm32h745755-and-stm32h747757-advanced-armbased-32bit-mcus-stmicroelectronics_dfsdm.pdf,37,RESERVED,20,
rm0399-stm32h745755-and-stm32h747757-advanced-armbased-32bit-mcus-stmicroelectronics_dfsdm.pdf,37,RSYNC,19,
rm0399-stm32h745755-and-stm32h747757-advanced-armbased-32bit-mcus-stmicroelectronics_dfsdm.pdf,37,RCONT,18,
rm0399-stm32h745755-and-stm32h747757-advanced-armbased-32bit-mcus-stmicroelectronics_dfsdm.pdf,38,RSWSTART,17,
rm0399-stm32h745755-and-stm32h747757-advanced-armbased-32bit-mcus-stmicroelectronics_dfsdm.pdf,38,RESERVED,16:15,
rm0399-stm32h745755-and-stm32h747757-advanced-armbased-32bit-mcus-stmicroelectronics_dfsdm.pdf,38,JEXTEN,14:13,1:0
rm0399-stm32h745755-and-stm32h747757-advanced-armbased-32bit-mcus-stmicroelectronics_dfsdm.pdf,38,JEXTSEL,12:8,4:0
rm0399-stm32h745755-and-stm32h747757-advanced-armbased-32bit-mcus-stmicroelectronics_dfsdm.pdf,38,RESERVED,7:6,
rm0399-stm32h745755-and-stm32h747757-advanced-armbased-32bit-mcus-stmicroelectronics_dfsdm.pdf,38,JDMAEN,5,
rm0399-stm32h745755-and-stm32h747757-advanced-armbased-32bit-mcus-stmicroelectronics_dfsdm.pdf,38,JSCAN,4,
rm0399-stm32h745755-and-stm32h747757-advanced-armbased-32bit-mcus-stmicroelectronics_dfsdm.pdf,38,JSYNC,3,
rm0399-stm32h745755-and-stm32h747757-advanced-armbased-32bit-mcus-stmicroelectronics_dfsdm.pdf,39,RESERVED,2,
rm0399-stm32h745755-and-stm32h747757-advanced-armbased-32bit-mcus-stmicroelectronics_dfsdm.pdf,39,JSWSTART,1,
rm0399-stm32h745755-and-stm32h747757-advanced-armbased-32bit-mcus-stmicroelectronics_dfsdm.pdf,39,DFEN,0,
rm0399-stm32h745755-and-stm32h747757-advanced-armbased-32bit-mcus-stmicroelectronics_dfsdm.pdf,39,RESERVED,31:24,
rm0399-stm32h745755-and-stm32h747757-advanced-armbased-32bit-mcus-stmicroelectronics_dfsdm.pdf,39,AWDCH,23:16,7:0
rm0399-stm32h745755-and-stm32h747757-advanced-armbased-32bit-mcus-stmicroelectronics_dfsdm.pdf,39,EXCH,15:8,7:0
rm0399-stm32h745755-and-stm32h747757-advanced-armbased-32bit-mcus-stmicroelectronics_dfsdm.pdf,39,RESERVED,7,
rm0399-stm32h745755-and-stm32h747757-advanced-armbased-32bit-mcus-stmicroelectronics_dfsdm.pdf,39,CKABIE,6,
rm0399-stm32h745755-and-stm32h747757-advanced-armbased-32bit-mcus-stmicroelectronics_dfsdm.pdf,40,SCDIE,5,
rm0399-stm32h745755-and-stm32h747757-advanced-armbased-32bit-mcus-stmicroelectronics_dfsdm.pdf,40,AWDIE,4,
rm0399-stm32h745755-and-stm32h747757-advanced-armbased-32bit-mcus-stmicroelectronics_dfsdm.pdf,40,ROVRIE,3,
rm0399-stm32h745755-and-stm32h747757-advanced-armbased-32bit-mcus-stmicroelectronics_dfsdm.pdf,40,JOVRIE,2,
rm0399-stm32h745755-and-stm32h747757-advanced-armbased-32bit-mcus-stmicroelectronics_dfsdm.pdf,40,REOCIE,1,
rm0399-stm32h745755-and-stm32h747757-advanced-armbased-32bit-mcus-stmicroelectronics_dfsdm.pdf,40,JEOCIE,0,
rm0399-stm32h745755-and-stm32h747757-advanced-armbased-32bit-mcus-stmicroelectronics_dfsdm.pdf,41,SCDF,31:24,7:0
rm0399-stm32h745755-and-stm32h747757-advanced-armbased-32bit-mcus-stmicroelectronics_dfsdm.pdf,41,CKABF,23:16,7:0
rm0399-stm32h745755-and-stm32h747757-advanced-armbased-32bit-mcus-stmicroelectronics_dfsdm.pdf,41,RESERVED,15,
rm0399-stm32h745755-and-stm32h747757-advanced-armbased-32bit-mcus-stmicroelectronics_dfsdm.pdf,41,RCIP,14,
rm0399-stm32h745755-and-stm32h747757-advanced-armbased-32bit-mcus-stmicroelectronics_dfsdm.pdf,41,JCIP,13,
rm0399-stm32h745755-and-stm32h747757-advanced-armbased-32bit-mcus-stmicroelectronics_dfsdm.pdf,41,RESERVED,12:5,
rm0399-stm32h745755-and-stm32h747757-advanced-armbased-32bit-mcus-stmicroelectronics_dfsdm.pdf,41,AWDF,4,
rm0399-stm32h745755-and-stm32h747757-advanced-armbased-32bit-mcus-stmicroelectronics_dfsdm.pdf,41,ROVRF,3,
rm0399-stm32h745755-and-stm32h747757-advanced-armbased-32bit-mcus-stmicroelectronics_dfsdm.pdf,42,JOVRF,2,
rm0399-stm32h745755-and-stm32h747757-advanced-armbased-32bit-mcus-stmicroelectronics_dfsdm.pdf,42,REOCF,1,
rm0399-stm32h745755-and-stm32h747757-advanced-armbased-32bit-mcus-stmicroelectronics_dfsdm.pdf,42,JEOCF,0,
rm0399-stm32h745755-and-stm32h747757-advanced-armbased-32bit-mcus-stmicroelectronics_dfsdm.pdf,42,CLRSCDF,31:24,7:0
rm0399-stm32h745755-and-stm32h747757-advanced-armbased-32bit-mcus-stmicroelectronics_dfsdm.pdf,42,CLRCKABF,23:16,7:0
rm0399-stm32h745755-and-stm32h747757-advanced-armbased-32bit-mcus-stmicroelectronics_dfsdm.pdf,42,RESERVED,15:4,
rm0399-stm32h745755-and-stm32h747757-advanced-armbased-32bit-mcus-stmicroelectronics_dfsdm.pdf,43,CLRROVRF,3,
rm0399-stm32h745755-and-stm32h747757-advanced-armbased-32bit-mcus-stmicroelectronics_dfsdm.pdf,43,CLRJOVRF,2,
rm0399-stm32h745755-and-stm32h747757-advanced-armbased-32bit-mcus-stmicroelectronics_dfsdm.pdf,43,RESERVED,1:0,
rm0399-stm32h745755-and-stm32h747757-advanced-armbased-32bit-mcus-stmicroelectronics_dfsdm.pdf,43,RESERVED,31:8,
rm0399-stm32h745755-and-stm32h747757-advanced-armbased-32bit-mcus-stmicroelectronics_dfsdm.pdf,43,JCHG,7:0,7:0
rm0399-stm32h745755-and-stm32h747757-advanced-armbased-32bit-mcus-stmicroelectronics_dfsdm.pdf,44,FORD,31:29,2:0
rm0399-stm32h745755-and-stm32h747757-advanced-armbased-32bit-mcus-stmicroelectronics_dfsdm.pdf,44,RESERVED,28:26,
rm0399-stm32h745755-and-stm32h747757-advanced-armbased-32bit-mcus-stmicroelectronics_dfsdm.pdf,44,FOSR,25:16,9:0
rm0399-stm32h745755-and-stm32h747757-advanced-armbased-32bit-mcus-stmicroelectronics_dfsdm.pdf,44,RESERVED,15:8,
rm0399-stm32h745755-and-stm32h747757-advanced-armbased-32bit-mcus-stmicroelectronics_dfsdm.pdf,44,IOSR,7:0,7:0
rm0399-stm32h745755-and-stm32h747757-advanced-armbased-32bit-mcus-stmicroelectronics_dfsdm.pdf,45,JDATA,31:8,23:0
rm0399-stm32h745755-and-stm32h747757-advanced-armbased-32bit-mcus-stmicroelectronics_dfsdm.pdf,45,RESERVED,7:3,
rm0399-stm32h745755-and-stm32h747757-advanced-armbased-32bit-mcus-stmicroelectronics_dfsdm.pdf,45,JDATACH,2:0,2:0
rm0399-stm32h745755-and-stm32h747757-advanced-armbased-32bit-mcus-stmicroelectronics_dfsdm.pdf,45,RDATA,31:8,23:0
rm0399-stm32h745755-and-stm32h747757-advanced-armbased-32bit-mcus-stmicroelectronics_dfsdm.pdf,45,RESERVED,7:5,
rm0399-stm32h745755-and-stm32h747757-advanced-armbased-32bit-mcus-stmicroelectronics_dfsdm.pdf,45,RPEND,4,
rm0399-stm32h745755-and-stm32h747757-advanced-armbased-32bit-mcus-stmicroelectronics_dfsdm.pdf,45,RESERVED,3,
rm0399-stm32h745755-and-stm32h747757-advanced-armbased-32bit-mcus-stmicroelectronics_dfsdm.pdf,45,RDATACH,2:0,2:0
rm0399-stm32h745755-and-stm32h747757-advanced-armbased-32bit-mcus-stmicroelectronics_dfsdm.pdf,46,AWHT,31:8,23:0
rm0399-stm32h745755-and-stm32h747757-advanced-armbased-32bit-mcus-stmicroelectronics_dfsdm.pdf,46,RESERVED,7:4,
rm0399-stm32h745755-and-stm32h747757-advanced-armbased-32bit-mcus-stmicroelectronics_dfsdm.pdf,46,BKAWH,3:0,3:0
rm0399-stm32h745755-and-stm32h747757-advanced-armbased-32bit-mcus-stmicroelectronics_dfsdm.pdf,47,AWLT,31:8,23:0
rm0399-stm32h745755-and-stm32h747757-advanced-armbased-32bit-mcus-stmicroelectronics_dfsdm.pdf,47,RESERVED,7:4,
rm0399-stm32h745755-and-stm32h747757-advanced-armbased-32bit-mcus-stmicroelectronics_dfsdm.pdf,47,BKAWL,3:0,3:0
rm0399-stm32h745755-and-stm32h747757-advanced-armbased-32bit-mcus-stmicroelectronics_dfsdm.pdf,47,RESERVED,31:16,
rm0399-stm32h745755-and-stm32h747757-advanced-armbased-32bit-mcus-stmicroelectronics_dfsdm.pdf,47,AWHTF,15:8,7:0
rm0399-stm32h745755-and-stm32h747757-advanced-armbased-32bit-mcus-stmicroelectronics_dfsdm.pdf,47,AWLTF,7:0,7:0
rm0399-stm32h745755-and-stm32h747757-advanced-armbased-32bit-mcus-stmicroelectronics_dfsdm.pdf,48,RESERVED,31:16,
rm0399-stm32h745755-and-stm32h747757-advanced-armbased-32bit-mcus-stmicroelectronics_dfsdm.pdf,48,CLRAWHTF,15:8,7:0
rm0399-stm32h745755-and-stm32h747757-advanced-armbased-32bit-mcus-stmicroelectronics_dfsdm.pdf,48,CLRAWLTF,7:0,7:0
rm0399-stm32h745755-and-stm32h747757-advanced-armbased-32bit-mcus-stmicroelectronics_dfsdm.pdf,48,EXMAX,31:8,23:0
rm0399-stm32h745755-and-stm32h747757-advanced-armbased-32bit-mcus-stmicroelectronics_dfsdm.pdf,48,RESERVED,7:3,
rm0399-stm32h745755-and-stm32h747757-advanced-armbased-32bit-mcus-stmicroelectronics_dfsdm.pdf,48,EXMAXCH,2:0,2:0
rm0399-stm32h745755-and-stm32h747757-advanced-armbased-32bit-mcus-stmicroelectronics_dfsdm.pdf,49,EXMIN,31:8,23:0
rm0399-stm32h745755-and-stm32h747757-advanced-armbased-32bit-mcus-stmicroelectronics_dfsdm.pdf,49,RESERVED,7:3,
rm0399-stm32h745755-and-stm32h747757-advanced-armbased-32bit-mcus-stmicroelectronics_dfsdm.pdf,49,EXMINCH,2:0,2:0
rm0399-stm32h745755-and-stm32h747757-advanced-armbased-32bit-mcus-stmicroelectronics_dfsdm.pdf,50,CNVCNT,31:4,27:0
rm0399-stm32h745755-and-stm32h747757-advanced-armbased-32bit-mcus-stmicroelectronics_dfsdm.pdf,50,RESERVED,3:0,
rm0402-stm32f412-advanced-armbased-32bit-mcus-stmicroelectronics_dfsdm.pdf,31,DFSDMEN,31,
rm0402-stm32f412-advanced-armbased-32bit-mcus-stmicroelectronics_dfsdm.pdf,31,CKOUTSRC,30,
rm0402-stm32f412-advanced-armbased-32bit-mcus-stmicroelectronics_dfsdm.pdf,31,RESERVED,29:24,
rm0402-stm32f412-advanced-armbased-32bit-mcus-stmicroelectronics_dfsdm.pdf,31,CKOUTDIV,23:16,7:0
rm0402-stm32f412-advanced-armbased-32bit-mcus-stmicroelectronics_dfsdm.pdf,31,DATPACK,15:14,1:0
rm0402-stm32f412-advanced-armbased-32bit-mcus-stmicroelectronics_dfsdm.pdf,32,DATMPX,13:12,1:0
rm0402-stm32f412-advanced-armbased-32bit-mcus-stmicroelectronics_dfsdm.pdf,32,RESERVED,11:9,
rm0402-stm32f412-advanced-armbased-32bit-mcus-stmicroelectronics_dfsdm.pdf,32,CHINSEL,8,
rm0402-stm32f412-advanced-armbased-32bit-mcus-stmicroelectronics_dfsdm.pdf,32,CHEN,7,
rm0402-stm32f412-advanced-armbased-32bit-mcus-stmicroelectronics_dfsdm.pdf,32,CKABEN,6,
rm0402-stm32f412-advanced-armbased-32bit-mcus-stmicroelectronics_dfsdm.pdf,32,SCDEN,5,
rm0402-stm32f412-advanced-armbased-32bit-mcus-stmicroelectronics_dfsdm.pdf,32,RESERVED,4,
rm0402-stm32f412-advanced-armbased-32bit-mcus-stmicroelectronics_dfsdm.pdf,32,SPICKSEL,3:2,1:0
rm0402-stm32f412-advanced-armbased-32bit-mcus-stmicroelectronics_dfsdm.pdf,32,SITP,1:0,1:0
rm0402-stm32f412-advanced-armbased-32bit-mcus-stmicroelectronics_dfsdm.pdf,33,OFFSET,31:8,23:0
rm0402-stm32f412-advanced-armbased-32bit-mcus-stmicroelectronics_dfsdm.pdf,33,DTRBS,7:3,4:0
rm0402-stm32f412-advanced-armbased-32bit-mcus-stmicroelectronics_dfsdm.pdf,33,RESERVED,2:0,
rm0402-stm32f412-advanced-armbased-32bit-mcus-stmicroelectronics_dfsdm.pdf,34,RESERVED,31:24,
rm0402-stm32f412-advanced-armbased-32bit-mcus-stmicroelectronics_dfsdm.pdf,34,AWFORD,23:22,1:0
rm0402-stm32f412-advanced-armbased-32bit-mcus-stmicroelectronics_dfsdm.pdf,34,RESERVED,21,
rm0402-stm32f412-advanced-armbased-32bit-mcus-stmicroelectronics_dfsdm.pdf,34,AWFOSR,20:16,4:0
rm0402-stm32f412-advanced-armbased-32bit-mcus-stmicroelectronics_dfsdm.pdf,34,BKSCD,15:12,3:0
rm0402-stm32f412-advanced-armbased-32bit-mcus-stmicroelectronics_dfsdm.pdf,34,RESERVED,11:8,
rm0402-stm32f412-advanced-armbased-32bit-mcus-stmicroelectronics_dfsdm.pdf,34,SCDT,7:0,7:0
rm0402-stm32f412-advanced-armbased-32bit-mcus-stmicroelectronics_dfsdm.pdf,35,RESERVED,31:16,
rm0402-stm32f412-advanced-armbased-32bit-mcus-stmicroelectronics_dfsdm.pdf,35,WDATA,15:0,15:0
rm0402-stm32f412-advanced-armbased-32bit-mcus-stmicroelectronics_dfsdm.pdf,35,INDAT1,31:16,15:0
rm0402-stm32f412-advanced-armbased-32bit-mcus-stmicroelectronics_dfsdm.pdf,35,INDAT0,15:0,15:0
rm0402-stm32f412-advanced-armbased-32bit-mcus-stmicroelectronics_dfsdm.pdf,36,RESERVED,31,
rm0402-stm32f412-advanced-armbased-32bit-mcus-stmicroelectronics_dfsdm.pdf,36,AWFSEL,30,
rm0402-stm32f412-advanced-armbased-32bit-mcus-stmicroelectronics_dfsdm.pdf,36,FAST,29,
rm0402-stm32f412-advanced-armbased-32bit-mcus-stmicroelectronics_dfsdm.pdf,36,RESERVED,28:26,
rm0402-stm32f412-advanced-armbased-32bit-mcus-stmicroelectronics_dfsdm.pdf,36,RCH,25:24,1:0
rm0402-stm32f412-advanced-armbased-32bit-mcus-stmicroelectronics_dfsdm.pdf,36,RESERVED,23:22,
rm0402-stm32f412-advanced-armbased-32bit-mcus-stmicroelectronics_dfsdm.pdf,37,RDMAEN,21,
rm0402-stm32f412-advanced-armbased-32bit-mcus-stmicroelectronics_dfsdm.pdf,37,RESERVED,20,
rm0402-stm32f412-advanced-armbased-32bit-mcus-stmicroelectronics_dfsdm.pdf,37,RSYNC,19,
rm0402-stm32f412-advanced-armbased-32bit-mcus-stmicroelectronics_dfsdm.pdf,37,RCONT,18,
rm0402-stm32f412-advanced-armbased-32bit-mcus-stmicroelectronics_dfsdm.pdf,37,RSWSTART,17,
rm0402-stm32f412-advanced-armbased-32bit-mcus-stmicroelectronics_dfsdm.pdf,37,RESERVED,16:15,
rm0402-stm32f412-advanced-armbased-32bit-mcus-stmicroelectronics_dfsdm.pdf,37,JEXTEN,14:13,1:0
rm0402-stm32f412-advanced-armbased-32bit-mcus-stmicroelectronics_dfsdm.pdf,37,RESERVED,12:11,
rm0402-stm32f412-advanced-armbased-32bit-mcus-stmicroelectronics_dfsdm.pdf,37,JEXTSEL,10:8,2:0
rm0402-stm32f412-advanced-armbased-32bit-mcus-stmicroelectronics_dfsdm.pdf,37,RESERVED,7:6,
rm0402-stm32f412-advanced-armbased-32bit-mcus-stmicroelectronics_dfsdm.pdf,38,JDMAEN,5,
rm0402-stm32f412-advanced-armbased-32bit-mcus-stmicroelectronics_dfsdm.pdf,38,JSCAN,4,
rm0402-stm32f412-advanced-armbased-32bit-mcus-stmicroelectronics_dfsdm.pdf,38,JSYNC,3,
rm0402-stm32f412-advanced-armbased-32bit-mcus-stmicroelectronics_dfsdm.pdf,38,RESERVED,2,
rm0402-stm32f412-advanced-armbased-32bit-mcus-stmicroelectronics_dfsdm.pdf,38,JSWSTART,1,
rm0402-stm32f412-advanced-armbased-32bit-mcus-stmicroelectronics_dfsdm.pdf,38,DFEN,0,
rm0402-stm32f412-advanced-armbased-32bit-mcus-stmicroelectronics_dfsdm.pdf,39,RESERVED,31:20,
rm0402-stm32f412-advanced-armbased-32bit-mcus-stmicroelectronics_dfsdm.pdf,39,AWDCH,19:16,3:0
rm0402-stm32f412-advanced-armbased-32bit-mcus-stmicroelectronics_dfsdm.pdf,39,RESERVED,15:12,
rm0402-stm32f412-advanced-armbased-32bit-mcus-stmicroelectronics_dfsdm.pdf,39,EXCH,11:8,3:0
rm0402-stm32f412-advanced-armbased-32bit-mcus-stmicroelectronics_dfsdm.pdf,39,RESERVED,7,
rm0402-stm32f412-advanced-armbased-32bit-mcus-stmicroelectronics_dfsdm.pdf,39,CKABIE,6,
rm0402-stm32f412-advanced-armbased-32bit-mcus-stmicroelectronics_dfsdm.pdf,39,SCDIE,5,
rm0402-stm32f412-advanced-armbased-32bit-mcus-stmicroelectronics_dfsdm.pdf,39,AWDIE,4,
rm0402-stm32f412-advanced-armbased-32bit-mcus-stmicroelectronics_dfsdm.pdf,39,ROVRIE,3,
rm0402-stm32f412-advanced-armbased-32bit-mcus-stmicroelectronics_dfsdm.pdf,39,JOVRIE,2,
rm0402-stm32f412-advanced-armbased-32bit-mcus-stmicroelectronics_dfsdm.pdf,39,REOCIE,1,
rm0402-stm32f412-advanced-armbased-32bit-mcus-stmicroelectronics_dfsdm.pdf,39,JEOCIE,0,
rm0402-stm32f412-advanced-armbased-32bit-mcus-stmicroelectronics_dfsdm.pdf,40,RESERVED,31:28,
rm0402-stm32f412-advanced-armbased-32bit-mcus-stmicroelectronics_dfsdm.pdf,40,SCDF,27:24,3:0
rm0402-stm32f412-advanced-armbased-32bit-mcus-stmicroelectronics_dfsdm.pdf,40,RESERVED,23:20,
rm0402-stm32f412-advanced-armbased-32bit-mcus-stmicroelectronics_dfsdm.pdf,40,CKABF,19:16,3:0
rm0402-stm32f412-advanced-armbased-32bit-mcus-stmicroelectronics_dfsdm.pdf,40,RESERVED,15,
rm0402-stm32f412-advanced-armbased-32bit-mcus-stmicroelectronics_dfsdm.pdf,40,RCIP,14,
rm0402-stm32f412-advanced-armbased-32bit-mcus-stmicroelectronics_dfsdm.pdf,40,JCIP,13,
rm0402-stm32f412-advanced-armbased-32bit-mcus-stmicroelectronics_dfsdm.pdf,40,RESERVED,12:5,
rm0402-stm32f412-advanced-armbased-32bit-mcus-stmicroelectronics_dfsdm.pdf,41,AWDF,4,
rm0402-stm32f412-advanced-armbased-32bit-mcus-stmicroelectronics_dfsdm.pdf,41,ROVRF,3,
rm0402-stm32f412-advanced-armbased-32bit-mcus-stmicroelectronics_dfsdm.pdf,41,JOVRF,2,
rm0402-stm32f412-advanced-armbased-32bit-mcus-stmicroelectronics_dfsdm.pdf,41,REOCF,1,
rm0402-stm32f412-advanced-armbased-32bit-mcus-stmicroelectronics_dfsdm.pdf,41,JEOCF,0,
rm0402-stm32f412-advanced-armbased-32bit-mcus-stmicroelectronics_dfsdm.pdf,42,RESERVED,31:28,
rm0402-stm32f412-advanced-armbased-32bit-mcus-stmicroelectronics_dfsdm.pdf,42,CLRSCDF,27:24,3:0
rm0402-stm32f412-advanced-armbased-32bit-mcus-stmicroelectronics_dfsdm.pdf,42,RESERVED,23:20,
rm0402-stm32f412-advanced-armbased-32bit-mcus-stmicroelectronics_dfsdm.pdf,42,CLRCKABF,19:16,3:0
rm0402-stm32f412-advanced-armbased-32bit-mcus-stmicroelectronics_dfsdm.pdf,42,RESERVED,15:4,
rm0402-stm32f412-advanced-armbased-32bit-mcus-stmicroelectronics_dfsdm.pdf,42,CLRROVRF,3,
rm0402-stm32f412-advanced-armbased-32bit-mcus-stmicroelectronics_dfsdm.pdf,42,CLRJOVRF,2,
rm0402-stm32f412-advanced-armbased-32bit-mcus-stmicroelectronics_dfsdm.pdf,42,RESERVED,1:0,
rm0402-stm32f412-advanced-armbased-32bit-mcus-stmicroelectronics_dfsdm.pdf,43,RESERVED,31:4,
rm0402-stm32f412-advanced-armbased-32bit-mcus-stmicroelectronics_dfsdm.pdf,43,JCHG,3:0,3:0
rm0402-stm32f412-advanced-armbased-32bit-mcus-stmicroelectronics_dfsdm.pdf,43,FORD,31:29,2:0
rm0402-stm32f412-advanced-armbased-32bit-mcus-stmicroelectronics_dfsdm.pdf,43,RESERVED,28:26,
rm0402-stm32f412-advanced-armbased-32bit-mcus-stmicroelectronics_dfsdm.pdf,44,FOSR,25:16,9:0
rm0402-stm32f412-advanced-armbased-32bit-mcus-stmicroelectronics_dfsdm.pdf,44,RESERVED,15:8,
rm0402-stm32f412-advanced-armbased-32bit-mcus-stmicroelectronics_dfsdm.pdf,44,IOSR,7:0,7:0
rm0402-stm32f412-advanced-armbased-32bit-mcus-stmicroelectronics_dfsdm.pdf,44,JDATA,31:8,23:0
rm0402-stm32f412-advanced-armbased-32bit-mcus-stmicroelectronics_dfsdm.pdf,44,RESERVED,7:2,
rm0402-stm32f412-advanced-armbased-32bit-mcus-stmicroelectronics_dfsdm.pdf,44,JDATACH,1:0,1:0
rm0402-stm32f412-advanced-armbased-32bit-mcus-stmicroelectronics_dfsdm.pdf,45,RDATA,31:8,23:0
rm0402-stm32f412-advanced-armbased-32bit-mcus-stmicroelectronics_dfsdm.pdf,45,RESERVED,7:5,
rm0402-stm32f412-advanced-armbased-32bit-mcus-stmicroelectronics_dfsdm.pdf,45,RPEND,4,
rm0402-stm32f412-advanced-armbased-32bit-mcus-stmicroelectronics_dfsdm.pdf,45,RESERVED,3:2,
rm0402-stm32f412-advanced-armbased-32bit-mcus-stmicroelectronics_dfsdm.pdf,45,RDATACH,1:0,1:0
rm0402-stm32f412-advanced-armbased-32bit-mcus-stmicroelectronics_dfsdm.pdf,46,AWHT,31:8,23:0
rm0402-stm32f412-advanced-armbased-32bit-mcus-stmicroelectronics_dfsdm.pdf,46,RESERVED,7:4,
rm0402-stm32f412-advanced-armbased-32bit-mcus-stmicroelectronics_dfsdm.pdf,46,BKAWH,3:0,3:0
rm0402-stm32f412-advanced-armbased-32bit-mcus-stmicroelectronics_dfsdm.pdf,46,AWLT,31:8,23:0
rm0402-stm32f412-advanced-armbased-32bit-mcus-stmicroelectronics_dfsdm.pdf,46,RESERVED,7:4,
rm0402-stm32f412-advanced-armbased-32bit-mcus-stmicroelectronics_dfsdm.pdf,46,BKAWL,3:0,3:0
rm0402-stm32f412-advanced-armbased-32bit-mcus-stmicroelectronics_dfsdm.pdf,47,RESERVED,31:12,
rm0402-stm32f412-advanced-armbased-32bit-mcus-stmicroelectronics_dfsdm.pdf,47,AWHTF,11:8,3:0
rm0402-stm32f412-advanced-armbased-32bit-mcus-stmicroelectronics_dfsdm.pdf,47,RESERVED,7:4,
rm0402-stm32f412-advanced-armbased-32bit-mcus-stmicroelectronics_dfsdm.pdf,47,AWLTF,3:0,3:0
rm0402-stm32f412-advanced-armbased-32bit-mcus-stmicroelectronics_dfsdm.pdf,47,RESERVED,31:12,
rm0402-stm32f412-advanced-armbased-32bit-mcus-stmicroelectronics_dfsdm.pdf,48,CLRAWHTF,11:8,3:0
rm0402-stm32f412-advanced-armbased-32bit-mcus-stmicroelectronics_dfsdm.pdf,48,RESERVED,7:4,
rm0402-stm32f412-advanced-armbased-32bit-mcus-stmicroelectronics_dfsdm.pdf,48,CLRAWLTF,3:0,3:0
rm0402-stm32f412-advanced-armbased-32bit-mcus-stmicroelectronics_dfsdm.pdf,48,EXMAX,31:8,23:0
rm0402-stm32f412-advanced-armbased-32bit-mcus-stmicroelectronics_dfsdm.pdf,48,RESERVED,7:2,
rm0402-stm32f412-advanced-armbased-32bit-mcus-stmicroelectronics_dfsdm.pdf,48,EXMAXCH,1:0,1:0
rm0402-stm32f412-advanced-armbased-32bit-mcus-stmicroelectronics_dfsdm.pdf,49,EXMIN,31:8,23:0
rm0402-stm32f412-advanced-armbased-32bit-mcus-stmicroelectronics_dfsdm.pdf,49,RESERVED,7:2,
rm0402-stm32f412-advanced-armbased-32bit-mcus-stmicroelectronics_dfsdm.pdf,49,EXMINCH,1:0,1:0
rm0402-stm32f412-advanced-armbased-32bit-mcus-stmicroelectronics_dfsdm.pdf,49,CNVCNT,31:4,27:0
rm0402-stm32f412-advanced-armbased-32bit-mcus-stmicroelectronics_dfsdm.pdf,49,RESERVED,3:0,
rm0410-stm32f76xxx-and-stm32f77xxx-advanced-armbased-32bit-mcus-stmicroelectronics_dfsdm.pdf,30,DFSDMEN,31,
rm0410-stm32f76xxx-and-stm32f77xxx-advanced-armbased-32bit-mcus-stmicroelectronics_dfsdm.pdf,30,CKOUTSRC,30,
rm0410-stm32f76xxx-and-stm32f77xxx-advanced-armbased-32bit-mcus-stmicroelectronics_dfsdm.pdf,30,RESERVED,29:24,
rm0410-stm32f76xxx-and-stm32f77xxx-advanced-armbased-32bit-mcus-stmicroelectronics_dfsdm.pdf,30,CKOUTDIV,23:16,7:0
rm0410-stm32f76xxx-and-stm32f77xxx-advanced-armbased-32bit-mcus-stmicroelectronics_dfsdm.pdf,30,DATPACK,15:14,1:0
rm0410-stm32f76xxx-and-stm32f77xxx-advanced-armbased-32bit-mcus-stmicroelectronics_dfsdm.pdf,31,DATMPX,13:12,1:0
rm0410-stm32f76xxx-and-stm32f77xxx-advanced-armbased-32bit-mcus-stmicroelectronics_dfsdm.pdf,31,RESERVED,11:9,
rm0410-stm32f76xxx-and-stm32f77xxx-advanced-armbased-32bit-mcus-stmicroelectronics_dfsdm.pdf,31,CHINSEL,8,
rm0410-stm32f76xxx-and-stm32f77xxx-advanced-armbased-32bit-mcus-stmicroelectronics_dfsdm.pdf,31,CHEN,7,
rm0410-stm32f76xxx-and-stm32f77xxx-advanced-armbased-32bit-mcus-stmicroelectronics_dfsdm.pdf,31,CKABEN,6,
rm0410-stm32f76xxx-and-stm32f77xxx-advanced-armbased-32bit-mcus-stmicroelectronics_dfsdm.pdf,31,SCDEN,5,
rm0410-stm32f76xxx-and-stm32f77xxx-advanced-armbased-32bit-mcus-stmicroelectronics_dfsdm.pdf,31,RESERVED,4,
rm0410-stm32f76xxx-and-stm32f77xxx-advanced-armbased-32bit-mcus-stmicroelectronics_dfsdm.pdf,31,SPICKSEL,3:2,1:0
rm0410-stm32f76xxx-and-stm32f77xxx-advanced-armbased-32bit-mcus-stmicroelectronics_dfsdm.pdf,31,SITP,1:0,1:0
rm0410-stm32f76xxx-and-stm32f77xxx-advanced-armbased-32bit-mcus-stmicroelectronics_dfsdm.pdf,32,OFFSET,31:8,23:0
rm0410-stm32f76xxx-and-stm32f77xxx-advanced-armbased-32bit-mcus-stmicroelectronics_dfsdm.pdf,32,DTRBS,7:3,4:0
rm0410-stm32f76xxx-and-stm32f77xxx-advanced-armbased-32bit-mcus-stmicroelectronics_dfsdm.pdf,32,RESERVED,2:0,
rm0410-stm32f76xxx-and-stm32f77xxx-advanced-armbased-32bit-mcus-stmicroelectronics_dfsdm.pdf,33,RESERVED,31:24,
rm0410-stm32f76xxx-and-stm32f77xxx-advanced-armbased-32bit-mcus-stmicroelectronics_dfsdm.pdf,33,AWFORD,23:22,1:0
rm0410-stm32f76xxx-and-stm32f77xxx-advanced-armbased-32bit-mcus-stmicroelectronics_dfsdm.pdf,33,RESERVED,21,
rm0410-stm32f76xxx-and-stm32f77xxx-advanced-armbased-32bit-mcus-stmicroelectronics_dfsdm.pdf,33,AWFOSR,20:16,4:0
rm0410-stm32f76xxx-and-stm32f77xxx-advanced-armbased-32bit-mcus-stmicroelectronics_dfsdm.pdf,33,BKSCD,15:12,3:0
rm0410-stm32f76xxx-and-stm32f77xxx-advanced-armbased-32bit-mcus-stmicroelectronics_dfsdm.pdf,33,RESERVED,11:8,
rm0410-stm32f76xxx-and-stm32f77xxx-advanced-armbased-32bit-mcus-stmicroelectronics_dfsdm.pdf,33,SCDT,7:0,7:0
rm0410-stm32f76xxx-and-stm32f77xxx-advanced-armbased-32bit-mcus-stmicroelectronics_dfsdm.pdf,34,RESERVED,31:16,
rm0410-stm32f76xxx-and-stm32f77xxx-advanced-armbased-32bit-mcus-stmicroelectronics_dfsdm.pdf,34,WDATA,15:0,15:0
rm0410-stm32f76xxx-and-stm32f77xxx-advanced-armbased-32bit-mcus-stmicroelectronics_dfsdm.pdf,34,INDAT1,31:16,15:0
rm0410-stm32f76xxx-and-stm32f77xxx-advanced-armbased-32bit-mcus-stmicroelectronics_dfsdm.pdf,34,INDAT0,15:0,15:0
rm0410-stm32f76xxx-and-stm32f77xxx-advanced-armbased-32bit-mcus-stmicroelectronics_dfsdm.pdf,35,RESERVED,31,
rm0410-stm32f76xxx-and-stm32f77xxx-advanced-armbased-32bit-mcus-stmicroelectronics_dfsdm.pdf,35,AWFSEL,30,
rm0410-stm32f76xxx-and-stm32f77xxx-advanced-armbased-32bit-mcus-stmicroelectronics_dfsdm.pdf,35,FAST,29,
rm0410-stm32f76xxx-and-stm32f77xxx-advanced-armbased-32bit-mcus-stmicroelectronics_dfsdm.pdf,35,RESERVED,28:27,
rm0410-stm32f76xxx-and-stm32f77xxx-advanced-armbased-32bit-mcus-stmicroelectronics_dfsdm.pdf,35,RCH,26:24,2:0
rm0410-stm32f76xxx-and-stm32f77xxx-advanced-armbased-32bit-mcus-stmicroelectronics_dfsdm.pdf,35,RESERVED,23:22,
rm0410-stm32f76xxx-and-stm32f77xxx-advanced-armbased-32bit-mcus-stmicroelectronics_dfsdm.pdf,36,RDMAEN,21,
rm0410-stm32f76xxx-and-stm32f77xxx-advanced-armbased-32bit-mcus-stmicroelectronics_dfsdm.pdf,36,RESERVED,20,
rm0410-stm32f76xxx-and-stm32f77xxx-advanced-armbased-32bit-mcus-stmicroelectronics_dfsdm.pdf,36,RSYNC,19,
rm0410-stm32f76xxx-and-stm32f77xxx-advanced-armbased-32bit-mcus-stmicroelectronics_dfsdm.pdf,36,RCONT,18,
rm0410-stm32f76xxx-and-stm32f77xxx-advanced-armbased-32bit-mcus-stmicroelectronics_dfsdm.pdf,36,RSWSTART,17,
rm0410-stm32f76xxx-and-stm32f77xxx-advanced-armbased-32bit-mcus-stmicroelectronics_dfsdm.pdf,36,RESERVED,16:15,
rm0410-stm32f76xxx-and-stm32f77xxx-advanced-armbased-32bit-mcus-stmicroelectronics_dfsdm.pdf,36,JEXTEN,14:13,1:0
rm0410-stm32f76xxx-and-stm32f77xxx-advanced-armbased-32bit-mcus-stmicroelectronics_dfsdm.pdf,36,JEXTSEL,12:8,4:0
rm0410-stm32f76xxx-and-stm32f77xxx-advanced-armbased-32bit-mcus-stmicroelectronics_dfsdm.pdf,36,RESERVED,7:6,
rm0410-stm32f76xxx-and-stm32f77xxx-advanced-armbased-32bit-mcus-stmicroelectronics_dfsdm.pdf,36,JDMAEN,5,
rm0410-stm32f76xxx-and-stm32f77xxx-advanced-armbased-32bit-mcus-stmicroelectronics_dfsdm.pdf,37,JSCAN,4,
rm0410-stm32f76xxx-and-stm32f77xxx-advanced-armbased-32bit-mcus-stmicroelectronics_dfsdm.pdf,37,JSYNC,3,
rm0410-stm32f76xxx-and-stm32f77xxx-advanced-armbased-32bit-mcus-stmicroelectronics_dfsdm.pdf,37,RESERVED,2,
rm0410-stm32f76xxx-and-stm32f77xxx-advanced-armbased-32bit-mcus-stmicroelectronics_dfsdm.pdf,37,JSWSTART,1,
rm0410-stm32f76xxx-and-stm32f77xxx-advanced-armbased-32bit-mcus-stmicroelectronics_dfsdm.pdf,37,DFEN,0,
rm0410-stm32f76xxx-and-stm32f77xxx-advanced-armbased-32bit-mcus-stmicroelectronics_dfsdm.pdf,38,RESERVED,31:24,
rm0410-stm32f76xxx-and-stm32f77xxx-advanced-armbased-32bit-mcus-stmicroelectronics_dfsdm.pdf,38,AWDCH,23:16,7:0
rm0410-stm32f76xxx-and-stm32f77xxx-advanced-armbased-32bit-mcus-stmicroelectronics_dfsdm.pdf,38,EXCH,15:8,7:0
rm0410-stm32f76xxx-and-stm32f77xxx-advanced-armbased-32bit-mcus-stmicroelectronics_dfsdm.pdf,38,RESERVED,7,
rm0410-stm32f76xxx-and-stm32f77xxx-advanced-armbased-32bit-mcus-stmicroelectronics_dfsdm.pdf,38,CKABIE,6,
rm0410-stm32f76xxx-and-stm32f77xxx-advanced-armbased-32bit-mcus-stmicroelectronics_dfsdm.pdf,38,SCDIE,5,
rm0410-stm32f76xxx-and-stm32f77xxx-advanced-armbased-32bit-mcus-stmicroelectronics_dfsdm.pdf,38,AWDIE,4,
rm0410-stm32f76xxx-and-stm32f77xxx-advanced-armbased-32bit-mcus-stmicroelectronics_dfsdm.pdf,38,ROVRIE,3,
rm0410-stm32f76xxx-and-stm32f77xxx-advanced-armbased-32bit-mcus-stmicroelectronics_dfsdm.pdf,38,JOVRIE,2,
rm0410-stm32f76xxx-and-stm32f77xxx-advanced-armbased-32bit-mcus-stmicroelectronics_dfsdm.pdf,38,REOCIE,1,
rm0410-stm32f76xxx-and-stm32f77xxx-advanced-armbased-32bit-mcus-stmicroelectronics_dfsdm.pdf,38,JEOCIE,0,
rm0410-stm32f76xxx-and-stm32f77xxx-advanced-armbased-32bit-mcus-stmicroelectronics_dfsdm.pdf,39,SCDF,31:24,7:0
rm0410-stm32f76xxx-and-stm32f77xxx-advanced-armbased-32bit-mcus-stmicroelectronics_dfsdm.pdf,39,CKABF,23:16,7:0
rm0410-stm32f76xxx-and-stm32f77xxx-advanced-armbased-32bit-mcus-stmicroelectronics_dfsdm.pdf,39,RESERVED,15,
rm0410-stm32f76xxx-and-stm32f77xxx-advanced-armbased-32bit-mcus-stmicroelectronics_dfsdm.pdf,39,RCIP,14,
rm0410-stm32f76xxx-and-stm32f77xxx-advanced-armbased-32bit-mcus-stmicroelectronics_dfsdm.pdf,39,JCIP,13,
rm0410-stm32f76xxx-and-stm32f77xxx-advanced-armbased-32bit-mcus-stmicroelectronics_dfsdm.pdf,39,RESERVED,12:5,
rm0410-stm32f76xxx-and-stm32f77xxx-advanced-armbased-32bit-mcus-stmicroelectronics_dfsdm.pdf,39,AWDF,4,
rm0410-stm32f76xxx-and-stm32f77xxx-advanced-armbased-32bit-mcus-stmicroelectronics_dfsdm.pdf,40,ROVRF,3,
rm0410-stm32f76xxx-and-stm32f77xxx-advanced-armbased-32bit-mcus-stmicroelectronics_dfsdm.pdf,40,JOVRF,2,
rm0410-stm32f76xxx-and-stm32f77xxx-advanced-armbased-32bit-mcus-stmicroelectronics_dfsdm.pdf,40,REOCF,1,
rm0410-stm32f76xxx-and-stm32f77xxx-advanced-armbased-32bit-mcus-stmicroelectronics_dfsdm.pdf,40,JEOCF,0,
rm0410-stm32f76xxx-and-stm32f77xxx-advanced-armbased-32bit-mcus-stmicroelectronics_dfsdm.pdf,41,CLRSCDF,31:24,7:0
rm0410-stm32f76xxx-and-stm32f77xxx-advanced-armbased-32bit-mcus-stmicroelectronics_dfsdm.pdf,41,CLRCKABF,23:16,7:0
rm0410-stm32f76xxx-and-stm32f77xxx-advanced-armbased-32bit-mcus-stmicroelectronics_dfsdm.pdf,41,RESERVED,15:4,
rm0410-stm32f76xxx-and-stm32f77xxx-advanced-armbased-32bit-mcus-stmicroelectronics_dfsdm.pdf,41,CLRROVRF,3,
rm0410-stm32f76xxx-and-stm32f77xxx-advanced-armbased-32bit-mcus-stmicroelectronics_dfsdm.pdf,41,CLRJOVRF,2,
rm0410-stm32f76xxx-and-stm32f77xxx-advanced-armbased-32bit-mcus-stmicroelectronics_dfsdm.pdf,41,RESERVED,1:0,
rm0410-stm32f76xxx-and-stm32f77xxx-advanced-armbased-32bit-mcus-stmicroelectronics_dfsdm.pdf,41,RESERVED,31:8,
rm0410-stm32f76xxx-and-stm32f77xxx-advanced-armbased-32bit-mcus-stmicroelectronics_dfsdm.pdf,41,JCHG,7:0,7:0
rm0410-stm32f76xxx-and-stm32f77xxx-advanced-armbased-32bit-mcus-stmicroelectronics_dfsdm.pdf,42,FORD,31:29,2:0
rm0410-stm32f76xxx-and-stm32f77xxx-advanced-armbased-32bit-mcus-stmicroelectronics_dfsdm.pdf,42,RESERVED,28:26,
rm0410-stm32f76xxx-and-stm32f77xxx-advanced-armbased-32bit-mcus-stmicroelectronics_dfsdm.pdf,42,FOSR,25:16,9:0
rm0410-stm32f76xxx-and-stm32f77xxx-advanced-armbased-32bit-mcus-stmicroelectronics_dfsdm.pdf,42,RESERVED,15:8,
rm0410-stm32f76xxx-and-stm32f77xxx-advanced-armbased-32bit-mcus-stmicroelectronics_dfsdm.pdf,42,IOSR,7:0,7:0
rm0410-stm32f76xxx-and-stm32f77xxx-advanced-armbased-32bit-mcus-stmicroelectronics_dfsdm.pdf,43,JDATA,31:8,23:0
rm0410-stm32f76xxx-and-stm32f77xxx-advanced-armbased-32bit-mcus-stmicroelectronics_dfsdm.pdf,43,RESERVED,7:3,
rm0410-stm32f76xxx-and-stm32f77xxx-advanced-armbased-32bit-mcus-stmicroelectronics_dfsdm.pdf,43,JDATACH,2:0,2:0
rm0410-stm32f76xxx-and-stm32f77xxx-advanced-armbased-32bit-mcus-stmicroelectronics_dfsdm.pdf,44,RDATA,31:8,23:0
rm0410-stm32f76xxx-and-stm32f77xxx-advanced-armbased-32bit-mcus-stmicroelectronics_dfsdm.pdf,44,RESERVED,7:5,
rm0410-stm32f76xxx-and-stm32f77xxx-advanced-armbased-32bit-mcus-stmicroelectronics_dfsdm.pdf,44,RPEND,4,
rm0410-stm32f76xxx-and-stm32f77xxx-advanced-armbased-32bit-mcus-stmicroelectronics_dfsdm.pdf,44,RESERVED,3,
rm0410-stm32f76xxx-and-stm32f77xxx-advanced-armbased-32bit-mcus-stmicroelectronics_dfsdm.pdf,44,RDATACH,2:0,2:0
rm0410-stm32f76xxx-and-stm32f77xxx-advanced-armbased-32bit-mcus-stmicroelectronics_dfsdm.pdf,44,AWHT,31:8,23:0
rm0410-stm32f76xxx-and-stm32f77xxx-advanced-armbased-32bit-mcus-stmicroelectronics_dfsdm.pdf,44,RESERVED,7:4,
rm0410-stm32f76xxx-and-stm32f77xxx-advanced-armbased-32bit-mcus-stmicroelectronics_dfsdm.pdf,44,BKAWH,3:0,3:0
rm0410-stm32f76xxx-and-stm32f77xxx-advanced-armbased-32bit-mcus-stmicroelectronics_dfsdm.pdf,45,AWLT,31:8,23:0
rm0410-stm32f76xxx-and-stm32f77xxx-advanced-armbased-32bit-mcus-stmicroelectronics_dfsdm.pdf,45,RESERVED,7:4,
rm0410-stm32f76xxx-and-stm32f77xxx-advanced-armbased-32bit-mcus-stmicroelectronics_dfsdm.pdf,45,BKAWL,3:0,3:0
rm0410-stm32f76xxx-and-stm32f77xxx-advanced-armbased-32bit-mcus-stmicroelectronics_dfsdm.pdf,45,RESERVED,31:16,
rm0410-stm32f76xxx-and-stm32f77xxx-advanced-armbased-32bit-mcus-stmicroelectronics_dfsdm.pdf,45,AWHTF,15:8,7:0
rm0410-stm32f76xxx-and-stm32f77xxx-advanced-armbased-32bit-mcus-stmicroelectronics_dfsdm.pdf,45,AWLTF,7:0,7:0
rm0410-stm32f76xxx-and-stm32f77xxx-advanced-armbased-32bit-mcus-stmicroelectronics_dfsdm.pdf,46,RESERVED,31:16,
rm0410-stm32f76xxx-and-stm32f77xxx-advanced-armbased-32bit-mcus-stmicroelectronics_dfsdm.pdf,46,CLRAWHTF,15:8,7:0
rm0410-stm32f76xxx-and-stm32f77xxx-advanced-armbased-32bit-mcus-stmicroelectronics_dfsdm.pdf,46,CLRAWLTF,7:0,7:0
rm0410-stm32f76xxx-and-stm32f77xxx-advanced-armbased-32bit-mcus-stmicroelectronics_dfsdm.pdf,46,EXMAX,31:8,23:0
rm0410-stm32f76xxx-and-stm32f77xxx-advanced-armbased-32bit-mcus-stmicroelectronics_dfsdm.pdf,46,RESERVED,7:3,
rm0410-stm32f76xxx-and-stm32f77xxx-advanced-armbased-32bit-mcus-stmicroelectronics_dfsdm.pdf,46,EXMAXCH,2:0,2:0
rm0410-stm32f76xxx-and-stm32f77xxx-advanced-armbased-32bit-mcus-stmicroelectronics_dfsdm.pdf,47,EXMIN,31:8,23:0
rm0410-stm32f76xxx-and-stm32f77xxx-advanced-armbased-32bit-mcus-stmicroelectronics_dfsdm.pdf,47,RESERVED,7:3,
rm0410-stm32f76xxx-and-stm32f77xxx-advanced-armbased-32bit-mcus-stmicroelectronics_dfsdm.pdf,47,EXMINCH,2:0,2:0
rm0410-stm32f76xxx-and-stm32f77xxx-advanced-armbased-32bit-mcus-stmicroelectronics_dfsdm.pdf,48,CNVCNT,31:4,27:0
rm0410-stm32f76xxx-and-stm32f77xxx-advanced-armbased-32bit-mcus-stmicroelectronics_dfsdm.pdf,48,RESERVED,3:0,
rm0430-stm32f413423-advanced-armbased-32bit-mcus-stmicroelectronics_dfsdm.pdf,34,DFSDMEN,31,
rm0430-stm32f413423-advanced-armbased-32bit-mcus-stmicroelectronics_dfsdm.pdf,34,CKOUTSRC,30,
rm0430-stm32f413423-advanced-armbased-32bit-mcus-stmicroelectronics_dfsdm.pdf,34,RESERVED,29:24,
rm0430-stm32f413423-advanced-armbased-32bit-mcus-stmicroelectronics_dfsdm.pdf,34,CKOUTDIV,23:16,7:0
rm0430-stm32f413423-advanced-armbased-32bit-mcus-stmicroelectronics_dfsdm.pdf,34,DATPACK,15:14,1:0
rm0430-stm32f413423-advanced-armbased-32bit-mcus-stmicroelectronics_dfsdm.pdf,35,DATMPX,13:12,1:0
rm0430-stm32f413423-advanced-armbased-32bit-mcus-stmicroelectronics_dfsdm.pdf,35,RESERVED,11:9,
rm0430-stm32f413423-advanced-armbased-32bit-mcus-stmicroelectronics_dfsdm.pdf,35,CHINSEL,8,
rm0430-stm32f413423-advanced-armbased-32bit-mcus-stmicroelectronics_dfsdm.pdf,35,CHEN,7,
rm0430-stm32f413423-advanced-armbased-32bit-mcus-stmicroelectronics_dfsdm.pdf,35,CKABEN,6,
rm0430-stm32f413423-advanced-armbased-32bit-mcus-stmicroelectronics_dfsdm.pdf,35,SCDEN,5,
rm0430-stm32f413423-advanced-armbased-32bit-mcus-stmicroelectronics_dfsdm.pdf,35,RESERVED,4,
rm0430-stm32f413423-advanced-armbased-32bit-mcus-stmicroelectronics_dfsdm.pdf,35,SPICKSEL,3:2,1:0
rm0430-stm32f413423-advanced-armbased-32bit-mcus-stmicroelectronics_dfsdm.pdf,35,SITP,1:0,1:0
rm0430-stm32f413423-advanced-armbased-32bit-mcus-stmicroelectronics_dfsdm.pdf,36,OFFSET,31:8,23:0
rm0430-stm32f413423-advanced-armbased-32bit-mcus-stmicroelectronics_dfsdm.pdf,36,DTRBS,7:3,4:0
rm0430-stm32f413423-advanced-armbased-32bit-mcus-stmicroelectronics_dfsdm.pdf,36,RESERVED,2:0,
rm0430-stm32f413423-advanced-armbased-32bit-mcus-stmicroelectronics_dfsdm.pdf,37,RESERVED,31:24,
rm0430-stm32f413423-advanced-armbased-32bit-mcus-stmicroelectronics_dfsdm.pdf,37,AWFORD,23:22,1:0
rm0430-stm32f413423-advanced-armbased-32bit-mcus-stmicroelectronics_dfsdm.pdf,37,RESERVED,21,
rm0430-stm32f413423-advanced-armbased-32bit-mcus-stmicroelectronics_dfsdm.pdf,37,AWFOSR,20:16,4:0
rm0430-stm32f413423-advanced-armbased-32bit-mcus-stmicroelectronics_dfsdm.pdf,37,BKSCD,15:12,3:0
rm0430-stm32f413423-advanced-armbased-32bit-mcus-stmicroelectronics_dfsdm.pdf,37,RESERVED,11:8,
rm0430-stm32f413423-advanced-armbased-32bit-mcus-stmicroelectronics_dfsdm.pdf,37,SCDT,7:0,7:0
rm0430-stm32f413423-advanced-armbased-32bit-mcus-stmicroelectronics_dfsdm.pdf,38,RESERVED,31:16,
rm0430-stm32f413423-advanced-armbased-32bit-mcus-stmicroelectronics_dfsdm.pdf,38,WDATA,15:0,15:0
rm0430-stm32f413423-advanced-armbased-32bit-mcus-stmicroelectronics_dfsdm.pdf,38,INDAT1,31:16,15:0
rm0430-stm32f413423-advanced-armbased-32bit-mcus-stmicroelectronics_dfsdm.pdf,38,INDAT0,15:0,15:0
rm0430-stm32f413423-advanced-armbased-32bit-mcus-stmicroelectronics_dfsdm.pdf,39,RESERVED,31,
rm0430-stm32f413423-advanced-armbased-32bit-mcus-stmicroelectronics_dfsdm.pdf,39,AWFSEL,30,
rm0430-stm32f413423-advanced-armbased-32bit-mcus-stmicroelectronics_dfsdm.pdf,39,FAST,29,
rm0430-stm32f413423-advanced-armbased-32bit-mcus-stmicroelectronics_dfsdm.pdf,39,RESERVED,28:27,
rm0430-stm32f413423-advanced-armbased-32bit-mcus-stmicroelectronics_dfsdm.pdf,39,RCH,26:24,2:0
rm0430-stm32f413423-advanced-armbased-32bit-mcus-stmicroelectronics_dfsdm.pdf,39,RESERVED,23:22,
rm0430-stm32f413423-advanced-armbased-32bit-mcus-stmicroelectronics_dfsdm.pdf,40,RDMAEN,21,
rm0430-stm32f413423-advanced-armbased-32bit-mcus-stmicroelectronics_dfsdm.pdf,40,RESERVED,20,
rm0430-stm32f413423-advanced-armbased-32bit-mcus-stmicroelectronics_dfsdm.pdf,40,RSYNC,19,
rm0430-stm32f413423-advanced-armbased-32bit-mcus-stmicroelectronics_dfsdm.pdf,40,RCONT,18,
rm0430-stm32f413423-advanced-armbased-32bit-mcus-stmicroelectronics_dfsdm.pdf,40,RSWSTART,17,
rm0430-stm32f413423-advanced-armbased-32bit-mcus-stmicroelectronics_dfsdm.pdf,40,RESERVED,16:15,
rm0430-stm32f413423-advanced-armbased-32bit-mcus-stmicroelectronics_dfsdm.pdf,40,JEXTEN,14:13,1:0
rm0430-stm32f413423-advanced-armbased-32bit-mcus-stmicroelectronics_dfsdm.pdf,40,RESERVED,12:11,
rm0430-stm32f413423-advanced-armbased-32bit-mcus-stmicroelectronics_dfsdm.pdf,40,JEXTSEL,10:8,2:0
rm0430-stm32f413423-advanced-armbased-32bit-mcus-stmicroelectronics_dfsdm.pdf,41,RESERVED,7:6,
rm0430-stm32f413423-advanced-armbased-32bit-mcus-stmicroelectronics_dfsdm.pdf,41,JDMAEN,5,
rm0430-stm32f413423-advanced-armbased-32bit-mcus-stmicroelectronics_dfsdm.pdf,41,JSCAN,4,
rm0430-stm32f413423-advanced-armbased-32bit-mcus-stmicroelectronics_dfsdm.pdf,41,JSYNC,3,
rm0430-stm32f413423-advanced-armbased-32bit-mcus-stmicroelectronics_dfsdm.pdf,41,RESERVED,2,
rm0430-stm32f413423-advanced-armbased-32bit-mcus-stmicroelectronics_dfsdm.pdf,41,JSWSTART,1,
rm0430-stm32f413423-advanced-armbased-32bit-mcus-stmicroelectronics_dfsdm.pdf,41,DFEN,0,
rm0430-stm32f413423-advanced-armbased-32bit-mcus-stmicroelectronics_dfsdm.pdf,42,RESERVED,31:24,
rm0430-stm32f413423-advanced-armbased-32bit-mcus-stmicroelectronics_dfsdm.pdf,42,AWDCH,23:16,7:0
rm0430-stm32f413423-advanced-armbased-32bit-mcus-stmicroelectronics_dfsdm.pdf,42,EXCH,15:8,7:0
rm0430-stm32f413423-advanced-armbased-32bit-mcus-stmicroelectronics_dfsdm.pdf,42,RESERVED,7,
rm0430-stm32f413423-advanced-armbased-32bit-mcus-stmicroelectronics_dfsdm.pdf,42,CKABIE,6,
rm0430-stm32f413423-advanced-armbased-32bit-mcus-stmicroelectronics_dfsdm.pdf,42,SCDIE,5,
rm0430-stm32f413423-advanced-armbased-32bit-mcus-stmicroelectronics_dfsdm.pdf,42,AWDIE,4,
rm0430-stm32f413423-advanced-armbased-32bit-mcus-stmicroelectronics_dfsdm.pdf,42,ROVRIE,3,
rm0430-stm32f413423-advanced-armbased-32bit-mcus-stmicroelectronics_dfsdm.pdf,43,JOVRIE,2,
rm0430-stm32f413423-advanced-armbased-32bit-mcus-stmicroelectronics_dfsdm.pdf,43,REOCIE,1,
rm0430-stm32f413423-advanced-armbased-32bit-mcus-stmicroelectronics_dfsdm.pdf,43,JEOCIE,0,
rm0430-stm32f413423-advanced-armbased-32bit-mcus-stmicroelectronics_dfsdm.pdf,43,SCDF,31:24,7:0
rm0430-stm32f413423-advanced-armbased-32bit-mcus-stmicroelectronics_dfsdm.pdf,43,CKABF,23:16,7:0
rm0430-stm32f413423-advanced-armbased-32bit-mcus-stmicroelectronics_dfsdm.pdf,43,RESERVED,15,
rm0430-stm32f413423-advanced-armbased-32bit-mcus-stmicroelectronics_dfsdm.pdf,43,RCIP,14,
rm0430-stm32f413423-advanced-armbased-32bit-mcus-stmicroelectronics_dfsdm.pdf,44,JCIP,13,
rm0430-stm32f413423-advanced-armbased-32bit-mcus-stmicroelectronics_dfsdm.pdf,44,RESERVED,12:5,
rm0430-stm32f413423-advanced-armbased-32bit-mcus-stmicroelectronics_dfsdm.pdf,44,AWDF,4,
rm0430-stm32f413423-advanced-armbased-32bit-mcus-stmicroelectronics_dfsdm.pdf,44,ROVRF,3,
rm0430-stm32f413423-advanced-armbased-32bit-mcus-stmicroelectronics_dfsdm.pdf,44,JOVRF,2,
rm0430-stm32f413423-advanced-armbased-32bit-mcus-stmicroelectronics_dfsdm.pdf,44,REOCF,1,
rm0430-stm32f413423-advanced-armbased-32bit-mcus-stmicroelectronics_dfsdm.pdf,44,JEOCF,0,
rm0430-stm32f413423-advanced-armbased-32bit-mcus-stmicroelectronics_dfsdm.pdf,45,CLRSCDF,31:24,7:0
rm0430-stm32f413423-advanced-armbased-32bit-mcus-stmicroelectronics_dfsdm.pdf,45,CLRCKABF,23:16,7:0
rm0430-stm32f413423-advanced-armbased-32bit-mcus-stmicroelectronics_dfsdm.pdf,45,RESERVED,15:4,
rm0430-stm32f413423-advanced-armbased-32bit-mcus-stmicroelectronics_dfsdm.pdf,45,CLRROVRF,3,
rm0430-stm32f413423-advanced-armbased-32bit-mcus-stmicroelectronics_dfsdm.pdf,45,CLRJOVRF,2,
rm0430-stm32f413423-advanced-armbased-32bit-mcus-stmicroelectronics_dfsdm.pdf,45,RESERVED,1:0,
rm0430-stm32f413423-advanced-armbased-32bit-mcus-stmicroelectronics_dfsdm.pdf,46,RESERVED,31:8,
rm0430-stm32f413423-advanced-armbased-32bit-mcus-stmicroelectronics_dfsdm.pdf,46,JCHG,7:0,7:0
rm0430-stm32f413423-advanced-armbased-32bit-mcus-stmicroelectronics_dfsdm.pdf,47,FORD,31:29,2:0
rm0430-stm32f413423-advanced-armbased-32bit-mcus-stmicroelectronics_dfsdm.pdf,47,RESERVED,28:26,
rm0430-stm32f413423-advanced-armbased-32bit-mcus-stmicroelectronics_dfsdm.pdf,47,FOSR,25:16,9:0
rm0430-stm32f413423-advanced-armbased-32bit-mcus-stmicroelectronics_dfsdm.pdf,47,RESERVED,15:8,
rm0430-stm32f413423-advanced-armbased-32bit-mcus-stmicroelectronics_dfsdm.pdf,47,IOSR,7:0,7:0
rm0430-stm32f413423-advanced-armbased-32bit-mcus-stmicroelectronics_dfsdm.pdf,48,JDATA,31:8,23:0
rm0430-stm32f413423-advanced-armbased-32bit-mcus-stmicroelectronics_dfsdm.pdf,48,RESERVED,7:3,
rm0430-stm32f413423-advanced-armbased-32bit-mcus-stmicroelectronics_dfsdm.pdf,48,JDATACH,2:0,2:0
rm0430-stm32f413423-advanced-armbased-32bit-mcus-stmicroelectronics_dfsdm.pdf,48,RDATA,31:8,23:0
rm0430-stm32f413423-advanced-armbased-32bit-mcus-stmicroelectronics_dfsdm.pdf,48,RESERVED,7:5,
rm0430-stm32f413423-advanced-armbased-32bit-mcus-stmicroelectronics_dfsdm.pdf,48,RPEND,4,
rm0430-stm32f413423-advanced-armbased-32bit-mcus-stmicroelectronics_dfsdm.pdf,48,RESERVED,3,
rm0430-stm32f413423-advanced-armbased-32bit-mcus-stmicroelectronics_dfsdm.pdf,48,RDATACH,2:0,2:0
rm0430-stm32f413423-advanced-armbased-32bit-mcus-stmicroelectronics_dfsdm.pdf,49,AWHT,31:8,23:0
rm0430-stm32f413423-advanced-armbased-32bit-mcus-stmicroelectronics_dfsdm.pdf,49,RESERVED,7:4,
rm0430-stm32f413423-advanced-armbased-32bit-mcus-stmicroelectronics_dfsdm.pdf,49,BKAWH,3:0,3:0
rm0430-stm32f413423-advanced-armbased-32bit-mcus-stmicroelectronics_dfsdm.pdf,50,AWLT,31:8,23:0
rm0430-stm32f413423-advanced-armbased-32bit-mcus-stmicroelectronics_dfsdm.pdf,50,RESERVED,7:4,
rm0430-stm32f413423-advanced-armbased-32bit-mcus-stmicroelectronics_dfsdm.pdf,50,BKAWL,3:0,3:0
rm0430-stm32f413423-advanced-armbased-32bit-mcus-stmicroelectronics_dfsdm.pdf,50,RESERVED,31:16,
rm0430-stm32f413423-advanced-armbased-32bit-mcus-stmicroelectronics_dfsdm.pdf,50,AWHTF,15:8,7:0
rm0430-stm32f413423-advanced-armbased-32bit-mcus-stmicroelectronics_dfsdm.pdf,50,AWLTF,7:0,7:0
rm0430-stm32f413423-advanced-armbased-32bit-mcus-stmicroelectronics_dfsdm.pdf,51,RESERVED,31:16,
rm0430-stm32f413423-advanced-armbased-32bit-mcus-stmicroelectronics_dfsdm.pdf,51,CLRAWHTF,15:8,7:0
rm0430-stm32f413423-advanced-armbased-32bit-mcus-stmicroelectronics_dfsdm.pdf,51,CLRAWLTF,7:0,7:0
rm0430-stm32f413423-advanced-armbased-32bit-mcus-stmicroelectronics_dfsdm.pdf,51,EXMAX,31:8,23:0
rm0430-stm32f413423-advanced-armbased-32bit-mcus-stmicroelectronics_dfsdm.pdf,51,RESERVED,7:3,
rm0430-stm32f413423-advanced-armbased-32bit-mcus-stmicroelectronics_dfsdm.pdf,51,EXMAXCH,2:0,2:0
rm0430-stm32f413423-advanced-armbased-32bit-mcus-stmicroelectronics_dfsdm.pdf,52,EXMIN,31:8,23:0
rm0430-stm32f413423-advanced-armbased-32bit-mcus-stmicroelectronics_dfsdm.pdf,52,RESERVED,7:3,
rm0430-stm32f413423-advanced-armbased-32bit-mcus-stmicroelectronics_dfsdm.pdf,52,EXMINCH,2:0,2:0
rm0430-stm32f413423-advanced-armbased-32bit-mcus-stmicroelectronics_dfsdm.pdf,53,CNVCNT,31:4,27:0
rm0430-stm32f413423-advanced-armbased-32bit-mcus-stmicroelectronics_dfsdm.pdf,53,RESERVED,3:0,
rm0432-stm32l4-series-advanced-armbased-32bit-mcus-stmicroelectronics_dfsdm.pdf,31,DFSDMEN,31,
rm0432-stm32l4-series-advanced-armbased-32bit-mcus-stmicroelectronics_dfsdm.pdf,31,CKOUTSRC,30,
rm0432-stm32l4-series-advanced-armbased-32bit-mcus-stmicroelectronics_dfsdm.pdf,31,RESERVED,29:24,
rm0432-stm32l4-series-advanced-armbased-32bit-mcus-stmicroelectronics_dfsdm.pdf,32,CKOUTDIV,23:16,7:0
rm0432-stm32l4-series-advanced-armbased-32bit-mcus-stmicroelectronics_dfsdm.pdf,32,DATPACK,15:14,1:0
rm0432-stm32l4-series-advanced-armbased-32bit-mcus-stmicroelectronics_dfsdm.pdf,32,DATMPX,13:12,1:0
rm0432-stm32l4-series-advanced-armbased-32bit-mcus-stmicroelectronics_dfsdm.pdf,32,RESERVED,11:9,
rm0432-stm32l4-series-advanced-armbased-32bit-mcus-stmicroelectronics_dfsdm.pdf,32,CHINSEL,8,
rm0432-stm32l4-series-advanced-armbased-32bit-mcus-stmicroelectronics_dfsdm.pdf,32,CHEN,7,
rm0432-stm32l4-series-advanced-armbased-32bit-mcus-stmicroelectronics_dfsdm.pdf,33,CKABEN,6,
rm0432-stm32l4-series-advanced-armbased-32bit-mcus-stmicroelectronics_dfsdm.pdf,33,SCDEN,5,
rm0432-stm32l4-series-advanced-armbased-32bit-mcus-stmicroelectronics_dfsdm.pdf,33,RESERVED,4,
rm0432-stm32l4-series-advanced-armbased-32bit-mcus-stmicroelectronics_dfsdm.pdf,33,SPICKSEL,3:2,1:0
rm0432-stm32l4-series-advanced-armbased-32bit-mcus-stmicroelectronics_dfsdm.pdf,33,SITP,1:0,1:0
rm0432-stm32l4-series-advanced-armbased-32bit-mcus-stmicroelectronics_dfsdm.pdf,34,OFFSET,31:8,23:0
rm0432-stm32l4-series-advanced-armbased-32bit-mcus-stmicroelectronics_dfsdm.pdf,34,DTRBS,7:3,4:0
rm0432-stm32l4-series-advanced-armbased-32bit-mcus-stmicroelectronics_dfsdm.pdf,34,RESERVED,2:0,
rm0432-stm32l4-series-advanced-armbased-32bit-mcus-stmicroelectronics_dfsdm.pdf,34,RESERVED,31:24,
rm0432-stm32l4-series-advanced-armbased-32bit-mcus-stmicroelectronics_dfsdm.pdf,34,AWFORD,23:22,1:0
rm0432-stm32l4-series-advanced-armbased-32bit-mcus-stmicroelectronics_dfsdm.pdf,34,RESERVED,21,
rm0432-stm32l4-series-advanced-armbased-32bit-mcus-stmicroelectronics_dfsdm.pdf,34,AWFOSR,20:16,4:0
rm0432-stm32l4-series-advanced-armbased-32bit-mcus-stmicroelectronics_dfsdm.pdf,35,BKSCD,15:12,3:0
rm0432-stm32l4-series-advanced-armbased-32bit-mcus-stmicroelectronics_dfsdm.pdf,35,RESERVED,11:8,
rm0432-stm32l4-series-advanced-armbased-32bit-mcus-stmicroelectronics_dfsdm.pdf,35,SCDT,7:0,7:0
rm0432-stm32l4-series-advanced-armbased-32bit-mcus-stmicroelectronics_dfsdm.pdf,35,RESERVED,31:16,
rm0432-stm32l4-series-advanced-armbased-32bit-mcus-stmicroelectronics_dfsdm.pdf,35,WDATA,15:0,15:0
rm0432-stm32l4-series-advanced-armbased-32bit-mcus-stmicroelectronics_dfsdm.pdf,36,INDAT1,31:16,15:0
rm0432-stm32l4-series-advanced-armbased-32bit-mcus-stmicroelectronics_dfsdm.pdf,36,INDAT0,15:0,15:0
rm0432-stm32l4-series-advanced-armbased-32bit-mcus-stmicroelectronics_dfsdm.pdf,37,RESERVED,31:6,
rm0432-stm32l4-series-advanced-armbased-32bit-mcus-stmicroelectronics_dfsdm.pdf,37,PLSSKP,5:0,5:0
rm0432-stm32l4-series-advanced-armbased-32bit-mcus-stmicroelectronics_dfsdm.pdf,37,RESERVED,31,
rm0432-stm32l4-series-advanced-armbased-32bit-mcus-stmicroelectronics_dfsdm.pdf,37,AWFSEL,30,
rm0432-stm32l4-series-advanced-armbased-32bit-mcus-stmicroelectronics_dfsdm.pdf,37,FAST,29,
rm0432-stm32l4-series-advanced-armbased-32bit-mcus-stmicroelectronics_dfsdm.pdf,37,RESERVED,28:27,
rm0432-stm32l4-series-advanced-armbased-32bit-mcus-stmicroelectronics_dfsdm.pdf,38,RCH,26:24,2:0
rm0432-stm32l4-series-advanced-armbased-32bit-mcus-stmicroelectronics_dfsdm.pdf,38,RESERVED,23:22,
rm0432-stm32l4-series-advanced-armbased-32bit-mcus-stmicroelectronics_dfsdm.pdf,38,RDMAEN,21,
rm0432-stm32l4-series-advanced-armbased-32bit-mcus-stmicroelectronics_dfsdm.pdf,38,RESERVED,20,
rm0432-stm32l4-series-advanced-armbased-32bit-mcus-stmicroelectronics_dfsdm.pdf,38,RSYNC,19,
rm0432-stm32l4-series-advanced-armbased-32bit-mcus-stmicroelectronics_dfsdm.pdf,38,RCONT,18,
rm0432-stm32l4-series-advanced-armbased-32bit-mcus-stmicroelectronics_dfsdm.pdf,38,RSWSTART,17,
rm0432-stm32l4-series-advanced-armbased-32bit-mcus-stmicroelectronics_dfsdm.pdf,38,RESERVED,16:15,
rm0432-stm32l4-series-advanced-armbased-32bit-mcus-stmicroelectronics_dfsdm.pdf,38,JEXTEN,14:13,1:0
rm0432-stm32l4-series-advanced-armbased-32bit-mcus-stmicroelectronics_dfsdm.pdf,39,JEXTSEL,12:8,4:0
rm0432-stm32l4-series-advanced-armbased-32bit-mcus-stmicroelectronics_dfsdm.pdf,39,RESERVED,7:6,
rm0432-stm32l4-series-advanced-armbased-32bit-mcus-stmicroelectronics_dfsdm.pdf,39,JDMAEN,5,
rm0432-stm32l4-series-advanced-armbased-32bit-mcus-stmicroelectronics_dfsdm.pdf,39,JSCAN,4,
rm0432-stm32l4-series-advanced-armbased-32bit-mcus-stmicroelectronics_dfsdm.pdf,39,JSYNC,3,
rm0432-stm32l4-series-advanced-armbased-32bit-mcus-stmicroelectronics_dfsdm.pdf,39,RESERVED,2,
rm0432-stm32l4-series-advanced-armbased-32bit-mcus-stmicroelectronics_dfsdm.pdf,39,JSWSTART,1,
rm0432-stm32l4-series-advanced-armbased-32bit-mcus-stmicroelectronics_dfsdm.pdf,39,DFEN,0,
rm0432-stm32l4-series-advanced-armbased-32bit-mcus-stmicroelectronics_dfsdm.pdf,40,RESERVED,31:24,
rm0432-stm32l4-series-advanced-armbased-32bit-mcus-stmicroelectronics_dfsdm.pdf,40,AWDCH,23:16,7:0
rm0432-stm32l4-series-advanced-armbased-32bit-mcus-stmicroelectronics_dfsdm.pdf,40,EXCH,15:8,7:0
rm0432-stm32l4-series-advanced-armbased-32bit-mcus-stmicroelectronics_dfsdm.pdf,40,RESERVED,7,
rm0432-stm32l4-series-advanced-armbased-32bit-mcus-stmicroelectronics_dfsdm.pdf,40,CKABIE,6,
rm0432-stm32l4-series-advanced-armbased-32bit-mcus-stmicroelectronics_dfsdm.pdf,40,SCDIE,5,
rm0432-stm32l4-series-advanced-armbased-32bit-mcus-stmicroelectronics_dfsdm.pdf,40,AWDIE,4,
rm0432-stm32l4-series-advanced-armbased-32bit-mcus-stmicroelectronics_dfsdm.pdf,40,ROVRIE,3,
rm0432-stm32l4-series-advanced-armbased-32bit-mcus-stmicroelectronics_dfsdm.pdf,41,JOVRIE,2,
rm0432-stm32l4-series-advanced-armbased-32bit-mcus-stmicroelectronics_dfsdm.pdf,41,REOCIE,1,
rm0432-stm32l4-series-advanced-armbased-32bit-mcus-stmicroelectronics_dfsdm.pdf,41,JEOCIE,0,
rm0432-stm32l4-series-advanced-armbased-32bit-mcus-stmicroelectronics_dfsdm.pdf,41,SCDF,31:24,7:0
rm0432-stm32l4-series-advanced-armbased-32bit-mcus-stmicroelectronics_dfsdm.pdf,41,CKABF,23:16,7:0
rm0432-stm32l4-series-advanced-armbased-32bit-mcus-stmicroelectronics_dfsdm.pdf,41,RESERVED,15,
rm0432-stm32l4-series-advanced-armbased-32bit-mcus-stmicroelectronics_dfsdm.pdf,41,RCIP,14,
rm0432-stm32l4-series-advanced-armbased-32bit-mcus-stmicroelectronics_dfsdm.pdf,42,JCIP,13,
rm0432-stm32l4-series-advanced-armbased-32bit-mcus-stmicroelectronics_dfsdm.pdf,42,RESERVED,12:5,
rm0432-stm32l4-series-advanced-armbased-32bit-mcus-stmicroelectronics_dfsdm.pdf,42,AWDF,4,
rm0432-stm32l4-series-advanced-armbased-32bit-mcus-stmicroelectronics_dfsdm.pdf,42,ROVRF,3,
rm0432-stm32l4-series-advanced-armbased-32bit-mcus-stmicroelectronics_dfsdm.pdf,42,JOVRF,2,
rm0432-stm32l4-series-advanced-armbased-32bit-mcus-stmicroelectronics_dfsdm.pdf,42,REOCF,1,
rm0432-stm32l4-series-advanced-armbased-32bit-mcus-stmicroelectronics_dfsdm.pdf,42,JEOCF,0,
rm0432-stm32l4-series-advanced-armbased-32bit-mcus-stmicroelectronics_dfsdm.pdf,43,CLRSCDF,31:24,7:0
rm0432-stm32l4-series-advanced-armbased-32bit-mcus-stmicroelectronics_dfsdm.pdf,43,CLRCKABF,23:16,7:0
rm0432-stm32l4-series-advanced-armbased-32bit-mcus-stmicroelectronics_dfsdm.pdf,43,RESERVED,15:4,
rm0432-stm32l4-series-advanced-armbased-32bit-mcus-stmicroelectronics_dfsdm.pdf,43,CLRROVRF,3,
rm0432-stm32l4-series-advanced-armbased-32bit-mcus-stmicroelectronics_dfsdm.pdf,43,CLRJOVRF,2,
rm0432-stm32l4-series-advanced-armbased-32bit-mcus-stmicroelectronics_dfsdm.pdf,43,RESERVED,1:0,
rm0432-stm32l4-series-advanced-armbased-32bit-mcus-stmicroelectronics_dfsdm.pdf,44,RESERVED,31:8,
rm0432-stm32l4-series-advanced-armbased-32bit-mcus-stmicroelectronics_dfsdm.pdf,44,JCHG,7:0,7:0
rm0432-stm32l4-series-advanced-armbased-32bit-mcus-stmicroelectronics_dfsdm.pdf,45,FORD,31:29,2:0
rm0432-stm32l4-series-advanced-armbased-32bit-mcus-stmicroelectronics_dfsdm.pdf,45,RESERVED,28:26,
rm0432-stm32l4-series-advanced-armbased-32bit-mcus-stmicroelectronics_dfsdm.pdf,45,FOSR,25:16,9:0
rm0432-stm32l4-series-advanced-armbased-32bit-mcus-stmicroelectronics_dfsdm.pdf,45,RESERVED,15:8,
rm0432-stm32l4-series-advanced-armbased-32bit-mcus-stmicroelectronics_dfsdm.pdf,45,IOSR,7:0,7:0
rm0432-stm32l4-series-advanced-armbased-32bit-mcus-stmicroelectronics_dfsdm.pdf,46,JDATA,31:8,23:0
rm0432-stm32l4-series-advanced-armbased-32bit-mcus-stmicroelectronics_dfsdm.pdf,46,RESERVED,7:3,
rm0432-stm32l4-series-advanced-armbased-32bit-mcus-stmicroelectronics_dfsdm.pdf,46,JDATACH,2:0,2:0
rm0432-stm32l4-series-advanced-armbased-32bit-mcus-stmicroelectronics_dfsdm.pdf,46,RDATA,31:8,23:0
rm0432-stm32l4-series-advanced-armbased-32bit-mcus-stmicroelectronics_dfsdm.pdf,46,RESERVED,7:5,
rm0432-stm32l4-series-advanced-armbased-32bit-mcus-stmicroelectronics_dfsdm.pdf,46,RPEND,4,
rm0432-stm32l4-series-advanced-armbased-32bit-mcus-stmicroelectronics_dfsdm.pdf,46,RESERVED,3,
rm0432-stm32l4-series-advanced-armbased-32bit-mcus-stmicroelectronics_dfsdm.pdf,46,RDATACH,2:0,2:0
rm0432-stm32l4-series-advanced-armbased-32bit-mcus-stmicroelectronics_dfsdm.pdf,47,AWHT,31:8,23:0
rm0432-stm32l4-series-advanced-armbased-32bit-mcus-stmicroelectronics_dfsdm.pdf,47,RESERVED,7:4,
rm0432-stm32l4-series-advanced-armbased-32bit-mcus-stmicroelectronics_dfsdm.pdf,47,BKAWH,3:0,3:0
rm0432-stm32l4-series-advanced-armbased-32bit-mcus-stmicroelectronics_dfsdm.pdf,48,AWLT,31:8,23:0
rm0432-stm32l4-series-advanced-armbased-32bit-mcus-stmicroelectronics_dfsdm.pdf,48,RESERVED,7:4,
rm0432-stm32l4-series-advanced-armbased-32bit-mcus-stmicroelectronics_dfsdm.pdf,48,BKAWL,3:0,3:0
rm0432-stm32l4-series-advanced-armbased-32bit-mcus-stmicroelectronics_dfsdm.pdf,48,RESERVED,31:16,
rm0432-stm32l4-series-advanced-armbased-32bit-mcus-stmicroelectronics_dfsdm.pdf,48,AWHTF,15:8,7:0
rm0432-stm32l4-series-advanced-armbased-32bit-mcus-stmicroelectronics_dfsdm.pdf,48,AWLTF,7:0,7:0
rm0432-stm32l4-series-advanced-armbased-32bit-mcus-stmicroelectronics_dfsdm.pdf,49,RESERVED,31:16,
rm0432-stm32l4-series-advanced-armbased-32bit-mcus-stmicroelectronics_dfsdm.pdf,49,CLRAWHTF,15:8,7:0
rm0432-stm32l4-series-advanced-armbased-32bit-mcus-stmicroelectronics_dfsdm.pdf,49,CLRAWLTF,7:0,7:0
rm0432-stm32l4-series-advanced-armbased-32bit-mcus-stmicroelectronics_dfsdm.pdf,49,EXMAX,31:8,23:0
rm0432-stm32l4-series-advanced-armbased-32bit-mcus-stmicroelectronics_dfsdm.pdf,49,RESERVED,7:3,
rm0432-stm32l4-series-advanced-armbased-32bit-mcus-stmicroelectronics_dfsdm.pdf,49,EXMAXCH,2:0,2:0
rm0432-stm32l4-series-advanced-armbased-32bit-mcus-stmicroelectronics_dfsdm.pdf,50,EXMIN,31:8,23:0
rm0432-stm32l4-series-advanced-armbased-32bit-mcus-stmicroelectronics_dfsdm.pdf,50,RESERVED,7:3,
rm0432-stm32l4-series-advanced-armbased-32bit-mcus-stmicroelectronics_dfsdm.pdf,50,EXMINCH,2:0,2:0
rm0432-stm32l4-series-advanced-armbased-32bit-mcus-stmicroelectronics_dfsdm.pdf,51,CNVCNT,31:4,27:0
rm0432-stm32l4-series-advanced-armbased-32bit-mcus-stmicroelectronics_dfsdm.pdf,51,RESERVED,3:0,
rm0433-stm32h742-stm32h743753-and-stm32h750-value-line-advanced-armbased-32bit-mcus-stmicroelectronics_dfsdm.pdf,31,DFSDMEN,31,
rm0433-stm32h742-stm32h743753-and-stm32h750-value-line-advanced-armbased-32bit-mcus-stmicroelectronics_dfsdm.pdf,31,CKOUTSRC,30,
rm0433-stm32h742-stm32h743753-and-stm32h750-value-line-advanced-armbased-32bit-mcus-stmicroelectronics_dfsdm.pdf,31,RESERVED,29:24,
rm0433-stm32h742-stm32h743753-and-stm32h750-value-line-advanced-armbased-32bit-mcus-stmicroelectronics_dfsdm.pdf,32,CKOUTDIV,23:16,7:0
rm0433-stm32h742-stm32h743753-and-stm32h750-value-line-advanced-armbased-32bit-mcus-stmicroelectronics_dfsdm.pdf,32,DATPACK,15:14,1:0
rm0433-stm32h742-stm32h743753-and-stm32h750-value-line-advanced-armbased-32bit-mcus-stmicroelectronics_dfsdm.pdf,32,DATMPX,13:12,1:0
rm0433-stm32h742-stm32h743753-and-stm32h750-value-line-advanced-armbased-32bit-mcus-stmicroelectronics_dfsdm.pdf,32,RESERVED,11:9,
rm0433-stm32h742-stm32h743753-and-stm32h750-value-line-advanced-armbased-32bit-mcus-stmicroelectronics_dfsdm.pdf,32,CHINSEL,8,
rm0433-stm32h742-stm32h743753-and-stm32h750-value-line-advanced-armbased-32bit-mcus-stmicroelectronics_dfsdm.pdf,32,CHEN,7,
rm0433-stm32h742-stm32h743753-and-stm32h750-value-line-advanced-armbased-32bit-mcus-stmicroelectronics_dfsdm.pdf,33,CKABEN,6,
rm0433-stm32h742-stm32h743753-and-stm32h750-value-line-advanced-armbased-32bit-mcus-stmicroelectronics_dfsdm.pdf,33,SCDEN,5,
rm0433-stm32h742-stm32h743753-and-stm32h750-value-line-advanced-armbased-32bit-mcus-stmicroelectronics_dfsdm.pdf,33,RESERVED,4,
rm0433-stm32h742-stm32h743753-and-stm32h750-value-line-advanced-armbased-32bit-mcus-stmicroelectronics_dfsdm.pdf,33,SPICKSEL,3:2,1:0
rm0433-stm32h742-stm32h743753-and-stm32h750-value-line-advanced-armbased-32bit-mcus-stmicroelectronics_dfsdm.pdf,33,SITP,1:0,1:0
rm0433-stm32h742-stm32h743753-and-stm32h750-value-line-advanced-armbased-32bit-mcus-stmicroelectronics_dfsdm.pdf,34,OFFSET,31:8,23:0
rm0433-stm32h742-stm32h743753-and-stm32h750-value-line-advanced-armbased-32bit-mcus-stmicroelectronics_dfsdm.pdf,34,DTRBS,7:3,4:0
rm0433-stm32h742-stm32h743753-and-stm32h750-value-line-advanced-armbased-32bit-mcus-stmicroelectronics_dfsdm.pdf,34,RESERVED,2:0,
rm0433-stm32h742-stm32h743753-and-stm32h750-value-line-advanced-armbased-32bit-mcus-stmicroelectronics_dfsdm.pdf,34,RESERVED,31:24,
rm0433-stm32h742-stm32h743753-and-stm32h750-value-line-advanced-armbased-32bit-mcus-stmicroelectronics_dfsdm.pdf,34,AWFORD,23:22,1:0
rm0433-stm32h742-stm32h743753-and-stm32h750-value-line-advanced-armbased-32bit-mcus-stmicroelectronics_dfsdm.pdf,34,RESERVED,21,
rm0433-stm32h742-stm32h743753-and-stm32h750-value-line-advanced-armbased-32bit-mcus-stmicroelectronics_dfsdm.pdf,34,AWFOSR,20:16,4:0
rm0433-stm32h742-stm32h743753-and-stm32h750-value-line-advanced-armbased-32bit-mcus-stmicroelectronics_dfsdm.pdf,35,BKSCD,15:12,3:0
rm0433-stm32h742-stm32h743753-and-stm32h750-value-line-advanced-armbased-32bit-mcus-stmicroelectronics_dfsdm.pdf,35,RESERVED,11:8,
rm0433-stm32h742-stm32h743753-and-stm32h750-value-line-advanced-armbased-32bit-mcus-stmicroelectronics_dfsdm.pdf,35,SCDT,7:0,7:0
rm0433-stm32h742-stm32h743753-and-stm32h750-value-line-advanced-armbased-32bit-mcus-stmicroelectronics_dfsdm.pdf,35,RESERVED,31:16,
rm0433-stm32h742-stm32h743753-and-stm32h750-value-line-advanced-armbased-32bit-mcus-stmicroelectronics_dfsdm.pdf,35,WDATA,15:0,15:0
rm0433-stm32h742-stm32h743753-and-stm32h750-value-line-advanced-armbased-32bit-mcus-stmicroelectronics_dfsdm.pdf,36,INDAT1,31:16,15:0
rm0433-stm32h742-stm32h743753-and-stm32h750-value-line-advanced-armbased-32bit-mcus-stmicroelectronics_dfsdm.pdf,36,INDAT0,15:0,15:0
rm0433-stm32h742-stm32h743753-and-stm32h750-value-line-advanced-armbased-32bit-mcus-stmicroelectronics_dfsdm.pdf,37,RESERVED,31,
rm0433-stm32h742-stm32h743753-and-stm32h750-value-line-advanced-armbased-32bit-mcus-stmicroelectronics_dfsdm.pdf,37,AWFSEL,30,
rm0433-stm32h742-stm32h743753-and-stm32h750-value-line-advanced-armbased-32bit-mcus-stmicroelectronics_dfsdm.pdf,37,FAST,29,
rm0433-stm32h742-stm32h743753-and-stm32h750-value-line-advanced-armbased-32bit-mcus-stmicroelectronics_dfsdm.pdf,37,RESERVED,28:27,
rm0433-stm32h742-stm32h743753-and-stm32h750-value-line-advanced-armbased-32bit-mcus-stmicroelectronics_dfsdm.pdf,37,RCH,26:24,2:0
rm0433-stm32h742-stm32h743753-and-stm32h750-value-line-advanced-armbased-32bit-mcus-stmicroelectronics_dfsdm.pdf,37,RESERVED,23:22,
rm0433-stm32h742-stm32h743753-and-stm32h750-value-line-advanced-armbased-32bit-mcus-stmicroelectronics_dfsdm.pdf,37,RDMAEN,21,
rm0433-stm32h742-stm32h743753-and-stm32h750-value-line-advanced-armbased-32bit-mcus-stmicroelectronics_dfsdm.pdf,37,RESERVED,20,
rm0433-stm32h742-stm32h743753-and-stm32h750-value-line-advanced-armbased-32bit-mcus-stmicroelectronics_dfsdm.pdf,37,RSYNC,19,
rm0433-stm32h742-stm32h743753-and-stm32h750-value-line-advanced-armbased-32bit-mcus-stmicroelectronics_dfsdm.pdf,37,RCONT,18,
rm0433-stm32h742-stm32h743753-and-stm32h750-value-line-advanced-armbased-32bit-mcus-stmicroelectronics_dfsdm.pdf,38,RSWSTART,17,
rm0433-stm32h742-stm32h743753-and-stm32h750-value-line-advanced-armbased-32bit-mcus-stmicroelectronics_dfsdm.pdf,38,RESERVED,16:15,
rm0433-stm32h742-stm32h743753-and-stm32h750-value-line-advanced-armbased-32bit-mcus-stmicroelectronics_dfsdm.pdf,38,JEXTEN,14:13,1:0
rm0433-stm32h742-stm32h743753-and-stm32h750-value-line-advanced-armbased-32bit-mcus-stmicroelectronics_dfsdm.pdf,38,JEXTSEL,12:8,4:0
rm0433-stm32h742-stm32h743753-and-stm32h750-value-line-advanced-armbased-32bit-mcus-stmicroelectronics_dfsdm.pdf,38,RESERVED,7:6,
rm0433-stm32h742-stm32h743753-and-stm32h750-value-line-advanced-armbased-32bit-mcus-stmicroelectronics_dfsdm.pdf,38,JDMAEN,5,
rm0433-stm32h742-stm32h743753-and-stm32h750-value-line-advanced-armbased-32bit-mcus-stmicroelectronics_dfsdm.pdf,38,JSCAN,4,
rm0433-stm32h742-stm32h743753-and-stm32h750-value-line-advanced-armbased-32bit-mcus-stmicroelectronics_dfsdm.pdf,38,JSYNC,3,
rm0433-stm32h742-stm32h743753-and-stm32h750-value-line-advanced-armbased-32bit-mcus-stmicroelectronics_dfsdm.pdf,39,RESERVED,2,
rm0433-stm32h742-stm32h743753-and-stm32h750-value-line-advanced-armbased-32bit-mcus-stmicroelectronics_dfsdm.pdf,39,JSWSTART,1,
rm0433-stm32h742-stm32h743753-and-stm32h750-value-line-advanced-armbased-32bit-mcus-stmicroelectronics_dfsdm.pdf,39,DFEN,0,
rm0433-stm32h742-stm32h743753-and-stm32h750-value-line-advanced-armbased-32bit-mcus-stmicroelectronics_dfsdm.pdf,39,RESERVED,31:24,
rm0433-stm32h742-stm32h743753-and-stm32h750-value-line-advanced-armbased-32bit-mcus-stmicroelectronics_dfsdm.pdf,39,AWDCH,23:16,7:0
rm0433-stm32h742-stm32h743753-and-stm32h750-value-line-advanced-armbased-32bit-mcus-stmicroelectronics_dfsdm.pdf,39,EXCH,15:8,7:0
rm0433-stm32h742-stm32h743753-and-stm32h750-value-line-advanced-armbased-32bit-mcus-stmicroelectronics_dfsdm.pdf,39,RESERVED,7,
rm0433-stm32h742-stm32h743753-and-stm32h750-value-line-advanced-armbased-32bit-mcus-stmicroelectronics_dfsdm.pdf,39,CKABIE,6,
rm0433-stm32h742-stm32h743753-and-stm32h750-value-line-advanced-armbased-32bit-mcus-stmicroelectronics_dfsdm.pdf,40,SCDIE,5,
rm0433-stm32h742-stm32h743753-and-stm32h750-value-line-advanced-armbased-32bit-mcus-stmicroelectronics_dfsdm.pdf,40,AWDIE,4,
rm0433-stm32h742-stm32h743753-and-stm32h750-value-line-advanced-armbased-32bit-mcus-stmicroelectronics_dfsdm.pdf,40,ROVRIE,3,
rm0433-stm32h742-stm32h743753-and-stm32h750-value-line-advanced-armbased-32bit-mcus-stmicroelectronics_dfsdm.pdf,40,JOVRIE,2,
rm0433-stm32h742-stm32h743753-and-stm32h750-value-line-advanced-armbased-32bit-mcus-stmicroelectronics_dfsdm.pdf,40,REOCIE,1,
rm0433-stm32h742-stm32h743753-and-stm32h750-value-line-advanced-armbased-32bit-mcus-stmicroelectronics_dfsdm.pdf,40,JEOCIE,0,
rm0433-stm32h742-stm32h743753-and-stm32h750-value-line-advanced-armbased-32bit-mcus-stmicroelectronics_dfsdm.pdf,41,SCDF,31:24,7:0
rm0433-stm32h742-stm32h743753-and-stm32h750-value-line-advanced-armbased-32bit-mcus-stmicroelectronics_dfsdm.pdf,41,CKABF,23:16,7:0
rm0433-stm32h742-stm32h743753-and-stm32h750-value-line-advanced-armbased-32bit-mcus-stmicroelectronics_dfsdm.pdf,41,RESERVED,15,
rm0433-stm32h742-stm32h743753-and-stm32h750-value-line-advanced-armbased-32bit-mcus-stmicroelectronics_dfsdm.pdf,41,RCIP,14,
rm0433-stm32h742-stm32h743753-and-stm32h750-value-line-advanced-armbased-32bit-mcus-stmicroelectronics_dfsdm.pdf,41,JCIP,13,
rm0433-stm32h742-stm32h743753-and-stm32h750-value-line-advanced-armbased-32bit-mcus-stmicroelectronics_dfsdm.pdf,41,RESERVED,12:5,
rm0433-stm32h742-stm32h743753-and-stm32h750-value-line-advanced-armbased-32bit-mcus-stmicroelectronics_dfsdm.pdf,41,AWDF,4,
rm0433-stm32h742-stm32h743753-and-stm32h750-value-line-advanced-armbased-32bit-mcus-stmicroelectronics_dfsdm.pdf,41,ROVRF,3,
rm0433-stm32h742-stm32h743753-and-stm32h750-value-line-advanced-armbased-32bit-mcus-stmicroelectronics_dfsdm.pdf,42,JOVRF,2,
rm0433-stm32h742-stm32h743753-and-stm32h750-value-line-advanced-armbased-32bit-mcus-stmicroelectronics_dfsdm.pdf,42,REOCF,1,
rm0433-stm32h742-stm32h743753-and-stm32h750-value-line-advanced-armbased-32bit-mcus-stmicroelectronics_dfsdm.pdf,42,JEOCF,0,
rm0433-stm32h742-stm32h743753-and-stm32h750-value-line-advanced-armbased-32bit-mcus-stmicroelectronics_dfsdm.pdf,42,CLRSCDF,31:24,7:0
rm0433-stm32h742-stm32h743753-and-stm32h750-value-line-advanced-armbased-32bit-mcus-stmicroelectronics_dfsdm.pdf,42,CLRCKABF,23:16,7:0
rm0433-stm32h742-stm32h743753-and-stm32h750-value-line-advanced-armbased-32bit-mcus-stmicroelectronics_dfsdm.pdf,42,RESERVED,15:4,
rm0433-stm32h742-stm32h743753-and-stm32h750-value-line-advanced-armbased-32bit-mcus-stmicroelectronics_dfsdm.pdf,43,CLRROVRF,3,
rm0433-stm32h742-stm32h743753-and-stm32h750-value-line-advanced-armbased-32bit-mcus-stmicroelectronics_dfsdm.pdf,43,CLRJOVRF,2,
rm0433-stm32h742-stm32h743753-and-stm32h750-value-line-advanced-armbased-32bit-mcus-stmicroelectronics_dfsdm.pdf,43,RESERVED,1:0,
rm0433-stm32h742-stm32h743753-and-stm32h750-value-line-advanced-armbased-32bit-mcus-stmicroelectronics_dfsdm.pdf,43,RESERVED,31:8,
rm0433-stm32h742-stm32h743753-and-stm32h750-value-line-advanced-armbased-32bit-mcus-stmicroelectronics_dfsdm.pdf,43,JCHG,7:0,7:0
rm0433-stm32h742-stm32h743753-and-stm32h750-value-line-advanced-armbased-32bit-mcus-stmicroelectronics_dfsdm.pdf,44,FORD,31:29,2:0
rm0433-stm32h742-stm32h743753-and-stm32h750-value-line-advanced-armbased-32bit-mcus-stmicroelectronics_dfsdm.pdf,44,RESERVED,28:26,
rm0433-stm32h742-stm32h743753-and-stm32h750-value-line-advanced-armbased-32bit-mcus-stmicroelectronics_dfsdm.pdf,44,FOSR,25:16,9:0
rm0433-stm32h742-stm32h743753-and-stm32h750-value-line-advanced-armbased-32bit-mcus-stmicroelectronics_dfsdm.pdf,44,RESERVED,15:8,
rm0433-stm32h742-stm32h743753-and-stm32h750-value-line-advanced-armbased-32bit-mcus-stmicroelectronics_dfsdm.pdf,44,IOSR,7:0,7:0
rm0433-stm32h742-stm32h743753-and-stm32h750-value-line-advanced-armbased-32bit-mcus-stmicroelectronics_dfsdm.pdf,45,JDATA,31:8,23:0
rm0433-stm32h742-stm32h743753-and-stm32h750-value-line-advanced-armbased-32bit-mcus-stmicroelectronics_dfsdm.pdf,45,RESERVED,7:3,
rm0433-stm32h742-stm32h743753-and-stm32h750-value-line-advanced-armbased-32bit-mcus-stmicroelectronics_dfsdm.pdf,45,JDATACH,2:0,2:0
rm0433-stm32h742-stm32h743753-and-stm32h750-value-line-advanced-armbased-32bit-mcus-stmicroelectronics_dfsdm.pdf,45,RDATA,31:8,23:0
rm0433-stm32h742-stm32h743753-and-stm32h750-value-line-advanced-armbased-32bit-mcus-stmicroelectronics_dfsdm.pdf,45,RESERVED,7:5,
rm0433-stm32h742-stm32h743753-and-stm32h750-value-line-advanced-armbased-32bit-mcus-stmicroelectronics_dfsdm.pdf,45,RPEND,4,
rm0433-stm32h742-stm32h743753-and-stm32h750-value-line-advanced-armbased-32bit-mcus-stmicroelectronics_dfsdm.pdf,45,RESERVED,3,
rm0433-stm32h742-stm32h743753-and-stm32h750-value-line-advanced-armbased-32bit-mcus-stmicroelectronics_dfsdm.pdf,45,RDATACH,2:0,2:0
rm0433-stm32h742-stm32h743753-and-stm32h750-value-line-advanced-armbased-32bit-mcus-stmicroelectronics_dfsdm.pdf,46,AWHT,31:8,23:0
rm0433-stm32h742-stm32h743753-and-stm32h750-value-line-advanced-armbased-32bit-mcus-stmicroelectronics_dfsdm.pdf,46,RESERVED,7:4,
rm0433-stm32h742-stm32h743753-and-stm32h750-value-line-advanced-armbased-32bit-mcus-stmicroelectronics_dfsdm.pdf,46,BKAWH,3:0,3:0
rm0433-stm32h742-stm32h743753-and-stm32h750-value-line-advanced-armbased-32bit-mcus-stmicroelectronics_dfsdm.pdf,47,AWLT,31:8,23:0
rm0433-stm32h742-stm32h743753-and-stm32h750-value-line-advanced-armbased-32bit-mcus-stmicroelectronics_dfsdm.pdf,47,RESERVED,7:4,
rm0433-stm32h742-stm32h743753-and-stm32h750-value-line-advanced-armbased-32bit-mcus-stmicroelectronics_dfsdm.pdf,47,BKAWL,3:0,3:0
rm0433-stm32h742-stm32h743753-and-stm32h750-value-line-advanced-armbased-32bit-mcus-stmicroelectronics_dfsdm.pdf,47,RESERVED,31:16,
rm0433-stm32h742-stm32h743753-and-stm32h750-value-line-advanced-armbased-32bit-mcus-stmicroelectronics_dfsdm.pdf,47,AWHTF,15:8,7:0
rm0433-stm32h742-stm32h743753-and-stm32h750-value-line-advanced-armbased-32bit-mcus-stmicroelectronics_dfsdm.pdf,47,AWLTF,7:0,7:0
rm0433-stm32h742-stm32h743753-and-stm32h750-value-line-advanced-armbased-32bit-mcus-stmicroelectronics_dfsdm.pdf,48,RESERVED,31:16,
rm0433-stm32h742-stm32h743753-and-stm32h750-value-line-advanced-armbased-32bit-mcus-stmicroelectronics_dfsdm.pdf,48,CLRAWHTF,15:8,7:0
rm0433-stm32h742-stm32h743753-and-stm32h750-value-line-advanced-armbased-32bit-mcus-stmicroelectronics_dfsdm.pdf,48,CLRAWLTF,7:0,7:0
rm0433-stm32h742-stm32h743753-and-stm32h750-value-line-advanced-armbased-32bit-mcus-stmicroelectronics_dfsdm.pdf,48,EXMAX,31:8,23:0
rm0433-stm32h742-stm32h743753-and-stm32h750-value-line-advanced-armbased-32bit-mcus-stmicroelectronics_dfsdm.pdf,48,RESERVED,7:3,
rm0433-stm32h742-stm32h743753-and-stm32h750-value-line-advanced-armbased-32bit-mcus-stmicroelectronics_dfsdm.pdf,48,EXMAXCH,2:0,2:0
rm0433-stm32h742-stm32h743753-and-stm32h750-value-line-advanced-armbased-32bit-mcus-stmicroelectronics_dfsdm.pdf,49,EXMIN,31:8,23:0
rm0433-stm32h742-stm32h743753-and-stm32h750-value-line-advanced-armbased-32bit-mcus-stmicroelectronics_dfsdm.pdf,49,RESERVED,7:3,
rm0433-stm32h742-stm32h743753-and-stm32h750-value-line-advanced-armbased-32bit-mcus-stmicroelectronics_dfsdm.pdf,49,EXMINCH,2:0,2:0
rm0433-stm32h742-stm32h743753-and-stm32h750-value-line-advanced-armbased-32bit-mcus-stmicroelectronics_dfsdm.pdf,50,CNVCNT,31:4,27:0
rm0433-stm32h742-stm32h743753-and-stm32h750-value-line-advanced-armbased-32bit-mcus-stmicroelectronics_dfsdm.pdf,50,RESERVED,3:0,
rm0436-stm32mp157-advanced-armbased-32bit-mpus-stmicroelectronics_dfsdm.pdf,31,DFSDMEN,31,
rm0436-stm32mp157-advanced-armbased-32bit-mpus-stmicroelectronics_dfsdm.pdf,31,CKOUTSRC,30,
rm0436-stm32mp157-advanced-armbased-32bit-mpus-stmicroelectronics_dfsdm.pdf,31,RESERVED,29:24,
rm0436-stm32mp157-advanced-armbased-32bit-mpus-stmicroelectronics_dfsdm.pdf,32,CKOUTDIV,23:16,7:0
rm0436-stm32mp157-advanced-armbased-32bit-mpus-stmicroelectronics_dfsdm.pdf,32,DATPACK,15:14,1:0
rm0436-stm32mp157-advanced-armbased-32bit-mpus-stmicroelectronics_dfsdm.pdf,32,DATMPX,13:12,1:0
rm0436-stm32mp157-advanced-armbased-32bit-mpus-stmicroelectronics_dfsdm.pdf,32,RESERVED,11:9,
rm0436-stm32mp157-advanced-armbased-32bit-mpus-stmicroelectronics_dfsdm.pdf,32,CHINSEL,8,
rm0436-stm32mp157-advanced-armbased-32bit-mpus-stmicroelectronics_dfsdm.pdf,32,CHEN,7,
rm0436-stm32mp157-advanced-armbased-32bit-mpus-stmicroelectronics_dfsdm.pdf,33,CKABEN,6,
rm0436-stm32mp157-advanced-armbased-32bit-mpus-stmicroelectronics_dfsdm.pdf,33,SCDEN,5,
rm0436-stm32mp157-advanced-armbased-32bit-mpus-stmicroelectronics_dfsdm.pdf,33,RESERVED,4,
rm0436-stm32mp157-advanced-armbased-32bit-mpus-stmicroelectronics_dfsdm.pdf,33,SPICKSEL,3:2,1:0
rm0436-stm32mp157-advanced-armbased-32bit-mpus-stmicroelectronics_dfsdm.pdf,33,SITP,1:0,1:0
rm0436-stm32mp157-advanced-armbased-32bit-mpus-stmicroelectronics_dfsdm.pdf,34,OFFSET,31:8,23:0
rm0436-stm32mp157-advanced-armbased-32bit-mpus-stmicroelectronics_dfsdm.pdf,34,DTRBS,7:3,4:0
rm0436-stm32mp157-advanced-armbased-32bit-mpus-stmicroelectronics_dfsdm.pdf,34,RESERVED,2:0,
rm0436-stm32mp157-advanced-armbased-32bit-mpus-stmicroelectronics_dfsdm.pdf,34,RESERVED,31:24,
rm0436-stm32mp157-advanced-armbased-32bit-mpus-stmicroelectronics_dfsdm.pdf,34,AWFORD,23:22,1:0
rm0436-stm32mp157-advanced-armbased-32bit-mpus-stmicroelectronics_dfsdm.pdf,34,RESERVED,21,
rm0436-stm32mp157-advanced-armbased-32bit-mpus-stmicroelectronics_dfsdm.pdf,34,AWFOSR,20:16,4:0
rm0436-stm32mp157-advanced-armbased-32bit-mpus-stmicroelectronics_dfsdm.pdf,35,BKSCD,15:12,3:0
rm0436-stm32mp157-advanced-armbased-32bit-mpus-stmicroelectronics_dfsdm.pdf,35,RESERVED,11:8,
rm0436-stm32mp157-advanced-armbased-32bit-mpus-stmicroelectronics_dfsdm.pdf,35,SCDT,7:0,7:0
rm0436-stm32mp157-advanced-armbased-32bit-mpus-stmicroelectronics_dfsdm.pdf,35,RESERVED,31:16,
rm0436-stm32mp157-advanced-armbased-32bit-mpus-stmicroelectronics_dfsdm.pdf,35,WDATA,15:0,15:0
rm0436-stm32mp157-advanced-armbased-32bit-mpus-stmicroelectronics_dfsdm.pdf,36,INDAT1,31:16,15:0
rm0436-stm32mp157-advanced-armbased-32bit-mpus-stmicroelectronics_dfsdm.pdf,36,INDAT0,15:0,15:0
rm0436-stm32mp157-advanced-armbased-32bit-mpus-stmicroelectronics_dfsdm.pdf,37,RESERVED,31:6,
rm0436-stm32mp157-advanced-armbased-32bit-mpus-stmicroelectronics_dfsdm.pdf,37,PLSSKP,5:0,5:0
rm0436-stm32mp157-advanced-armbased-32bit-mpus-stmicroelectronics_dfsdm.pdf,37,RESERVED,31,
rm0436-stm32mp157-advanced-armbased-32bit-mpus-stmicroelectronics_dfsdm.pdf,37,AWFSEL,30,
rm0436-stm32mp157-advanced-armbased-32bit-mpus-stmicroelectronics_dfsdm.pdf,37,FAST,29,
rm0436-stm32mp157-advanced-armbased-32bit-mpus-stmicroelectronics_dfsdm.pdf,37,RESERVED,28:27,
rm0436-stm32mp157-advanced-armbased-32bit-mpus-stmicroelectronics_dfsdm.pdf,38,RCH,26:24,2:0
rm0436-stm32mp157-advanced-armbased-32bit-mpus-stmicroelectronics_dfsdm.pdf,38,RESERVED,23:22,
rm0436-stm32mp157-advanced-armbased-32bit-mpus-stmicroelectronics_dfsdm.pdf,38,RDMAEN,21,
rm0436-stm32mp157-advanced-armbased-32bit-mpus-stmicroelectronics_dfsdm.pdf,38,RESERVED,20,
rm0436-stm32mp157-advanced-armbased-32bit-mpus-stmicroelectronics_dfsdm.pdf,38,RSYNC,19,
rm0436-stm32mp157-advanced-armbased-32bit-mpus-stmicroelectronics_dfsdm.pdf,38,RCONT,18,
rm0436-stm32mp157-advanced-armbased-32bit-mpus-stmicroelectronics_dfsdm.pdf,38,RSWSTART,17,
rm0436-stm32mp157-advanced-armbased-32bit-mpus-stmicroelectronics_dfsdm.pdf,38,RESERVED,16:15,
rm0436-stm32mp157-advanced-armbased-32bit-mpus-stmicroelectronics_dfsdm.pdf,38,JEXTEN,14:13,1:0
rm0436-stm32mp157-advanced-armbased-32bit-mpus-stmicroelectronics_dfsdm.pdf,39,JEXTSEL,12:8,4:0
rm0436-stm32mp157-advanced-armbased-32bit-mpus-stmicroelectronics_dfsdm.pdf,39,RESERVED,7:6,
rm0436-stm32mp157-advanced-armbased-32bit-mpus-stmicroelectronics_dfsdm.pdf,39,JDMAEN,5,
rm0436-stm32mp157-advanced-armbased-32bit-mpus-stmicroelectronics_dfsdm.pdf,39,JSCAN,4,
rm0436-stm32mp157-advanced-armbased-32bit-mpus-stmicroelectronics_dfsdm.pdf,39,JSYNC,3,
rm0436-stm32mp157-advanced-armbased-32bit-mpus-stmicroelectronics_dfsdm.pdf,39,RESERVED,2,
rm0436-stm32mp157-advanced-armbased-32bit-mpus-stmicroelectronics_dfsdm.pdf,39,JSWSTART,1,
rm0436-stm32mp157-advanced-armbased-32bit-mpus-stmicroelectronics_dfsdm.pdf,39,DFEN,0,
rm0436-stm32mp157-advanced-armbased-32bit-mpus-stmicroelectronics_dfsdm.pdf,40,RESERVED,31:24,
rm0436-stm32mp157-advanced-armbased-32bit-mpus-stmicroelectronics_dfsdm.pdf,40,AWDCH,23:16,7:0
rm0436-stm32mp157-advanced-armbased-32bit-mpus-stmicroelectronics_dfsdm.pdf,40,EXCH,15:8,7:0
rm0436-stm32mp157-advanced-armbased-32bit-mpus-stmicroelectronics_dfsdm.pdf,40,RESERVED,7,
rm0436-stm32mp157-advanced-armbased-32bit-mpus-stmicroelectronics_dfsdm.pdf,40,CKABIE,6,
rm0436-stm32mp157-advanced-armbased-32bit-mpus-stmicroelectronics_dfsdm.pdf,40,SCDIE,5,
rm0436-stm32mp157-advanced-armbased-32bit-mpus-stmicroelectronics_dfsdm.pdf,40,AWDIE,4,
rm0436-stm32mp157-advanced-armbased-32bit-mpus-stmicroelectronics_dfsdm.pdf,40,ROVRIE,3,
rm0436-stm32mp157-advanced-armbased-32bit-mpus-stmicroelectronics_dfsdm.pdf,41,JOVRIE,2,
rm0436-stm32mp157-advanced-armbased-32bit-mpus-stmicroelectronics_dfsdm.pdf,41,REOCIE,1,
rm0436-stm32mp157-advanced-armbased-32bit-mpus-stmicroelectronics_dfsdm.pdf,41,JEOCIE,0,
rm0436-stm32mp157-advanced-armbased-32bit-mpus-stmicroelectronics_dfsdm.pdf,41,SCDF,31:24,7:0
rm0436-stm32mp157-advanced-armbased-32bit-mpus-stmicroelectronics_dfsdm.pdf,41,CKABF,23:16,7:0
rm0436-stm32mp157-advanced-armbased-32bit-mpus-stmicroelectronics_dfsdm.pdf,41,RESERVED,15,
rm0436-stm32mp157-advanced-armbased-32bit-mpus-stmicroelectronics_dfsdm.pdf,41,RCIP,14,
rm0436-stm32mp157-advanced-armbased-32bit-mpus-stmicroelectronics_dfsdm.pdf,42,JCIP,13,
rm0436-stm32mp157-advanced-armbased-32bit-mpus-stmicroelectronics_dfsdm.pdf,42,RESERVED,12:5,
rm0436-stm32mp157-advanced-armbased-32bit-mpus-stmicroelectronics_dfsdm.pdf,42,AWDF,4,
rm0436-stm32mp157-advanced-armbased-32bit-mpus-stmicroelectronics_dfsdm.pdf,42,ROVRF,3,
rm0436-stm32mp157-advanced-armbased-32bit-mpus-stmicroelectronics_dfsdm.pdf,42,JOVRF,2,
rm0436-stm32mp157-advanced-armbased-32bit-mpus-stmicroelectronics_dfsdm.pdf,42,REOCF,1,
rm0436-stm32mp157-advanced-armbased-32bit-mpus-stmicroelectronics_dfsdm.pdf,42,JEOCF,0,
rm0436-stm32mp157-advanced-armbased-32bit-mpus-stmicroelectronics_dfsdm.pdf,43,CLRSCDF,31:24,7:0
rm0436-stm32mp157-advanced-armbased-32bit-mpus-stmicroelectronics_dfsdm.pdf,43,CLRCKABF,23:16,7:0
rm0436-stm32mp157-advanced-armbased-32bit-mpus-stmicroelectronics_dfsdm.pdf,43,RESERVED,15:4,
rm0436-stm32mp157-advanced-armbased-32bit-mpus-stmicroelectronics_dfsdm.pdf,43,CLRROVRF,3,
rm0436-stm32mp157-advanced-armbased-32bit-mpus-stmicroelectronics_dfsdm.pdf,43,CLRJOVRF,2,
rm0436-stm32mp157-advanced-armbased-32bit-mpus-stmicroelectronics_dfsdm.pdf,43,RESERVED,1:0,
rm0436-stm32mp157-advanced-armbased-32bit-mpus-stmicroelectronics_dfsdm.pdf,44,RESERVED,31:8,
rm0436-stm32mp157-advanced-armbased-32bit-mpus-stmicroelectronics_dfsdm.pdf,44,JCHG,7:0,7:0
rm0436-stm32mp157-advanced-armbased-32bit-mpus-stmicroelectronics_dfsdm.pdf,45,FORD,31:29,2:0
rm0436-stm32mp157-advanced-armbased-32bit-mpus-stmicroelectronics_dfsdm.pdf,45,RESERVED,28:26,
rm0436-stm32mp157-advanced-armbased-32bit-mpus-stmicroelectronics_dfsdm.pdf,45,FOSR,25:16,9:0
rm0436-stm32mp157-advanced-armbased-32bit-mpus-stmicroelectronics_dfsdm.pdf,45,RESERVED,15:8,
rm0436-stm32mp157-advanced-armbased-32bit-mpus-stmicroelectronics_dfsdm.pdf,45,IOSR,7:0,7:0
rm0436-stm32mp157-advanced-armbased-32bit-mpus-stmicroelectronics_dfsdm.pdf,46,JDATA,31:8,23:0
rm0436-stm32mp157-advanced-armbased-32bit-mpus-stmicroelectronics_dfsdm.pdf,46,RESERVED,7:3,
rm0436-stm32mp157-advanced-armbased-32bit-mpus-stmicroelectronics_dfsdm.pdf,46,JDATACH,2:0,2:0
rm0436-stm32mp157-advanced-armbased-32bit-mpus-stmicroelectronics_dfsdm.pdf,46,RDATA,31:8,23:0
rm0436-stm32mp157-advanced-armbased-32bit-mpus-stmicroelectronics_dfsdm.pdf,46,RESERVED,7:5,
rm0436-stm32mp157-advanced-armbased-32bit-mpus-stmicroelectronics_dfsdm.pdf,46,RPEND,4,
rm0436-stm32mp157-advanced-armbased-32bit-mpus-stmicroelectronics_dfsdm.pdf,46,RESERVED,3,
rm0436-stm32mp157-advanced-armbased-32bit-mpus-stmicroelectronics_dfsdm.pdf,46,RDATACH,2:0,2:0
rm0436-stm32mp157-advanced-armbased-32bit-mpus-stmicroelectronics_dfsdm.pdf,47,AWHT,31:8,23:0
rm0436-stm32mp157-advanced-armbased-32bit-mpus-stmicroelectronics_dfsdm.pdf,47,RESERVED,7:4,
rm0436-stm32mp157-advanced-armbased-32bit-mpus-stmicroelectronics_dfsdm.pdf,47,BKAWH,3:0,3:0
rm0436-stm32mp157-advanced-armbased-32bit-mpus-stmicroelectronics_dfsdm.pdf,48,AWLT,31:8,23:0
rm0436-stm32mp157-advanced-armbased-32bit-mpus-stmicroelectronics_dfsdm.pdf,48,RESERVED,7:4,
rm0436-stm32mp157-advanced-armbased-32bit-mpus-stmicroelectronics_dfsdm.pdf,48,BKAWL,3:0,3:0
rm0436-stm32mp157-advanced-armbased-32bit-mpus-stmicroelectronics_dfsdm.pdf,48,RESERVED,31:16,
rm0436-stm32mp157-advanced-armbased-32bit-mpus-stmicroelectronics_dfsdm.pdf,48,AWHTF,15:8,7:0
rm0436-stm32mp157-advanced-armbased-32bit-mpus-stmicroelectronics_dfsdm.pdf,48,AWLTF,7:0,7:0
rm0436-stm32mp157-advanced-armbased-32bit-mpus-stmicroelectronics_dfsdm.pdf,49,RESERVED,31:16,
rm0436-stm32mp157-advanced-armbased-32bit-mpus-stmicroelectronics_dfsdm.pdf,49,CLRAWHTF,15:8,7:0
rm0436-stm32mp157-advanced-armbased-32bit-mpus-stmicroelectronics_dfsdm.pdf,49,CLRAWLTF,7:0,7:0
rm0436-stm32mp157-advanced-armbased-32bit-mpus-stmicroelectronics_dfsdm.pdf,49,EXMAX,31:8,23:0
rm0436-stm32mp157-advanced-armbased-32bit-mpus-stmicroelectronics_dfsdm.pdf,49,RESERVED,7:3,
rm0436-stm32mp157-advanced-armbased-32bit-mpus-stmicroelectronics_dfsdm.pdf,49,EXMAXCH,2:0,2:0
rm0436-stm32mp157-advanced-armbased-32bit-mpus-stmicroelectronics_dfsdm.pdf,50,EXMIN,31:8,23:0
rm0436-stm32mp157-advanced-armbased-32bit-mpus-stmicroelectronics_dfsdm.pdf,50,RESERVED,7:3,
rm0436-stm32mp157-advanced-armbased-32bit-mpus-stmicroelectronics_dfsdm.pdf,50,EXMINCH,2:0,2:0
rm0436-stm32mp157-advanced-armbased-32bit-mpus-stmicroelectronics_dfsdm.pdf,51,CNVCNT,31:4,27:0
rm0436-stm32mp157-advanced-armbased-32bit-mpus-stmicroelectronics_dfsdm.pdf,51,RESERVED,3:0,
rm0436-stm32mp157-advanced-armbased-32bit-mpus-stmicroelectronics_dfsdm.pdf,52,RESERVED,31:16,
rm0436-stm32mp157-advanced-armbased-32bit-mpus-stmicroelectronics_dfsdm.pdf,52,NBF,15:8,7:0
rm0436-stm32mp157-advanced-armbased-32bit-mpus-stmicroelectronics_dfsdm.pdf,52,NBT,7:0,7:0
rm0436-stm32mp157-advanced-armbased-32bit-mpus-stmicroelectronics_dfsdm.pdf,52,RESERVED,31:8,
rm0436-stm32mp157-advanced-armbased-32bit-mpus-stmicroelectronics_dfsdm.pdf,52,MAJREV,7:4,3:0
rm0436-stm32mp157-advanced-armbased-32bit-mpus-stmicroelectronics_dfsdm.pdf,52,MINREV,3:0,3:0
rm0436-stm32mp157-advanced-armbased-32bit-mpus-stmicroelectronics_dfsdm.pdf,53,ID,31:0,31:0
rm0436-stm32mp157-advanced-armbased-32bit-mpus-stmicroelectronics_dfsdm.pdf,53,SID,31:0,31:0
rm0438-stm32l5-series-advanced-armbased-32bit-mcus-stmicroelectronics_dfsdm.pdf,31,DFSDMEN,31,
rm0438-stm32l5-series-advanced-armbased-32bit-mcus-stmicroelectronics_dfsdm.pdf,31,CKOUTSRC,30,
rm0438-stm32l5-series-advanced-armbased-32bit-mcus-stmicroelectronics_dfsdm.pdf,31,RESERVED,29:24,
rm0438-stm32l5-series-advanced-armbased-32bit-mcus-stmicroelectronics_dfsdm.pdf,32,CKOUTDIV,23:16,7:0
rm0438-stm32l5-series-advanced-armbased-32bit-mcus-stmicroelectronics_dfsdm.pdf,32,DATPACK,15:14,1:0
rm0438-stm32l5-series-advanced-armbased-32bit-mcus-stmicroelectronics_dfsdm.pdf,32,DATMPX,13:12,1:0
rm0438-stm32l5-series-advanced-armbased-32bit-mcus-stmicroelectronics_dfsdm.pdf,32,RESERVED,11:9,
rm0438-stm32l5-series-advanced-armbased-32bit-mcus-stmicroelectronics_dfsdm.pdf,32,CHINSEL,8,
rm0438-stm32l5-series-advanced-armbased-32bit-mcus-stmicroelectronics_dfsdm.pdf,32,CHEN,7,
rm0438-stm32l5-series-advanced-armbased-32bit-mcus-stmicroelectronics_dfsdm.pdf,33,CKABEN,6,
rm0438-stm32l5-series-advanced-armbased-32bit-mcus-stmicroelectronics_dfsdm.pdf,33,SCDEN,5,
rm0438-stm32l5-series-advanced-armbased-32bit-mcus-stmicroelectronics_dfsdm.pdf,33,RESERVED,4,
rm0438-stm32l5-series-advanced-armbased-32bit-mcus-stmicroelectronics_dfsdm.pdf,33,SPICKSEL,3:2,1:0
rm0438-stm32l5-series-advanced-armbased-32bit-mcus-stmicroelectronics_dfsdm.pdf,33,SITP,1:0,1:0
rm0438-stm32l5-series-advanced-armbased-32bit-mcus-stmicroelectronics_dfsdm.pdf,34,OFFSET,31:8,23:0
rm0438-stm32l5-series-advanced-armbased-32bit-mcus-stmicroelectronics_dfsdm.pdf,34,DTRBS,7:3,4:0
rm0438-stm32l5-series-advanced-armbased-32bit-mcus-stmicroelectronics_dfsdm.pdf,34,RESERVED,2:0,
rm0438-stm32l5-series-advanced-armbased-32bit-mcus-stmicroelectronics_dfsdm.pdf,34,RESERVED,31:24,
rm0438-stm32l5-series-advanced-armbased-32bit-mcus-stmicroelectronics_dfsdm.pdf,34,AWFORD,23:22,1:0
rm0438-stm32l5-series-advanced-armbased-32bit-mcus-stmicroelectronics_dfsdm.pdf,34,RESERVED,21,
rm0438-stm32l5-series-advanced-armbased-32bit-mcus-stmicroelectronics_dfsdm.pdf,34,AWFOSR,20:16,4:0
rm0438-stm32l5-series-advanced-armbased-32bit-mcus-stmicroelectronics_dfsdm.pdf,35,BKSCD,15:12,3:0
rm0438-stm32l5-series-advanced-armbased-32bit-mcus-stmicroelectronics_dfsdm.pdf,35,RESERVED,11:8,
rm0438-stm32l5-series-advanced-armbased-32bit-mcus-stmicroelectronics_dfsdm.pdf,35,SCDT,7:0,7:0
rm0438-stm32l5-series-advanced-armbased-32bit-mcus-stmicroelectronics_dfsdm.pdf,35,RESERVED,31:16,
rm0438-stm32l5-series-advanced-armbased-32bit-mcus-stmicroelectronics_dfsdm.pdf,35,WDATA,15:0,15:0
rm0438-stm32l5-series-advanced-armbased-32bit-mcus-stmicroelectronics_dfsdm.pdf,36,INDAT1,31:16,15:0
rm0438-stm32l5-series-advanced-armbased-32bit-mcus-stmicroelectronics_dfsdm.pdf,36,INDAT0,15:0,15:0
rm0438-stm32l5-series-advanced-armbased-32bit-mcus-stmicroelectronics_dfsdm.pdf,37,RESERVED,31:6,
rm0438-stm32l5-series-advanced-armbased-32bit-mcus-stmicroelectronics_dfsdm.pdf,37,PLSSKP,5:0,5:0
rm0438-stm32l5-series-advanced-armbased-32bit-mcus-stmicroelectronics_dfsdm.pdf,37,RESERVED,31,
rm0438-stm32l5-series-advanced-armbased-32bit-mcus-stmicroelectronics_dfsdm.pdf,37,AWFSEL,30,
rm0438-stm32l5-series-advanced-armbased-32bit-mcus-stmicroelectronics_dfsdm.pdf,37,FAST,29,
rm0438-stm32l5-series-advanced-armbased-32bit-mcus-stmicroelectronics_dfsdm.pdf,37,RESERVED,28:26,
rm0438-stm32l5-series-advanced-armbased-32bit-mcus-stmicroelectronics_dfsdm.pdf,38,RCH,25:24,1:0
rm0438-stm32l5-series-advanced-armbased-32bit-mcus-stmicroelectronics_dfsdm.pdf,38,RESERVED,23:22,
rm0438-stm32l5-series-advanced-armbased-32bit-mcus-stmicroelectronics_dfsdm.pdf,38,RDMAEN,21,
rm0438-stm32l5-series-advanced-armbased-32bit-mcus-stmicroelectronics_dfsdm.pdf,38,RESERVED,20,
rm0438-stm32l5-series-advanced-armbased-32bit-mcus-stmicroelectronics_dfsdm.pdf,38,RSYNC,19,
rm0438-stm32l5-series-advanced-armbased-32bit-mcus-stmicroelectronics_dfsdm.pdf,38,RCONT,18,
rm0438-stm32l5-series-advanced-armbased-32bit-mcus-stmicroelectronics_dfsdm.pdf,38,RSWSTART,17,
rm0438-stm32l5-series-advanced-armbased-32bit-mcus-stmicroelectronics_dfsdm.pdf,38,RESERVED,16:15,
rm0438-stm32l5-series-advanced-armbased-32bit-mcus-stmicroelectronics_dfsdm.pdf,38,JEXTEN,14:13,1:0
rm0438-stm32l5-series-advanced-armbased-32bit-mcus-stmicroelectronics_dfsdm.pdf,39,JEXTSEL,12:8,4:0
rm0438-stm32l5-series-advanced-armbased-32bit-mcus-stmicroelectronics_dfsdm.pdf,39,RESERVED,7:6,
rm0438-stm32l5-series-advanced-armbased-32bit-mcus-stmicroelectronics_dfsdm.pdf,39,JDMAEN,5,
rm0438-stm32l5-series-advanced-armbased-32bit-mcus-stmicroelectronics_dfsdm.pdf,39,JSCAN,4,
rm0438-stm32l5-series-advanced-armbased-32bit-mcus-stmicroelectronics_dfsdm.pdf,39,JSYNC,3,
rm0438-stm32l5-series-advanced-armbased-32bit-mcus-stmicroelectronics_dfsdm.pdf,39,RESERVED,2,
rm0438-stm32l5-series-advanced-armbased-32bit-mcus-stmicroelectronics_dfsdm.pdf,39,JSWSTART,1,
rm0438-stm32l5-series-advanced-armbased-32bit-mcus-stmicroelectronics_dfsdm.pdf,39,DFEN,0,
rm0438-stm32l5-series-advanced-armbased-32bit-mcus-stmicroelectronics_dfsdm.pdf,40,RESERVED,31:20,
rm0438-stm32l5-series-advanced-armbased-32bit-mcus-stmicroelectronics_dfsdm.pdf,40,AWDCH,19:16,3:0
rm0438-stm32l5-series-advanced-armbased-32bit-mcus-stmicroelectronics_dfsdm.pdf,40,RESERVED,15:12,
rm0438-stm32l5-series-advanced-armbased-32bit-mcus-stmicroelectronics_dfsdm.pdf,40,EXCH,11:8,3:0
rm0438-stm32l5-series-advanced-armbased-32bit-mcus-stmicroelectronics_dfsdm.pdf,40,RESERVED,7,
rm0438-stm32l5-series-advanced-armbased-32bit-mcus-stmicroelectronics_dfsdm.pdf,40,CKABIE,6,
rm0438-stm32l5-series-advanced-armbased-32bit-mcus-stmicroelectronics_dfsdm.pdf,40,SCDIE,5,
rm0438-stm32l5-series-advanced-armbased-32bit-mcus-stmicroelectronics_dfsdm.pdf,40,AWDIE,4,
rm0438-stm32l5-series-advanced-armbased-32bit-mcus-stmicroelectronics_dfsdm.pdf,40,ROVRIE,3,
rm0438-stm32l5-series-advanced-armbased-32bit-mcus-stmicroelectronics_dfsdm.pdf,41,JOVRIE,2,
rm0438-stm32l5-series-advanced-armbased-32bit-mcus-stmicroelectronics_dfsdm.pdf,41,REOCIE,1,
rm0438-stm32l5-series-advanced-armbased-32bit-mcus-stmicroelectronics_dfsdm.pdf,41,JEOCIE,0,
rm0438-stm32l5-series-advanced-armbased-32bit-mcus-stmicroelectronics_dfsdm.pdf,41,RESERVED,31:28,
rm0438-stm32l5-series-advanced-armbased-32bit-mcus-stmicroelectronics_dfsdm.pdf,41,SCDF,27:24,3:0
rm0438-stm32l5-series-advanced-armbased-32bit-mcus-stmicroelectronics_dfsdm.pdf,41,RESERVED,23:20,
rm0438-stm32l5-series-advanced-armbased-32bit-mcus-stmicroelectronics_dfsdm.pdf,41,CKABF,19:16,3:0
rm0438-stm32l5-series-advanced-armbased-32bit-mcus-stmicroelectronics_dfsdm.pdf,41,RESERVED,15,
rm0438-stm32l5-series-advanced-armbased-32bit-mcus-stmicroelectronics_dfsdm.pdf,42,RCIP,14,
rm0438-stm32l5-series-advanced-armbased-32bit-mcus-stmicroelectronics_dfsdm.pdf,42,JCIP,13,
rm0438-stm32l5-series-advanced-armbased-32bit-mcus-stmicroelectronics_dfsdm.pdf,42,RESERVED,12:5,
rm0438-stm32l5-series-advanced-armbased-32bit-mcus-stmicroelectronics_dfsdm.pdf,42,AWDF,4,
rm0438-stm32l5-series-advanced-armbased-32bit-mcus-stmicroelectronics_dfsdm.pdf,42,ROVRF,3,
rm0438-stm32l5-series-advanced-armbased-32bit-mcus-stmicroelectronics_dfsdm.pdf,42,JOVRF,2,
rm0438-stm32l5-series-advanced-armbased-32bit-mcus-stmicroelectronics_dfsdm.pdf,42,REOCF,1,
rm0438-stm32l5-series-advanced-armbased-32bit-mcus-stmicroelectronics_dfsdm.pdf,42,JEOCF,0,
rm0438-stm32l5-series-advanced-armbased-32bit-mcus-stmicroelectronics_dfsdm.pdf,43,RESERVED,31:28,
rm0438-stm32l5-series-advanced-armbased-32bit-mcus-stmicroelectronics_dfsdm.pdf,43,CLRSCDF,27:24,3:0
rm0438-stm32l5-series-advanced-armbased-32bit-mcus-stmicroelectronics_dfsdm.pdf,43,RESERVED,23:20,
rm0438-stm32l5-series-advanced-armbased-32bit-mcus-stmicroelectronics_dfsdm.pdf,43,CLRCKABF,19:16,3:0
rm0438-stm32l5-series-advanced-armbased-32bit-mcus-stmicroelectronics_dfsdm.pdf,43,RESERVED,15:4,
rm0438-stm32l5-series-advanced-armbased-32bit-mcus-stmicroelectronics_dfsdm.pdf,43,CLRROVRF,3,
rm0438-stm32l5-series-advanced-armbased-32bit-mcus-stmicroelectronics_dfsdm.pdf,43,CLRJOVRF,2,
rm0438-stm32l5-series-advanced-armbased-32bit-mcus-stmicroelectronics_dfsdm.pdf,43,RESERVED,1:0,
rm0438-stm32l5-series-advanced-armbased-32bit-mcus-stmicroelectronics_dfsdm.pdf,44,RESERVED,31:4,
rm0438-stm32l5-series-advanced-armbased-32bit-mcus-stmicroelectronics_dfsdm.pdf,44,JCHG,3:0,3:0
rm0438-stm32l5-series-advanced-armbased-32bit-mcus-stmicroelectronics_dfsdm.pdf,45,FORD,31:29,2:0
rm0438-stm32l5-series-advanced-armbased-32bit-mcus-stmicroelectronics_dfsdm.pdf,45,RESERVED,28:26,
rm0438-stm32l5-series-advanced-armbased-32bit-mcus-stmicroelectronics_dfsdm.pdf,45,FOSR,25:16,9:0
rm0438-stm32l5-series-advanced-armbased-32bit-mcus-stmicroelectronics_dfsdm.pdf,45,RESERVED,15:8,
rm0438-stm32l5-series-advanced-armbased-32bit-mcus-stmicroelectronics_dfsdm.pdf,45,IOSR,7:0,7:0
rm0438-stm32l5-series-advanced-armbased-32bit-mcus-stmicroelectronics_dfsdm.pdf,46,JDATA,31:8,23:0
rm0438-stm32l5-series-advanced-armbased-32bit-mcus-stmicroelectronics_dfsdm.pdf,46,RESERVED,7:2,
rm0438-stm32l5-series-advanced-armbased-32bit-mcus-stmicroelectronics_dfsdm.pdf,46,JDATACH,1:0,1:0
rm0438-stm32l5-series-advanced-armbased-32bit-mcus-stmicroelectronics_dfsdm.pdf,46,RDATA,31:8,23:0
rm0438-stm32l5-series-advanced-armbased-32bit-mcus-stmicroelectronics_dfsdm.pdf,46,RESERVED,7:5,
rm0438-stm32l5-series-advanced-armbased-32bit-mcus-stmicroelectronics_dfsdm.pdf,46,RPEND,4,
rm0438-stm32l5-series-advanced-armbased-32bit-mcus-stmicroelectronics_dfsdm.pdf,46,RESERVED,3:2,
rm0438-stm32l5-series-advanced-armbased-32bit-mcus-stmicroelectronics_dfsdm.pdf,46,RDATACH,1:0,1:0
rm0438-stm32l5-series-advanced-armbased-32bit-mcus-stmicroelectronics_dfsdm.pdf,47,AWHT,31:8,23:0
rm0438-stm32l5-series-advanced-armbased-32bit-mcus-stmicroelectronics_dfsdm.pdf,47,RESERVED,7:4,
rm0438-stm32l5-series-advanced-armbased-32bit-mcus-stmicroelectronics_dfsdm.pdf,47,BKAWH,3:0,3:0
rm0438-stm32l5-series-advanced-armbased-32bit-mcus-stmicroelectronics_dfsdm.pdf,48,AWLT,31:8,23:0
rm0438-stm32l5-series-advanced-armbased-32bit-mcus-stmicroelectronics_dfsdm.pdf,48,RESERVED,7:4,
rm0438-stm32l5-series-advanced-armbased-32bit-mcus-stmicroelectronics_dfsdm.pdf,48,BKAWL,3:0,3:0
rm0438-stm32l5-series-advanced-armbased-32bit-mcus-stmicroelectronics_dfsdm.pdf,48,RESERVED,31:12,
rm0438-stm32l5-series-advanced-armbased-32bit-mcus-stmicroelectronics_dfsdm.pdf,48,AWHTF,11:8,3:0
rm0438-stm32l5-series-advanced-armbased-32bit-mcus-stmicroelectronics_dfsdm.pdf,48,RESERVED,7:4,
rm0438-stm32l5-series-advanced-armbased-32bit-mcus-stmicroelectronics_dfsdm.pdf,48,AWLTF,3:0,3:0
rm0438-stm32l5-series-advanced-armbased-32bit-mcus-stmicroelectronics_dfsdm.pdf,49,RESERVED,31:12,
rm0438-stm32l5-series-advanced-armbased-32bit-mcus-stmicroelectronics_dfsdm.pdf,49,CLRAWHTF,11:8,3:0
rm0438-stm32l5-series-advanced-armbased-32bit-mcus-stmicroelectronics_dfsdm.pdf,49,RESERVED,7:4,
rm0438-stm32l5-series-advanced-armbased-32bit-mcus-stmicroelectronics_dfsdm.pdf,49,CLRAWLTF,3:0,3:0
rm0438-stm32l5-series-advanced-armbased-32bit-mcus-stmicroelectronics_dfsdm.pdf,49,EXMAX,31:8,23:0
rm0438-stm32l5-series-advanced-armbased-32bit-mcus-stmicroelectronics_dfsdm.pdf,49,RESERVED,7:2,
rm0438-stm32l5-series-advanced-armbased-32bit-mcus-stmicroelectronics_dfsdm.pdf,49,EXMAXCH,1:0,1:0
rm0438-stm32l5-series-advanced-armbased-32bit-mcus-stmicroelectronics_dfsdm.pdf,50,EXMIN,31:8,23:0
rm0438-stm32l5-series-advanced-armbased-32bit-mcus-stmicroelectronics_dfsdm.pdf,50,RESERVED,7:2,
rm0438-stm32l5-series-advanced-armbased-32bit-mcus-stmicroelectronics_dfsdm.pdf,50,EXMINCH,1:0,1:0
rm0438-stm32l5-series-advanced-armbased-32bit-mcus-stmicroelectronics_dfsdm.pdf,51,CNVCNT,31:4,27:0
rm0438-stm32l5-series-advanced-armbased-32bit-mcus-stmicroelectronics_dfsdm.pdf,51,RESERVED,3:0,
rm0441-stm32mp151-advanced-armbased-32bit-mpus-stmicroelectronics_dfsdm.pdf,31,DFSDMEN,31,
rm0441-stm32mp151-advanced-armbased-32bit-mpus-stmicroelectronics_dfsdm.pdf,31,CKOUTSRC,30,
rm0441-stm32mp151-advanced-armbased-32bit-mpus-stmicroelectronics_dfsdm.pdf,31,RESERVED,29:24,
rm0441-stm32mp151-advanced-armbased-32bit-mpus-stmicroelectronics_dfsdm.pdf,32,CKOUTDIV,23:16,7:0
rm0441-stm32mp151-advanced-armbased-32bit-mpus-stmicroelectronics_dfsdm.pdf,32,DATPACK,15:14,1:0
rm0441-stm32mp151-advanced-armbased-32bit-mpus-stmicroelectronics_dfsdm.pdf,32,DATMPX,13:12,1:0
rm0441-stm32mp151-advanced-armbased-32bit-mpus-stmicroelectronics_dfsdm.pdf,32,RESERVED,11:9,
rm0441-stm32mp151-advanced-armbased-32bit-mpus-stmicroelectronics_dfsdm.pdf,32,CHINSEL,8,
rm0441-stm32mp151-advanced-armbased-32bit-mpus-stmicroelectronics_dfsdm.pdf,32,CHEN,7,
rm0441-stm32mp151-advanced-armbased-32bit-mpus-stmicroelectronics_dfsdm.pdf,33,CKABEN,6,
rm0441-stm32mp151-advanced-armbased-32bit-mpus-stmicroelectronics_dfsdm.pdf,33,SCDEN,5,
rm0441-stm32mp151-advanced-armbased-32bit-mpus-stmicroelectronics_dfsdm.pdf,33,RESERVED,4,
rm0441-stm32mp151-advanced-armbased-32bit-mpus-stmicroelectronics_dfsdm.pdf,33,SPICKSEL,3:2,1:0
rm0441-stm32mp151-advanced-armbased-32bit-mpus-stmicroelectronics_dfsdm.pdf,33,SITP,1:0,1:0
rm0441-stm32mp151-advanced-armbased-32bit-mpus-stmicroelectronics_dfsdm.pdf,34,OFFSET,31:8,23:0
rm0441-stm32mp151-advanced-armbased-32bit-mpus-stmicroelectronics_dfsdm.pdf,34,DTRBS,7:3,4:0
rm0441-stm32mp151-advanced-armbased-32bit-mpus-stmicroelectronics_dfsdm.pdf,34,RESERVED,2:0,
rm0441-stm32mp151-advanced-armbased-32bit-mpus-stmicroelectronics_dfsdm.pdf,34,RESERVED,31:24,
rm0441-stm32mp151-advanced-armbased-32bit-mpus-stmicroelectronics_dfsdm.pdf,34,AWFORD,23:22,1:0
rm0441-stm32mp151-advanced-armbased-32bit-mpus-stmicroelectronics_dfsdm.pdf,34,RESERVED,21,
rm0441-stm32mp151-advanced-armbased-32bit-mpus-stmicroelectronics_dfsdm.pdf,34,AWFOSR,20:16,4:0
rm0441-stm32mp151-advanced-armbased-32bit-mpus-stmicroelectronics_dfsdm.pdf,35,BKSCD,15:12,3:0
rm0441-stm32mp151-advanced-armbased-32bit-mpus-stmicroelectronics_dfsdm.pdf,35,RESERVED,11:8,
rm0441-stm32mp151-advanced-armbased-32bit-mpus-stmicroelectronics_dfsdm.pdf,35,SCDT,7:0,7:0
rm0441-stm32mp151-advanced-armbased-32bit-mpus-stmicroelectronics_dfsdm.pdf,35,RESERVED,31:16,
rm0441-stm32mp151-advanced-armbased-32bit-mpus-stmicroelectronics_dfsdm.pdf,35,WDATA,15:0,15:0
rm0441-stm32mp151-advanced-armbased-32bit-mpus-stmicroelectronics_dfsdm.pdf,36,INDAT1,31:16,15:0
rm0441-stm32mp151-advanced-armbased-32bit-mpus-stmicroelectronics_dfsdm.pdf,36,INDAT0,15:0,15:0
rm0441-stm32mp151-advanced-armbased-32bit-mpus-stmicroelectronics_dfsdm.pdf,37,RESERVED,31:6,
rm0441-stm32mp151-advanced-armbased-32bit-mpus-stmicroelectronics_dfsdm.pdf,37,PLSSKP,5:0,5:0
rm0441-stm32mp151-advanced-armbased-32bit-mpus-stmicroelectronics_dfsdm.pdf,37,RESERVED,31,
rm0441-stm32mp151-advanced-armbased-32bit-mpus-stmicroelectronics_dfsdm.pdf,37,AWFSEL,30,
rm0441-stm32mp151-advanced-armbased-32bit-mpus-stmicroelectronics_dfsdm.pdf,37,FAST,29,
rm0441-stm32mp151-advanced-armbased-32bit-mpus-stmicroelectronics_dfsdm.pdf,37,RESERVED,28:27,
rm0441-stm32mp151-advanced-armbased-32bit-mpus-stmicroelectronics_dfsdm.pdf,38,RCH,26:24,2:0
rm0441-stm32mp151-advanced-armbased-32bit-mpus-stmicroelectronics_dfsdm.pdf,38,RESERVED,23:22,
rm0441-stm32mp151-advanced-armbased-32bit-mpus-stmicroelectronics_dfsdm.pdf,38,RDMAEN,21,
rm0441-stm32mp151-advanced-armbased-32bit-mpus-stmicroelectronics_dfsdm.pdf,38,RESERVED,20,
rm0441-stm32mp151-advanced-armbased-32bit-mpus-stmicroelectronics_dfsdm.pdf,38,RSYNC,19,
rm0441-stm32mp151-advanced-armbased-32bit-mpus-stmicroelectronics_dfsdm.pdf,38,RCONT,18,
rm0441-stm32mp151-advanced-armbased-32bit-mpus-stmicroelectronics_dfsdm.pdf,38,RSWSTART,17,
rm0441-stm32mp151-advanced-armbased-32bit-mpus-stmicroelectronics_dfsdm.pdf,38,RESERVED,16:15,
rm0441-stm32mp151-advanced-armbased-32bit-mpus-stmicroelectronics_dfsdm.pdf,38,JEXTEN,14:13,1:0
rm0441-stm32mp151-advanced-armbased-32bit-mpus-stmicroelectronics_dfsdm.pdf,39,JEXTSEL,12:8,4:0
rm0441-stm32mp151-advanced-armbased-32bit-mpus-stmicroelectronics_dfsdm.pdf,39,RESERVED,7:6,
rm0441-stm32mp151-advanced-armbased-32bit-mpus-stmicroelectronics_dfsdm.pdf,39,JDMAEN,5,
rm0441-stm32mp151-advanced-armbased-32bit-mpus-stmicroelectronics_dfsdm.pdf,39,JSCAN,4,
rm0441-stm32mp151-advanced-armbased-32bit-mpus-stmicroelectronics_dfsdm.pdf,39,JSYNC,3,
rm0441-stm32mp151-advanced-armbased-32bit-mpus-stmicroelectronics_dfsdm.pdf,39,RESERVED,2,
rm0441-stm32mp151-advanced-armbased-32bit-mpus-stmicroelectronics_dfsdm.pdf,39,JSWSTART,1,
rm0441-stm32mp151-advanced-armbased-32bit-mpus-stmicroelectronics_dfsdm.pdf,39,DFEN,0,
rm0441-stm32mp151-advanced-armbased-32bit-mpus-stmicroelectronics_dfsdm.pdf,40,RESERVED,31:24,
rm0441-stm32mp151-advanced-armbased-32bit-mpus-stmicroelectronics_dfsdm.pdf,40,AWDCH,23:16,7:0
rm0441-stm32mp151-advanced-armbased-32bit-mpus-stmicroelectronics_dfsdm.pdf,40,EXCH,15:8,7:0
rm0441-stm32mp151-advanced-armbased-32bit-mpus-stmicroelectronics_dfsdm.pdf,40,RESERVED,7,
rm0441-stm32mp151-advanced-armbased-32bit-mpus-stmicroelectronics_dfsdm.pdf,40,CKABIE,6,
rm0441-stm32mp151-advanced-armbased-32bit-mpus-stmicroelectronics_dfsdm.pdf,40,SCDIE,5,
rm0441-stm32mp151-advanced-armbased-32bit-mpus-stmicroelectronics_dfsdm.pdf,40,AWDIE,4,
rm0441-stm32mp151-advanced-armbased-32bit-mpus-stmicroelectronics_dfsdm.pdf,40,ROVRIE,3,
rm0441-stm32mp151-advanced-armbased-32bit-mpus-stmicroelectronics_dfsdm.pdf,41,JOVRIE,2,
rm0441-stm32mp151-advanced-armbased-32bit-mpus-stmicroelectronics_dfsdm.pdf,41,REOCIE,1,
rm0441-stm32mp151-advanced-armbased-32bit-mpus-stmicroelectronics_dfsdm.pdf,41,JEOCIE,0,
rm0441-stm32mp151-advanced-armbased-32bit-mpus-stmicroelectronics_dfsdm.pdf,41,SCDF,31:24,7:0
rm0441-stm32mp151-advanced-armbased-32bit-mpus-stmicroelectronics_dfsdm.pdf,41,CKABF,23:16,7:0
rm0441-stm32mp151-advanced-armbased-32bit-mpus-stmicroelectronics_dfsdm.pdf,41,RESERVED,15,
rm0441-stm32mp151-advanced-armbased-32bit-mpus-stmicroelectronics_dfsdm.pdf,41,RCIP,14,
rm0441-stm32mp151-advanced-armbased-32bit-mpus-stmicroelectronics_dfsdm.pdf,42,JCIP,13,
rm0441-stm32mp151-advanced-armbased-32bit-mpus-stmicroelectronics_dfsdm.pdf,42,RESERVED,12:5,
rm0441-stm32mp151-advanced-armbased-32bit-mpus-stmicroelectronics_dfsdm.pdf,42,AWDF,4,
rm0441-stm32mp151-advanced-armbased-32bit-mpus-stmicroelectronics_dfsdm.pdf,42,ROVRF,3,
rm0441-stm32mp151-advanced-armbased-32bit-mpus-stmicroelectronics_dfsdm.pdf,42,JOVRF,2,
rm0441-stm32mp151-advanced-armbased-32bit-mpus-stmicroelectronics_dfsdm.pdf,42,REOCF,1,
rm0441-stm32mp151-advanced-armbased-32bit-mpus-stmicroelectronics_dfsdm.pdf,42,JEOCF,0,
rm0441-stm32mp151-advanced-armbased-32bit-mpus-stmicroelectronics_dfsdm.pdf,43,CLRSCDF,31:24,7:0
rm0441-stm32mp151-advanced-armbased-32bit-mpus-stmicroelectronics_dfsdm.pdf,43,CLRCKABF,23:16,7:0
rm0441-stm32mp151-advanced-armbased-32bit-mpus-stmicroelectronics_dfsdm.pdf,43,RESERVED,15:4,
rm0441-stm32mp151-advanced-armbased-32bit-mpus-stmicroelectronics_dfsdm.pdf,43,CLRROVRF,3,
rm0441-stm32mp151-advanced-armbased-32bit-mpus-stmicroelectronics_dfsdm.pdf,43,CLRJOVRF,2,
rm0441-stm32mp151-advanced-armbased-32bit-mpus-stmicroelectronics_dfsdm.pdf,43,RESERVED,1:0,
rm0441-stm32mp151-advanced-armbased-32bit-mpus-stmicroelectronics_dfsdm.pdf,44,RESERVED,31:8,
rm0441-stm32mp151-advanced-armbased-32bit-mpus-stmicroelectronics_dfsdm.pdf,44,JCHG,7:0,7:0
rm0441-stm32mp151-advanced-armbased-32bit-mpus-stmicroelectronics_dfsdm.pdf,45,FORD,31:29,2:0
rm0441-stm32mp151-advanced-armbased-32bit-mpus-stmicroelectronics_dfsdm.pdf,45,RESERVED,28:26,
rm0441-stm32mp151-advanced-armbased-32bit-mpus-stmicroelectronics_dfsdm.pdf,45,FOSR,25:16,9:0
rm0441-stm32mp151-advanced-armbased-32bit-mpus-stmicroelectronics_dfsdm.pdf,45,RESERVED,15:8,
rm0441-stm32mp151-advanced-armbased-32bit-mpus-stmicroelectronics_dfsdm.pdf,45,IOSR,7:0,7:0
rm0441-stm32mp151-advanced-armbased-32bit-mpus-stmicroelectronics_dfsdm.pdf,46,JDATA,31:8,23:0
rm0441-stm32mp151-advanced-armbased-32bit-mpus-stmicroelectronics_dfsdm.pdf,46,RESERVED,7:3,
rm0441-stm32mp151-advanced-armbased-32bit-mpus-stmicroelectronics_dfsdm.pdf,46,JDATACH,2:0,2:0
rm0441-stm32mp151-advanced-armbased-32bit-mpus-stmicroelectronics_dfsdm.pdf,46,RDATA,31:8,23:0
rm0441-stm32mp151-advanced-armbased-32bit-mpus-stmicroelectronics_dfsdm.pdf,46,RESERVED,7:5,
rm0441-stm32mp151-advanced-armbased-32bit-mpus-stmicroelectronics_dfsdm.pdf,46,RPEND,4,
rm0441-stm32mp151-advanced-armbased-32bit-mpus-stmicroelectronics_dfsdm.pdf,46,RESERVED,3,
rm0441-stm32mp151-advanced-armbased-32bit-mpus-stmicroelectronics_dfsdm.pdf,46,RDATACH,2:0,2:0
rm0441-stm32mp151-advanced-armbased-32bit-mpus-stmicroelectronics_dfsdm.pdf,47,AWHT,31:8,23:0
rm0441-stm32mp151-advanced-armbased-32bit-mpus-stmicroelectronics_dfsdm.pdf,47,RESERVED,7:4,
rm0441-stm32mp151-advanced-armbased-32bit-mpus-stmicroelectronics_dfsdm.pdf,47,BKAWH,3:0,3:0
rm0441-stm32mp151-advanced-armbased-32bit-mpus-stmicroelectronics_dfsdm.pdf,48,AWLT,31:8,23:0
rm0441-stm32mp151-advanced-armbased-32bit-mpus-stmicroelectronics_dfsdm.pdf,48,RESERVED,7:4,
rm0441-stm32mp151-advanced-armbased-32bit-mpus-stmicroelectronics_dfsdm.pdf,48,BKAWL,3:0,3:0
rm0441-stm32mp151-advanced-armbased-32bit-mpus-stmicroelectronics_dfsdm.pdf,48,RESERVED,31:16,
rm0441-stm32mp151-advanced-armbased-32bit-mpus-stmicroelectronics_dfsdm.pdf,48,AWHTF,15:8,7:0
rm0441-stm32mp151-advanced-armbased-32bit-mpus-stmicroelectronics_dfsdm.pdf,48,AWLTF,7:0,7:0
rm0441-stm32mp151-advanced-armbased-32bit-mpus-stmicroelectronics_dfsdm.pdf,49,RESERVED,31:16,
rm0441-stm32mp151-advanced-armbased-32bit-mpus-stmicroelectronics_dfsdm.pdf,49,CLRAWHTF,15:8,7:0
rm0441-stm32mp151-advanced-armbased-32bit-mpus-stmicroelectronics_dfsdm.pdf,49,CLRAWLTF,7:0,7:0
rm0441-stm32mp151-advanced-armbased-32bit-mpus-stmicroelectronics_dfsdm.pdf,49,EXMAX,31:8,23:0
rm0441-stm32mp151-advanced-armbased-32bit-mpus-stmicroelectronics_dfsdm.pdf,49,RESERVED,7:3,
rm0441-stm32mp151-advanced-armbased-32bit-mpus-stmicroelectronics_dfsdm.pdf,49,EXMAXCH,2:0,2:0
rm0441-stm32mp151-advanced-armbased-32bit-mpus-stmicroelectronics_dfsdm.pdf,50,EXMIN,31:8,23:0
rm0441-stm32mp151-advanced-armbased-32bit-mpus-stmicroelectronics_dfsdm.pdf,50,RESERVED,7:3,
rm0441-stm32mp151-advanced-armbased-32bit-mpus-stmicroelectronics_dfsdm.pdf,50,EXMINCH,2:0,2:0
rm0441-stm32mp151-advanced-armbased-32bit-mpus-stmicroelectronics_dfsdm.pdf,51,CNVCNT,31:4,27:0
rm0441-stm32mp151-advanced-armbased-32bit-mpus-stmicroelectronics_dfsdm.pdf,51,RESERVED,3:0,
rm0441-stm32mp151-advanced-armbased-32bit-mpus-stmicroelectronics_dfsdm.pdf,52,RESERVED,31:16,
rm0441-stm32mp151-advanced-armbased-32bit-mpus-stmicroelectronics_dfsdm.pdf,52,NBF,15:8,7:0
rm0441-stm32mp151-advanced-armbased-32bit-mpus-stmicroelectronics_dfsdm.pdf,52,NBT,7:0,7:0
rm0441-stm32mp151-advanced-armbased-32bit-mpus-stmicroelectronics_dfsdm.pdf,52,RESERVED,31:8,
rm0441-stm32mp151-advanced-armbased-32bit-mpus-stmicroelectronics_dfsdm.pdf,52,MAJREV,7:4,3:0
rm0441-stm32mp151-advanced-armbased-32bit-mpus-stmicroelectronics_dfsdm.pdf,52,MINREV,3:0,3:0
rm0441-stm32mp151-advanced-armbased-32bit-mpus-stmicroelectronics_dfsdm.pdf,53,ID,31:0,31:0
rm0441-stm32mp151-advanced-armbased-32bit-mpus-stmicroelectronics_dfsdm.pdf,53,SID,31:0,31:0
rm0442-stm32mp153-advanced-armbased-32bit-mpus-stmicroelectronics_dfsdm.pdf,31,DFSDMEN,31,
rm0442-stm32mp153-advanced-armbased-32bit-mpus-stmicroelectronics_dfsdm.pdf,31,CKOUTSRC,30,
rm0442-stm32mp153-advanced-armbased-32bit-mpus-stmicroelectronics_dfsdm.pdf,31,RESERVED,29:24,
rm0442-stm32mp153-advanced-armbased-32bit-mpus-stmicroelectronics_dfsdm.pdf,32,CKOUTDIV,23:16,7:0
rm0442-stm32mp153-advanced-armbased-32bit-mpus-stmicroelectronics_dfsdm.pdf,32,DATPACK,15:14,1:0
rm0442-stm32mp153-advanced-armbased-32bit-mpus-stmicroelectronics_dfsdm.pdf,32,DATMPX,13:12,1:0
rm0442-stm32mp153-advanced-armbased-32bit-mpus-stmicroelectronics_dfsdm.pdf,32,RESERVED,11:9,
rm0442-stm32mp153-advanced-armbased-32bit-mpus-stmicroelectronics_dfsdm.pdf,32,CHINSEL,8,
rm0442-stm32mp153-advanced-armbased-32bit-mpus-stmicroelectronics_dfsdm.pdf,32,CHEN,7,
rm0442-stm32mp153-advanced-armbased-32bit-mpus-stmicroelectronics_dfsdm.pdf,33,CKABEN,6,
rm0442-stm32mp153-advanced-armbased-32bit-mpus-stmicroelectronics_dfsdm.pdf,33,SCDEN,5,
rm0442-stm32mp153-advanced-armbased-32bit-mpus-stmicroelectronics_dfsdm.pdf,33,RESERVED,4,
rm0442-stm32mp153-advanced-armbased-32bit-mpus-stmicroelectronics_dfsdm.pdf,33,SPICKSEL,3:2,1:0
rm0442-stm32mp153-advanced-armbased-32bit-mpus-stmicroelectronics_dfsdm.pdf,33,SITP,1:0,1:0
rm0442-stm32mp153-advanced-armbased-32bit-mpus-stmicroelectronics_dfsdm.pdf,34,OFFSET,31:8,23:0
rm0442-stm32mp153-advanced-armbased-32bit-mpus-stmicroelectronics_dfsdm.pdf,34,DTRBS,7:3,4:0
rm0442-stm32mp153-advanced-armbased-32bit-mpus-stmicroelectronics_dfsdm.pdf,34,RESERVED,2:0,
rm0442-stm32mp153-advanced-armbased-32bit-mpus-stmicroelectronics_dfsdm.pdf,34,RESERVED,31:24,
rm0442-stm32mp153-advanced-armbased-32bit-mpus-stmicroelectronics_dfsdm.pdf,34,AWFORD,23:22,1:0
rm0442-stm32mp153-advanced-armbased-32bit-mpus-stmicroelectronics_dfsdm.pdf,34,RESERVED,21,
rm0442-stm32mp153-advanced-armbased-32bit-mpus-stmicroelectronics_dfsdm.pdf,34,AWFOSR,20:16,4:0
rm0442-stm32mp153-advanced-armbased-32bit-mpus-stmicroelectronics_dfsdm.pdf,35,BKSCD,15:12,3:0
rm0442-stm32mp153-advanced-armbased-32bit-mpus-stmicroelectronics_dfsdm.pdf,35,RESERVED,11:8,
rm0442-stm32mp153-advanced-armbased-32bit-mpus-stmicroelectronics_dfsdm.pdf,35,SCDT,7:0,7:0
rm0442-stm32mp153-advanced-armbased-32bit-mpus-stmicroelectronics_dfsdm.pdf,35,RESERVED,31:16,
rm0442-stm32mp153-advanced-armbased-32bit-mpus-stmicroelectronics_dfsdm.pdf,35,WDATA,15:0,15:0
rm0442-stm32mp153-advanced-armbased-32bit-mpus-stmicroelectronics_dfsdm.pdf,36,INDAT1,31:16,15:0
rm0442-stm32mp153-advanced-armbased-32bit-mpus-stmicroelectronics_dfsdm.pdf,36,INDAT0,15:0,15:0
rm0442-stm32mp153-advanced-armbased-32bit-mpus-stmicroelectronics_dfsdm.pdf,37,RESERVED,31:6,
rm0442-stm32mp153-advanced-armbased-32bit-mpus-stmicroelectronics_dfsdm.pdf,37,PLSSKP,5:0,5:0
rm0442-stm32mp153-advanced-armbased-32bit-mpus-stmicroelectronics_dfsdm.pdf,37,RESERVED,31,
rm0442-stm32mp153-advanced-armbased-32bit-mpus-stmicroelectronics_dfsdm.pdf,37,AWFSEL,30,
rm0442-stm32mp153-advanced-armbased-32bit-mpus-stmicroelectronics_dfsdm.pdf,37,FAST,29,
rm0442-stm32mp153-advanced-armbased-32bit-mpus-stmicroelectronics_dfsdm.pdf,37,RESERVED,28:27,
rm0442-stm32mp153-advanced-armbased-32bit-mpus-stmicroelectronics_dfsdm.pdf,38,RCH,26:24,2:0
rm0442-stm32mp153-advanced-armbased-32bit-mpus-stmicroelectronics_dfsdm.pdf,38,RESERVED,23:22,
rm0442-stm32mp153-advanced-armbased-32bit-mpus-stmicroelectronics_dfsdm.pdf,38,RDMAEN,21,
rm0442-stm32mp153-advanced-armbased-32bit-mpus-stmicroelectronics_dfsdm.pdf,38,RESERVED,20,
rm0442-stm32mp153-advanced-armbased-32bit-mpus-stmicroelectronics_dfsdm.pdf,38,RSYNC,19,
rm0442-stm32mp153-advanced-armbased-32bit-mpus-stmicroelectronics_dfsdm.pdf,38,RCONT,18,
rm0442-stm32mp153-advanced-armbased-32bit-mpus-stmicroelectronics_dfsdm.pdf,38,RSWSTART,17,
rm0442-stm32mp153-advanced-armbased-32bit-mpus-stmicroelectronics_dfsdm.pdf,38,RESERVED,16:15,
rm0442-stm32mp153-advanced-armbased-32bit-mpus-stmicroelectronics_dfsdm.pdf,38,JEXTEN,14:13,1:0
rm0442-stm32mp153-advanced-armbased-32bit-mpus-stmicroelectronics_dfsdm.pdf,39,JEXTSEL,12:8,4:0
rm0442-stm32mp153-advanced-armbased-32bit-mpus-stmicroelectronics_dfsdm.pdf,39,RESERVED,7:6,
rm0442-stm32mp153-advanced-armbased-32bit-mpus-stmicroelectronics_dfsdm.pdf,39,JDMAEN,5,
rm0442-stm32mp153-advanced-armbased-32bit-mpus-stmicroelectronics_dfsdm.pdf,39,JSCAN,4,
rm0442-stm32mp153-advanced-armbased-32bit-mpus-stmicroelectronics_dfsdm.pdf,39,JSYNC,3,
rm0442-stm32mp153-advanced-armbased-32bit-mpus-stmicroelectronics_dfsdm.pdf,39,RESERVED,2,
rm0442-stm32mp153-advanced-armbased-32bit-mpus-stmicroelectronics_dfsdm.pdf,39,JSWSTART,1,
rm0442-stm32mp153-advanced-armbased-32bit-mpus-stmicroelectronics_dfsdm.pdf,39,DFEN,0,
rm0442-stm32mp153-advanced-armbased-32bit-mpus-stmicroelectronics_dfsdm.pdf,40,RESERVED,31:24,
rm0442-stm32mp153-advanced-armbased-32bit-mpus-stmicroelectronics_dfsdm.pdf,40,AWDCH,23:16,7:0
rm0442-stm32mp153-advanced-armbased-32bit-mpus-stmicroelectronics_dfsdm.pdf,40,EXCH,15:8,7:0
rm0442-stm32mp153-advanced-armbased-32bit-mpus-stmicroelectronics_dfsdm.pdf,40,RESERVED,7,
rm0442-stm32mp153-advanced-armbased-32bit-mpus-stmicroelectronics_dfsdm.pdf,40,CKABIE,6,
rm0442-stm32mp153-advanced-armbased-32bit-mpus-stmicroelectronics_dfsdm.pdf,40,SCDIE,5,
rm0442-stm32mp153-advanced-armbased-32bit-mpus-stmicroelectronics_dfsdm.pdf,40,AWDIE,4,
rm0442-stm32mp153-advanced-armbased-32bit-mpus-stmicroelectronics_dfsdm.pdf,40,ROVRIE,3,
rm0442-stm32mp153-advanced-armbased-32bit-mpus-stmicroelectronics_dfsdm.pdf,41,JOVRIE,2,
rm0442-stm32mp153-advanced-armbased-32bit-mpus-stmicroelectronics_dfsdm.pdf,41,REOCIE,1,
rm0442-stm32mp153-advanced-armbased-32bit-mpus-stmicroelectronics_dfsdm.pdf,41,JEOCIE,0,
rm0442-stm32mp153-advanced-armbased-32bit-mpus-stmicroelectronics_dfsdm.pdf,41,SCDF,31:24,7:0
rm0442-stm32mp153-advanced-armbased-32bit-mpus-stmicroelectronics_dfsdm.pdf,41,CKABF,23:16,7:0
rm0442-stm32mp153-advanced-armbased-32bit-mpus-stmicroelectronics_dfsdm.pdf,41,RESERVED,15,
rm0442-stm32mp153-advanced-armbased-32bit-mpus-stmicroelectronics_dfsdm.pdf,41,RCIP,14,
rm0442-stm32mp153-advanced-armbased-32bit-mpus-stmicroelectronics_dfsdm.pdf,42,JCIP,13,
rm0442-stm32mp153-advanced-armbased-32bit-mpus-stmicroelectronics_dfsdm.pdf,42,RESERVED,12:5,
rm0442-stm32mp153-advanced-armbased-32bit-mpus-stmicroelectronics_dfsdm.pdf,42,AWDF,4,
rm0442-stm32mp153-advanced-armbased-32bit-mpus-stmicroelectronics_dfsdm.pdf,42,ROVRF,3,
rm0442-stm32mp153-advanced-armbased-32bit-mpus-stmicroelectronics_dfsdm.pdf,42,JOVRF,2,
rm0442-stm32mp153-advanced-armbased-32bit-mpus-stmicroelectronics_dfsdm.pdf,42,REOCF,1,
rm0442-stm32mp153-advanced-armbased-32bit-mpus-stmicroelectronics_dfsdm.pdf,42,JEOCF,0,
rm0442-stm32mp153-advanced-armbased-32bit-mpus-stmicroelectronics_dfsdm.pdf,43,CLRSCDF,31:24,7:0
rm0442-stm32mp153-advanced-armbased-32bit-mpus-stmicroelectronics_dfsdm.pdf,43,CLRCKABF,23:16,7:0
rm0442-stm32mp153-advanced-armbased-32bit-mpus-stmicroelectronics_dfsdm.pdf,43,RESERVED,15:4,
rm0442-stm32mp153-advanced-armbased-32bit-mpus-stmicroelectronics_dfsdm.pdf,43,CLRROVRF,3,
rm0442-stm32mp153-advanced-armbased-32bit-mpus-stmicroelectronics_dfsdm.pdf,43,CLRJOVRF,2,
rm0442-stm32mp153-advanced-armbased-32bit-mpus-stmicroelectronics_dfsdm.pdf,43,RESERVED,1:0,
rm0442-stm32mp153-advanced-armbased-32bit-mpus-stmicroelectronics_dfsdm.pdf,44,RESERVED,31:8,
rm0442-stm32mp153-advanced-armbased-32bit-mpus-stmicroelectronics_dfsdm.pdf,44,JCHG,7:0,7:0
rm0442-stm32mp153-advanced-armbased-32bit-mpus-stmicroelectronics_dfsdm.pdf,45,FORD,31:29,2:0
rm0442-stm32mp153-advanced-armbased-32bit-mpus-stmicroelectronics_dfsdm.pdf,45,RESERVED,28:26,
rm0442-stm32mp153-advanced-armbased-32bit-mpus-stmicroelectronics_dfsdm.pdf,45,FOSR,25:16,9:0
rm0442-stm32mp153-advanced-armbased-32bit-mpus-stmicroelectronics_dfsdm.pdf,45,RESERVED,15:8,
rm0442-stm32mp153-advanced-armbased-32bit-mpus-stmicroelectronics_dfsdm.pdf,45,IOSR,7:0,7:0
rm0442-stm32mp153-advanced-armbased-32bit-mpus-stmicroelectronics_dfsdm.pdf,46,JDATA,31:8,23:0
rm0442-stm32mp153-advanced-armbased-32bit-mpus-stmicroelectronics_dfsdm.pdf,46,RESERVED,7:3,
rm0442-stm32mp153-advanced-armbased-32bit-mpus-stmicroelectronics_dfsdm.pdf,46,JDATACH,2:0,2:0
rm0442-stm32mp153-advanced-armbased-32bit-mpus-stmicroelectronics_dfsdm.pdf,46,RDATA,31:8,23:0
rm0442-stm32mp153-advanced-armbased-32bit-mpus-stmicroelectronics_dfsdm.pdf,46,RESERVED,7:5,
rm0442-stm32mp153-advanced-armbased-32bit-mpus-stmicroelectronics_dfsdm.pdf,46,RPEND,4,
rm0442-stm32mp153-advanced-armbased-32bit-mpus-stmicroelectronics_dfsdm.pdf,46,RESERVED,3,
rm0442-stm32mp153-advanced-armbased-32bit-mpus-stmicroelectronics_dfsdm.pdf,46,RDATACH,2:0,2:0
rm0442-stm32mp153-advanced-armbased-32bit-mpus-stmicroelectronics_dfsdm.pdf,47,AWHT,31:8,23:0
rm0442-stm32mp153-advanced-armbased-32bit-mpus-stmicroelectronics_dfsdm.pdf,47,RESERVED,7:4,
rm0442-stm32mp153-advanced-armbased-32bit-mpus-stmicroelectronics_dfsdm.pdf,47,BKAWH,3:0,3:0
rm0442-stm32mp153-advanced-armbased-32bit-mpus-stmicroelectronics_dfsdm.pdf,48,AWLT,31:8,23:0
rm0442-stm32mp153-advanced-armbased-32bit-mpus-stmicroelectronics_dfsdm.pdf,48,RESERVED,7:4,
rm0442-stm32mp153-advanced-armbased-32bit-mpus-stmicroelectronics_dfsdm.pdf,48,BKAWL,3:0,3:0
rm0442-stm32mp153-advanced-armbased-32bit-mpus-stmicroelectronics_dfsdm.pdf,48,RESERVED,31:16,
rm0442-stm32mp153-advanced-armbased-32bit-mpus-stmicroelectronics_dfsdm.pdf,48,AWHTF,15:8,7:0
rm0442-stm32mp153-advanced-armbased-32bit-mpus-stmicroelectronics_dfsdm.pdf,48,AWLTF,7:0,7:0
rm0442-stm32mp153-advanced-armbased-32bit-mpus-stmicroelectronics_dfsdm.pdf,49,RESERVED,31:16,
rm0442-stm32mp153-advanced-armbased-32bit-mpus-stmicroelectronics_dfsdm.pdf,49,CLRAWHTF,15:8,7:0
rm0442-stm32mp153-advanced-armbased-32bit-mpus-stmicroelectronics_dfsdm.pdf,49,CLRAWLTF,7:0,7:0
rm0442-stm32mp153-advanced-armbased-32bit-mpus-stmicroelectronics_dfsdm.pdf,49,EXMAX,31:8,23:0
rm0442-stm32mp153-advanced-armbased-32bit-mpus-stmicroelectronics_dfsdm.pdf,49,RESERVED,7:3,
rm0442-stm32mp153-advanced-armbased-32bit-mpus-stmicroelectronics_dfsdm.pdf,49,EXMAXCH,2:0,2:0
rm0442-stm32mp153-advanced-armbased-32bit-mpus-stmicroelectronics_dfsdm.pdf,50,EXMIN,31:8,23:0
rm0442-stm32mp153-advanced-armbased-32bit-mpus-stmicroelectronics_dfsdm.pdf,50,RESERVED,7:3,
rm0442-stm32mp153-advanced-armbased-32bit-mpus-stmicroelectronics_dfsdm.pdf,50,EXMINCH,2:0,2:0
rm0442-stm32mp153-advanced-armbased-32bit-mpus-stmicroelectronics_dfsdm.pdf,51,CNVCNT,31:4,27:0
rm0442-stm32mp153-advanced-armbased-32bit-mpus-stmicroelectronics_dfsdm.pdf,51,RESERVED,3:0,
rm0442-stm32mp153-advanced-armbased-32bit-mpus-stmicroelectronics_dfsdm.pdf,52,RESERVED,31:16,
rm0442-stm32mp153-advanced-armbased-32bit-mpus-stmicroelectronics_dfsdm.pdf,52,NBF,15:8,7:0
rm0442-stm32mp153-advanced-armbased-32bit-mpus-stmicroelectronics_dfsdm.pdf,52,NBT,7:0,7:0
rm0442-stm32mp153-advanced-armbased-32bit-mpus-stmicroelectronics_dfsdm.pdf,52,RESERVED,31:8,
rm0442-stm32mp153-advanced-armbased-32bit-mpus-stmicroelectronics_dfsdm.pdf,52,MAJREV,7:4,3:0
rm0442-stm32mp153-advanced-armbased-32bit-mpus-stmicroelectronics_dfsdm.pdf,52,MINREV,3:0,3:0
rm0442-stm32mp153-advanced-armbased-32bit-mpus-stmicroelectronics_dfsdm.pdf,53,ID,31:0,31:0
rm0442-stm32mp153-advanced-armbased-32bit-mpus-stmicroelectronics_dfsdm.pdf,53,SID,31:0,31:0
rm0455-stm32h7a37b3-and-stm32h7b0-value-line-advanced-armbased-32bit-mcus-stmicroelectronics_dfsdm.pdf,32,DFSDMEN,31,
rm0455-stm32h7a37b3-and-stm32h7b0-value-line-advanced-armbased-32bit-mcus-stmicroelectronics_dfsdm.pdf,32,CKOUTSRC,30,
rm0455-stm32h7a37b3-and-stm32h7b0-value-line-advanced-armbased-32bit-mcus-stmicroelectronics_dfsdm.pdf,32,RESERVED,29:24,
rm0455-stm32h7a37b3-and-stm32h7b0-value-line-advanced-armbased-32bit-mcus-stmicroelectronics_dfsdm.pdf,33,CKOUTDIV,23:16,7:0
rm0455-stm32h7a37b3-and-stm32h7b0-value-line-advanced-armbased-32bit-mcus-stmicroelectronics_dfsdm.pdf,33,DATPACK,15:14,1:0
rm0455-stm32h7a37b3-and-stm32h7b0-value-line-advanced-armbased-32bit-mcus-stmicroelectronics_dfsdm.pdf,33,DATMPX,13:12,1:0
rm0455-stm32h7a37b3-and-stm32h7b0-value-line-advanced-armbased-32bit-mcus-stmicroelectronics_dfsdm.pdf,33,RESERVED,11:9,
rm0455-stm32h7a37b3-and-stm32h7b0-value-line-advanced-armbased-32bit-mcus-stmicroelectronics_dfsdm.pdf,33,CHINSEL,8,
rm0455-stm32h7a37b3-and-stm32h7b0-value-line-advanced-armbased-32bit-mcus-stmicroelectronics_dfsdm.pdf,33,CHEN,7,
rm0455-stm32h7a37b3-and-stm32h7b0-value-line-advanced-armbased-32bit-mcus-stmicroelectronics_dfsdm.pdf,34,CKABEN,6,
rm0455-stm32h7a37b3-and-stm32h7b0-value-line-advanced-armbased-32bit-mcus-stmicroelectronics_dfsdm.pdf,34,SCDEN,5,
rm0455-stm32h7a37b3-and-stm32h7b0-value-line-advanced-armbased-32bit-mcus-stmicroelectronics_dfsdm.pdf,34,RESERVED,4,
rm0455-stm32h7a37b3-and-stm32h7b0-value-line-advanced-armbased-32bit-mcus-stmicroelectronics_dfsdm.pdf,34,SPICKSEL,3:2,1:0
rm0455-stm32h7a37b3-and-stm32h7b0-value-line-advanced-armbased-32bit-mcus-stmicroelectronics_dfsdm.pdf,34,SITP,1:0,1:0
rm0455-stm32h7a37b3-and-stm32h7b0-value-line-advanced-armbased-32bit-mcus-stmicroelectronics_dfsdm.pdf,35,OFFSET,31:8,23:0
rm0455-stm32h7a37b3-and-stm32h7b0-value-line-advanced-armbased-32bit-mcus-stmicroelectronics_dfsdm.pdf,35,DTRBS,7:3,4:0
rm0455-stm32h7a37b3-and-stm32h7b0-value-line-advanced-armbased-32bit-mcus-stmicroelectronics_dfsdm.pdf,35,RESERVED,2:0,
rm0455-stm32h7a37b3-and-stm32h7b0-value-line-advanced-armbased-32bit-mcus-stmicroelectronics_dfsdm.pdf,35,RESERVED,31:24,
rm0455-stm32h7a37b3-and-stm32h7b0-value-line-advanced-armbased-32bit-mcus-stmicroelectronics_dfsdm.pdf,35,AWFORD,23:22,1:0
rm0455-stm32h7a37b3-and-stm32h7b0-value-line-advanced-armbased-32bit-mcus-stmicroelectronics_dfsdm.pdf,35,RESERVED,21,
rm0455-stm32h7a37b3-and-stm32h7b0-value-line-advanced-armbased-32bit-mcus-stmicroelectronics_dfsdm.pdf,35,AWFOSR,20:16,4:0
rm0455-stm32h7a37b3-and-stm32h7b0-value-line-advanced-armbased-32bit-mcus-stmicroelectronics_dfsdm.pdf,36,BKSCD,15:12,3:0
rm0455-stm32h7a37b3-and-stm32h7b0-value-line-advanced-armbased-32bit-mcus-stmicroelectronics_dfsdm.pdf,36,RESERVED,11:8,
rm0455-stm32h7a37b3-and-stm32h7b0-value-line-advanced-armbased-32bit-mcus-stmicroelectronics_dfsdm.pdf,36,SCDT,7:0,7:0
rm0455-stm32h7a37b3-and-stm32h7b0-value-line-advanced-armbased-32bit-mcus-stmicroelectronics_dfsdm.pdf,36,RESERVED,31:16,
rm0455-stm32h7a37b3-and-stm32h7b0-value-line-advanced-armbased-32bit-mcus-stmicroelectronics_dfsdm.pdf,36,WDATA,15:0,15:0
rm0455-stm32h7a37b3-and-stm32h7b0-value-line-advanced-armbased-32bit-mcus-stmicroelectronics_dfsdm.pdf,37,INDAT1,31:16,15:0
rm0455-stm32h7a37b3-and-stm32h7b0-value-line-advanced-armbased-32bit-mcus-stmicroelectronics_dfsdm.pdf,37,INDAT0,15:0,15:0
rm0455-stm32h7a37b3-and-stm32h7b0-value-line-advanced-armbased-32bit-mcus-stmicroelectronics_dfsdm.pdf,38,RESERVED,31:6,
rm0455-stm32h7a37b3-and-stm32h7b0-value-line-advanced-armbased-32bit-mcus-stmicroelectronics_dfsdm.pdf,38,PLSSKP,5:0,5:0
rm0455-stm32h7a37b3-and-stm32h7b0-value-line-advanced-armbased-32bit-mcus-stmicroelectronics_dfsdm.pdf,38,RESERVED,31,
rm0455-stm32h7a37b3-and-stm32h7b0-value-line-advanced-armbased-32bit-mcus-stmicroelectronics_dfsdm.pdf,38,AWFSEL,30,
rm0455-stm32h7a37b3-and-stm32h7b0-value-line-advanced-armbased-32bit-mcus-stmicroelectronics_dfsdm.pdf,38,FAST,29,
rm0455-stm32h7a37b3-and-stm32h7b0-value-line-advanced-armbased-32bit-mcus-stmicroelectronics_dfsdm.pdf,38,RESERVED,28:27,
rm0455-stm32h7a37b3-and-stm32h7b0-value-line-advanced-armbased-32bit-mcus-stmicroelectronics_dfsdm.pdf,39,RCH,26:24,2:0
rm0455-stm32h7a37b3-and-stm32h7b0-value-line-advanced-armbased-32bit-mcus-stmicroelectronics_dfsdm.pdf,39,RESERVED,23:22,
rm0455-stm32h7a37b3-and-stm32h7b0-value-line-advanced-armbased-32bit-mcus-stmicroelectronics_dfsdm.pdf,39,RDMAEN,21,
rm0455-stm32h7a37b3-and-stm32h7b0-value-line-advanced-armbased-32bit-mcus-stmicroelectronics_dfsdm.pdf,39,RESERVED,20,
rm0455-stm32h7a37b3-and-stm32h7b0-value-line-advanced-armbased-32bit-mcus-stmicroelectronics_dfsdm.pdf,39,RSYNC,19,
rm0455-stm32h7a37b3-and-stm32h7b0-value-line-advanced-armbased-32bit-mcus-stmicroelectronics_dfsdm.pdf,39,RCONT,18,
rm0455-stm32h7a37b3-and-stm32h7b0-value-line-advanced-armbased-32bit-mcus-stmicroelectronics_dfsdm.pdf,39,RSWSTART,17,
rm0455-stm32h7a37b3-and-stm32h7b0-value-line-advanced-armbased-32bit-mcus-stmicroelectronics_dfsdm.pdf,39,RESERVED,16:15,
rm0455-stm32h7a37b3-and-stm32h7b0-value-line-advanced-armbased-32bit-mcus-stmicroelectronics_dfsdm.pdf,39,JEXTEN,14:13,1:0
rm0455-stm32h7a37b3-and-stm32h7b0-value-line-advanced-armbased-32bit-mcus-stmicroelectronics_dfsdm.pdf,40,JEXTSEL,12:8,4:0
rm0455-stm32h7a37b3-and-stm32h7b0-value-line-advanced-armbased-32bit-mcus-stmicroelectronics_dfsdm.pdf,40,RESERVED,7:6,
rm0455-stm32h7a37b3-and-stm32h7b0-value-line-advanced-armbased-32bit-mcus-stmicroelectronics_dfsdm.pdf,40,JDMAEN,5,
rm0455-stm32h7a37b3-and-stm32h7b0-value-line-advanced-armbased-32bit-mcus-stmicroelectronics_dfsdm.pdf,40,JSCAN,4,
rm0455-stm32h7a37b3-and-stm32h7b0-value-line-advanced-armbased-32bit-mcus-stmicroelectronics_dfsdm.pdf,40,JSYNC,3,
rm0455-stm32h7a37b3-and-stm32h7b0-value-line-advanced-armbased-32bit-mcus-stmicroelectronics_dfsdm.pdf,40,RESERVED,2,
rm0455-stm32h7a37b3-and-stm32h7b0-value-line-advanced-armbased-32bit-mcus-stmicroelectronics_dfsdm.pdf,40,JSWSTART,1,
rm0455-stm32h7a37b3-and-stm32h7b0-value-line-advanced-armbased-32bit-mcus-stmicroelectronics_dfsdm.pdf,40,DFEN,0,
rm0455-stm32h7a37b3-and-stm32h7b0-value-line-advanced-armbased-32bit-mcus-stmicroelectronics_dfsdm.pdf,41,RESERVED,31:24,
rm0455-stm32h7a37b3-and-stm32h7b0-value-line-advanced-armbased-32bit-mcus-stmicroelectronics_dfsdm.pdf,41,AWDCH,23:16,7:0
rm0455-stm32h7a37b3-and-stm32h7b0-value-line-advanced-armbased-32bit-mcus-stmicroelectronics_dfsdm.pdf,41,EXCH,15:8,7:0
rm0455-stm32h7a37b3-and-stm32h7b0-value-line-advanced-armbased-32bit-mcus-stmicroelectronics_dfsdm.pdf,41,RESERVED,7,
rm0455-stm32h7a37b3-and-stm32h7b0-value-line-advanced-armbased-32bit-mcus-stmicroelectronics_dfsdm.pdf,41,CKABIE,6,
rm0455-stm32h7a37b3-and-stm32h7b0-value-line-advanced-armbased-32bit-mcus-stmicroelectronics_dfsdm.pdf,41,SCDIE,5,
rm0455-stm32h7a37b3-and-stm32h7b0-value-line-advanced-armbased-32bit-mcus-stmicroelectronics_dfsdm.pdf,41,AWDIE,4,
rm0455-stm32h7a37b3-and-stm32h7b0-value-line-advanced-armbased-32bit-mcus-stmicroelectronics_dfsdm.pdf,41,ROVRIE,3,
rm0455-stm32h7a37b3-and-stm32h7b0-value-line-advanced-armbased-32bit-mcus-stmicroelectronics_dfsdm.pdf,42,JOVRIE,2,
rm0455-stm32h7a37b3-and-stm32h7b0-value-line-advanced-armbased-32bit-mcus-stmicroelectronics_dfsdm.pdf,42,REOCIE,1,
rm0455-stm32h7a37b3-and-stm32h7b0-value-line-advanced-armbased-32bit-mcus-stmicroelectronics_dfsdm.pdf,42,JEOCIE,0,
rm0455-stm32h7a37b3-and-stm32h7b0-value-line-advanced-armbased-32bit-mcus-stmicroelectronics_dfsdm.pdf,42,SCDF,31:24,7:0
rm0455-stm32h7a37b3-and-stm32h7b0-value-line-advanced-armbased-32bit-mcus-stmicroelectronics_dfsdm.pdf,42,CKABF,23:16,7:0
rm0455-stm32h7a37b3-and-stm32h7b0-value-line-advanced-armbased-32bit-mcus-stmicroelectronics_dfsdm.pdf,42,RESERVED,15,
rm0455-stm32h7a37b3-and-stm32h7b0-value-line-advanced-armbased-32bit-mcus-stmicroelectronics_dfsdm.pdf,42,RCIP,14,
rm0455-stm32h7a37b3-and-stm32h7b0-value-line-advanced-armbased-32bit-mcus-stmicroelectronics_dfsdm.pdf,43,JCIP,13,
rm0455-stm32h7a37b3-and-stm32h7b0-value-line-advanced-armbased-32bit-mcus-stmicroelectronics_dfsdm.pdf,43,RESERVED,12:5,
rm0455-stm32h7a37b3-and-stm32h7b0-value-line-advanced-armbased-32bit-mcus-stmicroelectronics_dfsdm.pdf,43,AWDF,4,
rm0455-stm32h7a37b3-and-stm32h7b0-value-line-advanced-armbased-32bit-mcus-stmicroelectronics_dfsdm.pdf,43,ROVRF,3,
rm0455-stm32h7a37b3-and-stm32h7b0-value-line-advanced-armbased-32bit-mcus-stmicroelectronics_dfsdm.pdf,43,JOVRF,2,
rm0455-stm32h7a37b3-and-stm32h7b0-value-line-advanced-armbased-32bit-mcus-stmicroelectronics_dfsdm.pdf,43,REOCF,1,
rm0455-stm32h7a37b3-and-stm32h7b0-value-line-advanced-armbased-32bit-mcus-stmicroelectronics_dfsdm.pdf,43,JEOCF,0,
rm0455-stm32h7a37b3-and-stm32h7b0-value-line-advanced-armbased-32bit-mcus-stmicroelectronics_dfsdm.pdf,44,CLRSCDF,31:24,7:0
rm0455-stm32h7a37b3-and-stm32h7b0-value-line-advanced-armbased-32bit-mcus-stmicroelectronics_dfsdm.pdf,44,CLRCKABF,23:16,7:0
rm0455-stm32h7a37b3-and-stm32h7b0-value-line-advanced-armbased-32bit-mcus-stmicroelectronics_dfsdm.pdf,44,RESERVED,15:4,
rm0455-stm32h7a37b3-and-stm32h7b0-value-line-advanced-armbased-32bit-mcus-stmicroelectronics_dfsdm.pdf,44,CLRROVRF,3,
rm0455-stm32h7a37b3-and-stm32h7b0-value-line-advanced-armbased-32bit-mcus-stmicroelectronics_dfsdm.pdf,44,CLRJOVRF,2,
rm0455-stm32h7a37b3-and-stm32h7b0-value-line-advanced-armbased-32bit-mcus-stmicroelectronics_dfsdm.pdf,44,RESERVED,1:0,
rm0455-stm32h7a37b3-and-stm32h7b0-value-line-advanced-armbased-32bit-mcus-stmicroelectronics_dfsdm.pdf,45,RESERVED,31:8,
rm0455-stm32h7a37b3-and-stm32h7b0-value-line-advanced-armbased-32bit-mcus-stmicroelectronics_dfsdm.pdf,45,JCHG,7:0,7:0
rm0455-stm32h7a37b3-and-stm32h7b0-value-line-advanced-armbased-32bit-mcus-stmicroelectronics_dfsdm.pdf,46,FORD,31:29,2:0
rm0455-stm32h7a37b3-and-stm32h7b0-value-line-advanced-armbased-32bit-mcus-stmicroelectronics_dfsdm.pdf,46,RESERVED,28:26,
rm0455-stm32h7a37b3-and-stm32h7b0-value-line-advanced-armbased-32bit-mcus-stmicroelectronics_dfsdm.pdf,46,FOSR,25:16,9:0
rm0455-stm32h7a37b3-and-stm32h7b0-value-line-advanced-armbased-32bit-mcus-stmicroelectronics_dfsdm.pdf,46,RESERVED,15:8,
rm0455-stm32h7a37b3-and-stm32h7b0-value-line-advanced-armbased-32bit-mcus-stmicroelectronics_dfsdm.pdf,46,IOSR,7:0,7:0
rm0455-stm32h7a37b3-and-stm32h7b0-value-line-advanced-armbased-32bit-mcus-stmicroelectronics_dfsdm.pdf,47,JDATA,31:8,23:0
rm0455-stm32h7a37b3-and-stm32h7b0-value-line-advanced-armbased-32bit-mcus-stmicroelectronics_dfsdm.pdf,47,RESERVED,7:3,
rm0455-stm32h7a37b3-and-stm32h7b0-value-line-advanced-armbased-32bit-mcus-stmicroelectronics_dfsdm.pdf,47,JDATACH,2:0,2:0
rm0455-stm32h7a37b3-and-stm32h7b0-value-line-advanced-armbased-32bit-mcus-stmicroelectronics_dfsdm.pdf,47,RDATA,31:8,23:0
rm0455-stm32h7a37b3-and-stm32h7b0-value-line-advanced-armbased-32bit-mcus-stmicroelectronics_dfsdm.pdf,47,RESERVED,7:5,
rm0455-stm32h7a37b3-and-stm32h7b0-value-line-advanced-armbased-32bit-mcus-stmicroelectronics_dfsdm.pdf,47,RPEND,4,
rm0455-stm32h7a37b3-and-stm32h7b0-value-line-advanced-armbased-32bit-mcus-stmicroelectronics_dfsdm.pdf,47,RESERVED,3,
rm0455-stm32h7a37b3-and-stm32h7b0-value-line-advanced-armbased-32bit-mcus-stmicroelectronics_dfsdm.pdf,47,RDATACH,2:0,2:0
rm0455-stm32h7a37b3-and-stm32h7b0-value-line-advanced-armbased-32bit-mcus-stmicroelectronics_dfsdm.pdf,48,AWHT,31:8,23:0
rm0455-stm32h7a37b3-and-stm32h7b0-value-line-advanced-armbased-32bit-mcus-stmicroelectronics_dfsdm.pdf,48,RESERVED,7:4,
rm0455-stm32h7a37b3-and-stm32h7b0-value-line-advanced-armbased-32bit-mcus-stmicroelectronics_dfsdm.pdf,48,BKAWH,3:0,3:0
rm0455-stm32h7a37b3-and-stm32h7b0-value-line-advanced-armbased-32bit-mcus-stmicroelectronics_dfsdm.pdf,49,AWLT,31:8,23:0
rm0455-stm32h7a37b3-and-stm32h7b0-value-line-advanced-armbased-32bit-mcus-stmicroelectronics_dfsdm.pdf,49,RESERVED,7:4,
rm0455-stm32h7a37b3-and-stm32h7b0-value-line-advanced-armbased-32bit-mcus-stmicroelectronics_dfsdm.pdf,49,BKAWL,3:0,3:0
rm0455-stm32h7a37b3-and-stm32h7b0-value-line-advanced-armbased-32bit-mcus-stmicroelectronics_dfsdm.pdf,49,RESERVED,31:16,
rm0455-stm32h7a37b3-and-stm32h7b0-value-line-advanced-armbased-32bit-mcus-stmicroelectronics_dfsdm.pdf,49,AWHTF,15:8,7:0
rm0455-stm32h7a37b3-and-stm32h7b0-value-line-advanced-armbased-32bit-mcus-stmicroelectronics_dfsdm.pdf,49,AWLTF,7:0,7:0
rm0455-stm32h7a37b3-and-stm32h7b0-value-line-advanced-armbased-32bit-mcus-stmicroelectronics_dfsdm.pdf,50,RESERVED,31:16,
rm0455-stm32h7a37b3-and-stm32h7b0-value-line-advanced-armbased-32bit-mcus-stmicroelectronics_dfsdm.pdf,50,CLRAWHTF,15:8,7:0
rm0455-stm32h7a37b3-and-stm32h7b0-value-line-advanced-armbased-32bit-mcus-stmicroelectronics_dfsdm.pdf,50,CLRAWLTF,7:0,7:0
rm0455-stm32h7a37b3-and-stm32h7b0-value-line-advanced-armbased-32bit-mcus-stmicroelectronics_dfsdm.pdf,50,EXMAX,31:8,23:0
rm0455-stm32h7a37b3-and-stm32h7b0-value-line-advanced-armbased-32bit-mcus-stmicroelectronics_dfsdm.pdf,50,RESERVED,7:3,
rm0455-stm32h7a37b3-and-stm32h7b0-value-line-advanced-armbased-32bit-mcus-stmicroelectronics_dfsdm.pdf,50,EXMAXCH,2:0,2:0
rm0455-stm32h7a37b3-and-stm32h7b0-value-line-advanced-armbased-32bit-mcus-stmicroelectronics_dfsdm.pdf,51,EXMIN,31:8,23:0
rm0455-stm32h7a37b3-and-stm32h7b0-value-line-advanced-armbased-32bit-mcus-stmicroelectronics_dfsdm.pdf,51,RESERVED,7:3,
rm0455-stm32h7a37b3-and-stm32h7b0-value-line-advanced-armbased-32bit-mcus-stmicroelectronics_dfsdm.pdf,51,EXMINCH,2:0,2:0
rm0455-stm32h7a37b3-and-stm32h7b0-value-line-advanced-armbased-32bit-mcus-stmicroelectronics_dfsdm.pdf,52,CNVCNT,31:4,27:0
rm0455-stm32h7a37b3-and-stm32h7b0-value-line-advanced-armbased-32bit-mcus-stmicroelectronics_dfsdm.pdf,52,RESERVED,3:0,
rm0468-stm32h723733-stm32h725735-and-stm32h730-value-line-advanced-armbased-32bit-mcus-stmicroelectronics_dfsdm.pdf,31,DFSDMEN,31,
rm0468-stm32h723733-stm32h725735-and-stm32h730-value-line-advanced-armbased-32bit-mcus-stmicroelectronics_dfsdm.pdf,31,CKOUTSRC,30,
rm0468-stm32h723733-stm32h725735-and-stm32h730-value-line-advanced-armbased-32bit-mcus-stmicroelectronics_dfsdm.pdf,31,RESERVED,29:24,
rm0468-stm32h723733-stm32h725735-and-stm32h730-value-line-advanced-armbased-32bit-mcus-stmicroelectronics_dfsdm.pdf,32,CKOUTDIV,23:16,7:0
rm0468-stm32h723733-stm32h725735-and-stm32h730-value-line-advanced-armbased-32bit-mcus-stmicroelectronics_dfsdm.pdf,32,DATPACK,15:14,1:0
rm0468-stm32h723733-stm32h725735-and-stm32h730-value-line-advanced-armbased-32bit-mcus-stmicroelectronics_dfsdm.pdf,32,DATMPX,13:12,1:0
rm0468-stm32h723733-stm32h725735-and-stm32h730-value-line-advanced-armbased-32bit-mcus-stmicroelectronics_dfsdm.pdf,32,RESERVED,11:9,
rm0468-stm32h723733-stm32h725735-and-stm32h730-value-line-advanced-armbased-32bit-mcus-stmicroelectronics_dfsdm.pdf,32,CHINSEL,8,
rm0468-stm32h723733-stm32h725735-and-stm32h730-value-line-advanced-armbased-32bit-mcus-stmicroelectronics_dfsdm.pdf,32,CHEN,7,
rm0468-stm32h723733-stm32h725735-and-stm32h730-value-line-advanced-armbased-32bit-mcus-stmicroelectronics_dfsdm.pdf,33,CKABEN,6,
rm0468-stm32h723733-stm32h725735-and-stm32h730-value-line-advanced-armbased-32bit-mcus-stmicroelectronics_dfsdm.pdf,33,SCDEN,5,
rm0468-stm32h723733-stm32h725735-and-stm32h730-value-line-advanced-armbased-32bit-mcus-stmicroelectronics_dfsdm.pdf,33,RESERVED,4,
rm0468-stm32h723733-stm32h725735-and-stm32h730-value-line-advanced-armbased-32bit-mcus-stmicroelectronics_dfsdm.pdf,33,SPICKSEL,3:2,1:0
rm0468-stm32h723733-stm32h725735-and-stm32h730-value-line-advanced-armbased-32bit-mcus-stmicroelectronics_dfsdm.pdf,33,SITP,1:0,1:0
rm0468-stm32h723733-stm32h725735-and-stm32h730-value-line-advanced-armbased-32bit-mcus-stmicroelectronics_dfsdm.pdf,34,OFFSET,31:8,23:0
rm0468-stm32h723733-stm32h725735-and-stm32h730-value-line-advanced-armbased-32bit-mcus-stmicroelectronics_dfsdm.pdf,34,DTRBS,7:3,4:0
rm0468-stm32h723733-stm32h725735-and-stm32h730-value-line-advanced-armbased-32bit-mcus-stmicroelectronics_dfsdm.pdf,34,RESERVED,2:0,
rm0468-stm32h723733-stm32h725735-and-stm32h730-value-line-advanced-armbased-32bit-mcus-stmicroelectronics_dfsdm.pdf,34,RESERVED,31:24,
rm0468-stm32h723733-stm32h725735-and-stm32h730-value-line-advanced-armbased-32bit-mcus-stmicroelectronics_dfsdm.pdf,34,AWFORD,23:22,1:0
rm0468-stm32h723733-stm32h725735-and-stm32h730-value-line-advanced-armbased-32bit-mcus-stmicroelectronics_dfsdm.pdf,34,RESERVED,21,
rm0468-stm32h723733-stm32h725735-and-stm32h730-value-line-advanced-armbased-32bit-mcus-stmicroelectronics_dfsdm.pdf,34,AWFOSR,20:16,4:0
rm0468-stm32h723733-stm32h725735-and-stm32h730-value-line-advanced-armbased-32bit-mcus-stmicroelectronics_dfsdm.pdf,35,BKSCD,15:12,3:0
rm0468-stm32h723733-stm32h725735-and-stm32h730-value-line-advanced-armbased-32bit-mcus-stmicroelectronics_dfsdm.pdf,35,RESERVED,11:8,
rm0468-stm32h723733-stm32h725735-and-stm32h730-value-line-advanced-armbased-32bit-mcus-stmicroelectronics_dfsdm.pdf,35,SCDT,7:0,7:0
rm0468-stm32h723733-stm32h725735-and-stm32h730-value-line-advanced-armbased-32bit-mcus-stmicroelectronics_dfsdm.pdf,35,RESERVED,31:16,
rm0468-stm32h723733-stm32h725735-and-stm32h730-value-line-advanced-armbased-32bit-mcus-stmicroelectronics_dfsdm.pdf,35,WDATA,15:0,15:0
rm0468-stm32h723733-stm32h725735-and-stm32h730-value-line-advanced-armbased-32bit-mcus-stmicroelectronics_dfsdm.pdf,36,INDAT1,31:16,15:0
rm0468-stm32h723733-stm32h725735-and-stm32h730-value-line-advanced-armbased-32bit-mcus-stmicroelectronics_dfsdm.pdf,36,INDAT0,15:0,15:0
rm0468-stm32h723733-stm32h725735-and-stm32h730-value-line-advanced-armbased-32bit-mcus-stmicroelectronics_dfsdm.pdf,37,RESERVED,31:6,
rm0468-stm32h723733-stm32h725735-and-stm32h730-value-line-advanced-armbased-32bit-mcus-stmicroelectronics_dfsdm.pdf,37,PLSSKP,5:0,5:0
rm0468-stm32h723733-stm32h725735-and-stm32h730-value-line-advanced-armbased-32bit-mcus-stmicroelectronics_dfsdm.pdf,37,RESERVED,31,
rm0468-stm32h723733-stm32h725735-and-stm32h730-value-line-advanced-armbased-32bit-mcus-stmicroelectronics_dfsdm.pdf,37,AWFSEL,30,
rm0468-stm32h723733-stm32h725735-and-stm32h730-value-line-advanced-armbased-32bit-mcus-stmicroelectronics_dfsdm.pdf,37,FAST,29,
rm0468-stm32h723733-stm32h725735-and-stm32h730-value-line-advanced-armbased-32bit-mcus-stmicroelectronics_dfsdm.pdf,37,RESERVED,28:27,
rm0468-stm32h723733-stm32h725735-and-stm32h730-value-line-advanced-armbased-32bit-mcus-stmicroelectronics_dfsdm.pdf,38,RCH,26:24,2:0
rm0468-stm32h723733-stm32h725735-and-stm32h730-value-line-advanced-armbased-32bit-mcus-stmicroelectronics_dfsdm.pdf,38,RESERVED,23:22,
rm0468-stm32h723733-stm32h725735-and-stm32h730-value-line-advanced-armbased-32bit-mcus-stmicroelectronics_dfsdm.pdf,38,RDMAEN,21,
rm0468-stm32h723733-stm32h725735-and-stm32h730-value-line-advanced-armbased-32bit-mcus-stmicroelectronics_dfsdm.pdf,38,RESERVED,20,
rm0468-stm32h723733-stm32h725735-and-stm32h730-value-line-advanced-armbased-32bit-mcus-stmicroelectronics_dfsdm.pdf,38,RSYNC,19,
rm0468-stm32h723733-stm32h725735-and-stm32h730-value-line-advanced-armbased-32bit-mcus-stmicroelectronics_dfsdm.pdf,38,RCONT,18,
rm0468-stm32h723733-stm32h725735-and-stm32h730-value-line-advanced-armbased-32bit-mcus-stmicroelectronics_dfsdm.pdf,38,RSWSTART,17,
rm0468-stm32h723733-stm32h725735-and-stm32h730-value-line-advanced-armbased-32bit-mcus-stmicroelectronics_dfsdm.pdf,38,RESERVED,16:15,
rm0468-stm32h723733-stm32h725735-and-stm32h730-value-line-advanced-armbased-32bit-mcus-stmicroelectronics_dfsdm.pdf,38,JEXTEN,14:13,1:0
rm0468-stm32h723733-stm32h725735-and-stm32h730-value-line-advanced-armbased-32bit-mcus-stmicroelectronics_dfsdm.pdf,39,JEXTSEL,12:8,4:0
rm0468-stm32h723733-stm32h725735-and-stm32h730-value-line-advanced-armbased-32bit-mcus-stmicroelectronics_dfsdm.pdf,39,RESERVED,7:6,
rm0468-stm32h723733-stm32h725735-and-stm32h730-value-line-advanced-armbased-32bit-mcus-stmicroelectronics_dfsdm.pdf,39,JDMAEN,5,
rm0468-stm32h723733-stm32h725735-and-stm32h730-value-line-advanced-armbased-32bit-mcus-stmicroelectronics_dfsdm.pdf,39,JSCAN,4,
rm0468-stm32h723733-stm32h725735-and-stm32h730-value-line-advanced-armbased-32bit-mcus-stmicroelectronics_dfsdm.pdf,39,JSYNC,3,
rm0468-stm32h723733-stm32h725735-and-stm32h730-value-line-advanced-armbased-32bit-mcus-stmicroelectronics_dfsdm.pdf,39,RESERVED,2,
rm0468-stm32h723733-stm32h725735-and-stm32h730-value-line-advanced-armbased-32bit-mcus-stmicroelectronics_dfsdm.pdf,39,JSWSTART,1,
rm0468-stm32h723733-stm32h725735-and-stm32h730-value-line-advanced-armbased-32bit-mcus-stmicroelectronics_dfsdm.pdf,39,DFEN,0,
rm0468-stm32h723733-stm32h725735-and-stm32h730-value-line-advanced-armbased-32bit-mcus-stmicroelectronics_dfsdm.pdf,40,RESERVED,31:24,
rm0468-stm32h723733-stm32h725735-and-stm32h730-value-line-advanced-armbased-32bit-mcus-stmicroelectronics_dfsdm.pdf,40,AWDCH,23:16,7:0
rm0468-stm32h723733-stm32h725735-and-stm32h730-value-line-advanced-armbased-32bit-mcus-stmicroelectronics_dfsdm.pdf,40,EXCH,15:8,7:0
rm0468-stm32h723733-stm32h725735-and-stm32h730-value-line-advanced-armbased-32bit-mcus-stmicroelectronics_dfsdm.pdf,40,RESERVED,7,
rm0468-stm32h723733-stm32h725735-and-stm32h730-value-line-advanced-armbased-32bit-mcus-stmicroelectronics_dfsdm.pdf,40,CKABIE,6,
rm0468-stm32h723733-stm32h725735-and-stm32h730-value-line-advanced-armbased-32bit-mcus-stmicroelectronics_dfsdm.pdf,40,SCDIE,5,
rm0468-stm32h723733-stm32h725735-and-stm32h730-value-line-advanced-armbased-32bit-mcus-stmicroelectronics_dfsdm.pdf,40,AWDIE,4,
rm0468-stm32h723733-stm32h725735-and-stm32h730-value-line-advanced-armbased-32bit-mcus-stmicroelectronics_dfsdm.pdf,40,ROVRIE,3,
rm0468-stm32h723733-stm32h725735-and-stm32h730-value-line-advanced-armbased-32bit-mcus-stmicroelectronics_dfsdm.pdf,41,JOVRIE,2,
rm0468-stm32h723733-stm32h725735-and-stm32h730-value-line-advanced-armbased-32bit-mcus-stmicroelectronics_dfsdm.pdf,41,REOCIE,1,
rm0468-stm32h723733-stm32h725735-and-stm32h730-value-line-advanced-armbased-32bit-mcus-stmicroelectronics_dfsdm.pdf,41,JEOCIE,0,
rm0468-stm32h723733-stm32h725735-and-stm32h730-value-line-advanced-armbased-32bit-mcus-stmicroelectronics_dfsdm.pdf,41,SCDF,31:24,7:0
rm0468-stm32h723733-stm32h725735-and-stm32h730-value-line-advanced-armbased-32bit-mcus-stmicroelectronics_dfsdm.pdf,41,CKABF,23:16,7:0
rm0468-stm32h723733-stm32h725735-and-stm32h730-value-line-advanced-armbased-32bit-mcus-stmicroelectronics_dfsdm.pdf,41,RESERVED,15,
rm0468-stm32h723733-stm32h725735-and-stm32h730-value-line-advanced-armbased-32bit-mcus-stmicroelectronics_dfsdm.pdf,41,RCIP,14,
rm0468-stm32h723733-stm32h725735-and-stm32h730-value-line-advanced-armbased-32bit-mcus-stmicroelectronics_dfsdm.pdf,42,JCIP,13,
rm0468-stm32h723733-stm32h725735-and-stm32h730-value-line-advanced-armbased-32bit-mcus-stmicroelectronics_dfsdm.pdf,42,RESERVED,12:5,
rm0468-stm32h723733-stm32h725735-and-stm32h730-value-line-advanced-armbased-32bit-mcus-stmicroelectronics_dfsdm.pdf,42,AWDF,4,
rm0468-stm32h723733-stm32h725735-and-stm32h730-value-line-advanced-armbased-32bit-mcus-stmicroelectronics_dfsdm.pdf,42,ROVRF,3,
rm0468-stm32h723733-stm32h725735-and-stm32h730-value-line-advanced-armbased-32bit-mcus-stmicroelectronics_dfsdm.pdf,42,JOVRF,2,
rm0468-stm32h723733-stm32h725735-and-stm32h730-value-line-advanced-armbased-32bit-mcus-stmicroelectronics_dfsdm.pdf,42,REOCF,1,
rm0468-stm32h723733-stm32h725735-and-stm32h730-value-line-advanced-armbased-32bit-mcus-stmicroelectronics_dfsdm.pdf,42,JEOCF,0,
rm0468-stm32h723733-stm32h725735-and-stm32h730-value-line-advanced-armbased-32bit-mcus-stmicroelectronics_dfsdm.pdf,43,CLRSCDF,31:24,7:0
rm0468-stm32h723733-stm32h725735-and-stm32h730-value-line-advanced-armbased-32bit-mcus-stmicroelectronics_dfsdm.pdf,43,CLRCKABF,23:16,7:0
rm0468-stm32h723733-stm32h725735-and-stm32h730-value-line-advanced-armbased-32bit-mcus-stmicroelectronics_dfsdm.pdf,43,RESERVED,15:4,
rm0468-stm32h723733-stm32h725735-and-stm32h730-value-line-advanced-armbased-32bit-mcus-stmicroelectronics_dfsdm.pdf,43,CLRROVRF,3,
rm0468-stm32h723733-stm32h725735-and-stm32h730-value-line-advanced-armbased-32bit-mcus-stmicroelectronics_dfsdm.pdf,43,CLRJOVRF,2,
rm0468-stm32h723733-stm32h725735-and-stm32h730-value-line-advanced-armbased-32bit-mcus-stmicroelectronics_dfsdm.pdf,43,RESERVED,1:0,
rm0468-stm32h723733-stm32h725735-and-stm32h730-value-line-advanced-armbased-32bit-mcus-stmicroelectronics_dfsdm.pdf,44,RESERVED,31:8,
rm0468-stm32h723733-stm32h725735-and-stm32h730-value-line-advanced-armbased-32bit-mcus-stmicroelectronics_dfsdm.pdf,44,JCHG,7:0,7:0
rm0468-stm32h723733-stm32h725735-and-stm32h730-value-line-advanced-armbased-32bit-mcus-stmicroelectronics_dfsdm.pdf,45,FORD,31:29,2:0
rm0468-stm32h723733-stm32h725735-and-stm32h730-value-line-advanced-armbased-32bit-mcus-stmicroelectronics_dfsdm.pdf,45,RESERVED,28:26,
rm0468-stm32h723733-stm32h725735-and-stm32h730-value-line-advanced-armbased-32bit-mcus-stmicroelectronics_dfsdm.pdf,45,FOSR,25:16,9:0
rm0468-stm32h723733-stm32h725735-and-stm32h730-value-line-advanced-armbased-32bit-mcus-stmicroelectronics_dfsdm.pdf,45,RESERVED,15:8,
rm0468-stm32h723733-stm32h725735-and-stm32h730-value-line-advanced-armbased-32bit-mcus-stmicroelectronics_dfsdm.pdf,45,IOSR,7:0,7:0
rm0468-stm32h723733-stm32h725735-and-stm32h730-value-line-advanced-armbased-32bit-mcus-stmicroelectronics_dfsdm.pdf,46,JDATA,31:8,23:0
rm0468-stm32h723733-stm32h725735-and-stm32h730-value-line-advanced-armbased-32bit-mcus-stmicroelectronics_dfsdm.pdf,46,RESERVED,7:3,
rm0468-stm32h723733-stm32h725735-and-stm32h730-value-line-advanced-armbased-32bit-mcus-stmicroelectronics_dfsdm.pdf,46,JDATACH,2:0,2:0
rm0468-stm32h723733-stm32h725735-and-stm32h730-value-line-advanced-armbased-32bit-mcus-stmicroelectronics_dfsdm.pdf,46,RDATA,31:8,23:0
rm0468-stm32h723733-stm32h725735-and-stm32h730-value-line-advanced-armbased-32bit-mcus-stmicroelectronics_dfsdm.pdf,46,RESERVED,7:5,
rm0468-stm32h723733-stm32h725735-and-stm32h730-value-line-advanced-armbased-32bit-mcus-stmicroelectronics_dfsdm.pdf,46,RPEND,4,
rm0468-stm32h723733-stm32h725735-and-stm32h730-value-line-advanced-armbased-32bit-mcus-stmicroelectronics_dfsdm.pdf,46,RESERVED,3,
rm0468-stm32h723733-stm32h725735-and-stm32h730-value-line-advanced-armbased-32bit-mcus-stmicroelectronics_dfsdm.pdf,46,RDATACH,2:0,2:0
rm0468-stm32h723733-stm32h725735-and-stm32h730-value-line-advanced-armbased-32bit-mcus-stmicroelectronics_dfsdm.pdf,47,AWHT,31:8,23:0
rm0468-stm32h723733-stm32h725735-and-stm32h730-value-line-advanced-armbased-32bit-mcus-stmicroelectronics_dfsdm.pdf,47,RESERVED,7:4,
rm0468-stm32h723733-stm32h725735-and-stm32h730-value-line-advanced-armbased-32bit-mcus-stmicroelectronics_dfsdm.pdf,47,BKAWH,3:0,3:0
rm0468-stm32h723733-stm32h725735-and-stm32h730-value-line-advanced-armbased-32bit-mcus-stmicroelectronics_dfsdm.pdf,48,AWLT,31:8,23:0
rm0468-stm32h723733-stm32h725735-and-stm32h730-value-line-advanced-armbased-32bit-mcus-stmicroelectronics_dfsdm.pdf,48,RESERVED,7:4,
rm0468-stm32h723733-stm32h725735-and-stm32h730-value-line-advanced-armbased-32bit-mcus-stmicroelectronics_dfsdm.pdf,48,BKAWL,3:0,3:0
rm0468-stm32h723733-stm32h725735-and-stm32h730-value-line-advanced-armbased-32bit-mcus-stmicroelectronics_dfsdm.pdf,48,RESERVED,31:16,
rm0468-stm32h723733-stm32h725735-and-stm32h730-value-line-advanced-armbased-32bit-mcus-stmicroelectronics_dfsdm.pdf,48,AWHTF,15:8,7:0
rm0468-stm32h723733-stm32h725735-and-stm32h730-value-line-advanced-armbased-32bit-mcus-stmicroelectronics_dfsdm.pdf,48,AWLTF,7:0,7:0
rm0468-stm32h723733-stm32h725735-and-stm32h730-value-line-advanced-armbased-32bit-mcus-stmicroelectronics_dfsdm.pdf,49,RESERVED,31:16,
rm0468-stm32h723733-stm32h725735-and-stm32h730-value-line-advanced-armbased-32bit-mcus-stmicroelectronics_dfsdm.pdf,49,CLRAWHTF,15:8,7:0
rm0468-stm32h723733-stm32h725735-and-stm32h730-value-line-advanced-armbased-32bit-mcus-stmicroelectronics_dfsdm.pdf,49,CLRAWLTF,7:0,7:0
rm0468-stm32h723733-stm32h725735-and-stm32h730-value-line-advanced-armbased-32bit-mcus-stmicroelectronics_dfsdm.pdf,49,EXMAX,31:8,23:0
rm0468-stm32h723733-stm32h725735-and-stm32h730-value-line-advanced-armbased-32bit-mcus-stmicroelectronics_dfsdm.pdf,49,RESERVED,7:3,
rm0468-stm32h723733-stm32h725735-and-stm32h730-value-line-advanced-armbased-32bit-mcus-stmicroelectronics_dfsdm.pdf,49,EXMAXCH,2:0,2:0
rm0468-stm32h723733-stm32h725735-and-stm32h730-value-line-advanced-armbased-32bit-mcus-stmicroelectronics_dfsdm.pdf,50,EXMIN,31:8,23:0
rm0468-stm32h723733-stm32h725735-and-stm32h730-value-line-advanced-armbased-32bit-mcus-stmicroelectronics_dfsdm.pdf,50,RESERVED,7:3,
rm0468-stm32h723733-stm32h725735-and-stm32h730-value-line-advanced-armbased-32bit-mcus-stmicroelectronics_dfsdm.pdf,50,EXMINCH,2:0,2:0
rm0468-stm32h723733-stm32h725735-and-stm32h730-value-line-advanced-armbased-32bit-mcus-stmicroelectronics_dfsdm.pdf,51,CNVCNT,31:4,27:0
rm0468-stm32h723733-stm32h725735-and-stm32h730-value-line-advanced-armbased-32bit-mcus-stmicroelectronics_dfsdm.pdf,51,RESERVED,3:0,
rm0475-stm32mp13xx-advanced-armbased-32bit-mpus-stmicroelectronics_dfsdm.pdf,31,DFSDMEN,31,
rm0475-stm32mp13xx-advanced-armbased-32bit-mpus-stmicroelectronics_dfsdm.pdf,31,CKOUTSRC,30,
rm0475-stm32mp13xx-advanced-armbased-32bit-mpus-stmicroelectronics_dfsdm.pdf,31,RESERVED,29:24,
rm0475-stm32mp13xx-advanced-armbased-32bit-mpus-stmicroelectronics_dfsdm.pdf,32,CKOUTDIV,23:16,7:0
rm0475-stm32mp13xx-advanced-armbased-32bit-mpus-stmicroelectronics_dfsdm.pdf,32,DATPACK,15:14,1:0
rm0475-stm32mp13xx-advanced-armbased-32bit-mpus-stmicroelectronics_dfsdm.pdf,32,DATMPX,13:12,1:0
rm0475-stm32mp13xx-advanced-armbased-32bit-mpus-stmicroelectronics_dfsdm.pdf,32,RESERVED,11:9,
rm0475-stm32mp13xx-advanced-armbased-32bit-mpus-stmicroelectronics_dfsdm.pdf,32,CHINSEL,8,
rm0475-stm32mp13xx-advanced-armbased-32bit-mpus-stmicroelectronics_dfsdm.pdf,32,CHEN,7,
rm0475-stm32mp13xx-advanced-armbased-32bit-mpus-stmicroelectronics_dfsdm.pdf,33,CKABEN,6,
rm0475-stm32mp13xx-advanced-armbased-32bit-mpus-stmicroelectronics_dfsdm.pdf,33,SCDEN,5,
rm0475-stm32mp13xx-advanced-armbased-32bit-mpus-stmicroelectronics_dfsdm.pdf,33,RESERVED,4,
rm0475-stm32mp13xx-advanced-armbased-32bit-mpus-stmicroelectronics_dfsdm.pdf,33,SPICKSEL,3:2,1:0
rm0475-stm32mp13xx-advanced-armbased-32bit-mpus-stmicroelectronics_dfsdm.pdf,33,SITP,1:0,1:0
rm0475-stm32mp13xx-advanced-armbased-32bit-mpus-stmicroelectronics_dfsdm.pdf,34,OFFSET,31:8,23:0
rm0475-stm32mp13xx-advanced-armbased-32bit-mpus-stmicroelectronics_dfsdm.pdf,34,DTRBS,7:3,4:0
rm0475-stm32mp13xx-advanced-armbased-32bit-mpus-stmicroelectronics_dfsdm.pdf,34,RESERVED,2:0,
rm0475-stm32mp13xx-advanced-armbased-32bit-mpus-stmicroelectronics_dfsdm.pdf,34,RESERVED,31:24,
rm0475-stm32mp13xx-advanced-armbased-32bit-mpus-stmicroelectronics_dfsdm.pdf,34,AWFORD,23:22,1:0
rm0475-stm32mp13xx-advanced-armbased-32bit-mpus-stmicroelectronics_dfsdm.pdf,34,RESERVED,21,
rm0475-stm32mp13xx-advanced-armbased-32bit-mpus-stmicroelectronics_dfsdm.pdf,34,AWFOSR,20:16,4:0
rm0475-stm32mp13xx-advanced-armbased-32bit-mpus-stmicroelectronics_dfsdm.pdf,35,BKSCD,15:12,3:0
rm0475-stm32mp13xx-advanced-armbased-32bit-mpus-stmicroelectronics_dfsdm.pdf,35,RESERVED,11:8,
rm0475-stm32mp13xx-advanced-armbased-32bit-mpus-stmicroelectronics_dfsdm.pdf,35,SCDT,7:0,7:0
rm0475-stm32mp13xx-advanced-armbased-32bit-mpus-stmicroelectronics_dfsdm.pdf,35,RESERVED,31:16,
rm0475-stm32mp13xx-advanced-armbased-32bit-mpus-stmicroelectronics_dfsdm.pdf,35,WDATA,15:0,15:0
rm0475-stm32mp13xx-advanced-armbased-32bit-mpus-stmicroelectronics_dfsdm.pdf,36,INDAT1,31:16,15:0
rm0475-stm32mp13xx-advanced-armbased-32bit-mpus-stmicroelectronics_dfsdm.pdf,36,INDAT0,15:0,15:0
rm0475-stm32mp13xx-advanced-armbased-32bit-mpus-stmicroelectronics_dfsdm.pdf,37,RESERVED,31:6,
rm0475-stm32mp13xx-advanced-armbased-32bit-mpus-stmicroelectronics_dfsdm.pdf,37,PLSSKP,5:0,5:0
rm0475-stm32mp13xx-advanced-armbased-32bit-mpus-stmicroelectronics_dfsdm.pdf,37,RESERVED,31,
rm0475-stm32mp13xx-advanced-armbased-32bit-mpus-stmicroelectronics_dfsdm.pdf,37,AWFSEL,30,
rm0475-stm32mp13xx-advanced-armbased-32bit-mpus-stmicroelectronics_dfsdm.pdf,37,FAST,29,
rm0475-stm32mp13xx-advanced-armbased-32bit-mpus-stmicroelectronics_dfsdm.pdf,37,RESERVED,28:26,
rm0475-stm32mp13xx-advanced-armbased-32bit-mpus-stmicroelectronics_dfsdm.pdf,38,RCH,25:24,1:0
rm0475-stm32mp13xx-advanced-armbased-32bit-mpus-stmicroelectronics_dfsdm.pdf,38,RESERVED,23:22,
rm0475-stm32mp13xx-advanced-armbased-32bit-mpus-stmicroelectronics_dfsdm.pdf,38,RDMAEN,21,
rm0475-stm32mp13xx-advanced-armbased-32bit-mpus-stmicroelectronics_dfsdm.pdf,38,RESERVED,20,
rm0475-stm32mp13xx-advanced-armbased-32bit-mpus-stmicroelectronics_dfsdm.pdf,38,RSYNC,19,
rm0475-stm32mp13xx-advanced-armbased-32bit-mpus-stmicroelectronics_dfsdm.pdf,38,RCONT,18,
rm0475-stm32mp13xx-advanced-armbased-32bit-mpus-stmicroelectronics_dfsdm.pdf,38,RSWSTART,17,
rm0475-stm32mp13xx-advanced-armbased-32bit-mpus-stmicroelectronics_dfsdm.pdf,38,RESERVED,16:15,
rm0475-stm32mp13xx-advanced-armbased-32bit-mpus-stmicroelectronics_dfsdm.pdf,38,JEXTEN,14:13,1:0
rm0475-stm32mp13xx-advanced-armbased-32bit-mpus-stmicroelectronics_dfsdm.pdf,39,JEXTSEL,12:8,4:0
rm0475-stm32mp13xx-advanced-armbased-32bit-mpus-stmicroelectronics_dfsdm.pdf,39,RESERVED,7:6,
rm0475-stm32mp13xx-advanced-armbased-32bit-mpus-stmicroelectronics_dfsdm.pdf,39,JDMAEN,5,
rm0475-stm32mp13xx-advanced-armbased-32bit-mpus-stmicroelectronics_dfsdm.pdf,39,JSCAN,4,
rm0475-stm32mp13xx-advanced-armbased-32bit-mpus-stmicroelectronics_dfsdm.pdf,39,JSYNC,3,
rm0475-stm32mp13xx-advanced-armbased-32bit-mpus-stmicroelectronics_dfsdm.pdf,39,RESERVED,2,
rm0475-stm32mp13xx-advanced-armbased-32bit-mpus-stmicroelectronics_dfsdm.pdf,39,JSWSTART,1,
rm0475-stm32mp13xx-advanced-armbased-32bit-mpus-stmicroelectronics_dfsdm.pdf,39,DFEN,0,
rm0475-stm32mp13xx-advanced-armbased-32bit-mpus-stmicroelectronics_dfsdm.pdf,40,RESERVED,31:20,
rm0475-stm32mp13xx-advanced-armbased-32bit-mpus-stmicroelectronics_dfsdm.pdf,40,AWDCH,19:16,3:0
rm0475-stm32mp13xx-advanced-armbased-32bit-mpus-stmicroelectronics_dfsdm.pdf,40,RESERVED,15:12,
rm0475-stm32mp13xx-advanced-armbased-32bit-mpus-stmicroelectronics_dfsdm.pdf,40,EXCH,11:8,3:0
rm0475-stm32mp13xx-advanced-armbased-32bit-mpus-stmicroelectronics_dfsdm.pdf,40,RESERVED,7,
rm0475-stm32mp13xx-advanced-armbased-32bit-mpus-stmicroelectronics_dfsdm.pdf,40,CKABIE,6,
rm0475-stm32mp13xx-advanced-armbased-32bit-mpus-stmicroelectronics_dfsdm.pdf,40,SCDIE,5,
rm0475-stm32mp13xx-advanced-armbased-32bit-mpus-stmicroelectronics_dfsdm.pdf,40,AWDIE,4,
rm0475-stm32mp13xx-advanced-armbased-32bit-mpus-stmicroelectronics_dfsdm.pdf,40,ROVRIE,3,
rm0475-stm32mp13xx-advanced-armbased-32bit-mpus-stmicroelectronics_dfsdm.pdf,41,JOVRIE,2,
rm0475-stm32mp13xx-advanced-armbased-32bit-mpus-stmicroelectronics_dfsdm.pdf,41,REOCIE,1,
rm0475-stm32mp13xx-advanced-armbased-32bit-mpus-stmicroelectronics_dfsdm.pdf,41,JEOCIE,0,
rm0475-stm32mp13xx-advanced-armbased-32bit-mpus-stmicroelectronics_dfsdm.pdf,41,RESERVED,31:28,
rm0475-stm32mp13xx-advanced-armbased-32bit-mpus-stmicroelectronics_dfsdm.pdf,41,SCDF,27:24,3:0
rm0475-stm32mp13xx-advanced-armbased-32bit-mpus-stmicroelectronics_dfsdm.pdf,41,RESERVED,23:20,
rm0475-stm32mp13xx-advanced-armbased-32bit-mpus-stmicroelectronics_dfsdm.pdf,41,CKABF,19:16,3:0
rm0475-stm32mp13xx-advanced-armbased-32bit-mpus-stmicroelectronics_dfsdm.pdf,41,RESERVED,15,
rm0475-stm32mp13xx-advanced-armbased-32bit-mpus-stmicroelectronics_dfsdm.pdf,42,RCIP,14,
rm0475-stm32mp13xx-advanced-armbased-32bit-mpus-stmicroelectronics_dfsdm.pdf,42,JCIP,13,
rm0475-stm32mp13xx-advanced-armbased-32bit-mpus-stmicroelectronics_dfsdm.pdf,42,RESERVED,12:5,
rm0475-stm32mp13xx-advanced-armbased-32bit-mpus-stmicroelectronics_dfsdm.pdf,42,AWDF,4,
rm0475-stm32mp13xx-advanced-armbased-32bit-mpus-stmicroelectronics_dfsdm.pdf,42,ROVRF,3,
rm0475-stm32mp13xx-advanced-armbased-32bit-mpus-stmicroelectronics_dfsdm.pdf,42,JOVRF,2,
rm0475-stm32mp13xx-advanced-armbased-32bit-mpus-stmicroelectronics_dfsdm.pdf,42,REOCF,1,
rm0475-stm32mp13xx-advanced-armbased-32bit-mpus-stmicroelectronics_dfsdm.pdf,42,JEOCF,0,
rm0475-stm32mp13xx-advanced-armbased-32bit-mpus-stmicroelectronics_dfsdm.pdf,43,RESERVED,31:28,
rm0475-stm32mp13xx-advanced-armbased-32bit-mpus-stmicroelectronics_dfsdm.pdf,43,CLRSCDF,27:24,3:0
rm0475-stm32mp13xx-advanced-armbased-32bit-mpus-stmicroelectronics_dfsdm.pdf,43,RESERVED,23:20,
rm0475-stm32mp13xx-advanced-armbased-32bit-mpus-stmicroelectronics_dfsdm.pdf,43,CLRCKABF,19:16,3:0
rm0475-stm32mp13xx-advanced-armbased-32bit-mpus-stmicroelectronics_dfsdm.pdf,43,RESERVED,15:4,
rm0475-stm32mp13xx-advanced-armbased-32bit-mpus-stmicroelectronics_dfsdm.pdf,43,CLRROVRF,3,
rm0475-stm32mp13xx-advanced-armbased-32bit-mpus-stmicroelectronics_dfsdm.pdf,43,CLRJOVRF,2,
rm0475-stm32mp13xx-advanced-armbased-32bit-mpus-stmicroelectronics_dfsdm.pdf,43,RESERVED,1:0,
rm0475-stm32mp13xx-advanced-armbased-32bit-mpus-stmicroelectronics_dfsdm.pdf,44,RESERVED,31:4,
rm0475-stm32mp13xx-advanced-armbased-32bit-mpus-stmicroelectronics_dfsdm.pdf,44,JCHG,3:0,3:0
rm0475-stm32mp13xx-advanced-armbased-32bit-mpus-stmicroelectronics_dfsdm.pdf,45,FORD,31:29,2:0
rm0475-stm32mp13xx-advanced-armbased-32bit-mpus-stmicroelectronics_dfsdm.pdf,45,RESERVED,28:26,
rm0475-stm32mp13xx-advanced-armbased-32bit-mpus-stmicroelectronics_dfsdm.pdf,45,FOSR,25:16,9:0
rm0475-stm32mp13xx-advanced-armbased-32bit-mpus-stmicroelectronics_dfsdm.pdf,45,RESERVED,15:8,
rm0475-stm32mp13xx-advanced-armbased-32bit-mpus-stmicroelectronics_dfsdm.pdf,45,IOSR,7:0,7:0
rm0475-stm32mp13xx-advanced-armbased-32bit-mpus-stmicroelectronics_dfsdm.pdf,46,JDATA,31:8,23:0
rm0475-stm32mp13xx-advanced-armbased-32bit-mpus-stmicroelectronics_dfsdm.pdf,46,RESERVED,7:2,
rm0475-stm32mp13xx-advanced-armbased-32bit-mpus-stmicroelectronics_dfsdm.pdf,46,JDATACH,1:0,1:0
rm0475-stm32mp13xx-advanced-armbased-32bit-mpus-stmicroelectronics_dfsdm.pdf,46,RDATA,31:8,23:0
rm0475-stm32mp13xx-advanced-armbased-32bit-mpus-stmicroelectronics_dfsdm.pdf,46,RESERVED,7:5,
rm0475-stm32mp13xx-advanced-armbased-32bit-mpus-stmicroelectronics_dfsdm.pdf,46,RPEND,4,
rm0475-stm32mp13xx-advanced-armbased-32bit-mpus-stmicroelectronics_dfsdm.pdf,46,RESERVED,3:2,
rm0475-stm32mp13xx-advanced-armbased-32bit-mpus-stmicroelectronics_dfsdm.pdf,46,RDATACH,1:0,1:0
rm0475-stm32mp13xx-advanced-armbased-32bit-mpus-stmicroelectronics_dfsdm.pdf,47,AWHT,31:8,23:0
rm0475-stm32mp13xx-advanced-armbased-32bit-mpus-stmicroelectronics_dfsdm.pdf,47,RESERVED,7:4,
rm0475-stm32mp13xx-advanced-armbased-32bit-mpus-stmicroelectronics_dfsdm.pdf,47,BKAWH,3:0,3:0
rm0475-stm32mp13xx-advanced-armbased-32bit-mpus-stmicroelectronics_dfsdm.pdf,48,AWLT,31:8,23:0
rm0475-stm32mp13xx-advanced-armbased-32bit-mpus-stmicroelectronics_dfsdm.pdf,48,RESERVED,7:4,
rm0475-stm32mp13xx-advanced-armbased-32bit-mpus-stmicroelectronics_dfsdm.pdf,48,BKAWL,3:0,3:0
rm0475-stm32mp13xx-advanced-armbased-32bit-mpus-stmicroelectronics_dfsdm.pdf,48,RESERVED,31:12,
rm0475-stm32mp13xx-advanced-armbased-32bit-mpus-stmicroelectronics_dfsdm.pdf,48,AWHTF,11:8,3:0
rm0475-stm32mp13xx-advanced-armbased-32bit-mpus-stmicroelectronics_dfsdm.pdf,48,RESERVED,7:4,
rm0475-stm32mp13xx-advanced-armbased-32bit-mpus-stmicroelectronics_dfsdm.pdf,48,AWLTF,3:0,3:0
rm0475-stm32mp13xx-advanced-armbased-32bit-mpus-stmicroelectronics_dfsdm.pdf,49,RESERVED,31:12,
rm0475-stm32mp13xx-advanced-armbased-32bit-mpus-stmicroelectronics_dfsdm.pdf,49,CLRAWHTF,11:8,3:0
rm0475-stm32mp13xx-advanced-armbased-32bit-mpus-stmicroelectronics_dfsdm.pdf,49,RESERVED,7:4,
rm0475-stm32mp13xx-advanced-armbased-32bit-mpus-stmicroelectronics_dfsdm.pdf,49,CLRAWLTF,3:0,3:0
rm0475-stm32mp13xx-advanced-armbased-32bit-mpus-stmicroelectronics_dfsdm.pdf,49,EXMAX,31:8,23:0
rm0475-stm32mp13xx-advanced-armbased-32bit-mpus-stmicroelectronics_dfsdm.pdf,49,RESERVED,7:2,
rm0475-stm32mp13xx-advanced-armbased-32bit-mpus-stmicroelectronics_dfsdm.pdf,49,EXMAXCH,1:0,1:0
rm0475-stm32mp13xx-advanced-armbased-32bit-mpus-stmicroelectronics_dfsdm.pdf,50,EXMIN,31:8,23:0
rm0475-stm32mp13xx-advanced-armbased-32bit-mpus-stmicroelectronics_dfsdm.pdf,50,RESERVED,7:2,
rm0475-stm32mp13xx-advanced-armbased-32bit-mpus-stmicroelectronics_dfsdm.pdf,50,EXMINCH,1:0,1:0
rm0475-stm32mp13xx-advanced-armbased-32bit-mpus-stmicroelectronics_dfsdm.pdf,51,CNVCNT,31:4,27:0
rm0475-stm32mp13xx-advanced-armbased-32bit-mpus-stmicroelectronics_dfsdm.pdf,51,RESERVED,3:0,
rm0475-stm32mp13xx-advanced-armbased-32bit-mpus-stmicroelectronics_dfsdm.pdf,52,RESERVED,31:16,
rm0475-stm32mp13xx-advanced-armbased-32bit-mpus-stmicroelectronics_dfsdm.pdf,52,NBF,15:8,7:0
rm0475-stm32mp13xx-advanced-armbased-32bit-mpus-stmicroelectronics_dfsdm.pdf,52,NBT,7:0,7:0
rm0475-stm32mp13xx-advanced-armbased-32bit-mpus-stmicroelectronics_dfsdm.pdf,52,RESERVED,31:8,
rm0475-stm32mp13xx-advanced-armbased-32bit-mpus-stmicroelectronics_dfsdm.pdf,52,MAJREV,7:4,3:0
rm0475-stm32mp13xx-advanced-armbased-32bit-mpus-stmicroelectronics_dfsdm.pdf,52,MINREV,3:0,3:0
rm0475-stm32mp13xx-advanced-armbased-32bit-mpus-stmicroelectronics_dfsdm.pdf,53,ID,31:0,31:0
rm0475-stm32mp13xx-advanced-armbased-32bit-mpus-stmicroelectronics_dfsdm.pdf,53,SID,31:0,31:0
