Bitfeld,PDFs,Registerbits,Feldbits,LowByte_Status,Anzahl_PDFs,Anzahl_Varianten
AWDCH,rm0351-stm32l47xxx-stm32l48xxx-stm32l49xxx-and-stm32l4axxx-advanced-armbased-32bit-mcus-stmicroelectronics_dfsdm.pdf; rm0394-stm32l41xxx42xxx43xxx44xxx45xxx46xxx-advanced-armbased-32bit-mcus-stmicroelectronics_dfsdm.pdf; rm0399-stm32h745755-and-stm32h747757-advanced-armbased-32bit-mcus-stmicroelectronics_dfsdm.pdf; rm0402-stm32f412-advanced-armbased-32bit-mcus-stmicroelectronics_dfsdm.pdf; rm0410-stm32f76xxx-and-stm32f77xxx-advanced-armbased-32bit-mcus-stmicroelectronics_dfsdm.pdf; rm0430-stm32f413423-advanced-armbased-32bit-mcus-stmicroelectronics_dfsdm.pdf; rm0432-stm32l4-series-advanced-armbased-32bit-mcus-stmicroelectronics_dfsdm.pdf; rm0433-stm32h742-stm32h743753-and-stm32h750-value-line-advanced-armbased-32bit-mcus-stmicroelectronics_dfsdm.pdf; rm0436-stm32mp157-advanced-armbased-32bit-mpus-stmicroelectronics_dfsdm.pdf; rm0438-stm32l5-series-advanced-armbased-32bit-mcus-stmicroelectronics_dfsdm.pdf; rm0441-stm32mp151-advanced-armbased-32bit-mpus-stmicroelectronics_dfsdm.pdf; rm0442-stm32mp153-advanced-armbased-32bit-mpus-stmicroelectronics_dfsdm.pdf; rm0455-stm32h7a37b3-and-stm32h7b0-value-line-advanced-armbased-32bit-mcus-stmicroelectronics_dfsdm.pdf; rm0468-stm32h723733-stm32h725735-and-stm32h730-value-line-advanced-armbased-32bit-mcus-stmicroelectronics_dfsdm.pdf; rm0475-stm32mp13xx-advanced-armbased-32bit-mpus-stmicroelectronics_dfsdm.pdf,19:16; 23:16,3.0:0.0; 7.0:0.0,USED,15,2
AWDF,rm0351-stm32l47xxx-stm32l48xxx-stm32l49xxx-and-stm32l4axxx-advanced-armbased-32bit-mcus-stmicroelectronics_dfsdm.pdf; rm0394-stm32l41xxx42xxx43xxx44xxx45xxx46xxx-advanced-armbased-32bit-mcus-stmicroelectronics_dfsdm.pdf; rm0399-stm32h745755-and-stm32h747757-advanced-armbased-32bit-mcus-stmicroelectronics_dfsdm.pdf; rm0402-stm32f412-advanced-armbased-32bit-mcus-stmicroelectronics_dfsdm.pdf; rm0410-stm32f76xxx-and-stm32f77xxx-advanced-armbased-32bit-mcus-stmicroelectronics_dfsdm.pdf; rm0430-stm32f413423-advanced-armbased-32bit-mcus-stmicroelectronics_dfsdm.pdf; rm0432-stm32l4-series-advanced-armbased-32bit-mcus-stmicroelectronics_dfsdm.pdf; rm0433-stm32h742-stm32h743753-and-stm32h750-value-line-advanced-armbased-32bit-mcus-stmicroelectronics_dfsdm.pdf; rm0436-stm32mp157-advanced-armbased-32bit-mpus-stmicroelectronics_dfsdm.pdf; rm0438-stm32l5-series-advanced-armbased-32bit-mcus-stmicroelectronics_dfsdm.pdf; rm0441-stm32mp151-advanced-armbased-32bit-mpus-stmicroelectronics_dfsdm.pdf; rm0442-stm32mp153-advanced-armbased-32bit-mpus-stmicroelectronics_dfsdm.pdf; rm0455-stm32h7a37b3-and-stm32h7b0-value-line-advanced-armbased-32bit-mcus-stmicroelectronics_dfsdm.pdf; rm0468-stm32h723733-stm32h725735-and-stm32h730-value-line-advanced-armbased-32bit-mcus-stmicroelectronics_dfsdm.pdf; rm0475-stm32mp13xx-advanced-armbased-32bit-mpus-stmicroelectronics_dfsdm.pdf,4,nan:nan,NOT_APPLICABLE,15,1
AWDIE,rm0351-stm32l47xxx-stm32l48xxx-stm32l49xxx-and-stm32l4axxx-advanced-armbased-32bit-mcus-stmicroelectronics_dfsdm.pdf; rm0394-stm32l41xxx42xxx43xxx44xxx45xxx46xxx-advanced-armbased-32bit-mcus-stmicroelectronics_dfsdm.pdf; rm0399-stm32h745755-and-stm32h747757-advanced-armbased-32bit-mcus-stmicroelectronics_dfsdm.pdf; rm0402-stm32f412-advanced-armbased-32bit-mcus-stmicroelectronics_dfsdm.pdf; rm0410-stm32f76xxx-and-stm32f77xxx-advanced-armbased-32bit-mcus-stmicroelectronics_dfsdm.pdf; rm0430-stm32f413423-advanced-armbased-32bit-mcus-stmicroelectronics_dfsdm.pdf; rm0432-stm32l4-series-advanced-armbased-32bit-mcus-stmicroelectronics_dfsdm.pdf; rm0433-stm32h742-stm32h743753-and-stm32h750-value-line-advanced-armbased-32bit-mcus-stmicroelectronics_dfsdm.pdf; rm0436-stm32mp157-advanced-armbased-32bit-mpus-stmicroelectronics_dfsdm.pdf; rm0438-stm32l5-series-advanced-armbased-32bit-mcus-stmicroelectronics_dfsdm.pdf; rm0441-stm32mp151-advanced-armbased-32bit-mpus-stmicroelectronics_dfsdm.pdf; rm0442-stm32mp153-advanced-armbased-32bit-mpus-stmicroelectronics_dfsdm.pdf; rm0455-stm32h7a37b3-and-stm32h7b0-value-line-advanced-armbased-32bit-mcus-stmicroelectronics_dfsdm.pdf; rm0468-stm32h723733-stm32h725735-and-stm32h730-value-line-advanced-armbased-32bit-mcus-stmicroelectronics_dfsdm.pdf; rm0475-stm32mp13xx-advanced-armbased-32bit-mpus-stmicroelectronics_dfsdm.pdf,4,nan:nan,NOT_APPLICABLE,15,1
AWFORD,rm0351-stm32l47xxx-stm32l48xxx-stm32l49xxx-and-stm32l4axxx-advanced-armbased-32bit-mcus-stmicroelectronics_dfsdm.pdf; rm0394-stm32l41xxx42xxx43xxx44xxx45xxx46xxx-advanced-armbased-32bit-mcus-stmicroelectronics_dfsdm.pdf; rm0399-stm32h745755-and-stm32h747757-advanced-armbased-32bit-mcus-stmicroelectronics_dfsdm.pdf; rm0402-stm32f412-advanced-armbased-32bit-mcus-stmicroelectronics_dfsdm.pdf; rm0410-stm32f76xxx-and-stm32f77xxx-advanced-armbased-32bit-mcus-stmicroelectronics_dfsdm.pdf; rm0430-stm32f413423-advanced-armbased-32bit-mcus-stmicroelectronics_dfsdm.pdf; rm0432-stm32l4-series-advanced-armbased-32bit-mcus-stmicroelectronics_dfsdm.pdf; rm0433-stm32h742-stm32h743753-and-stm32h750-value-line-advanced-armbased-32bit-mcus-stmicroelectronics_dfsdm.pdf; rm0436-stm32mp157-advanced-armbased-32bit-mpus-stmicroelectronics_dfsdm.pdf; rm0438-stm32l5-series-advanced-armbased-32bit-mcus-stmicroelectronics_dfsdm.pdf; rm0441-stm32mp151-advanced-armbased-32bit-mpus-stmicroelectronics_dfsdm.pdf; rm0442-stm32mp153-advanced-armbased-32bit-mpus-stmicroelectronics_dfsdm.pdf; rm0455-stm32h7a37b3-and-stm32h7b0-value-line-advanced-armbased-32bit-mcus-stmicroelectronics_dfsdm.pdf; rm0468-stm32h723733-stm32h725735-and-stm32h730-value-line-advanced-armbased-32bit-mcus-stmicroelectronics_dfsdm.pdf; rm0475-stm32mp13xx-advanced-armbased-32bit-mpus-stmicroelectronics_dfsdm.pdf,23:22,1.0:0.0,USED,15,1
AWFOSR,rm0351-stm32l47xxx-stm32l48xxx-stm32l49xxx-and-stm32l4axxx-advanced-armbased-32bit-mcus-stmicroelectronics_dfsdm.pdf; rm0394-stm32l41xxx42xxx43xxx44xxx45xxx46xxx-advanced-armbased-32bit-mcus-stmicroelectronics_dfsdm.pdf; rm0399-stm32h745755-and-stm32h747757-advanced-armbased-32bit-mcus-stmicroelectronics_dfsdm.pdf; rm0402-stm32f412-advanced-armbased-32bit-mcus-stmicroelectronics_dfsdm.pdf; rm0410-stm32f76xxx-and-stm32f77xxx-advanced-armbased-32bit-mcus-stmicroelectronics_dfsdm.pdf; rm0430-stm32f413423-advanced-armbased-32bit-mcus-stmicroelectronics_dfsdm.pdf; rm0432-stm32l4-series-advanced-armbased-32bit-mcus-stmicroelectronics_dfsdm.pdf; rm0433-stm32h742-stm32h743753-and-stm32h750-value-line-advanced-armbased-32bit-mcus-stmicroelectronics_dfsdm.pdf; rm0436-stm32mp157-advanced-armbased-32bit-mpus-stmicroelectronics_dfsdm.pdf; rm0438-stm32l5-series-advanced-armbased-32bit-mcus-stmicroelectronics_dfsdm.pdf; rm0441-stm32mp151-advanced-armbased-32bit-mpus-stmicroelectronics_dfsdm.pdf; rm0442-stm32mp153-advanced-armbased-32bit-mpus-stmicroelectronics_dfsdm.pdf; rm0455-stm32h7a37b3-and-stm32h7b0-value-line-advanced-armbased-32bit-mcus-stmicroelectronics_dfsdm.pdf; rm0468-stm32h723733-stm32h725735-and-stm32h730-value-line-advanced-armbased-32bit-mcus-stmicroelectronics_dfsdm.pdf; rm0475-stm32mp13xx-advanced-armbased-32bit-mpus-stmicroelectronics_dfsdm.pdf,20:16,4.0:0.0,USED,15,1
AWFSEL,rm0351-stm32l47xxx-stm32l48xxx-stm32l49xxx-and-stm32l4axxx-advanced-armbased-32bit-mcus-stmicroelectronics_dfsdm.pdf; rm0394-stm32l41xxx42xxx43xxx44xxx45xxx46xxx-advanced-armbased-32bit-mcus-stmicroelectronics_dfsdm.pdf; rm0399-stm32h745755-and-stm32h747757-advanced-armbased-32bit-mcus-stmicroelectronics_dfsdm.pdf; rm0402-stm32f412-advanced-armbased-32bit-mcus-stmicroelectronics_dfsdm.pdf; rm0410-stm32f76xxx-and-stm32f77xxx-advanced-armbased-32bit-mcus-stmicroelectronics_dfsdm.pdf; rm0430-stm32f413423-advanced-armbased-32bit-mcus-stmicroelectronics_dfsdm.pdf; rm0432-stm32l4-series-advanced-armbased-32bit-mcus-stmicroelectronics_dfsdm.pdf; rm0433-stm32h742-stm32h743753-and-stm32h750-value-line-advanced-armbased-32bit-mcus-stmicroelectronics_dfsdm.pdf; rm0436-stm32mp157-advanced-armbased-32bit-mpus-stmicroelectronics_dfsdm.pdf; rm0438-stm32l5-series-advanced-armbased-32bit-mcus-stmicroelectronics_dfsdm.pdf; rm0441-stm32mp151-advanced-armbased-32bit-mpus-stmicroelectronics_dfsdm.pdf; rm0442-stm32mp153-advanced-armbased-32bit-mpus-stmicroelectronics_dfsdm.pdf; rm0455-stm32h7a37b3-and-stm32h7b0-value-line-advanced-armbased-32bit-mcus-stmicroelectronics_dfsdm.pdf; rm0468-stm32h723733-stm32h725735-and-stm32h730-value-line-advanced-armbased-32bit-mcus-stmicroelectronics_dfsdm.pdf; rm0475-stm32mp13xx-advanced-armbased-32bit-mpus-stmicroelectronics_dfsdm.pdf,30,nan:nan,USED,15,1
AWHT,rm0351-stm32l47xxx-stm32l48xxx-stm32l49xxx-and-stm32l4axxx-advanced-armbased-32bit-mcus-stmicroelectronics_dfsdm.pdf; rm0394-stm32l41xxx42xxx43xxx44xxx45xxx46xxx-advanced-armbased-32bit-mcus-stmicroelectronics_dfsdm.pdf; rm0399-stm32h745755-and-stm32h747757-advanced-armbased-32bit-mcus-stmicroelectronics_dfsdm.pdf; rm0402-stm32f412-advanced-armbased-32bit-mcus-stmicroelectronics_dfsdm.pdf; rm0410-stm32f76xxx-and-stm32f77xxx-advanced-armbased-32bit-mcus-stmicroelectronics_dfsdm.pdf; rm0430-stm32f413423-advanced-armbased-32bit-mcus-stmicroelectronics_dfsdm.pdf; rm0432-stm32l4-series-advanced-armbased-32bit-mcus-stmicroelectronics_dfsdm.pdf; rm0433-stm32h742-stm32h743753-and-stm32h750-value-line-advanced-armbased-32bit-mcus-stmicroelectronics_dfsdm.pdf; rm0436-stm32mp157-advanced-armbased-32bit-mpus-stmicroelectronics_dfsdm.pdf; rm0438-stm32l5-series-advanced-armbased-32bit-mcus-stmicroelectronics_dfsdm.pdf; rm0441-stm32mp151-advanced-armbased-32bit-mpus-stmicroelectronics_dfsdm.pdf; rm0442-stm32mp153-advanced-armbased-32bit-mpus-stmicroelectronics_dfsdm.pdf; rm0455-stm32h7a37b3-and-stm32h7b0-value-line-advanced-armbased-32bit-mcus-stmicroelectronics_dfsdm.pdf; rm0468-stm32h723733-stm32h725735-and-stm32h730-value-line-advanced-armbased-32bit-mcus-stmicroelectronics_dfsdm.pdf; rm0475-stm32mp13xx-advanced-armbased-32bit-mpus-stmicroelectronics_dfsdm.pdf,31:8,23.0:0.0,USED,15,1
AWHTF,rm0351-stm32l47xxx-stm32l48xxx-stm32l49xxx-and-stm32l4axxx-advanced-armbased-32bit-mcus-stmicroelectronics_dfsdm.pdf; rm0394-stm32l41xxx42xxx43xxx44xxx45xxx46xxx-advanced-armbased-32bit-mcus-stmicroelectronics_dfsdm.pdf; rm0399-stm32h745755-and-stm32h747757-advanced-armbased-32bit-mcus-stmicroelectronics_dfsdm.pdf; rm0402-stm32f412-advanced-armbased-32bit-mcus-stmicroelectronics_dfsdm.pdf; rm0410-stm32f76xxx-and-stm32f77xxx-advanced-armbased-32bit-mcus-stmicroelectronics_dfsdm.pdf; rm0430-stm32f413423-advanced-armbased-32bit-mcus-stmicroelectronics_dfsdm.pdf; rm0432-stm32l4-series-advanced-armbased-32bit-mcus-stmicroelectronics_dfsdm.pdf; rm0433-stm32h742-stm32h743753-and-stm32h750-value-line-advanced-armbased-32bit-mcus-stmicroelectronics_dfsdm.pdf; rm0436-stm32mp157-advanced-armbased-32bit-mpus-stmicroelectronics_dfsdm.pdf; rm0438-stm32l5-series-advanced-armbased-32bit-mcus-stmicroelectronics_dfsdm.pdf; rm0441-stm32mp151-advanced-armbased-32bit-mpus-stmicroelectronics_dfsdm.pdf; rm0442-stm32mp153-advanced-armbased-32bit-mpus-stmicroelectronics_dfsdm.pdf; rm0455-stm32h7a37b3-and-stm32h7b0-value-line-advanced-armbased-32bit-mcus-stmicroelectronics_dfsdm.pdf; rm0468-stm32h723733-stm32h725735-and-stm32h730-value-line-advanced-armbased-32bit-mcus-stmicroelectronics_dfsdm.pdf; rm0475-stm32mp13xx-advanced-armbased-32bit-mpus-stmicroelectronics_dfsdm.pdf,11:8; 15:8,3.0:0.0; 7.0:0.0,USED,15,2
AWLT,rm0351-stm32l47xxx-stm32l48xxx-stm32l49xxx-and-stm32l4axxx-advanced-armbased-32bit-mcus-stmicroelectronics_dfsdm.pdf; rm0394-stm32l41xxx42xxx43xxx44xxx45xxx46xxx-advanced-armbased-32bit-mcus-stmicroelectronics_dfsdm.pdf; rm0399-stm32h745755-and-stm32h747757-advanced-armbased-32bit-mcus-stmicroelectronics_dfsdm.pdf; rm0402-stm32f412-advanced-armbased-32bit-mcus-stmicroelectronics_dfsdm.pdf; rm0410-stm32f76xxx-and-stm32f77xxx-advanced-armbased-32bit-mcus-stmicroelectronics_dfsdm.pdf; rm0430-stm32f413423-advanced-armbased-32bit-mcus-stmicroelectronics_dfsdm.pdf; rm0432-stm32l4-series-advanced-armbased-32bit-mcus-stmicroelectronics_dfsdm.pdf; rm0433-stm32h742-stm32h743753-and-stm32h750-value-line-advanced-armbased-32bit-mcus-stmicroelectronics_dfsdm.pdf; rm0436-stm32mp157-advanced-armbased-32bit-mpus-stmicroelectronics_dfsdm.pdf; rm0438-stm32l5-series-advanced-armbased-32bit-mcus-stmicroelectronics_dfsdm.pdf; rm0441-stm32mp151-advanced-armbased-32bit-mpus-stmicroelectronics_dfsdm.pdf; rm0442-stm32mp153-advanced-armbased-32bit-mpus-stmicroelectronics_dfsdm.pdf; rm0455-stm32h7a37b3-and-stm32h7b0-value-line-advanced-armbased-32bit-mcus-stmicroelectronics_dfsdm.pdf; rm0468-stm32h723733-stm32h725735-and-stm32h730-value-line-advanced-armbased-32bit-mcus-stmicroelectronics_dfsdm.pdf; rm0475-stm32mp13xx-advanced-armbased-32bit-mpus-stmicroelectronics_dfsdm.pdf,31:8,23.0:0.0,USED,15,1
AWLTF,rm0351-stm32l47xxx-stm32l48xxx-stm32l49xxx-and-stm32l4axxx-advanced-armbased-32bit-mcus-stmicroelectronics_dfsdm.pdf; rm0394-stm32l41xxx42xxx43xxx44xxx45xxx46xxx-advanced-armbased-32bit-mcus-stmicroelectronics_dfsdm.pdf; rm0399-stm32h745755-and-stm32h747757-advanced-armbased-32bit-mcus-stmicroelectronics_dfsdm.pdf; rm0402-stm32f412-advanced-armbased-32bit-mcus-stmicroelectronics_dfsdm.pdf; rm0410-stm32f76xxx-and-stm32f77xxx-advanced-armbased-32bit-mcus-stmicroelectronics_dfsdm.pdf; rm0430-stm32f413423-advanced-armbased-32bit-mcus-stmicroelectronics_dfsdm.pdf; rm0432-stm32l4-series-advanced-armbased-32bit-mcus-stmicroelectronics_dfsdm.pdf; rm0433-stm32h742-stm32h743753-and-stm32h750-value-line-advanced-armbased-32bit-mcus-stmicroelectronics_dfsdm.pdf; rm0436-stm32mp157-advanced-armbased-32bit-mpus-stmicroelectronics_dfsdm.pdf; rm0438-stm32l5-series-advanced-armbased-32bit-mcus-stmicroelectronics_dfsdm.pdf; rm0441-stm32mp151-advanced-armbased-32bit-mpus-stmicroelectronics_dfsdm.pdf; rm0442-stm32mp153-advanced-armbased-32bit-mpus-stmicroelectronics_dfsdm.pdf; rm0455-stm32h7a37b3-and-stm32h7b0-value-line-advanced-armbased-32bit-mcus-stmicroelectronics_dfsdm.pdf; rm0468-stm32h723733-stm32h725735-and-stm32h730-value-line-advanced-armbased-32bit-mcus-stmicroelectronics_dfsdm.pdf; rm0475-stm32mp13xx-advanced-armbased-32bit-mpus-stmicroelectronics_dfsdm.pdf,3:0; 7:0,3.0:0.0; 7.0:0.0,NOT_APPLICABLE,15,2
BKAWH,rm0351-stm32l47xxx-stm32l48xxx-stm32l49xxx-and-stm32l4axxx-advanced-armbased-32bit-mcus-stmicroelectronics_dfsdm.pdf; rm0394-stm32l41xxx42xxx43xxx44xxx45xxx46xxx-advanced-armbased-32bit-mcus-stmicroelectronics_dfsdm.pdf; rm0399-stm32h745755-and-stm32h747757-advanced-armbased-32bit-mcus-stmicroelectronics_dfsdm.pdf; rm0402-stm32f412-advanced-armbased-32bit-mcus-stmicroelectronics_dfsdm.pdf; rm0410-stm32f76xxx-and-stm32f77xxx-advanced-armbased-32bit-mcus-stmicroelectronics_dfsdm.pdf; rm0430-stm32f413423-advanced-armbased-32bit-mcus-stmicroelectronics_dfsdm.pdf; rm0432-stm32l4-series-advanced-armbased-32bit-mcus-stmicroelectronics_dfsdm.pdf; rm0433-stm32h742-stm32h743753-and-stm32h750-value-line-advanced-armbased-32bit-mcus-stmicroelectronics_dfsdm.pdf; rm0436-stm32mp157-advanced-armbased-32bit-mpus-stmicroelectronics_dfsdm.pdf; rm0438-stm32l5-series-advanced-armbased-32bit-mcus-stmicroelectronics_dfsdm.pdf; rm0441-stm32mp151-advanced-armbased-32bit-mpus-stmicroelectronics_dfsdm.pdf; rm0442-stm32mp153-advanced-armbased-32bit-mpus-stmicroelectronics_dfsdm.pdf; rm0455-stm32h7a37b3-and-stm32h7b0-value-line-advanced-armbased-32bit-mcus-stmicroelectronics_dfsdm.pdf; rm0468-stm32h723733-stm32h725735-and-stm32h730-value-line-advanced-armbased-32bit-mcus-stmicroelectronics_dfsdm.pdf; rm0475-stm32mp13xx-advanced-armbased-32bit-mpus-stmicroelectronics_dfsdm.pdf,3:0,3.0:0.0,NOT_APPLICABLE,15,1
BKAWL,rm0351-stm32l47xxx-stm32l48xxx-stm32l49xxx-and-stm32l4axxx-advanced-armbased-32bit-mcus-stmicroelectronics_dfsdm.pdf; rm0394-stm32l41xxx42xxx43xxx44xxx45xxx46xxx-advanced-armbased-32bit-mcus-stmicroelectronics_dfsdm.pdf; rm0399-stm32h745755-and-stm32h747757-advanced-armbased-32bit-mcus-stmicroelectronics_dfsdm.pdf; rm0402-stm32f412-advanced-armbased-32bit-mcus-stmicroelectronics_dfsdm.pdf; rm0410-stm32f76xxx-and-stm32f77xxx-advanced-armbased-32bit-mcus-stmicroelectronics_dfsdm.pdf; rm0430-stm32f413423-advanced-armbased-32bit-mcus-stmicroelectronics_dfsdm.pdf; rm0432-stm32l4-series-advanced-armbased-32bit-mcus-stmicroelectronics_dfsdm.pdf; rm0433-stm32h742-stm32h743753-and-stm32h750-value-line-advanced-armbased-32bit-mcus-stmicroelectronics_dfsdm.pdf; rm0436-stm32mp157-advanced-armbased-32bit-mpus-stmicroelectronics_dfsdm.pdf; rm0438-stm32l5-series-advanced-armbased-32bit-mcus-stmicroelectronics_dfsdm.pdf; rm0441-stm32mp151-advanced-armbased-32bit-mpus-stmicroelectronics_dfsdm.pdf; rm0442-stm32mp153-advanced-armbased-32bit-mpus-stmicroelectronics_dfsdm.pdf; rm0455-stm32h7a37b3-and-stm32h7b0-value-line-advanced-armbased-32bit-mcus-stmicroelectronics_dfsdm.pdf; rm0468-stm32h723733-stm32h725735-and-stm32h730-value-line-advanced-armbased-32bit-mcus-stmicroelectronics_dfsdm.pdf; rm0475-stm32mp13xx-advanced-armbased-32bit-mpus-stmicroelectronics_dfsdm.pdf,3:0,3.0:0.0,NOT_APPLICABLE,15,1
BKSCD,rm0351-stm32l47xxx-stm32l48xxx-stm32l49xxx-and-stm32l4axxx-advanced-armbased-32bit-mcus-stmicroelectronics_dfsdm.pdf; rm0394-stm32l41xxx42xxx43xxx44xxx45xxx46xxx-advanced-armbased-32bit-mcus-stmicroelectronics_dfsdm.pdf; rm0399-stm32h745755-and-stm32h747757-advanced-armbased-32bit-mcus-stmicroelectronics_dfsdm.pdf; rm0402-stm32f412-advanced-armbased-32bit-mcus-stmicroelectronics_dfsdm.pdf; rm0410-stm32f76xxx-and-stm32f77xxx-advanced-armbased-32bit-mcus-stmicroelectronics_dfsdm.pdf; rm0430-stm32f413423-advanced-armbased-32bit-mcus-stmicroelectronics_dfsdm.pdf; rm0432-stm32l4-series-advanced-armbased-32bit-mcus-stmicroelectronics_dfsdm.pdf; rm0433-stm32h742-stm32h743753-and-stm32h750-value-line-advanced-armbased-32bit-mcus-stmicroelectronics_dfsdm.pdf; rm0436-stm32mp157-advanced-armbased-32bit-mpus-stmicroelectronics_dfsdm.pdf; rm0438-stm32l5-series-advanced-armbased-32bit-mcus-stmicroelectronics_dfsdm.pdf; rm0441-stm32mp151-advanced-armbased-32bit-mpus-stmicroelectronics_dfsdm.pdf; rm0442-stm32mp153-advanced-armbased-32bit-mpus-stmicroelectronics_dfsdm.pdf; rm0455-stm32h7a37b3-and-stm32h7b0-value-line-advanced-armbased-32bit-mcus-stmicroelectronics_dfsdm.pdf; rm0468-stm32h723733-stm32h725735-and-stm32h730-value-line-advanced-armbased-32bit-mcus-stmicroelectronics_dfsdm.pdf; rm0475-stm32mp13xx-advanced-armbased-32bit-mpus-stmicroelectronics_dfsdm.pdf,15:12,3.0:0.0,USED,15,1
CHEN,rm0351-stm32l47xxx-stm32l48xxx-stm32l49xxx-and-stm32l4axxx-advanced-armbased-32bit-mcus-stmicroelectronics_dfsdm.pdf; rm0394-stm32l41xxx42xxx43xxx44xxx45xxx46xxx-advanced-armbased-32bit-mcus-stmicroelectronics_dfsdm.pdf; rm0399-stm32h745755-and-stm32h747757-advanced-armbased-32bit-mcus-stmicroelectronics_dfsdm.pdf; rm0402-stm32f412-advanced-armbased-32bit-mcus-stmicroelectronics_dfsdm.pdf; rm0410-stm32f76xxx-and-stm32f77xxx-advanced-armbased-32bit-mcus-stmicroelectronics_dfsdm.pdf; rm0430-stm32f413423-advanced-armbased-32bit-mcus-stmicroelectronics_dfsdm.pdf; rm0432-stm32l4-series-advanced-armbased-32bit-mcus-stmicroelectronics_dfsdm.pdf; rm0433-stm32h742-stm32h743753-and-stm32h750-value-line-advanced-armbased-32bit-mcus-stmicroelectronics_dfsdm.pdf; rm0436-stm32mp157-advanced-armbased-32bit-mpus-stmicroelectronics_dfsdm.pdf; rm0438-stm32l5-series-advanced-armbased-32bit-mcus-stmicroelectronics_dfsdm.pdf; rm0441-stm32mp151-advanced-armbased-32bit-mpus-stmicroelectronics_dfsdm.pdf; rm0442-stm32mp153-advanced-armbased-32bit-mpus-stmicroelectronics_dfsdm.pdf; rm0455-stm32h7a37b3-and-stm32h7b0-value-line-advanced-armbased-32bit-mcus-stmicroelectronics_dfsdm.pdf; rm0468-stm32h723733-stm32h725735-and-stm32h730-value-line-advanced-armbased-32bit-mcus-stmicroelectronics_dfsdm.pdf; rm0475-stm32mp13xx-advanced-armbased-32bit-mpus-stmicroelectronics_dfsdm.pdf,7,nan:nan,NOT_APPLICABLE,15,1
CHINSEL,rm0351-stm32l47xxx-stm32l48xxx-stm32l49xxx-and-stm32l4axxx-advanced-armbased-32bit-mcus-stmicroelectronics_dfsdm.pdf; rm0394-stm32l41xxx42xxx43xxx44xxx45xxx46xxx-advanced-armbased-32bit-mcus-stmicroelectronics_dfsdm.pdf; rm0399-stm32h745755-and-stm32h747757-advanced-armbased-32bit-mcus-stmicroelectronics_dfsdm.pdf; rm0402-stm32f412-advanced-armbased-32bit-mcus-stmicroelectronics_dfsdm.pdf; rm0410-stm32f76xxx-and-stm32f77xxx-advanced-armbased-32bit-mcus-stmicroelectronics_dfsdm.pdf; rm0430-stm32f413423-advanced-armbased-32bit-mcus-stmicroelectronics_dfsdm.pdf; rm0432-stm32l4-series-advanced-armbased-32bit-mcus-stmicroelectronics_dfsdm.pdf; rm0433-stm32h742-stm32h743753-and-stm32h750-value-line-advanced-armbased-32bit-mcus-stmicroelectronics_dfsdm.pdf; rm0436-stm32mp157-advanced-armbased-32bit-mpus-stmicroelectronics_dfsdm.pdf; rm0438-stm32l5-series-advanced-armbased-32bit-mcus-stmicroelectronics_dfsdm.pdf; rm0441-stm32mp151-advanced-armbased-32bit-mpus-stmicroelectronics_dfsdm.pdf; rm0442-stm32mp153-advanced-armbased-32bit-mpus-stmicroelectronics_dfsdm.pdf; rm0455-stm32h7a37b3-and-stm32h7b0-value-line-advanced-armbased-32bit-mcus-stmicroelectronics_dfsdm.pdf; rm0468-stm32h723733-stm32h725735-and-stm32h730-value-line-advanced-armbased-32bit-mcus-stmicroelectronics_dfsdm.pdf; rm0475-stm32mp13xx-advanced-armbased-32bit-mpus-stmicroelectronics_dfsdm.pdf,8,nan:nan,USED,15,1
CKABEN,rm0351-stm32l47xxx-stm32l48xxx-stm32l49xxx-and-stm32l4axxx-advanced-armbased-32bit-mcus-stmicroelectronics_dfsdm.pdf; rm0394-stm32l41xxx42xxx43xxx44xxx45xxx46xxx-advanced-armbased-32bit-mcus-stmicroelectronics_dfsdm.pdf; rm0399-stm32h745755-and-stm32h747757-advanced-armbased-32bit-mcus-stmicroelectronics_dfsdm.pdf; rm0402-stm32f412-advanced-armbased-32bit-mcus-stmicroelectronics_dfsdm.pdf; rm0410-stm32f76xxx-and-stm32f77xxx-advanced-armbased-32bit-mcus-stmicroelectronics_dfsdm.pdf; rm0430-stm32f413423-advanced-armbased-32bit-mcus-stmicroelectronics_dfsdm.pdf; rm0432-stm32l4-series-advanced-armbased-32bit-mcus-stmicroelectronics_dfsdm.pdf; rm0433-stm32h742-stm32h743753-and-stm32h750-value-line-advanced-armbased-32bit-mcus-stmicroelectronics_dfsdm.pdf; rm0436-stm32mp157-advanced-armbased-32bit-mpus-stmicroelectronics_dfsdm.pdf; rm0438-stm32l5-series-advanced-armbased-32bit-mcus-stmicroelectronics_dfsdm.pdf; rm0441-stm32mp151-advanced-armbased-32bit-mpus-stmicroelectronics_dfsdm.pdf; rm0442-stm32mp153-advanced-armbased-32bit-mpus-stmicroelectronics_dfsdm.pdf; rm0455-stm32h7a37b3-and-stm32h7b0-value-line-advanced-armbased-32bit-mcus-stmicroelectronics_dfsdm.pdf; rm0468-stm32h723733-stm32h725735-and-stm32h730-value-line-advanced-armbased-32bit-mcus-stmicroelectronics_dfsdm.pdf; rm0475-stm32mp13xx-advanced-armbased-32bit-mpus-stmicroelectronics_dfsdm.pdf,6,nan:nan,NOT_APPLICABLE,15,1
CKABF,rm0351-stm32l47xxx-stm32l48xxx-stm32l49xxx-and-stm32l4axxx-advanced-armbased-32bit-mcus-stmicroelectronics_dfsdm.pdf; rm0394-stm32l41xxx42xxx43xxx44xxx45xxx46xxx-advanced-armbased-32bit-mcus-stmicroelectronics_dfsdm.pdf; rm0399-stm32h745755-and-stm32h747757-advanced-armbased-32bit-mcus-stmicroelectronics_dfsdm.pdf; rm0402-stm32f412-advanced-armbased-32bit-mcus-stmicroelectronics_dfsdm.pdf; rm0410-stm32f76xxx-and-stm32f77xxx-advanced-armbased-32bit-mcus-stmicroelectronics_dfsdm.pdf; rm0430-stm32f413423-advanced-armbased-32bit-mcus-stmicroelectronics_dfsdm.pdf; rm0432-stm32l4-series-advanced-armbased-32bit-mcus-stmicroelectronics_dfsdm.pdf; rm0433-stm32h742-stm32h743753-and-stm32h750-value-line-advanced-armbased-32bit-mcus-stmicroelectronics_dfsdm.pdf; rm0436-stm32mp157-advanced-armbased-32bit-mpus-stmicroelectronics_dfsdm.pdf; rm0438-stm32l5-series-advanced-armbased-32bit-mcus-stmicroelectronics_dfsdm.pdf; rm0441-stm32mp151-advanced-armbased-32bit-mpus-stmicroelectronics_dfsdm.pdf; rm0442-stm32mp153-advanced-armbased-32bit-mpus-stmicroelectronics_dfsdm.pdf; rm0455-stm32h7a37b3-and-stm32h7b0-value-line-advanced-armbased-32bit-mcus-stmicroelectronics_dfsdm.pdf; rm0468-stm32h723733-stm32h725735-and-stm32h730-value-line-advanced-armbased-32bit-mcus-stmicroelectronics_dfsdm.pdf; rm0475-stm32mp13xx-advanced-armbased-32bit-mpus-stmicroelectronics_dfsdm.pdf,19:16; 23:16,3.0:0.0; 7.0:0.0,USED,15,2
CKABIE,rm0351-stm32l47xxx-stm32l48xxx-stm32l49xxx-and-stm32l4axxx-advanced-armbased-32bit-mcus-stmicroelectronics_dfsdm.pdf; rm0394-stm32l41xxx42xxx43xxx44xxx45xxx46xxx-advanced-armbased-32bit-mcus-stmicroelectronics_dfsdm.pdf; rm0399-stm32h745755-and-stm32h747757-advanced-armbased-32bit-mcus-stmicroelectronics_dfsdm.pdf; rm0402-stm32f412-advanced-armbased-32bit-mcus-stmicroelectronics_dfsdm.pdf; rm0410-stm32f76xxx-and-stm32f77xxx-advanced-armbased-32bit-mcus-stmicroelectronics_dfsdm.pdf; rm0430-stm32f413423-advanced-armbased-32bit-mcus-stmicroelectronics_dfsdm.pdf; rm0432-stm32l4-series-advanced-armbased-32bit-mcus-stmicroelectronics_dfsdm.pdf; rm0433-stm32h742-stm32h743753-and-stm32h750-value-line-advanced-armbased-32bit-mcus-stmicroelectronics_dfsdm.pdf; rm0436-stm32mp157-advanced-armbased-32bit-mpus-stmicroelectronics_dfsdm.pdf; rm0438-stm32l5-series-advanced-armbased-32bit-mcus-stmicroelectronics_dfsdm.pdf; rm0441-stm32mp151-advanced-armbased-32bit-mpus-stmicroelectronics_dfsdm.pdf; rm0442-stm32mp153-advanced-armbased-32bit-mpus-stmicroelectronics_dfsdm.pdf; rm0455-stm32h7a37b3-and-stm32h7b0-value-line-advanced-armbased-32bit-mcus-stmicroelectronics_dfsdm.pdf; rm0468-stm32h723733-stm32h725735-and-stm32h730-value-line-advanced-armbased-32bit-mcus-stmicroelectronics_dfsdm.pdf; rm0475-stm32mp13xx-advanced-armbased-32bit-mpus-stmicroelectronics_dfsdm.pdf,6,nan:nan,NOT_APPLICABLE,15,1
CKOUTDIV,rm0351-stm32l47xxx-stm32l48xxx-stm32l49xxx-and-stm32l4axxx-advanced-armbased-32bit-mcus-stmicroelectronics_dfsdm.pdf; rm0394-stm32l41xxx42xxx43xxx44xxx45xxx46xxx-advanced-armbased-32bit-mcus-stmicroelectronics_dfsdm.pdf; rm0399-stm32h745755-and-stm32h747757-advanced-armbased-32bit-mcus-stmicroelectronics_dfsdm.pdf; rm0402-stm32f412-advanced-armbased-32bit-mcus-stmicroelectronics_dfsdm.pdf; rm0410-stm32f76xxx-and-stm32f77xxx-advanced-armbased-32bit-mcus-stmicroelectronics_dfsdm.pdf; rm0430-stm32f413423-advanced-armbased-32bit-mcus-stmicroelectronics_dfsdm.pdf; rm0432-stm32l4-series-advanced-armbased-32bit-mcus-stmicroelectronics_dfsdm.pdf; rm0433-stm32h742-stm32h743753-and-stm32h750-value-line-advanced-armbased-32bit-mcus-stmicroelectronics_dfsdm.pdf; rm0436-stm32mp157-advanced-armbased-32bit-mpus-stmicroelectronics_dfsdm.pdf; rm0438-stm32l5-series-advanced-armbased-32bit-mcus-stmicroelectronics_dfsdm.pdf; rm0441-stm32mp151-advanced-armbased-32bit-mpus-stmicroelectronics_dfsdm.pdf; rm0442-stm32mp153-advanced-armbased-32bit-mpus-stmicroelectronics_dfsdm.pdf; rm0455-stm32h7a37b3-and-stm32h7b0-value-line-advanced-armbased-32bit-mcus-stmicroelectronics_dfsdm.pdf; rm0468-stm32h723733-stm32h725735-and-stm32h730-value-line-advanced-armbased-32bit-mcus-stmicroelectronics_dfsdm.pdf; rm0475-stm32mp13xx-advanced-armbased-32bit-mpus-stmicroelectronics_dfsdm.pdf,23:16,7.0:0.0,USED,15,1
CKOUTSRC,rm0351-stm32l47xxx-stm32l48xxx-stm32l49xxx-and-stm32l4axxx-advanced-armbased-32bit-mcus-stmicroelectronics_dfsdm.pdf; rm0394-stm32l41xxx42xxx43xxx44xxx45xxx46xxx-advanced-armbased-32bit-mcus-stmicroelectronics_dfsdm.pdf; rm0399-stm32h745755-and-stm32h747757-advanced-armbased-32bit-mcus-stmicroelectronics_dfsdm.pdf; rm0402-stm32f412-advanced-armbased-32bit-mcus-stmicroelectronics_dfsdm.pdf; rm0410-stm32f76xxx-and-stm32f77xxx-advanced-armbased-32bit-mcus-stmicroelectronics_dfsdm.pdf; rm0430-stm32f413423-advanced-armbased-32bit-mcus-stmicroelectronics_dfsdm.pdf; rm0432-stm32l4-series-advanced-armbased-32bit-mcus-stmicroelectronics_dfsdm.pdf; rm0433-stm32h742-stm32h743753-and-stm32h750-value-line-advanced-armbased-32bit-mcus-stmicroelectronics_dfsdm.pdf; rm0436-stm32mp157-advanced-armbased-32bit-mpus-stmicroelectronics_dfsdm.pdf; rm0438-stm32l5-series-advanced-armbased-32bit-mcus-stmicroelectronics_dfsdm.pdf; rm0441-stm32mp151-advanced-armbased-32bit-mpus-stmicroelectronics_dfsdm.pdf; rm0442-stm32mp153-advanced-armbased-32bit-mpus-stmicroelectronics_dfsdm.pdf; rm0455-stm32h7a37b3-and-stm32h7b0-value-line-advanced-armbased-32bit-mcus-stmicroelectronics_dfsdm.pdf; rm0468-stm32h723733-stm32h725735-and-stm32h730-value-line-advanced-armbased-32bit-mcus-stmicroelectronics_dfsdm.pdf; rm0475-stm32mp13xx-advanced-armbased-32bit-mpus-stmicroelectronics_dfsdm.pdf,30,nan:nan,UNDOCUMENTED; USED,15,1
CLRAWHTF,rm0351-stm32l47xxx-stm32l48xxx-stm32l49xxx-and-stm32l4axxx-advanced-armbased-32bit-mcus-stmicroelectronics_dfsdm.pdf; rm0394-stm32l41xxx42xxx43xxx44xxx45xxx46xxx-advanced-armbased-32bit-mcus-stmicroelectronics_dfsdm.pdf; rm0399-stm32h745755-and-stm32h747757-advanced-armbased-32bit-mcus-stmicroelectronics_dfsdm.pdf; rm0402-stm32f412-advanced-armbased-32bit-mcus-stmicroelectronics_dfsdm.pdf; rm0410-stm32f76xxx-and-stm32f77xxx-advanced-armbased-32bit-mcus-stmicroelectronics_dfsdm.pdf; rm0430-stm32f413423-advanced-armbased-32bit-mcus-stmicroelectronics_dfsdm.pdf; rm0432-stm32l4-series-advanced-armbased-32bit-mcus-stmicroelectronics_dfsdm.pdf; rm0433-stm32h742-stm32h743753-and-stm32h750-value-line-advanced-armbased-32bit-mcus-stmicroelectronics_dfsdm.pdf; rm0436-stm32mp157-advanced-armbased-32bit-mpus-stmicroelectronics_dfsdm.pdf; rm0438-stm32l5-series-advanced-armbased-32bit-mcus-stmicroelectronics_dfsdm.pdf; rm0441-stm32mp151-advanced-armbased-32bit-mpus-stmicroelectronics_dfsdm.pdf; rm0442-stm32mp153-advanced-armbased-32bit-mpus-stmicroelectronics_dfsdm.pdf; rm0455-stm32h7a37b3-and-stm32h7b0-value-line-advanced-armbased-32bit-mcus-stmicroelectronics_dfsdm.pdf; rm0468-stm32h723733-stm32h725735-and-stm32h730-value-line-advanced-armbased-32bit-mcus-stmicroelectronics_dfsdm.pdf; rm0475-stm32mp13xx-advanced-armbased-32bit-mpus-stmicroelectronics_dfsdm.pdf,11:8; 15:8,3.0:0.0; 7.0:0.0,USED,15,2
CLRAWLTF,rm0351-stm32l47xxx-stm32l48xxx-stm32l49xxx-and-stm32l4axxx-advanced-armbased-32bit-mcus-stmicroelectronics_dfsdm.pdf; rm0394-stm32l41xxx42xxx43xxx44xxx45xxx46xxx-advanced-armbased-32bit-mcus-stmicroelectronics_dfsdm.pdf; rm0399-stm32h745755-and-stm32h747757-advanced-armbased-32bit-mcus-stmicroelectronics_dfsdm.pdf; rm0402-stm32f412-advanced-armbased-32bit-mcus-stmicroelectronics_dfsdm.pdf; rm0410-stm32f76xxx-and-stm32f77xxx-advanced-armbased-32bit-mcus-stmicroelectronics_dfsdm.pdf; rm0430-stm32f413423-advanced-armbased-32bit-mcus-stmicroelectronics_dfsdm.pdf; rm0432-stm32l4-series-advanced-armbased-32bit-mcus-stmicroelectronics_dfsdm.pdf; rm0433-stm32h742-stm32h743753-and-stm32h750-value-line-advanced-armbased-32bit-mcus-stmicroelectronics_dfsdm.pdf; rm0436-stm32mp157-advanced-armbased-32bit-mpus-stmicroelectronics_dfsdm.pdf; rm0438-stm32l5-series-advanced-armbased-32bit-mcus-stmicroelectronics_dfsdm.pdf; rm0441-stm32mp151-advanced-armbased-32bit-mpus-stmicroelectronics_dfsdm.pdf; rm0442-stm32mp153-advanced-armbased-32bit-mpus-stmicroelectronics_dfsdm.pdf; rm0455-stm32h7a37b3-and-stm32h7b0-value-line-advanced-armbased-32bit-mcus-stmicroelectronics_dfsdm.pdf; rm0468-stm32h723733-stm32h725735-and-stm32h730-value-line-advanced-armbased-32bit-mcus-stmicroelectronics_dfsdm.pdf; rm0475-stm32mp13xx-advanced-armbased-32bit-mpus-stmicroelectronics_dfsdm.pdf,3:0; 7:0,3.0:0.0; 7.0:0.0,NOT_APPLICABLE,15,2
CLRCKABF,rm0351-stm32l47xxx-stm32l48xxx-stm32l49xxx-and-stm32l4axxx-advanced-armbased-32bit-mcus-stmicroelectronics_dfsdm.pdf; rm0394-stm32l41xxx42xxx43xxx44xxx45xxx46xxx-advanced-armbased-32bit-mcus-stmicroelectronics_dfsdm.pdf; rm0399-stm32h745755-and-stm32h747757-advanced-armbased-32bit-mcus-stmicroelectronics_dfsdm.pdf; rm0402-stm32f412-advanced-armbased-32bit-mcus-stmicroelectronics_dfsdm.pdf; rm0410-stm32f76xxx-and-stm32f77xxx-advanced-armbased-32bit-mcus-stmicroelectronics_dfsdm.pdf; rm0430-stm32f413423-advanced-armbased-32bit-mcus-stmicroelectronics_dfsdm.pdf; rm0432-stm32l4-series-advanced-armbased-32bit-mcus-stmicroelectronics_dfsdm.pdf; rm0433-stm32h742-stm32h743753-and-stm32h750-value-line-advanced-armbased-32bit-mcus-stmicroelectronics_dfsdm.pdf; rm0436-stm32mp157-advanced-armbased-32bit-mpus-stmicroelectronics_dfsdm.pdf; rm0438-stm32l5-series-advanced-armbased-32bit-mcus-stmicroelectronics_dfsdm.pdf; rm0441-stm32mp151-advanced-armbased-32bit-mpus-stmicroelectronics_dfsdm.pdf; rm0442-stm32mp153-advanced-armbased-32bit-mpus-stmicroelectronics_dfsdm.pdf; rm0455-stm32h7a37b3-and-stm32h7b0-value-line-advanced-armbased-32bit-mcus-stmicroelectronics_dfsdm.pdf; rm0468-stm32h723733-stm32h725735-and-stm32h730-value-line-advanced-armbased-32bit-mcus-stmicroelectronics_dfsdm.pdf; rm0475-stm32mp13xx-advanced-armbased-32bit-mpus-stmicroelectronics_dfsdm.pdf,19:16; 23:16,3.0:0.0; 7.0:0.0,USED,15,2
CLRJOVRF,rm0351-stm32l47xxx-stm32l48xxx-stm32l49xxx-and-stm32l4axxx-advanced-armbased-32bit-mcus-stmicroelectronics_dfsdm.pdf; rm0394-stm32l41xxx42xxx43xxx44xxx45xxx46xxx-advanced-armbased-32bit-mcus-stmicroelectronics_dfsdm.pdf; rm0399-stm32h745755-and-stm32h747757-advanced-armbased-32bit-mcus-stmicroelectronics_dfsdm.pdf; rm0402-stm32f412-advanced-armbased-32bit-mcus-stmicroelectronics_dfsdm.pdf; rm0410-stm32f76xxx-and-stm32f77xxx-advanced-armbased-32bit-mcus-stmicroelectronics_dfsdm.pdf; rm0430-stm32f413423-advanced-armbased-32bit-mcus-stmicroelectronics_dfsdm.pdf; rm0432-stm32l4-series-advanced-armbased-32bit-mcus-stmicroelectronics_dfsdm.pdf; rm0433-stm32h742-stm32h743753-and-stm32h750-value-line-advanced-armbased-32bit-mcus-stmicroelectronics_dfsdm.pdf; rm0436-stm32mp157-advanced-armbased-32bit-mpus-stmicroelectronics_dfsdm.pdf; rm0438-stm32l5-series-advanced-armbased-32bit-mcus-stmicroelectronics_dfsdm.pdf; rm0441-stm32mp151-advanced-armbased-32bit-mpus-stmicroelectronics_dfsdm.pdf; rm0442-stm32mp153-advanced-armbased-32bit-mpus-stmicroelectronics_dfsdm.pdf; rm0455-stm32h7a37b3-and-stm32h7b0-value-line-advanced-armbased-32bit-mcus-stmicroelectronics_dfsdm.pdf; rm0468-stm32h723733-stm32h725735-and-stm32h730-value-line-advanced-armbased-32bit-mcus-stmicroelectronics_dfsdm.pdf; rm0475-stm32mp13xx-advanced-armbased-32bit-mpus-stmicroelectronics_dfsdm.pdf,2,nan:nan,NOT_APPLICABLE,15,1
CLRROVRF,rm0351-stm32l47xxx-stm32l48xxx-stm32l49xxx-and-stm32l4axxx-advanced-armbased-32bit-mcus-stmicroelectronics_dfsdm.pdf; rm0394-stm32l41xxx42xxx43xxx44xxx45xxx46xxx-advanced-armbased-32bit-mcus-stmicroelectronics_dfsdm.pdf; rm0399-stm32h745755-and-stm32h747757-advanced-armbased-32bit-mcus-stmicroelectronics_dfsdm.pdf; rm0402-stm32f412-advanced-armbased-32bit-mcus-stmicroelectronics_dfsdm.pdf; rm0410-stm32f76xxx-and-stm32f77xxx-advanced-armbased-32bit-mcus-stmicroelectronics_dfsdm.pdf; rm0430-stm32f413423-advanced-armbased-32bit-mcus-stmicroelectronics_dfsdm.pdf; rm0432-stm32l4-series-advanced-armbased-32bit-mcus-stmicroelectronics_dfsdm.pdf; rm0433-stm32h742-stm32h743753-and-stm32h750-value-line-advanced-armbased-32bit-mcus-stmicroelectronics_dfsdm.pdf; rm0436-stm32mp157-advanced-armbased-32bit-mpus-stmicroelectronics_dfsdm.pdf; rm0438-stm32l5-series-advanced-armbased-32bit-mcus-stmicroelectronics_dfsdm.pdf; rm0441-stm32mp151-advanced-armbased-32bit-mpus-stmicroelectronics_dfsdm.pdf; rm0442-stm32mp153-advanced-armbased-32bit-mpus-stmicroelectronics_dfsdm.pdf; rm0455-stm32h7a37b3-and-stm32h7b0-value-line-advanced-armbased-32bit-mcus-stmicroelectronics_dfsdm.pdf; rm0468-stm32h723733-stm32h725735-and-stm32h730-value-line-advanced-armbased-32bit-mcus-stmicroelectronics_dfsdm.pdf; rm0475-stm32mp13xx-advanced-armbased-32bit-mpus-stmicroelectronics_dfsdm.pdf,3,nan:nan,NOT_APPLICABLE,15,1
CLRSCDF,rm0351-stm32l47xxx-stm32l48xxx-stm32l49xxx-and-stm32l4axxx-advanced-armbased-32bit-mcus-stmicroelectronics_dfsdm.pdf; rm0394-stm32l41xxx42xxx43xxx44xxx45xxx46xxx-advanced-armbased-32bit-mcus-stmicroelectronics_dfsdm.pdf; rm0399-stm32h745755-and-stm32h747757-advanced-armbased-32bit-mcus-stmicroelectronics_dfsdm.pdf; rm0402-stm32f412-advanced-armbased-32bit-mcus-stmicroelectronics_dfsdm.pdf; rm0410-stm32f76xxx-and-stm32f77xxx-advanced-armbased-32bit-mcus-stmicroelectronics_dfsdm.pdf; rm0430-stm32f413423-advanced-armbased-32bit-mcus-stmicroelectronics_dfsdm.pdf; rm0432-stm32l4-series-advanced-armbased-32bit-mcus-stmicroelectronics_dfsdm.pdf; rm0433-stm32h742-stm32h743753-and-stm32h750-value-line-advanced-armbased-32bit-mcus-stmicroelectronics_dfsdm.pdf; rm0436-stm32mp157-advanced-armbased-32bit-mpus-stmicroelectronics_dfsdm.pdf; rm0438-stm32l5-series-advanced-armbased-32bit-mcus-stmicroelectronics_dfsdm.pdf; rm0441-stm32mp151-advanced-armbased-32bit-mpus-stmicroelectronics_dfsdm.pdf; rm0442-stm32mp153-advanced-armbased-32bit-mpus-stmicroelectronics_dfsdm.pdf; rm0455-stm32h7a37b3-and-stm32h7b0-value-line-advanced-armbased-32bit-mcus-stmicroelectronics_dfsdm.pdf; rm0468-stm32h723733-stm32h725735-and-stm32h730-value-line-advanced-armbased-32bit-mcus-stmicroelectronics_dfsdm.pdf; rm0475-stm32mp13xx-advanced-armbased-32bit-mpus-stmicroelectronics_dfsdm.pdf,27:24; 31:24,3.0:0.0; 7.0:0.0,USED,15,2
CNVCNT,rm0351-stm32l47xxx-stm32l48xxx-stm32l49xxx-and-stm32l4axxx-advanced-armbased-32bit-mcus-stmicroelectronics_dfsdm.pdf; rm0394-stm32l41xxx42xxx43xxx44xxx45xxx46xxx-advanced-armbased-32bit-mcus-stmicroelectronics_dfsdm.pdf; rm0399-stm32h745755-and-stm32h747757-advanced-armbased-32bit-mcus-stmicroelectronics_dfsdm.pdf; rm0402-stm32f412-advanced-armbased-32bit-mcus-stmicroelectronics_dfsdm.pdf; rm0410-stm32f76xxx-and-stm32f77xxx-advanced-armbased-32bit-mcus-stmicroelectronics_dfsdm.pdf; rm0430-stm32f413423-advanced-armbased-32bit-mcus-stmicroelectronics_dfsdm.pdf; rm0432-stm32l4-series-advanced-armbased-32bit-mcus-stmicroelectronics_dfsdm.pdf; rm0433-stm32h742-stm32h743753-and-stm32h750-value-line-advanced-armbased-32bit-mcus-stmicroelectronics_dfsdm.pdf; rm0436-stm32mp157-advanced-armbased-32bit-mpus-stmicroelectronics_dfsdm.pdf; rm0438-stm32l5-series-advanced-armbased-32bit-mcus-stmicroelectronics_dfsdm.pdf; rm0441-stm32mp151-advanced-armbased-32bit-mpus-stmicroelectronics_dfsdm.pdf; rm0442-stm32mp153-advanced-armbased-32bit-mpus-stmicroelectronics_dfsdm.pdf; rm0455-stm32h7a37b3-and-stm32h7b0-value-line-advanced-armbased-32bit-mcus-stmicroelectronics_dfsdm.pdf; rm0468-stm32h723733-stm32h725735-and-stm32h730-value-line-advanced-armbased-32bit-mcus-stmicroelectronics_dfsdm.pdf; rm0475-stm32mp13xx-advanced-armbased-32bit-mpus-stmicroelectronics_dfsdm.pdf,31:4,27.0:0.0,NOT_APPLICABLE,15,1
DATMPX,rm0351-stm32l47xxx-stm32l48xxx-stm32l49xxx-and-stm32l4axxx-advanced-armbased-32bit-mcus-stmicroelectronics_dfsdm.pdf; rm0394-stm32l41xxx42xxx43xxx44xxx45xxx46xxx-advanced-armbased-32bit-mcus-stmicroelectronics_dfsdm.pdf; rm0399-stm32h745755-and-stm32h747757-advanced-armbased-32bit-mcus-stmicroelectronics_dfsdm.pdf; rm0402-stm32f412-advanced-armbased-32bit-mcus-stmicroelectronics_dfsdm.pdf; rm0410-stm32f76xxx-and-stm32f77xxx-advanced-armbased-32bit-mcus-stmicroelectronics_dfsdm.pdf; rm0430-stm32f413423-advanced-armbased-32bit-mcus-stmicroelectronics_dfsdm.pdf; rm0432-stm32l4-series-advanced-armbased-32bit-mcus-stmicroelectronics_dfsdm.pdf; rm0433-stm32h742-stm32h743753-and-stm32h750-value-line-advanced-armbased-32bit-mcus-stmicroelectronics_dfsdm.pdf; rm0436-stm32mp157-advanced-armbased-32bit-mpus-stmicroelectronics_dfsdm.pdf; rm0438-stm32l5-series-advanced-armbased-32bit-mcus-stmicroelectronics_dfsdm.pdf; rm0441-stm32mp151-advanced-armbased-32bit-mpus-stmicroelectronics_dfsdm.pdf; rm0442-stm32mp153-advanced-armbased-32bit-mpus-stmicroelectronics_dfsdm.pdf; rm0455-stm32h7a37b3-and-stm32h7b0-value-line-advanced-armbased-32bit-mcus-stmicroelectronics_dfsdm.pdf; rm0468-stm32h723733-stm32h725735-and-stm32h730-value-line-advanced-armbased-32bit-mcus-stmicroelectronics_dfsdm.pdf; rm0475-stm32mp13xx-advanced-armbased-32bit-mpus-stmicroelectronics_dfsdm.pdf,13:12,1.0:0.0,USED,15,1
DATPACK,rm0351-stm32l47xxx-stm32l48xxx-stm32l49xxx-and-stm32l4axxx-advanced-armbased-32bit-mcus-stmicroelectronics_dfsdm.pdf; rm0394-stm32l41xxx42xxx43xxx44xxx45xxx46xxx-advanced-armbased-32bit-mcus-stmicroelectronics_dfsdm.pdf; rm0399-stm32h745755-and-stm32h747757-advanced-armbased-32bit-mcus-stmicroelectronics_dfsdm.pdf; rm0402-stm32f412-advanced-armbased-32bit-mcus-stmicroelectronics_dfsdm.pdf; rm0410-stm32f76xxx-and-stm32f77xxx-advanced-armbased-32bit-mcus-stmicroelectronics_dfsdm.pdf; rm0430-stm32f413423-advanced-armbased-32bit-mcus-stmicroelectronics_dfsdm.pdf; rm0432-stm32l4-series-advanced-armbased-32bit-mcus-stmicroelectronics_dfsdm.pdf; rm0433-stm32h742-stm32h743753-and-stm32h750-value-line-advanced-armbased-32bit-mcus-stmicroelectronics_dfsdm.pdf; rm0436-stm32mp157-advanced-armbased-32bit-mpus-stmicroelectronics_dfsdm.pdf; rm0438-stm32l5-series-advanced-armbased-32bit-mcus-stmicroelectronics_dfsdm.pdf; rm0441-stm32mp151-advanced-armbased-32bit-mpus-stmicroelectronics_dfsdm.pdf; rm0442-stm32mp153-advanced-armbased-32bit-mpus-stmicroelectronics_dfsdm.pdf; rm0455-stm32h7a37b3-and-stm32h7b0-value-line-advanced-armbased-32bit-mcus-stmicroelectronics_dfsdm.pdf; rm0468-stm32h723733-stm32h725735-and-stm32h730-value-line-advanced-armbased-32bit-mcus-stmicroelectronics_dfsdm.pdf; rm0475-stm32mp13xx-advanced-armbased-32bit-mpus-stmicroelectronics_dfsdm.pdf,15:14,1.0:0.0,UNDOCUMENTED; USED,15,1
DFEN,rm0351-stm32l47xxx-stm32l48xxx-stm32l49xxx-and-stm32l4axxx-advanced-armbased-32bit-mcus-stmicroelectronics_dfsdm.pdf; rm0394-stm32l41xxx42xxx43xxx44xxx45xxx46xxx-advanced-armbased-32bit-mcus-stmicroelectronics_dfsdm.pdf; rm0399-stm32h745755-and-stm32h747757-advanced-armbased-32bit-mcus-stmicroelectronics_dfsdm.pdf; rm0402-stm32f412-advanced-armbased-32bit-mcus-stmicroelectronics_dfsdm.pdf; rm0410-stm32f76xxx-and-stm32f77xxx-advanced-armbased-32bit-mcus-stmicroelectronics_dfsdm.pdf; rm0430-stm32f413423-advanced-armbased-32bit-mcus-stmicroelectronics_dfsdm.pdf; rm0432-stm32l4-series-advanced-armbased-32bit-mcus-stmicroelectronics_dfsdm.pdf; rm0433-stm32h742-stm32h743753-and-stm32h750-value-line-advanced-armbased-32bit-mcus-stmicroelectronics_dfsdm.pdf; rm0436-stm32mp157-advanced-armbased-32bit-mpus-stmicroelectronics_dfsdm.pdf; rm0438-stm32l5-series-advanced-armbased-32bit-mcus-stmicroelectronics_dfsdm.pdf; rm0441-stm32mp151-advanced-armbased-32bit-mpus-stmicroelectronics_dfsdm.pdf; rm0442-stm32mp153-advanced-armbased-32bit-mpus-stmicroelectronics_dfsdm.pdf; rm0455-stm32h7a37b3-and-stm32h7b0-value-line-advanced-armbased-32bit-mcus-stmicroelectronics_dfsdm.pdf; rm0468-stm32h723733-stm32h725735-and-stm32h730-value-line-advanced-armbased-32bit-mcus-stmicroelectronics_dfsdm.pdf; rm0475-stm32mp13xx-advanced-armbased-32bit-mpus-stmicroelectronics_dfsdm.pdf,0,nan:nan,NOT_APPLICABLE,15,1
DFSDMEN,rm0351-stm32l47xxx-stm32l48xxx-stm32l49xxx-and-stm32l4axxx-advanced-armbased-32bit-mcus-stmicroelectronics_dfsdm.pdf; rm0394-stm32l41xxx42xxx43xxx44xxx45xxx46xxx-advanced-armbased-32bit-mcus-stmicroelectronics_dfsdm.pdf; rm0399-stm32h745755-and-stm32h747757-advanced-armbased-32bit-mcus-stmicroelectronics_dfsdm.pdf; rm0402-stm32f412-advanced-armbased-32bit-mcus-stmicroelectronics_dfsdm.pdf; rm0410-stm32f76xxx-and-stm32f77xxx-advanced-armbased-32bit-mcus-stmicroelectronics_dfsdm.pdf; rm0430-stm32f413423-advanced-armbased-32bit-mcus-stmicroelectronics_dfsdm.pdf; rm0432-stm32l4-series-advanced-armbased-32bit-mcus-stmicroelectronics_dfsdm.pdf; rm0433-stm32h742-stm32h743753-and-stm32h750-value-line-advanced-armbased-32bit-mcus-stmicroelectronics_dfsdm.pdf; rm0436-stm32mp157-advanced-armbased-32bit-mpus-stmicroelectronics_dfsdm.pdf; rm0438-stm32l5-series-advanced-armbased-32bit-mcus-stmicroelectronics_dfsdm.pdf; rm0441-stm32mp151-advanced-armbased-32bit-mpus-stmicroelectronics_dfsdm.pdf; rm0442-stm32mp153-advanced-armbased-32bit-mpus-stmicroelectronics_dfsdm.pdf; rm0455-stm32h7a37b3-and-stm32h7b0-value-line-advanced-armbased-32bit-mcus-stmicroelectronics_dfsdm.pdf; rm0468-stm32h723733-stm32h725735-and-stm32h730-value-line-advanced-armbased-32bit-mcus-stmicroelectronics_dfsdm.pdf; rm0475-stm32mp13xx-advanced-armbased-32bit-mpus-stmicroelectronics_dfsdm.pdf,31,nan:nan,USED,15,1
DTRBS,rm0351-stm32l47xxx-stm32l48xxx-stm32l49xxx-and-stm32l4axxx-advanced-armbased-32bit-mcus-stmicroelectronics_dfsdm.pdf; rm0394-stm32l41xxx42xxx43xxx44xxx45xxx46xxx-advanced-armbased-32bit-mcus-stmicroelectronics_dfsdm.pdf; rm0399-stm32h745755-and-stm32h747757-advanced-armbased-32bit-mcus-stmicroelectronics_dfsdm.pdf; rm0402-stm32f412-advanced-armbased-32bit-mcus-stmicroelectronics_dfsdm.pdf; rm0410-stm32f76xxx-and-stm32f77xxx-advanced-armbased-32bit-mcus-stmicroelectronics_dfsdm.pdf; rm0430-stm32f413423-advanced-armbased-32bit-mcus-stmicroelectronics_dfsdm.pdf; rm0432-stm32l4-series-advanced-armbased-32bit-mcus-stmicroelectronics_dfsdm.pdf; rm0433-stm32h742-stm32h743753-and-stm32h750-value-line-advanced-armbased-32bit-mcus-stmicroelectronics_dfsdm.pdf; rm0436-stm32mp157-advanced-armbased-32bit-mpus-stmicroelectronics_dfsdm.pdf; rm0438-stm32l5-series-advanced-armbased-32bit-mcus-stmicroelectronics_dfsdm.pdf; rm0441-stm32mp151-advanced-armbased-32bit-mpus-stmicroelectronics_dfsdm.pdf; rm0442-stm32mp153-advanced-armbased-32bit-mpus-stmicroelectronics_dfsdm.pdf; rm0455-stm32h7a37b3-and-stm32h7b0-value-line-advanced-armbased-32bit-mcus-stmicroelectronics_dfsdm.pdf; rm0468-stm32h723733-stm32h725735-and-stm32h730-value-line-advanced-armbased-32bit-mcus-stmicroelectronics_dfsdm.pdf; rm0475-stm32mp13xx-advanced-armbased-32bit-mpus-stmicroelectronics_dfsdm.pdf,7:3,4.0:0.0,NOT_APPLICABLE,15,1
EXCH,rm0351-stm32l47xxx-stm32l48xxx-stm32l49xxx-and-stm32l4axxx-advanced-armbased-32bit-mcus-stmicroelectronics_dfsdm.pdf; rm0394-stm32l41xxx42xxx43xxx44xxx45xxx46xxx-advanced-armbased-32bit-mcus-stmicroelectronics_dfsdm.pdf; rm0399-stm32h745755-and-stm32h747757-advanced-armbased-32bit-mcus-stmicroelectronics_dfsdm.pdf; rm0402-stm32f412-advanced-armbased-32bit-mcus-stmicroelectronics_dfsdm.pdf; rm0410-stm32f76xxx-and-stm32f77xxx-advanced-armbased-32bit-mcus-stmicroelectronics_dfsdm.pdf; rm0430-stm32f413423-advanced-armbased-32bit-mcus-stmicroelectronics_dfsdm.pdf; rm0432-stm32l4-series-advanced-armbased-32bit-mcus-stmicroelectronics_dfsdm.pdf; rm0433-stm32h742-stm32h743753-and-stm32h750-value-line-advanced-armbased-32bit-mcus-stmicroelectronics_dfsdm.pdf; rm0436-stm32mp157-advanced-armbased-32bit-mpus-stmicroelectronics_dfsdm.pdf; rm0438-stm32l5-series-advanced-armbased-32bit-mcus-stmicroelectronics_dfsdm.pdf; rm0441-stm32mp151-advanced-armbased-32bit-mpus-stmicroelectronics_dfsdm.pdf; rm0442-stm32mp153-advanced-armbased-32bit-mpus-stmicroelectronics_dfsdm.pdf; rm0455-stm32h7a37b3-and-stm32h7b0-value-line-advanced-armbased-32bit-mcus-stmicroelectronics_dfsdm.pdf; rm0468-stm32h723733-stm32h725735-and-stm32h730-value-line-advanced-armbased-32bit-mcus-stmicroelectronics_dfsdm.pdf; rm0475-stm32mp13xx-advanced-armbased-32bit-mpus-stmicroelectronics_dfsdm.pdf,11:8; 15:8,3.0:0.0; 7.0:0.0,USED,15,2
EXMAX,rm0351-stm32l47xxx-stm32l48xxx-stm32l49xxx-and-stm32l4axxx-advanced-armbased-32bit-mcus-stmicroelectronics_dfsdm.pdf; rm0394-stm32l41xxx42xxx43xxx44xxx45xxx46xxx-advanced-armbased-32bit-mcus-stmicroelectronics_dfsdm.pdf; rm0399-stm32h745755-and-stm32h747757-advanced-armbased-32bit-mcus-stmicroelectronics_dfsdm.pdf; rm0402-stm32f412-advanced-armbased-32bit-mcus-stmicroelectronics_dfsdm.pdf; rm0410-stm32f76xxx-and-stm32f77xxx-advanced-armbased-32bit-mcus-stmicroelectronics_dfsdm.pdf; rm0430-stm32f413423-advanced-armbased-32bit-mcus-stmicroelectronics_dfsdm.pdf; rm0432-stm32l4-series-advanced-armbased-32bit-mcus-stmicroelectronics_dfsdm.pdf; rm0433-stm32h742-stm32h743753-and-stm32h750-value-line-advanced-armbased-32bit-mcus-stmicroelectronics_dfsdm.pdf; rm0436-stm32mp157-advanced-armbased-32bit-mpus-stmicroelectronics_dfsdm.pdf; rm0438-stm32l5-series-advanced-armbased-32bit-mcus-stmicroelectronics_dfsdm.pdf; rm0441-stm32mp151-advanced-armbased-32bit-mpus-stmicroelectronics_dfsdm.pdf; rm0442-stm32mp153-advanced-armbased-32bit-mpus-stmicroelectronics_dfsdm.pdf; rm0455-stm32h7a37b3-and-stm32h7b0-value-line-advanced-armbased-32bit-mcus-stmicroelectronics_dfsdm.pdf; rm0468-stm32h723733-stm32h725735-and-stm32h730-value-line-advanced-armbased-32bit-mcus-stmicroelectronics_dfsdm.pdf; rm0475-stm32mp13xx-advanced-armbased-32bit-mpus-stmicroelectronics_dfsdm.pdf,31:8,23.0:0.0,USED,15,1
EXMAXCH,rm0351-stm32l47xxx-stm32l48xxx-stm32l49xxx-and-stm32l4axxx-advanced-armbased-32bit-mcus-stmicroelectronics_dfsdm.pdf; rm0394-stm32l41xxx42xxx43xxx44xxx45xxx46xxx-advanced-armbased-32bit-mcus-stmicroelectronics_dfsdm.pdf; rm0399-stm32h745755-and-stm32h747757-advanced-armbased-32bit-mcus-stmicroelectronics_dfsdm.pdf; rm0402-stm32f412-advanced-armbased-32bit-mcus-stmicroelectronics_dfsdm.pdf; rm0410-stm32f76xxx-and-stm32f77xxx-advanced-armbased-32bit-mcus-stmicroelectronics_dfsdm.pdf; rm0430-stm32f413423-advanced-armbased-32bit-mcus-stmicroelectronics_dfsdm.pdf; rm0432-stm32l4-series-advanced-armbased-32bit-mcus-stmicroelectronics_dfsdm.pdf; rm0433-stm32h742-stm32h743753-and-stm32h750-value-line-advanced-armbased-32bit-mcus-stmicroelectronics_dfsdm.pdf; rm0436-stm32mp157-advanced-armbased-32bit-mpus-stmicroelectronics_dfsdm.pdf; rm0438-stm32l5-series-advanced-armbased-32bit-mcus-stmicroelectronics_dfsdm.pdf; rm0441-stm32mp151-advanced-armbased-32bit-mpus-stmicroelectronics_dfsdm.pdf; rm0442-stm32mp153-advanced-armbased-32bit-mpus-stmicroelectronics_dfsdm.pdf; rm0455-stm32h7a37b3-and-stm32h7b0-value-line-advanced-armbased-32bit-mcus-stmicroelectronics_dfsdm.pdf; rm0468-stm32h723733-stm32h725735-and-stm32h730-value-line-advanced-armbased-32bit-mcus-stmicroelectronics_dfsdm.pdf; rm0475-stm32mp13xx-advanced-armbased-32bit-mpus-stmicroelectronics_dfsdm.pdf,1:0; 2:0,1.0:0.0; 2.0:0.0,NOT_APPLICABLE,15,2
EXMIN,rm0351-stm32l47xxx-stm32l48xxx-stm32l49xxx-and-stm32l4axxx-advanced-armbased-32bit-mcus-stmicroelectronics_dfsdm.pdf; rm0394-stm32l41xxx42xxx43xxx44xxx45xxx46xxx-advanced-armbased-32bit-mcus-stmicroelectronics_dfsdm.pdf; rm0399-stm32h745755-and-stm32h747757-advanced-armbased-32bit-mcus-stmicroelectronics_dfsdm.pdf; rm0402-stm32f412-advanced-armbased-32bit-mcus-stmicroelectronics_dfsdm.pdf; rm0410-stm32f76xxx-and-stm32f77xxx-advanced-armbased-32bit-mcus-stmicroelectronics_dfsdm.pdf; rm0430-stm32f413423-advanced-armbased-32bit-mcus-stmicroelectronics_dfsdm.pdf; rm0432-stm32l4-series-advanced-armbased-32bit-mcus-stmicroelectronics_dfsdm.pdf; rm0433-stm32h742-stm32h743753-and-stm32h750-value-line-advanced-armbased-32bit-mcus-stmicroelectronics_dfsdm.pdf; rm0436-stm32mp157-advanced-armbased-32bit-mpus-stmicroelectronics_dfsdm.pdf; rm0438-stm32l5-series-advanced-armbased-32bit-mcus-stmicroelectronics_dfsdm.pdf; rm0441-stm32mp151-advanced-armbased-32bit-mpus-stmicroelectronics_dfsdm.pdf; rm0442-stm32mp153-advanced-armbased-32bit-mpus-stmicroelectronics_dfsdm.pdf; rm0455-stm32h7a37b3-and-stm32h7b0-value-line-advanced-armbased-32bit-mcus-stmicroelectronics_dfsdm.pdf; rm0468-stm32h723733-stm32h725735-and-stm32h730-value-line-advanced-armbased-32bit-mcus-stmicroelectronics_dfsdm.pdf; rm0475-stm32mp13xx-advanced-armbased-32bit-mpus-stmicroelectronics_dfsdm.pdf,31:8,23.0:0.0,RESERVED; USED,15,1
EXMINCH,rm0351-stm32l47xxx-stm32l48xxx-stm32l49xxx-and-stm32l4axxx-advanced-armbased-32bit-mcus-stmicroelectronics_dfsdm.pdf; rm0394-stm32l41xxx42xxx43xxx44xxx45xxx46xxx-advanced-armbased-32bit-mcus-stmicroelectronics_dfsdm.pdf; rm0399-stm32h745755-and-stm32h747757-advanced-armbased-32bit-mcus-stmicroelectronics_dfsdm.pdf; rm0402-stm32f412-advanced-armbased-32bit-mcus-stmicroelectronics_dfsdm.pdf; rm0410-stm32f76xxx-and-stm32f77xxx-advanced-armbased-32bit-mcus-stmicroelectronics_dfsdm.pdf; rm0430-stm32f413423-advanced-armbased-32bit-mcus-stmicroelectronics_dfsdm.pdf; rm0432-stm32l4-series-advanced-armbased-32bit-mcus-stmicroelectronics_dfsdm.pdf; rm0433-stm32h742-stm32h743753-and-stm32h750-value-line-advanced-armbased-32bit-mcus-stmicroelectronics_dfsdm.pdf; rm0436-stm32mp157-advanced-armbased-32bit-mpus-stmicroelectronics_dfsdm.pdf; rm0438-stm32l5-series-advanced-armbased-32bit-mcus-stmicroelectronics_dfsdm.pdf; rm0441-stm32mp151-advanced-armbased-32bit-mpus-stmicroelectronics_dfsdm.pdf; rm0442-stm32mp153-advanced-armbased-32bit-mpus-stmicroelectronics_dfsdm.pdf; rm0455-stm32h7a37b3-and-stm32h7b0-value-line-advanced-armbased-32bit-mcus-stmicroelectronics_dfsdm.pdf; rm0468-stm32h723733-stm32h725735-and-stm32h730-value-line-advanced-armbased-32bit-mcus-stmicroelectronics_dfsdm.pdf; rm0475-stm32mp13xx-advanced-armbased-32bit-mpus-stmicroelectronics_dfsdm.pdf,1:0; 2:0,1.0:0.0; 2.0:0.0,NOT_APPLICABLE,15,2
FAST,rm0351-stm32l47xxx-stm32l48xxx-stm32l49xxx-and-stm32l4axxx-advanced-armbased-32bit-mcus-stmicroelectronics_dfsdm.pdf; rm0394-stm32l41xxx42xxx43xxx44xxx45xxx46xxx-advanced-armbased-32bit-mcus-stmicroelectronics_dfsdm.pdf; rm0399-stm32h745755-and-stm32h747757-advanced-armbased-32bit-mcus-stmicroelectronics_dfsdm.pdf; rm0402-stm32f412-advanced-armbased-32bit-mcus-stmicroelectronics_dfsdm.pdf; rm0410-stm32f76xxx-and-stm32f77xxx-advanced-armbased-32bit-mcus-stmicroelectronics_dfsdm.pdf; rm0430-stm32f413423-advanced-armbased-32bit-mcus-stmicroelectronics_dfsdm.pdf; rm0432-stm32l4-series-advanced-armbased-32bit-mcus-stmicroelectronics_dfsdm.pdf; rm0433-stm32h742-stm32h743753-and-stm32h750-value-line-advanced-armbased-32bit-mcus-stmicroelectronics_dfsdm.pdf; rm0436-stm32mp157-advanced-armbased-32bit-mpus-stmicroelectronics_dfsdm.pdf; rm0438-stm32l5-series-advanced-armbased-32bit-mcus-stmicroelectronics_dfsdm.pdf; rm0441-stm32mp151-advanced-armbased-32bit-mpus-stmicroelectronics_dfsdm.pdf; rm0442-stm32mp153-advanced-armbased-32bit-mpus-stmicroelectronics_dfsdm.pdf; rm0455-stm32h7a37b3-and-stm32h7b0-value-line-advanced-armbased-32bit-mcus-stmicroelectronics_dfsdm.pdf; rm0468-stm32h723733-stm32h725735-and-stm32h730-value-line-advanced-armbased-32bit-mcus-stmicroelectronics_dfsdm.pdf; rm0475-stm32mp13xx-advanced-armbased-32bit-mpus-stmicroelectronics_dfsdm.pdf,29,nan:nan,USED,15,1
FORD,rm0351-stm32l47xxx-stm32l48xxx-stm32l49xxx-and-stm32l4axxx-advanced-armbased-32bit-mcus-stmicroelectronics_dfsdm.pdf; rm0394-stm32l41xxx42xxx43xxx44xxx45xxx46xxx-advanced-armbased-32bit-mcus-stmicroelectronics_dfsdm.pdf; rm0399-stm32h745755-and-stm32h747757-advanced-armbased-32bit-mcus-stmicroelectronics_dfsdm.pdf; rm0402-stm32f412-advanced-armbased-32bit-mcus-stmicroelectronics_dfsdm.pdf; rm0410-stm32f76xxx-and-stm32f77xxx-advanced-armbased-32bit-mcus-stmicroelectronics_dfsdm.pdf; rm0430-stm32f413423-advanced-armbased-32bit-mcus-stmicroelectronics_dfsdm.pdf; rm0432-stm32l4-series-advanced-armbased-32bit-mcus-stmicroelectronics_dfsdm.pdf; rm0433-stm32h742-stm32h743753-and-stm32h750-value-line-advanced-armbased-32bit-mcus-stmicroelectronics_dfsdm.pdf; rm0436-stm32mp157-advanced-armbased-32bit-mpus-stmicroelectronics_dfsdm.pdf; rm0438-stm32l5-series-advanced-armbased-32bit-mcus-stmicroelectronics_dfsdm.pdf; rm0441-stm32mp151-advanced-armbased-32bit-mpus-stmicroelectronics_dfsdm.pdf; rm0442-stm32mp153-advanced-armbased-32bit-mpus-stmicroelectronics_dfsdm.pdf; rm0455-stm32h7a37b3-and-stm32h7b0-value-line-advanced-armbased-32bit-mcus-stmicroelectronics_dfsdm.pdf; rm0468-stm32h723733-stm32h725735-and-stm32h730-value-line-advanced-armbased-32bit-mcus-stmicroelectronics_dfsdm.pdf; rm0475-stm32mp13xx-advanced-armbased-32bit-mpus-stmicroelectronics_dfsdm.pdf,31:29,2.0:0.0,USED,15,1
FOSR,rm0351-stm32l47xxx-stm32l48xxx-stm32l49xxx-and-stm32l4axxx-advanced-armbased-32bit-mcus-stmicroelectronics_dfsdm.pdf; rm0394-stm32l41xxx42xxx43xxx44xxx45xxx46xxx-advanced-armbased-32bit-mcus-stmicroelectronics_dfsdm.pdf; rm0399-stm32h745755-and-stm32h747757-advanced-armbased-32bit-mcus-stmicroelectronics_dfsdm.pdf; rm0402-stm32f412-advanced-armbased-32bit-mcus-stmicroelectronics_dfsdm.pdf; rm0410-stm32f76xxx-and-stm32f77xxx-advanced-armbased-32bit-mcus-stmicroelectronics_dfsdm.pdf; rm0430-stm32f413423-advanced-armbased-32bit-mcus-stmicroelectronics_dfsdm.pdf; rm0432-stm32l4-series-advanced-armbased-32bit-mcus-stmicroelectronics_dfsdm.pdf; rm0433-stm32h742-stm32h743753-and-stm32h750-value-line-advanced-armbased-32bit-mcus-stmicroelectronics_dfsdm.pdf; rm0436-stm32mp157-advanced-armbased-32bit-mpus-stmicroelectronics_dfsdm.pdf; rm0438-stm32l5-series-advanced-armbased-32bit-mcus-stmicroelectronics_dfsdm.pdf; rm0441-stm32mp151-advanced-armbased-32bit-mpus-stmicroelectronics_dfsdm.pdf; rm0442-stm32mp153-advanced-armbased-32bit-mpus-stmicroelectronics_dfsdm.pdf; rm0455-stm32h7a37b3-and-stm32h7b0-value-line-advanced-armbased-32bit-mcus-stmicroelectronics_dfsdm.pdf; rm0468-stm32h723733-stm32h725735-and-stm32h730-value-line-advanced-armbased-32bit-mcus-stmicroelectronics_dfsdm.pdf; rm0475-stm32mp13xx-advanced-armbased-32bit-mpus-stmicroelectronics_dfsdm.pdf,25:16,9.0:0.0,USED,15,1
ID,rm0436-stm32mp157-advanced-armbased-32bit-mpus-stmicroelectronics_dfsdm.pdf; rm0441-stm32mp151-advanced-armbased-32bit-mpus-stmicroelectronics_dfsdm.pdf; rm0442-stm32mp153-advanced-armbased-32bit-mpus-stmicroelectronics_dfsdm.pdf; rm0475-stm32mp13xx-advanced-armbased-32bit-mpus-stmicroelectronics_dfsdm.pdf,31:0,31.0:0.0,NOT_APPLICABLE,4,1
INDAT0,rm0351-stm32l47xxx-stm32l48xxx-stm32l49xxx-and-stm32l4axxx-advanced-armbased-32bit-mcus-stmicroelectronics_dfsdm.pdf; rm0394-stm32l41xxx42xxx43xxx44xxx45xxx46xxx-advanced-armbased-32bit-mcus-stmicroelectronics_dfsdm.pdf; rm0399-stm32h745755-and-stm32h747757-advanced-armbased-32bit-mcus-stmicroelectronics_dfsdm.pdf; rm0402-stm32f412-advanced-armbased-32bit-mcus-stmicroelectronics_dfsdm.pdf; rm0410-stm32f76xxx-and-stm32f77xxx-advanced-armbased-32bit-mcus-stmicroelectronics_dfsdm.pdf; rm0430-stm32f413423-advanced-armbased-32bit-mcus-stmicroelectronics_dfsdm.pdf; rm0432-stm32l4-series-advanced-armbased-32bit-mcus-stmicroelectronics_dfsdm.pdf; rm0433-stm32h742-stm32h743753-and-stm32h750-value-line-advanced-armbased-32bit-mcus-stmicroelectronics_dfsdm.pdf; rm0436-stm32mp157-advanced-armbased-32bit-mpus-stmicroelectronics_dfsdm.pdf; rm0438-stm32l5-series-advanced-armbased-32bit-mcus-stmicroelectronics_dfsdm.pdf; rm0441-stm32mp151-advanced-armbased-32bit-mpus-stmicroelectronics_dfsdm.pdf; rm0442-stm32mp153-advanced-armbased-32bit-mpus-stmicroelectronics_dfsdm.pdf; rm0455-stm32h7a37b3-and-stm32h7b0-value-line-advanced-armbased-32bit-mcus-stmicroelectronics_dfsdm.pdf; rm0468-stm32h723733-stm32h725735-and-stm32h730-value-line-advanced-armbased-32bit-mcus-stmicroelectronics_dfsdm.pdf; rm0475-stm32mp13xx-advanced-armbased-32bit-mpus-stmicroelectronics_dfsdm.pdf,15:0,15.0:0.0,NOT_APPLICABLE,15,1
INDAT1,rm0351-stm32l47xxx-stm32l48xxx-stm32l49xxx-and-stm32l4axxx-advanced-armbased-32bit-mcus-stmicroelectronics_dfsdm.pdf; rm0394-stm32l41xxx42xxx43xxx44xxx45xxx46xxx-advanced-armbased-32bit-mcus-stmicroelectronics_dfsdm.pdf; rm0399-stm32h745755-and-stm32h747757-advanced-armbased-32bit-mcus-stmicroelectronics_dfsdm.pdf; rm0402-stm32f412-advanced-armbased-32bit-mcus-stmicroelectronics_dfsdm.pdf; rm0410-stm32f76xxx-and-stm32f77xxx-advanced-armbased-32bit-mcus-stmicroelectronics_dfsdm.pdf; rm0430-stm32f413423-advanced-armbased-32bit-mcus-stmicroelectronics_dfsdm.pdf; rm0432-stm32l4-series-advanced-armbased-32bit-mcus-stmicroelectronics_dfsdm.pdf; rm0433-stm32h742-stm32h743753-and-stm32h750-value-line-advanced-armbased-32bit-mcus-stmicroelectronics_dfsdm.pdf; rm0436-stm32mp157-advanced-armbased-32bit-mpus-stmicroelectronics_dfsdm.pdf; rm0438-stm32l5-series-advanced-armbased-32bit-mcus-stmicroelectronics_dfsdm.pdf; rm0441-stm32mp151-advanced-armbased-32bit-mpus-stmicroelectronics_dfsdm.pdf; rm0442-stm32mp153-advanced-armbased-32bit-mpus-stmicroelectronics_dfsdm.pdf; rm0455-stm32h7a37b3-and-stm32h7b0-value-line-advanced-armbased-32bit-mcus-stmicroelectronics_dfsdm.pdf; rm0468-stm32h723733-stm32h725735-and-stm32h730-value-line-advanced-armbased-32bit-mcus-stmicroelectronics_dfsdm.pdf; rm0475-stm32mp13xx-advanced-armbased-32bit-mpus-stmicroelectronics_dfsdm.pdf,31:16,15.0:0.0,USED,15,1
IOSR,rm0351-stm32l47xxx-stm32l48xxx-stm32l49xxx-and-stm32l4axxx-advanced-armbased-32bit-mcus-stmicroelectronics_dfsdm.pdf; rm0394-stm32l41xxx42xxx43xxx44xxx45xxx46xxx-advanced-armbased-32bit-mcus-stmicroelectronics_dfsdm.pdf; rm0399-stm32h745755-and-stm32h747757-advanced-armbased-32bit-mcus-stmicroelectronics_dfsdm.pdf; rm0402-stm32f412-advanced-armbased-32bit-mcus-stmicroelectronics_dfsdm.pdf; rm0410-stm32f76xxx-and-stm32f77xxx-advanced-armbased-32bit-mcus-stmicroelectronics_dfsdm.pdf; rm0430-stm32f413423-advanced-armbased-32bit-mcus-stmicroelectronics_dfsdm.pdf; rm0432-stm32l4-series-advanced-armbased-32bit-mcus-stmicroelectronics_dfsdm.pdf; rm0433-stm32h742-stm32h743753-and-stm32h750-value-line-advanced-armbased-32bit-mcus-stmicroelectronics_dfsdm.pdf; rm0436-stm32mp157-advanced-armbased-32bit-mpus-stmicroelectronics_dfsdm.pdf; rm0438-stm32l5-series-advanced-armbased-32bit-mcus-stmicroelectronics_dfsdm.pdf; rm0441-stm32mp151-advanced-armbased-32bit-mpus-stmicroelectronics_dfsdm.pdf; rm0442-stm32mp153-advanced-armbased-32bit-mpus-stmicroelectronics_dfsdm.pdf; rm0455-stm32h7a37b3-and-stm32h7b0-value-line-advanced-armbased-32bit-mcus-stmicroelectronics_dfsdm.pdf; rm0468-stm32h723733-stm32h725735-and-stm32h730-value-line-advanced-armbased-32bit-mcus-stmicroelectronics_dfsdm.pdf; rm0475-stm32mp13xx-advanced-armbased-32bit-mpus-stmicroelectronics_dfsdm.pdf,7:0,7.0:0.0,NOT_APPLICABLE,15,1
JCHG,rm0351-stm32l47xxx-stm32l48xxx-stm32l49xxx-and-stm32l4axxx-advanced-armbased-32bit-mcus-stmicroelectronics_dfsdm.pdf; rm0394-stm32l41xxx42xxx43xxx44xxx45xxx46xxx-advanced-armbased-32bit-mcus-stmicroelectronics_dfsdm.pdf; rm0399-stm32h745755-and-stm32h747757-advanced-armbased-32bit-mcus-stmicroelectronics_dfsdm.pdf; rm0402-stm32f412-advanced-armbased-32bit-mcus-stmicroelectronics_dfsdm.pdf; rm0410-stm32f76xxx-and-stm32f77xxx-advanced-armbased-32bit-mcus-stmicroelectronics_dfsdm.pdf; rm0430-stm32f413423-advanced-armbased-32bit-mcus-stmicroelectronics_dfsdm.pdf; rm0432-stm32l4-series-advanced-armbased-32bit-mcus-stmicroelectronics_dfsdm.pdf; rm0433-stm32h742-stm32h743753-and-stm32h750-value-line-advanced-armbased-32bit-mcus-stmicroelectronics_dfsdm.pdf; rm0436-stm32mp157-advanced-armbased-32bit-mpus-stmicroelectronics_dfsdm.pdf; rm0438-stm32l5-series-advanced-armbased-32bit-mcus-stmicroelectronics_dfsdm.pdf; rm0441-stm32mp151-advanced-armbased-32bit-mpus-stmicroelectronics_dfsdm.pdf; rm0442-stm32mp153-advanced-armbased-32bit-mpus-stmicroelectronics_dfsdm.pdf; rm0455-stm32h7a37b3-and-stm32h7b0-value-line-advanced-armbased-32bit-mcus-stmicroelectronics_dfsdm.pdf; rm0468-stm32h723733-stm32h725735-and-stm32h730-value-line-advanced-armbased-32bit-mcus-stmicroelectronics_dfsdm.pdf; rm0475-stm32mp13xx-advanced-armbased-32bit-mpus-stmicroelectronics_dfsdm.pdf,3:0; 7:0,3.0:0.0; 7.0:0.0,NOT_APPLICABLE,15,2
JCIP,rm0351-stm32l47xxx-stm32l48xxx-stm32l49xxx-and-stm32l4axxx-advanced-armbased-32bit-mcus-stmicroelectronics_dfsdm.pdf; rm0394-stm32l41xxx42xxx43xxx44xxx45xxx46xxx-advanced-armbased-32bit-mcus-stmicroelectronics_dfsdm.pdf; rm0399-stm32h745755-and-stm32h747757-advanced-armbased-32bit-mcus-stmicroelectronics_dfsdm.pdf; rm0402-stm32f412-advanced-armbased-32bit-mcus-stmicroelectronics_dfsdm.pdf; rm0410-stm32f76xxx-and-stm32f77xxx-advanced-armbased-32bit-mcus-stmicroelectronics_dfsdm.pdf; rm0430-stm32f413423-advanced-armbased-32bit-mcus-stmicroelectronics_dfsdm.pdf; rm0432-stm32l4-series-advanced-armbased-32bit-mcus-stmicroelectronics_dfsdm.pdf; rm0433-stm32h742-stm32h743753-and-stm32h750-value-line-advanced-armbased-32bit-mcus-stmicroelectronics_dfsdm.pdf; rm0436-stm32mp157-advanced-armbased-32bit-mpus-stmicroelectronics_dfsdm.pdf; rm0438-stm32l5-series-advanced-armbased-32bit-mcus-stmicroelectronics_dfsdm.pdf; rm0441-stm32mp151-advanced-armbased-32bit-mpus-stmicroelectronics_dfsdm.pdf; rm0442-stm32mp153-advanced-armbased-32bit-mpus-stmicroelectronics_dfsdm.pdf; rm0455-stm32h7a37b3-and-stm32h7b0-value-line-advanced-armbased-32bit-mcus-stmicroelectronics_dfsdm.pdf; rm0468-stm32h723733-stm32h725735-and-stm32h730-value-line-advanced-armbased-32bit-mcus-stmicroelectronics_dfsdm.pdf; rm0475-stm32mp13xx-advanced-armbased-32bit-mpus-stmicroelectronics_dfsdm.pdf,13,nan:nan,UNDOCUMENTED; USED,15,1
JDATA,rm0351-stm32l47xxx-stm32l48xxx-stm32l49xxx-and-stm32l4axxx-advanced-armbased-32bit-mcus-stmicroelectronics_dfsdm.pdf; rm0394-stm32l41xxx42xxx43xxx44xxx45xxx46xxx-advanced-armbased-32bit-mcus-stmicroelectronics_dfsdm.pdf; rm0399-stm32h745755-and-stm32h747757-advanced-armbased-32bit-mcus-stmicroelectronics_dfsdm.pdf; rm0402-stm32f412-advanced-armbased-32bit-mcus-stmicroelectronics_dfsdm.pdf; rm0410-stm32f76xxx-and-stm32f77xxx-advanced-armbased-32bit-mcus-stmicroelectronics_dfsdm.pdf; rm0430-stm32f413423-advanced-armbased-32bit-mcus-stmicroelectronics_dfsdm.pdf; rm0432-stm32l4-series-advanced-armbased-32bit-mcus-stmicroelectronics_dfsdm.pdf; rm0433-stm32h742-stm32h743753-and-stm32h750-value-line-advanced-armbased-32bit-mcus-stmicroelectronics_dfsdm.pdf; rm0436-stm32mp157-advanced-armbased-32bit-mpus-stmicroelectronics_dfsdm.pdf; rm0438-stm32l5-series-advanced-armbased-32bit-mcus-stmicroelectronics_dfsdm.pdf; rm0441-stm32mp151-advanced-armbased-32bit-mpus-stmicroelectronics_dfsdm.pdf; rm0442-stm32mp153-advanced-armbased-32bit-mpus-stmicroelectronics_dfsdm.pdf; rm0455-stm32h7a37b3-and-stm32h7b0-value-line-advanced-armbased-32bit-mcus-stmicroelectronics_dfsdm.pdf; rm0468-stm32h723733-stm32h725735-and-stm32h730-value-line-advanced-armbased-32bit-mcus-stmicroelectronics_dfsdm.pdf; rm0475-stm32mp13xx-advanced-armbased-32bit-mpus-stmicroelectronics_dfsdm.pdf,31:8,23.0:0.0,USED,15,1
JDATACH,rm0351-stm32l47xxx-stm32l48xxx-stm32l49xxx-and-stm32l4axxx-advanced-armbased-32bit-mcus-stmicroelectronics_dfsdm.pdf; rm0394-stm32l41xxx42xxx43xxx44xxx45xxx46xxx-advanced-armbased-32bit-mcus-stmicroelectronics_dfsdm.pdf; rm0399-stm32h745755-and-stm32h747757-advanced-armbased-32bit-mcus-stmicroelectronics_dfsdm.pdf; rm0402-stm32f412-advanced-armbased-32bit-mcus-stmicroelectronics_dfsdm.pdf; rm0410-stm32f76xxx-and-stm32f77xxx-advanced-armbased-32bit-mcus-stmicroelectronics_dfsdm.pdf; rm0430-stm32f413423-advanced-armbased-32bit-mcus-stmicroelectronics_dfsdm.pdf; rm0432-stm32l4-series-advanced-armbased-32bit-mcus-stmicroelectronics_dfsdm.pdf; rm0433-stm32h742-stm32h743753-and-stm32h750-value-line-advanced-armbased-32bit-mcus-stmicroelectronics_dfsdm.pdf; rm0436-stm32mp157-advanced-armbased-32bit-mpus-stmicroelectronics_dfsdm.pdf; rm0438-stm32l5-series-advanced-armbased-32bit-mcus-stmicroelectronics_dfsdm.pdf; rm0441-stm32mp151-advanced-armbased-32bit-mpus-stmicroelectronics_dfsdm.pdf; rm0442-stm32mp153-advanced-armbased-32bit-mpus-stmicroelectronics_dfsdm.pdf; rm0455-stm32h7a37b3-and-stm32h7b0-value-line-advanced-armbased-32bit-mcus-stmicroelectronics_dfsdm.pdf; rm0468-stm32h723733-stm32h725735-and-stm32h730-value-line-advanced-armbased-32bit-mcus-stmicroelectronics_dfsdm.pdf; rm0475-stm32mp13xx-advanced-armbased-32bit-mpus-stmicroelectronics_dfsdm.pdf,1:0; 2:0,1.0:0.0; 2.0:0.0,NOT_APPLICABLE,15,2
JDMAEN,rm0351-stm32l47xxx-stm32l48xxx-stm32l49xxx-and-stm32l4axxx-advanced-armbased-32bit-mcus-stmicroelectronics_dfsdm.pdf; rm0394-stm32l41xxx42xxx43xxx44xxx45xxx46xxx-advanced-armbased-32bit-mcus-stmicroelectronics_dfsdm.pdf; rm0399-stm32h745755-and-stm32h747757-advanced-armbased-32bit-mcus-stmicroelectronics_dfsdm.pdf; rm0402-stm32f412-advanced-armbased-32bit-mcus-stmicroelectronics_dfsdm.pdf; rm0410-stm32f76xxx-and-stm32f77xxx-advanced-armbased-32bit-mcus-stmicroelectronics_dfsdm.pdf; rm0430-stm32f413423-advanced-armbased-32bit-mcus-stmicroelectronics_dfsdm.pdf; rm0432-stm32l4-series-advanced-armbased-32bit-mcus-stmicroelectronics_dfsdm.pdf; rm0433-stm32h742-stm32h743753-and-stm32h750-value-line-advanced-armbased-32bit-mcus-stmicroelectronics_dfsdm.pdf; rm0436-stm32mp157-advanced-armbased-32bit-mpus-stmicroelectronics_dfsdm.pdf; rm0438-stm32l5-series-advanced-armbased-32bit-mcus-stmicroelectronics_dfsdm.pdf; rm0441-stm32mp151-advanced-armbased-32bit-mpus-stmicroelectronics_dfsdm.pdf; rm0442-stm32mp153-advanced-armbased-32bit-mpus-stmicroelectronics_dfsdm.pdf; rm0455-stm32h7a37b3-and-stm32h7b0-value-line-advanced-armbased-32bit-mcus-stmicroelectronics_dfsdm.pdf; rm0468-stm32h723733-stm32h725735-and-stm32h730-value-line-advanced-armbased-32bit-mcus-stmicroelectronics_dfsdm.pdf; rm0475-stm32mp13xx-advanced-armbased-32bit-mpus-stmicroelectronics_dfsdm.pdf,5,nan:nan,NOT_APPLICABLE,15,1
JEOCF,rm0351-stm32l47xxx-stm32l48xxx-stm32l49xxx-and-stm32l4axxx-advanced-armbased-32bit-mcus-stmicroelectronics_dfsdm.pdf; rm0394-stm32l41xxx42xxx43xxx44xxx45xxx46xxx-advanced-armbased-32bit-mcus-stmicroelectronics_dfsdm.pdf; rm0399-stm32h745755-and-stm32h747757-advanced-armbased-32bit-mcus-stmicroelectronics_dfsdm.pdf; rm0402-stm32f412-advanced-armbased-32bit-mcus-stmicroelectronics_dfsdm.pdf; rm0410-stm32f76xxx-and-stm32f77xxx-advanced-armbased-32bit-mcus-stmicroelectronics_dfsdm.pdf; rm0430-stm32f413423-advanced-armbased-32bit-mcus-stmicroelectronics_dfsdm.pdf; rm0432-stm32l4-series-advanced-armbased-32bit-mcus-stmicroelectronics_dfsdm.pdf; rm0433-stm32h742-stm32h743753-and-stm32h750-value-line-advanced-armbased-32bit-mcus-stmicroelectronics_dfsdm.pdf; rm0436-stm32mp157-advanced-armbased-32bit-mpus-stmicroelectronics_dfsdm.pdf; rm0438-stm32l5-series-advanced-armbased-32bit-mcus-stmicroelectronics_dfsdm.pdf; rm0441-stm32mp151-advanced-armbased-32bit-mpus-stmicroelectronics_dfsdm.pdf; rm0442-stm32mp153-advanced-armbased-32bit-mpus-stmicroelectronics_dfsdm.pdf; rm0455-stm32h7a37b3-and-stm32h7b0-value-line-advanced-armbased-32bit-mcus-stmicroelectronics_dfsdm.pdf; rm0468-stm32h723733-stm32h725735-and-stm32h730-value-line-advanced-armbased-32bit-mcus-stmicroelectronics_dfsdm.pdf; rm0475-stm32mp13xx-advanced-armbased-32bit-mpus-stmicroelectronics_dfsdm.pdf,0,nan:nan,NOT_APPLICABLE,15,1
JEOCIE,rm0351-stm32l47xxx-stm32l48xxx-stm32l49xxx-and-stm32l4axxx-advanced-armbased-32bit-mcus-stmicroelectronics_dfsdm.pdf; rm0394-stm32l41xxx42xxx43xxx44xxx45xxx46xxx-advanced-armbased-32bit-mcus-stmicroelectronics_dfsdm.pdf; rm0399-stm32h745755-and-stm32h747757-advanced-armbased-32bit-mcus-stmicroelectronics_dfsdm.pdf; rm0402-stm32f412-advanced-armbased-32bit-mcus-stmicroelectronics_dfsdm.pdf; rm0410-stm32f76xxx-and-stm32f77xxx-advanced-armbased-32bit-mcus-stmicroelectronics_dfsdm.pdf; rm0430-stm32f413423-advanced-armbased-32bit-mcus-stmicroelectronics_dfsdm.pdf; rm0432-stm32l4-series-advanced-armbased-32bit-mcus-stmicroelectronics_dfsdm.pdf; rm0433-stm32h742-stm32h743753-and-stm32h750-value-line-advanced-armbased-32bit-mcus-stmicroelectronics_dfsdm.pdf; rm0436-stm32mp157-advanced-armbased-32bit-mpus-stmicroelectronics_dfsdm.pdf; rm0438-stm32l5-series-advanced-armbased-32bit-mcus-stmicroelectronics_dfsdm.pdf; rm0441-stm32mp151-advanced-armbased-32bit-mpus-stmicroelectronics_dfsdm.pdf; rm0442-stm32mp153-advanced-armbased-32bit-mpus-stmicroelectronics_dfsdm.pdf; rm0455-stm32h7a37b3-and-stm32h7b0-value-line-advanced-armbased-32bit-mcus-stmicroelectronics_dfsdm.pdf; rm0468-stm32h723733-stm32h725735-and-stm32h730-value-line-advanced-armbased-32bit-mcus-stmicroelectronics_dfsdm.pdf; rm0475-stm32mp13xx-advanced-armbased-32bit-mpus-stmicroelectronics_dfsdm.pdf,0,nan:nan,NOT_APPLICABLE,15,1
JEXTEN,rm0351-stm32l47xxx-stm32l48xxx-stm32l49xxx-and-stm32l4axxx-advanced-armbased-32bit-mcus-stmicroelectronics_dfsdm.pdf; rm0394-stm32l41xxx42xxx43xxx44xxx45xxx46xxx-advanced-armbased-32bit-mcus-stmicroelectronics_dfsdm.pdf; rm0399-stm32h745755-and-stm32h747757-advanced-armbased-32bit-mcus-stmicroelectronics_dfsdm.pdf; rm0402-stm32f412-advanced-armbased-32bit-mcus-stmicroelectronics_dfsdm.pdf; rm0410-stm32f76xxx-and-stm32f77xxx-advanced-armbased-32bit-mcus-stmicroelectronics_dfsdm.pdf; rm0430-stm32f413423-advanced-armbased-32bit-mcus-stmicroelectronics_dfsdm.pdf; rm0432-stm32l4-series-advanced-armbased-32bit-mcus-stmicroelectronics_dfsdm.pdf; rm0433-stm32h742-stm32h743753-and-stm32h750-value-line-advanced-armbased-32bit-mcus-stmicroelectronics_dfsdm.pdf; rm0436-stm32mp157-advanced-armbased-32bit-mpus-stmicroelectronics_dfsdm.pdf; rm0438-stm32l5-series-advanced-armbased-32bit-mcus-stmicroelectronics_dfsdm.pdf; rm0441-stm32mp151-advanced-armbased-32bit-mpus-stmicroelectronics_dfsdm.pdf; rm0442-stm32mp153-advanced-armbased-32bit-mpus-stmicroelectronics_dfsdm.pdf; rm0455-stm32h7a37b3-and-stm32h7b0-value-line-advanced-armbased-32bit-mcus-stmicroelectronics_dfsdm.pdf; rm0468-stm32h723733-stm32h725735-and-stm32h730-value-line-advanced-armbased-32bit-mcus-stmicroelectronics_dfsdm.pdf; rm0475-stm32mp13xx-advanced-armbased-32bit-mpus-stmicroelectronics_dfsdm.pdf,14:13,1.0:0.0,UNDOCUMENTED; USED,15,1
JEXTSEL,rm0351-stm32l47xxx-stm32l48xxx-stm32l49xxx-and-stm32l4axxx-advanced-armbased-32bit-mcus-stmicroelectronics_dfsdm.pdf; rm0394-stm32l41xxx42xxx43xxx44xxx45xxx46xxx-advanced-armbased-32bit-mcus-stmicroelectronics_dfsdm.pdf; rm0399-stm32h745755-and-stm32h747757-advanced-armbased-32bit-mcus-stmicroelectronics_dfsdm.pdf; rm0402-stm32f412-advanced-armbased-32bit-mcus-stmicroelectronics_dfsdm.pdf; rm0410-stm32f76xxx-and-stm32f77xxx-advanced-armbased-32bit-mcus-stmicroelectronics_dfsdm.pdf; rm0430-stm32f413423-advanced-armbased-32bit-mcus-stmicroelectronics_dfsdm.pdf; rm0432-stm32l4-series-advanced-armbased-32bit-mcus-stmicroelectronics_dfsdm.pdf; rm0433-stm32h742-stm32h743753-and-stm32h750-value-line-advanced-armbased-32bit-mcus-stmicroelectronics_dfsdm.pdf; rm0436-stm32mp157-advanced-armbased-32bit-mpus-stmicroelectronics_dfsdm.pdf; rm0438-stm32l5-series-advanced-armbased-32bit-mcus-stmicroelectronics_dfsdm.pdf; rm0441-stm32mp151-advanced-armbased-32bit-mpus-stmicroelectronics_dfsdm.pdf; rm0442-stm32mp153-advanced-armbased-32bit-mpus-stmicroelectronics_dfsdm.pdf; rm0455-stm32h7a37b3-and-stm32h7b0-value-line-advanced-armbased-32bit-mcus-stmicroelectronics_dfsdm.pdf; rm0468-stm32h723733-stm32h725735-and-stm32h730-value-line-advanced-armbased-32bit-mcus-stmicroelectronics_dfsdm.pdf; rm0475-stm32mp13xx-advanced-armbased-32bit-mpus-stmicroelectronics_dfsdm.pdf,10:8; 12:8,2.0:0.0; 4.0:0.0,UNDOCUMENTED; USED,15,2
JOVRF,rm0351-stm32l47xxx-stm32l48xxx-stm32l49xxx-and-stm32l4axxx-advanced-armbased-32bit-mcus-stmicroelectronics_dfsdm.pdf; rm0394-stm32l41xxx42xxx43xxx44xxx45xxx46xxx-advanced-armbased-32bit-mcus-stmicroelectronics_dfsdm.pdf; rm0399-stm32h745755-and-stm32h747757-advanced-armbased-32bit-mcus-stmicroelectronics_dfsdm.pdf; rm0402-stm32f412-advanced-armbased-32bit-mcus-stmicroelectronics_dfsdm.pdf; rm0410-stm32f76xxx-and-stm32f77xxx-advanced-armbased-32bit-mcus-stmicroelectronics_dfsdm.pdf; rm0430-stm32f413423-advanced-armbased-32bit-mcus-stmicroelectronics_dfsdm.pdf; rm0432-stm32l4-series-advanced-armbased-32bit-mcus-stmicroelectronics_dfsdm.pdf; rm0433-stm32h742-stm32h743753-and-stm32h750-value-line-advanced-armbased-32bit-mcus-stmicroelectronics_dfsdm.pdf; rm0436-stm32mp157-advanced-armbased-32bit-mpus-stmicroelectronics_dfsdm.pdf; rm0438-stm32l5-series-advanced-armbased-32bit-mcus-stmicroelectronics_dfsdm.pdf; rm0441-stm32mp151-advanced-armbased-32bit-mpus-stmicroelectronics_dfsdm.pdf; rm0442-stm32mp153-advanced-armbased-32bit-mpus-stmicroelectronics_dfsdm.pdf; rm0455-stm32h7a37b3-and-stm32h7b0-value-line-advanced-armbased-32bit-mcus-stmicroelectronics_dfsdm.pdf; rm0468-stm32h723733-stm32h725735-and-stm32h730-value-line-advanced-armbased-32bit-mcus-stmicroelectronics_dfsdm.pdf; rm0475-stm32mp13xx-advanced-armbased-32bit-mpus-stmicroelectronics_dfsdm.pdf,2,nan:nan,NOT_APPLICABLE,15,1
JOVRIE,rm0351-stm32l47xxx-stm32l48xxx-stm32l49xxx-and-stm32l4axxx-advanced-armbased-32bit-mcus-stmicroelectronics_dfsdm.pdf; rm0394-stm32l41xxx42xxx43xxx44xxx45xxx46xxx-advanced-armbased-32bit-mcus-stmicroelectronics_dfsdm.pdf; rm0399-stm32h745755-and-stm32h747757-advanced-armbased-32bit-mcus-stmicroelectronics_dfsdm.pdf; rm0402-stm32f412-advanced-armbased-32bit-mcus-stmicroelectronics_dfsdm.pdf; rm0410-stm32f76xxx-and-stm32f77xxx-advanced-armbased-32bit-mcus-stmicroelectronics_dfsdm.pdf; rm0430-stm32f413423-advanced-armbased-32bit-mcus-stmicroelectronics_dfsdm.pdf; rm0432-stm32l4-series-advanced-armbased-32bit-mcus-stmicroelectronics_dfsdm.pdf; rm0433-stm32h742-stm32h743753-and-stm32h750-value-line-advanced-armbased-32bit-mcus-stmicroelectronics_dfsdm.pdf; rm0436-stm32mp157-advanced-armbased-32bit-mpus-stmicroelectronics_dfsdm.pdf; rm0438-stm32l5-series-advanced-armbased-32bit-mcus-stmicroelectronics_dfsdm.pdf; rm0441-stm32mp151-advanced-armbased-32bit-mpus-stmicroelectronics_dfsdm.pdf; rm0442-stm32mp153-advanced-armbased-32bit-mpus-stmicroelectronics_dfsdm.pdf; rm0455-stm32h7a37b3-and-stm32h7b0-value-line-advanced-armbased-32bit-mcus-stmicroelectronics_dfsdm.pdf; rm0468-stm32h723733-stm32h725735-and-stm32h730-value-line-advanced-armbased-32bit-mcus-stmicroelectronics_dfsdm.pdf; rm0475-stm32mp13xx-advanced-armbased-32bit-mpus-stmicroelectronics_dfsdm.pdf,2,nan:nan,NOT_APPLICABLE,15,1
JSCAN,rm0351-stm32l47xxx-stm32l48xxx-stm32l49xxx-and-stm32l4axxx-advanced-armbased-32bit-mcus-stmicroelectronics_dfsdm.pdf; rm0394-stm32l41xxx42xxx43xxx44xxx45xxx46xxx-advanced-armbased-32bit-mcus-stmicroelectronics_dfsdm.pdf; rm0399-stm32h745755-and-stm32h747757-advanced-armbased-32bit-mcus-stmicroelectronics_dfsdm.pdf; rm0402-stm32f412-advanced-armbased-32bit-mcus-stmicroelectronics_dfsdm.pdf; rm0410-stm32f76xxx-and-stm32f77xxx-advanced-armbased-32bit-mcus-stmicroelectronics_dfsdm.pdf; rm0430-stm32f413423-advanced-armbased-32bit-mcus-stmicroelectronics_dfsdm.pdf; rm0432-stm32l4-series-advanced-armbased-32bit-mcus-stmicroelectronics_dfsdm.pdf; rm0433-stm32h742-stm32h743753-and-stm32h750-value-line-advanced-armbased-32bit-mcus-stmicroelectronics_dfsdm.pdf; rm0436-stm32mp157-advanced-armbased-32bit-mpus-stmicroelectronics_dfsdm.pdf; rm0438-stm32l5-series-advanced-armbased-32bit-mcus-stmicroelectronics_dfsdm.pdf; rm0441-stm32mp151-advanced-armbased-32bit-mpus-stmicroelectronics_dfsdm.pdf; rm0442-stm32mp153-advanced-armbased-32bit-mpus-stmicroelectronics_dfsdm.pdf; rm0455-stm32h7a37b3-and-stm32h7b0-value-line-advanced-armbased-32bit-mcus-stmicroelectronics_dfsdm.pdf; rm0468-stm32h723733-stm32h725735-and-stm32h730-value-line-advanced-armbased-32bit-mcus-stmicroelectronics_dfsdm.pdf; rm0475-stm32mp13xx-advanced-armbased-32bit-mpus-stmicroelectronics_dfsdm.pdf,4,nan:nan,NOT_APPLICABLE,15,1
JSWSTART,rm0351-stm32l47xxx-stm32l48xxx-stm32l49xxx-and-stm32l4axxx-advanced-armbased-32bit-mcus-stmicroelectronics_dfsdm.pdf; rm0394-stm32l41xxx42xxx43xxx44xxx45xxx46xxx-advanced-armbased-32bit-mcus-stmicroelectronics_dfsdm.pdf; rm0399-stm32h745755-and-stm32h747757-advanced-armbased-32bit-mcus-stmicroelectronics_dfsdm.pdf; rm0402-stm32f412-advanced-armbased-32bit-mcus-stmicroelectronics_dfsdm.pdf; rm0410-stm32f76xxx-and-stm32f77xxx-advanced-armbased-32bit-mcus-stmicroelectronics_dfsdm.pdf; rm0430-stm32f413423-advanced-armbased-32bit-mcus-stmicroelectronics_dfsdm.pdf; rm0432-stm32l4-series-advanced-armbased-32bit-mcus-stmicroelectronics_dfsdm.pdf; rm0433-stm32h742-stm32h743753-and-stm32h750-value-line-advanced-armbased-32bit-mcus-stmicroelectronics_dfsdm.pdf; rm0436-stm32mp157-advanced-armbased-32bit-mpus-stmicroelectronics_dfsdm.pdf; rm0438-stm32l5-series-advanced-armbased-32bit-mcus-stmicroelectronics_dfsdm.pdf; rm0441-stm32mp151-advanced-armbased-32bit-mpus-stmicroelectronics_dfsdm.pdf; rm0442-stm32mp153-advanced-armbased-32bit-mpus-stmicroelectronics_dfsdm.pdf; rm0455-stm32h7a37b3-and-stm32h7b0-value-line-advanced-armbased-32bit-mcus-stmicroelectronics_dfsdm.pdf; rm0468-stm32h723733-stm32h725735-and-stm32h730-value-line-advanced-armbased-32bit-mcus-stmicroelectronics_dfsdm.pdf; rm0475-stm32mp13xx-advanced-armbased-32bit-mpus-stmicroelectronics_dfsdm.pdf,1,nan:nan,NOT_APPLICABLE,15,1
JSYNC,rm0351-stm32l47xxx-stm32l48xxx-stm32l49xxx-and-stm32l4axxx-advanced-armbased-32bit-mcus-stmicroelectronics_dfsdm.pdf; rm0394-stm32l41xxx42xxx43xxx44xxx45xxx46xxx-advanced-armbased-32bit-mcus-stmicroelectronics_dfsdm.pdf; rm0399-stm32h745755-and-stm32h747757-advanced-armbased-32bit-mcus-stmicroelectronics_dfsdm.pdf; rm0402-stm32f412-advanced-armbased-32bit-mcus-stmicroelectronics_dfsdm.pdf; rm0410-stm32f76xxx-and-stm32f77xxx-advanced-armbased-32bit-mcus-stmicroelectronics_dfsdm.pdf; rm0430-stm32f413423-advanced-armbased-32bit-mcus-stmicroelectronics_dfsdm.pdf; rm0432-stm32l4-series-advanced-armbased-32bit-mcus-stmicroelectronics_dfsdm.pdf; rm0433-stm32h742-stm32h743753-and-stm32h750-value-line-advanced-armbased-32bit-mcus-stmicroelectronics_dfsdm.pdf; rm0436-stm32mp157-advanced-armbased-32bit-mpus-stmicroelectronics_dfsdm.pdf; rm0438-stm32l5-series-advanced-armbased-32bit-mcus-stmicroelectronics_dfsdm.pdf; rm0441-stm32mp151-advanced-armbased-32bit-mpus-stmicroelectronics_dfsdm.pdf; rm0442-stm32mp153-advanced-armbased-32bit-mpus-stmicroelectronics_dfsdm.pdf; rm0455-stm32h7a37b3-and-stm32h7b0-value-line-advanced-armbased-32bit-mcus-stmicroelectronics_dfsdm.pdf; rm0468-stm32h723733-stm32h725735-and-stm32h730-value-line-advanced-armbased-32bit-mcus-stmicroelectronics_dfsdm.pdf; rm0475-stm32mp13xx-advanced-armbased-32bit-mpus-stmicroelectronics_dfsdm.pdf,3,nan:nan,NOT_APPLICABLE,15,1
MAJREV,rm0436-stm32mp157-advanced-armbased-32bit-mpus-stmicroelectronics_dfsdm.pdf; rm0441-stm32mp151-advanced-armbased-32bit-mpus-stmicroelectronics_dfsdm.pdf; rm0442-stm32mp153-advanced-armbased-32bit-mpus-stmicroelectronics_dfsdm.pdf; rm0475-stm32mp13xx-advanced-armbased-32bit-mpus-stmicroelectronics_dfsdm.pdf,7:4,3.0:0.0,NOT_APPLICABLE,4,1
MINREV,rm0436-stm32mp157-advanced-armbased-32bit-mpus-stmicroelectronics_dfsdm.pdf; rm0441-stm32mp151-advanced-armbased-32bit-mpus-stmicroelectronics_dfsdm.pdf; rm0442-stm32mp153-advanced-armbased-32bit-mpus-stmicroelectronics_dfsdm.pdf; rm0475-stm32mp13xx-advanced-armbased-32bit-mpus-stmicroelectronics_dfsdm.pdf,3:0,3.0:0.0,NOT_APPLICABLE,4,1
NBF,rm0436-stm32mp157-advanced-armbased-32bit-mpus-stmicroelectronics_dfsdm.pdf; rm0441-stm32mp151-advanced-armbased-32bit-mpus-stmicroelectronics_dfsdm.pdf; rm0442-stm32mp153-advanced-armbased-32bit-mpus-stmicroelectronics_dfsdm.pdf; rm0475-stm32mp13xx-advanced-armbased-32bit-mpus-stmicroelectronics_dfsdm.pdf,15:8,7.0:0.0,USED,4,1
NBT,rm0436-stm32mp157-advanced-armbased-32bit-mpus-stmicroelectronics_dfsdm.pdf; rm0441-stm32mp151-advanced-armbased-32bit-mpus-stmicroelectronics_dfsdm.pdf; rm0442-stm32mp153-advanced-armbased-32bit-mpus-stmicroelectronics_dfsdm.pdf; rm0475-stm32mp13xx-advanced-armbased-32bit-mpus-stmicroelectronics_dfsdm.pdf,7:0,7.0:0.0,NOT_APPLICABLE,4,1
OFFSET,rm0351-stm32l47xxx-stm32l48xxx-stm32l49xxx-and-stm32l4axxx-advanced-armbased-32bit-mcus-stmicroelectronics_dfsdm.pdf; rm0394-stm32l41xxx42xxx43xxx44xxx45xxx46xxx-advanced-armbased-32bit-mcus-stmicroelectronics_dfsdm.pdf; rm0399-stm32h745755-and-stm32h747757-advanced-armbased-32bit-mcus-stmicroelectronics_dfsdm.pdf; rm0402-stm32f412-advanced-armbased-32bit-mcus-stmicroelectronics_dfsdm.pdf; rm0410-stm32f76xxx-and-stm32f77xxx-advanced-armbased-32bit-mcus-stmicroelectronics_dfsdm.pdf; rm0430-stm32f413423-advanced-armbased-32bit-mcus-stmicroelectronics_dfsdm.pdf; rm0432-stm32l4-series-advanced-armbased-32bit-mcus-stmicroelectronics_dfsdm.pdf; rm0433-stm32h742-stm32h743753-and-stm32h750-value-line-advanced-armbased-32bit-mcus-stmicroelectronics_dfsdm.pdf; rm0436-stm32mp157-advanced-armbased-32bit-mpus-stmicroelectronics_dfsdm.pdf; rm0438-stm32l5-series-advanced-armbased-32bit-mcus-stmicroelectronics_dfsdm.pdf; rm0441-stm32mp151-advanced-armbased-32bit-mpus-stmicroelectronics_dfsdm.pdf; rm0442-stm32mp153-advanced-armbased-32bit-mpus-stmicroelectronics_dfsdm.pdf; rm0455-stm32h7a37b3-and-stm32h7b0-value-line-advanced-armbased-32bit-mcus-stmicroelectronics_dfsdm.pdf; rm0468-stm32h723733-stm32h725735-and-stm32h730-value-line-advanced-armbased-32bit-mcus-stmicroelectronics_dfsdm.pdf; rm0475-stm32mp13xx-advanced-armbased-32bit-mpus-stmicroelectronics_dfsdm.pdf,31:8,23.0:0.0,USED,15,1
PLSSKP,rm0432-stm32l4-series-advanced-armbased-32bit-mcus-stmicroelectronics_dfsdm.pdf; rm0436-stm32mp157-advanced-armbased-32bit-mpus-stmicroelectronics_dfsdm.pdf; rm0438-stm32l5-series-advanced-armbased-32bit-mcus-stmicroelectronics_dfsdm.pdf; rm0441-stm32mp151-advanced-armbased-32bit-mpus-stmicroelectronics_dfsdm.pdf; rm0442-stm32mp153-advanced-armbased-32bit-mpus-stmicroelectronics_dfsdm.pdf; rm0455-stm32h7a37b3-and-stm32h7b0-value-line-advanced-armbased-32bit-mcus-stmicroelectronics_dfsdm.pdf; rm0468-stm32h723733-stm32h725735-and-stm32h730-value-line-advanced-armbased-32bit-mcus-stmicroelectronics_dfsdm.pdf; rm0475-stm32mp13xx-advanced-armbased-32bit-mpus-stmicroelectronics_dfsdm.pdf,5:0,5.0:0.0,NOT_APPLICABLE,8,1
RCH,rm0351-stm32l47xxx-stm32l48xxx-stm32l49xxx-and-stm32l4axxx-advanced-armbased-32bit-mcus-stmicroelectronics_dfsdm.pdf; rm0394-stm32l41xxx42xxx43xxx44xxx45xxx46xxx-advanced-armbased-32bit-mcus-stmicroelectronics_dfsdm.pdf; rm0399-stm32h745755-and-stm32h747757-advanced-armbased-32bit-mcus-stmicroelectronics_dfsdm.pdf; rm0402-stm32f412-advanced-armbased-32bit-mcus-stmicroelectronics_dfsdm.pdf; rm0410-stm32f76xxx-and-stm32f77xxx-advanced-armbased-32bit-mcus-stmicroelectronics_dfsdm.pdf; rm0430-stm32f413423-advanced-armbased-32bit-mcus-stmicroelectronics_dfsdm.pdf; rm0432-stm32l4-series-advanced-armbased-32bit-mcus-stmicroelectronics_dfsdm.pdf; rm0433-stm32h742-stm32h743753-and-stm32h750-value-line-advanced-armbased-32bit-mcus-stmicroelectronics_dfsdm.pdf; rm0436-stm32mp157-advanced-armbased-32bit-mpus-stmicroelectronics_dfsdm.pdf; rm0438-stm32l5-series-advanced-armbased-32bit-mcus-stmicroelectronics_dfsdm.pdf; rm0441-stm32mp151-advanced-armbased-32bit-mpus-stmicroelectronics_dfsdm.pdf; rm0442-stm32mp153-advanced-armbased-32bit-mpus-stmicroelectronics_dfsdm.pdf; rm0455-stm32h7a37b3-and-stm32h7b0-value-line-advanced-armbased-32bit-mcus-stmicroelectronics_dfsdm.pdf; rm0468-stm32h723733-stm32h725735-and-stm32h730-value-line-advanced-armbased-32bit-mcus-stmicroelectronics_dfsdm.pdf; rm0475-stm32mp13xx-advanced-armbased-32bit-mpus-stmicroelectronics_dfsdm.pdf,25:24; 26:24,1.0:0.0; 2.0:0.0,UNDOCUMENTED; USED,15,2
RCIP,rm0351-stm32l47xxx-stm32l48xxx-stm32l49xxx-and-stm32l4axxx-advanced-armbased-32bit-mcus-stmicroelectronics_dfsdm.pdf; rm0394-stm32l41xxx42xxx43xxx44xxx45xxx46xxx-advanced-armbased-32bit-mcus-stmicroelectronics_dfsdm.pdf; rm0399-stm32h745755-and-stm32h747757-advanced-armbased-32bit-mcus-stmicroelectronics_dfsdm.pdf; rm0402-stm32f412-advanced-armbased-32bit-mcus-stmicroelectronics_dfsdm.pdf; rm0410-stm32f76xxx-and-stm32f77xxx-advanced-armbased-32bit-mcus-stmicroelectronics_dfsdm.pdf; rm0430-stm32f413423-advanced-armbased-32bit-mcus-stmicroelectronics_dfsdm.pdf; rm0432-stm32l4-series-advanced-armbased-32bit-mcus-stmicroelectronics_dfsdm.pdf; rm0433-stm32h742-stm32h743753-and-stm32h750-value-line-advanced-armbased-32bit-mcus-stmicroelectronics_dfsdm.pdf; rm0436-stm32mp157-advanced-armbased-32bit-mpus-stmicroelectronics_dfsdm.pdf; rm0438-stm32l5-series-advanced-armbased-32bit-mcus-stmicroelectronics_dfsdm.pdf; rm0441-stm32mp151-advanced-armbased-32bit-mpus-stmicroelectronics_dfsdm.pdf; rm0442-stm32mp153-advanced-armbased-32bit-mpus-stmicroelectronics_dfsdm.pdf; rm0455-stm32h7a37b3-and-stm32h7b0-value-line-advanced-armbased-32bit-mcus-stmicroelectronics_dfsdm.pdf; rm0468-stm32h723733-stm32h725735-and-stm32h730-value-line-advanced-armbased-32bit-mcus-stmicroelectronics_dfsdm.pdf; rm0475-stm32mp13xx-advanced-armbased-32bit-mpus-stmicroelectronics_dfsdm.pdf,14,nan:nan,USED,15,1
RCONT,rm0351-stm32l47xxx-stm32l48xxx-stm32l49xxx-and-stm32l4axxx-advanced-armbased-32bit-mcus-stmicroelectronics_dfsdm.pdf; rm0394-stm32l41xxx42xxx43xxx44xxx45xxx46xxx-advanced-armbased-32bit-mcus-stmicroelectronics_dfsdm.pdf; rm0399-stm32h745755-and-stm32h747757-advanced-armbased-32bit-mcus-stmicroelectronics_dfsdm.pdf; rm0402-stm32f412-advanced-armbased-32bit-mcus-stmicroelectronics_dfsdm.pdf; rm0410-stm32f76xxx-and-stm32f77xxx-advanced-armbased-32bit-mcus-stmicroelectronics_dfsdm.pdf; rm0430-stm32f413423-advanced-armbased-32bit-mcus-stmicroelectronics_dfsdm.pdf; rm0432-stm32l4-series-advanced-armbased-32bit-mcus-stmicroelectronics_dfsdm.pdf; rm0433-stm32h742-stm32h743753-and-stm32h750-value-line-advanced-armbased-32bit-mcus-stmicroelectronics_dfsdm.pdf; rm0436-stm32mp157-advanced-armbased-32bit-mpus-stmicroelectronics_dfsdm.pdf; rm0438-stm32l5-series-advanced-armbased-32bit-mcus-stmicroelectronics_dfsdm.pdf; rm0441-stm32mp151-advanced-armbased-32bit-mpus-stmicroelectronics_dfsdm.pdf; rm0442-stm32mp153-advanced-armbased-32bit-mpus-stmicroelectronics_dfsdm.pdf; rm0455-stm32h7a37b3-and-stm32h7b0-value-line-advanced-armbased-32bit-mcus-stmicroelectronics_dfsdm.pdf; rm0468-stm32h723733-stm32h725735-and-stm32h730-value-line-advanced-armbased-32bit-mcus-stmicroelectronics_dfsdm.pdf; rm0475-stm32mp13xx-advanced-armbased-32bit-mpus-stmicroelectronics_dfsdm.pdf,18,nan:nan,UNDOCUMENTED; USED,15,1
RDATA,rm0351-stm32l47xxx-stm32l48xxx-stm32l49xxx-and-stm32l4axxx-advanced-armbased-32bit-mcus-stmicroelectronics_dfsdm.pdf; rm0394-stm32l41xxx42xxx43xxx44xxx45xxx46xxx-advanced-armbased-32bit-mcus-stmicroelectronics_dfsdm.pdf; rm0399-stm32h745755-and-stm32h747757-advanced-armbased-32bit-mcus-stmicroelectronics_dfsdm.pdf; rm0402-stm32f412-advanced-armbased-32bit-mcus-stmicroelectronics_dfsdm.pdf; rm0410-stm32f76xxx-and-stm32f77xxx-advanced-armbased-32bit-mcus-stmicroelectronics_dfsdm.pdf; rm0430-stm32f413423-advanced-armbased-32bit-mcus-stmicroelectronics_dfsdm.pdf; rm0432-stm32l4-series-advanced-armbased-32bit-mcus-stmicroelectronics_dfsdm.pdf; rm0433-stm32h742-stm32h743753-and-stm32h750-value-line-advanced-armbased-32bit-mcus-stmicroelectronics_dfsdm.pdf; rm0436-stm32mp157-advanced-armbased-32bit-mpus-stmicroelectronics_dfsdm.pdf; rm0438-stm32l5-series-advanced-armbased-32bit-mcus-stmicroelectronics_dfsdm.pdf; rm0441-stm32mp151-advanced-armbased-32bit-mpus-stmicroelectronics_dfsdm.pdf; rm0442-stm32mp153-advanced-armbased-32bit-mpus-stmicroelectronics_dfsdm.pdf; rm0455-stm32h7a37b3-and-stm32h7b0-value-line-advanced-armbased-32bit-mcus-stmicroelectronics_dfsdm.pdf; rm0468-stm32h723733-stm32h725735-and-stm32h730-value-line-advanced-armbased-32bit-mcus-stmicroelectronics_dfsdm.pdf; rm0475-stm32mp13xx-advanced-armbased-32bit-mpus-stmicroelectronics_dfsdm.pdf,31:8,23.0:0.0,USED,15,1
RDATACH,rm0351-stm32l47xxx-stm32l48xxx-stm32l49xxx-and-stm32l4axxx-advanced-armbased-32bit-mcus-stmicroelectronics_dfsdm.pdf; rm0394-stm32l41xxx42xxx43xxx44xxx45xxx46xxx-advanced-armbased-32bit-mcus-stmicroelectronics_dfsdm.pdf; rm0399-stm32h745755-and-stm32h747757-advanced-armbased-32bit-mcus-stmicroelectronics_dfsdm.pdf; rm0402-stm32f412-advanced-armbased-32bit-mcus-stmicroelectronics_dfsdm.pdf; rm0410-stm32f76xxx-and-stm32f77xxx-advanced-armbased-32bit-mcus-stmicroelectronics_dfsdm.pdf; rm0430-stm32f413423-advanced-armbased-32bit-mcus-stmicroelectronics_dfsdm.pdf; rm0432-stm32l4-series-advanced-armbased-32bit-mcus-stmicroelectronics_dfsdm.pdf; rm0433-stm32h742-stm32h743753-and-stm32h750-value-line-advanced-armbased-32bit-mcus-stmicroelectronics_dfsdm.pdf; rm0436-stm32mp157-advanced-armbased-32bit-mpus-stmicroelectronics_dfsdm.pdf; rm0438-stm32l5-series-advanced-armbased-32bit-mcus-stmicroelectronics_dfsdm.pdf; rm0441-stm32mp151-advanced-armbased-32bit-mpus-stmicroelectronics_dfsdm.pdf; rm0442-stm32mp153-advanced-armbased-32bit-mpus-stmicroelectronics_dfsdm.pdf; rm0455-stm32h7a37b3-and-stm32h7b0-value-line-advanced-armbased-32bit-mcus-stmicroelectronics_dfsdm.pdf; rm0468-stm32h723733-stm32h725735-and-stm32h730-value-line-advanced-armbased-32bit-mcus-stmicroelectronics_dfsdm.pdf; rm0475-stm32mp13xx-advanced-armbased-32bit-mpus-stmicroelectronics_dfsdm.pdf,1:0; 2:0,1.0:0.0; 2.0:0.0,NOT_APPLICABLE,15,2
RDMAEN,rm0351-stm32l47xxx-stm32l48xxx-stm32l49xxx-and-stm32l4axxx-advanced-armbased-32bit-mcus-stmicroelectronics_dfsdm.pdf; rm0394-stm32l41xxx42xxx43xxx44xxx45xxx46xxx-advanced-armbased-32bit-mcus-stmicroelectronics_dfsdm.pdf; rm0399-stm32h745755-and-stm32h747757-advanced-armbased-32bit-mcus-stmicroelectronics_dfsdm.pdf; rm0402-stm32f412-advanced-armbased-32bit-mcus-stmicroelectronics_dfsdm.pdf; rm0410-stm32f76xxx-and-stm32f77xxx-advanced-armbased-32bit-mcus-stmicroelectronics_dfsdm.pdf; rm0430-stm32f413423-advanced-armbased-32bit-mcus-stmicroelectronics_dfsdm.pdf; rm0432-stm32l4-series-advanced-armbased-32bit-mcus-stmicroelectronics_dfsdm.pdf; rm0433-stm32h742-stm32h743753-and-stm32h750-value-line-advanced-armbased-32bit-mcus-stmicroelectronics_dfsdm.pdf; rm0436-stm32mp157-advanced-armbased-32bit-mpus-stmicroelectronics_dfsdm.pdf; rm0438-stm32l5-series-advanced-armbased-32bit-mcus-stmicroelectronics_dfsdm.pdf; rm0441-stm32mp151-advanced-armbased-32bit-mpus-stmicroelectronics_dfsdm.pdf; rm0442-stm32mp153-advanced-armbased-32bit-mpus-stmicroelectronics_dfsdm.pdf; rm0455-stm32h7a37b3-and-stm32h7b0-value-line-advanced-armbased-32bit-mcus-stmicroelectronics_dfsdm.pdf; rm0468-stm32h723733-stm32h725735-and-stm32h730-value-line-advanced-armbased-32bit-mcus-stmicroelectronics_dfsdm.pdf; rm0475-stm32mp13xx-advanced-armbased-32bit-mpus-stmicroelectronics_dfsdm.pdf,21,nan:nan,UNDOCUMENTED; USED,15,1
REOCF,rm0351-stm32l47xxx-stm32l48xxx-stm32l49xxx-and-stm32l4axxx-advanced-armbased-32bit-mcus-stmicroelectronics_dfsdm.pdf; rm0394-stm32l41xxx42xxx43xxx44xxx45xxx46xxx-advanced-armbased-32bit-mcus-stmicroelectronics_dfsdm.pdf; rm0399-stm32h745755-and-stm32h747757-advanced-armbased-32bit-mcus-stmicroelectronics_dfsdm.pdf; rm0402-stm32f412-advanced-armbased-32bit-mcus-stmicroelectronics_dfsdm.pdf; rm0410-stm32f76xxx-and-stm32f77xxx-advanced-armbased-32bit-mcus-stmicroelectronics_dfsdm.pdf; rm0430-stm32f413423-advanced-armbased-32bit-mcus-stmicroelectronics_dfsdm.pdf; rm0432-stm32l4-series-advanced-armbased-32bit-mcus-stmicroelectronics_dfsdm.pdf; rm0433-stm32h742-stm32h743753-and-stm32h750-value-line-advanced-armbased-32bit-mcus-stmicroelectronics_dfsdm.pdf; rm0436-stm32mp157-advanced-armbased-32bit-mpus-stmicroelectronics_dfsdm.pdf; rm0438-stm32l5-series-advanced-armbased-32bit-mcus-stmicroelectronics_dfsdm.pdf; rm0441-stm32mp151-advanced-armbased-32bit-mpus-stmicroelectronics_dfsdm.pdf; rm0442-stm32mp153-advanced-armbased-32bit-mpus-stmicroelectronics_dfsdm.pdf; rm0455-stm32h7a37b3-and-stm32h7b0-value-line-advanced-armbased-32bit-mcus-stmicroelectronics_dfsdm.pdf; rm0468-stm32h723733-stm32h725735-and-stm32h730-value-line-advanced-armbased-32bit-mcus-stmicroelectronics_dfsdm.pdf; rm0475-stm32mp13xx-advanced-armbased-32bit-mpus-stmicroelectronics_dfsdm.pdf,1,nan:nan,NOT_APPLICABLE,15,1
REOCIE,rm0351-stm32l47xxx-stm32l48xxx-stm32l49xxx-and-stm32l4axxx-advanced-armbased-32bit-mcus-stmicroelectronics_dfsdm.pdf; rm0394-stm32l41xxx42xxx43xxx44xxx45xxx46xxx-advanced-armbased-32bit-mcus-stmicroelectronics_dfsdm.pdf; rm0399-stm32h745755-and-stm32h747757-advanced-armbased-32bit-mcus-stmicroelectronics_dfsdm.pdf; rm0402-stm32f412-advanced-armbased-32bit-mcus-stmicroelectronics_dfsdm.pdf; rm0410-stm32f76xxx-and-stm32f77xxx-advanced-armbased-32bit-mcus-stmicroelectronics_dfsdm.pdf; rm0430-stm32f413423-advanced-armbased-32bit-mcus-stmicroelectronics_dfsdm.pdf; rm0432-stm32l4-series-advanced-armbased-32bit-mcus-stmicroelectronics_dfsdm.pdf; rm0433-stm32h742-stm32h743753-and-stm32h750-value-line-advanced-armbased-32bit-mcus-stmicroelectronics_dfsdm.pdf; rm0436-stm32mp157-advanced-armbased-32bit-mpus-stmicroelectronics_dfsdm.pdf; rm0438-stm32l5-series-advanced-armbased-32bit-mcus-stmicroelectronics_dfsdm.pdf; rm0441-stm32mp151-advanced-armbased-32bit-mpus-stmicroelectronics_dfsdm.pdf; rm0442-stm32mp153-advanced-armbased-32bit-mpus-stmicroelectronics_dfsdm.pdf; rm0455-stm32h7a37b3-and-stm32h7b0-value-line-advanced-armbased-32bit-mcus-stmicroelectronics_dfsdm.pdf; rm0468-stm32h723733-stm32h725735-and-stm32h730-value-line-advanced-armbased-32bit-mcus-stmicroelectronics_dfsdm.pdf; rm0475-stm32mp13xx-advanced-armbased-32bit-mpus-stmicroelectronics_dfsdm.pdf,1,nan:nan,NOT_APPLICABLE,15,1
ROVRF,rm0351-stm32l47xxx-stm32l48xxx-stm32l49xxx-and-stm32l4axxx-advanced-armbased-32bit-mcus-stmicroelectronics_dfsdm.pdf; rm0394-stm32l41xxx42xxx43xxx44xxx45xxx46xxx-advanced-armbased-32bit-mcus-stmicroelectronics_dfsdm.pdf; rm0399-stm32h745755-and-stm32h747757-advanced-armbased-32bit-mcus-stmicroelectronics_dfsdm.pdf; rm0402-stm32f412-advanced-armbased-32bit-mcus-stmicroelectronics_dfsdm.pdf; rm0410-stm32f76xxx-and-stm32f77xxx-advanced-armbased-32bit-mcus-stmicroelectronics_dfsdm.pdf; rm0430-stm32f413423-advanced-armbased-32bit-mcus-stmicroelectronics_dfsdm.pdf; rm0432-stm32l4-series-advanced-armbased-32bit-mcus-stmicroelectronics_dfsdm.pdf; rm0433-stm32h742-stm32h743753-and-stm32h750-value-line-advanced-armbased-32bit-mcus-stmicroelectronics_dfsdm.pdf; rm0436-stm32mp157-advanced-armbased-32bit-mpus-stmicroelectronics_dfsdm.pdf; rm0438-stm32l5-series-advanced-armbased-32bit-mcus-stmicroelectronics_dfsdm.pdf; rm0441-stm32mp151-advanced-armbased-32bit-mpus-stmicroelectronics_dfsdm.pdf; rm0442-stm32mp153-advanced-armbased-32bit-mpus-stmicroelectronics_dfsdm.pdf; rm0455-stm32h7a37b3-and-stm32h7b0-value-line-advanced-armbased-32bit-mcus-stmicroelectronics_dfsdm.pdf; rm0468-stm32h723733-stm32h725735-and-stm32h730-value-line-advanced-armbased-32bit-mcus-stmicroelectronics_dfsdm.pdf; rm0475-stm32mp13xx-advanced-armbased-32bit-mpus-stmicroelectronics_dfsdm.pdf,3,nan:nan,NOT_APPLICABLE,15,1
ROVRIE,rm0351-stm32l47xxx-stm32l48xxx-stm32l49xxx-and-stm32l4axxx-advanced-armbased-32bit-mcus-stmicroelectronics_dfsdm.pdf; rm0394-stm32l41xxx42xxx43xxx44xxx45xxx46xxx-advanced-armbased-32bit-mcus-stmicroelectronics_dfsdm.pdf; rm0399-stm32h745755-and-stm32h747757-advanced-armbased-32bit-mcus-stmicroelectronics_dfsdm.pdf; rm0402-stm32f412-advanced-armbased-32bit-mcus-stmicroelectronics_dfsdm.pdf; rm0410-stm32f76xxx-and-stm32f77xxx-advanced-armbased-32bit-mcus-stmicroelectronics_dfsdm.pdf; rm0430-stm32f413423-advanced-armbased-32bit-mcus-stmicroelectronics_dfsdm.pdf; rm0432-stm32l4-series-advanced-armbased-32bit-mcus-stmicroelectronics_dfsdm.pdf; rm0433-stm32h742-stm32h743753-and-stm32h750-value-line-advanced-armbased-32bit-mcus-stmicroelectronics_dfsdm.pdf; rm0436-stm32mp157-advanced-armbased-32bit-mpus-stmicroelectronics_dfsdm.pdf; rm0438-stm32l5-series-advanced-armbased-32bit-mcus-stmicroelectronics_dfsdm.pdf; rm0441-stm32mp151-advanced-armbased-32bit-mpus-stmicroelectronics_dfsdm.pdf; rm0442-stm32mp153-advanced-armbased-32bit-mpus-stmicroelectronics_dfsdm.pdf; rm0455-stm32h7a37b3-and-stm32h7b0-value-line-advanced-armbased-32bit-mcus-stmicroelectronics_dfsdm.pdf; rm0468-stm32h723733-stm32h725735-and-stm32h730-value-line-advanced-armbased-32bit-mcus-stmicroelectronics_dfsdm.pdf; rm0475-stm32mp13xx-advanced-armbased-32bit-mpus-stmicroelectronics_dfsdm.pdf,3,nan:nan,NOT_APPLICABLE,15,1
RPEND,rm0351-stm32l47xxx-stm32l48xxx-stm32l49xxx-and-stm32l4axxx-advanced-armbased-32bit-mcus-stmicroelectronics_dfsdm.pdf; rm0394-stm32l41xxx42xxx43xxx44xxx45xxx46xxx-advanced-armbased-32bit-mcus-stmicroelectronics_dfsdm.pdf; rm0399-stm32h745755-and-stm32h747757-advanced-armbased-32bit-mcus-stmicroelectronics_dfsdm.pdf; rm0402-stm32f412-advanced-armbased-32bit-mcus-stmicroelectronics_dfsdm.pdf; rm0410-stm32f76xxx-and-stm32f77xxx-advanced-armbased-32bit-mcus-stmicroelectronics_dfsdm.pdf; rm0430-stm32f413423-advanced-armbased-32bit-mcus-stmicroelectronics_dfsdm.pdf; rm0432-stm32l4-series-advanced-armbased-32bit-mcus-stmicroelectronics_dfsdm.pdf; rm0433-stm32h742-stm32h743753-and-stm32h750-value-line-advanced-armbased-32bit-mcus-stmicroelectronics_dfsdm.pdf; rm0436-stm32mp157-advanced-armbased-32bit-mpus-stmicroelectronics_dfsdm.pdf; rm0438-stm32l5-series-advanced-armbased-32bit-mcus-stmicroelectronics_dfsdm.pdf; rm0441-stm32mp151-advanced-armbased-32bit-mpus-stmicroelectronics_dfsdm.pdf; rm0442-stm32mp153-advanced-armbased-32bit-mpus-stmicroelectronics_dfsdm.pdf; rm0455-stm32h7a37b3-and-stm32h7b0-value-line-advanced-armbased-32bit-mcus-stmicroelectronics_dfsdm.pdf; rm0468-stm32h723733-stm32h725735-and-stm32h730-value-line-advanced-armbased-32bit-mcus-stmicroelectronics_dfsdm.pdf; rm0475-stm32mp13xx-advanced-armbased-32bit-mpus-stmicroelectronics_dfsdm.pdf,4,nan:nan,NOT_APPLICABLE,15,1
RSWSTART,rm0351-stm32l47xxx-stm32l48xxx-stm32l49xxx-and-stm32l4axxx-advanced-armbased-32bit-mcus-stmicroelectronics_dfsdm.pdf; rm0394-stm32l41xxx42xxx43xxx44xxx45xxx46xxx-advanced-armbased-32bit-mcus-stmicroelectronics_dfsdm.pdf; rm0399-stm32h745755-and-stm32h747757-advanced-armbased-32bit-mcus-stmicroelectronics_dfsdm.pdf; rm0402-stm32f412-advanced-armbased-32bit-mcus-stmicroelectronics_dfsdm.pdf; rm0410-stm32f76xxx-and-stm32f77xxx-advanced-armbased-32bit-mcus-stmicroelectronics_dfsdm.pdf; rm0430-stm32f413423-advanced-armbased-32bit-mcus-stmicroelectronics_dfsdm.pdf; rm0432-stm32l4-series-advanced-armbased-32bit-mcus-stmicroelectronics_dfsdm.pdf; rm0433-stm32h742-stm32h743753-and-stm32h750-value-line-advanced-armbased-32bit-mcus-stmicroelectronics_dfsdm.pdf; rm0436-stm32mp157-advanced-armbased-32bit-mpus-stmicroelectronics_dfsdm.pdf; rm0438-stm32l5-series-advanced-armbased-32bit-mcus-stmicroelectronics_dfsdm.pdf; rm0441-stm32mp151-advanced-armbased-32bit-mpus-stmicroelectronics_dfsdm.pdf; rm0442-stm32mp153-advanced-armbased-32bit-mpus-stmicroelectronics_dfsdm.pdf; rm0455-stm32h7a37b3-and-stm32h7b0-value-line-advanced-armbased-32bit-mcus-stmicroelectronics_dfsdm.pdf; rm0468-stm32h723733-stm32h725735-and-stm32h730-value-line-advanced-armbased-32bit-mcus-stmicroelectronics_dfsdm.pdf; rm0475-stm32mp13xx-advanced-armbased-32bit-mpus-stmicroelectronics_dfsdm.pdf,17,nan:nan,USED,15,1
RSYNC,rm0351-stm32l47xxx-stm32l48xxx-stm32l49xxx-and-stm32l4axxx-advanced-armbased-32bit-mcus-stmicroelectronics_dfsdm.pdf; rm0394-stm32l41xxx42xxx43xxx44xxx45xxx46xxx-advanced-armbased-32bit-mcus-stmicroelectronics_dfsdm.pdf; rm0399-stm32h745755-and-stm32h747757-advanced-armbased-32bit-mcus-stmicroelectronics_dfsdm.pdf; rm0402-stm32f412-advanced-armbased-32bit-mcus-stmicroelectronics_dfsdm.pdf; rm0410-stm32f76xxx-and-stm32f77xxx-advanced-armbased-32bit-mcus-stmicroelectronics_dfsdm.pdf; rm0430-stm32f413423-advanced-armbased-32bit-mcus-stmicroelectronics_dfsdm.pdf; rm0432-stm32l4-series-advanced-armbased-32bit-mcus-stmicroelectronics_dfsdm.pdf; rm0433-stm32h742-stm32h743753-and-stm32h750-value-line-advanced-armbased-32bit-mcus-stmicroelectronics_dfsdm.pdf; rm0436-stm32mp157-advanced-armbased-32bit-mpus-stmicroelectronics_dfsdm.pdf; rm0438-stm32l5-series-advanced-armbased-32bit-mcus-stmicroelectronics_dfsdm.pdf; rm0441-stm32mp151-advanced-armbased-32bit-mpus-stmicroelectronics_dfsdm.pdf; rm0442-stm32mp153-advanced-armbased-32bit-mpus-stmicroelectronics_dfsdm.pdf; rm0455-stm32h7a37b3-and-stm32h7b0-value-line-advanced-armbased-32bit-mcus-stmicroelectronics_dfsdm.pdf; rm0468-stm32h723733-stm32h725735-and-stm32h730-value-line-advanced-armbased-32bit-mcus-stmicroelectronics_dfsdm.pdf; rm0475-stm32mp13xx-advanced-armbased-32bit-mpus-stmicroelectronics_dfsdm.pdf,19,nan:nan,USED,15,1
SCDEN,rm0351-stm32l47xxx-stm32l48xxx-stm32l49xxx-and-stm32l4axxx-advanced-armbased-32bit-mcus-stmicroelectronics_dfsdm.pdf; rm0394-stm32l41xxx42xxx43xxx44xxx45xxx46xxx-advanced-armbased-32bit-mcus-stmicroelectronics_dfsdm.pdf; rm0399-stm32h745755-and-stm32h747757-advanced-armbased-32bit-mcus-stmicroelectronics_dfsdm.pdf; rm0402-stm32f412-advanced-armbased-32bit-mcus-stmicroelectronics_dfsdm.pdf; rm0410-stm32f76xxx-and-stm32f77xxx-advanced-armbased-32bit-mcus-stmicroelectronics_dfsdm.pdf; rm0430-stm32f413423-advanced-armbased-32bit-mcus-stmicroelectronics_dfsdm.pdf; rm0432-stm32l4-series-advanced-armbased-32bit-mcus-stmicroelectronics_dfsdm.pdf; rm0433-stm32h742-stm32h743753-and-stm32h750-value-line-advanced-armbased-32bit-mcus-stmicroelectronics_dfsdm.pdf; rm0436-stm32mp157-advanced-armbased-32bit-mpus-stmicroelectronics_dfsdm.pdf; rm0438-stm32l5-series-advanced-armbased-32bit-mcus-stmicroelectronics_dfsdm.pdf; rm0441-stm32mp151-advanced-armbased-32bit-mpus-stmicroelectronics_dfsdm.pdf; rm0442-stm32mp153-advanced-armbased-32bit-mpus-stmicroelectronics_dfsdm.pdf; rm0455-stm32h7a37b3-and-stm32h7b0-value-line-advanced-armbased-32bit-mcus-stmicroelectronics_dfsdm.pdf; rm0468-stm32h723733-stm32h725735-and-stm32h730-value-line-advanced-armbased-32bit-mcus-stmicroelectronics_dfsdm.pdf; rm0475-stm32mp13xx-advanced-armbased-32bit-mpus-stmicroelectronics_dfsdm.pdf,5,nan:nan,NOT_APPLICABLE,15,1
SCDF,rm0351-stm32l47xxx-stm32l48xxx-stm32l49xxx-and-stm32l4axxx-advanced-armbased-32bit-mcus-stmicroelectronics_dfsdm.pdf; rm0394-stm32l41xxx42xxx43xxx44xxx45xxx46xxx-advanced-armbased-32bit-mcus-stmicroelectronics_dfsdm.pdf; rm0399-stm32h745755-and-stm32h747757-advanced-armbased-32bit-mcus-stmicroelectronics_dfsdm.pdf; rm0402-stm32f412-advanced-armbased-32bit-mcus-stmicroelectronics_dfsdm.pdf; rm0410-stm32f76xxx-and-stm32f77xxx-advanced-armbased-32bit-mcus-stmicroelectronics_dfsdm.pdf; rm0430-stm32f413423-advanced-armbased-32bit-mcus-stmicroelectronics_dfsdm.pdf; rm0432-stm32l4-series-advanced-armbased-32bit-mcus-stmicroelectronics_dfsdm.pdf; rm0433-stm32h742-stm32h743753-and-stm32h750-value-line-advanced-armbased-32bit-mcus-stmicroelectronics_dfsdm.pdf; rm0436-stm32mp157-advanced-armbased-32bit-mpus-stmicroelectronics_dfsdm.pdf; rm0438-stm32l5-series-advanced-armbased-32bit-mcus-stmicroelectronics_dfsdm.pdf; rm0441-stm32mp151-advanced-armbased-32bit-mpus-stmicroelectronics_dfsdm.pdf; rm0442-stm32mp153-advanced-armbased-32bit-mpus-stmicroelectronics_dfsdm.pdf; rm0455-stm32h7a37b3-and-stm32h7b0-value-line-advanced-armbased-32bit-mcus-stmicroelectronics_dfsdm.pdf; rm0468-stm32h723733-stm32h725735-and-stm32h730-value-line-advanced-armbased-32bit-mcus-stmicroelectronics_dfsdm.pdf; rm0475-stm32mp13xx-advanced-armbased-32bit-mpus-stmicroelectronics_dfsdm.pdf,27:24; 31:24,3.0:0.0; 7.0:0.0,USED,15,2
SCDIE,rm0351-stm32l47xxx-stm32l48xxx-stm32l49xxx-and-stm32l4axxx-advanced-armbased-32bit-mcus-stmicroelectronics_dfsdm.pdf; rm0394-stm32l41xxx42xxx43xxx44xxx45xxx46xxx-advanced-armbased-32bit-mcus-stmicroelectronics_dfsdm.pdf; rm0399-stm32h745755-and-stm32h747757-advanced-armbased-32bit-mcus-stmicroelectronics_dfsdm.pdf; rm0402-stm32f412-advanced-armbased-32bit-mcus-stmicroelectronics_dfsdm.pdf; rm0410-stm32f76xxx-and-stm32f77xxx-advanced-armbased-32bit-mcus-stmicroelectronics_dfsdm.pdf; rm0430-stm32f413423-advanced-armbased-32bit-mcus-stmicroelectronics_dfsdm.pdf; rm0432-stm32l4-series-advanced-armbased-32bit-mcus-stmicroelectronics_dfsdm.pdf; rm0433-stm32h742-stm32h743753-and-stm32h750-value-line-advanced-armbased-32bit-mcus-stmicroelectronics_dfsdm.pdf; rm0436-stm32mp157-advanced-armbased-32bit-mpus-stmicroelectronics_dfsdm.pdf; rm0438-stm32l5-series-advanced-armbased-32bit-mcus-stmicroelectronics_dfsdm.pdf; rm0441-stm32mp151-advanced-armbased-32bit-mpus-stmicroelectronics_dfsdm.pdf; rm0442-stm32mp153-advanced-armbased-32bit-mpus-stmicroelectronics_dfsdm.pdf; rm0455-stm32h7a37b3-and-stm32h7b0-value-line-advanced-armbased-32bit-mcus-stmicroelectronics_dfsdm.pdf; rm0468-stm32h723733-stm32h725735-and-stm32h730-value-line-advanced-armbased-32bit-mcus-stmicroelectronics_dfsdm.pdf; rm0475-stm32mp13xx-advanced-armbased-32bit-mpus-stmicroelectronics_dfsdm.pdf,5,nan:nan,NOT_APPLICABLE,15,1
SCDT,rm0351-stm32l47xxx-stm32l48xxx-stm32l49xxx-and-stm32l4axxx-advanced-armbased-32bit-mcus-stmicroelectronics_dfsdm.pdf; rm0394-stm32l41xxx42xxx43xxx44xxx45xxx46xxx-advanced-armbased-32bit-mcus-stmicroelectronics_dfsdm.pdf; rm0399-stm32h745755-and-stm32h747757-advanced-armbased-32bit-mcus-stmicroelectronics_dfsdm.pdf; rm0402-stm32f412-advanced-armbased-32bit-mcus-stmicroelectronics_dfsdm.pdf; rm0410-stm32f76xxx-and-stm32f77xxx-advanced-armbased-32bit-mcus-stmicroelectronics_dfsdm.pdf; rm0430-stm32f413423-advanced-armbased-32bit-mcus-stmicroelectronics_dfsdm.pdf; rm0432-stm32l4-series-advanced-armbased-32bit-mcus-stmicroelectronics_dfsdm.pdf; rm0433-stm32h742-stm32h743753-and-stm32h750-value-line-advanced-armbased-32bit-mcus-stmicroelectronics_dfsdm.pdf; rm0436-stm32mp157-advanced-armbased-32bit-mpus-stmicroelectronics_dfsdm.pdf; rm0438-stm32l5-series-advanced-armbased-32bit-mcus-stmicroelectronics_dfsdm.pdf; rm0441-stm32mp151-advanced-armbased-32bit-mpus-stmicroelectronics_dfsdm.pdf; rm0442-stm32mp153-advanced-armbased-32bit-mpus-stmicroelectronics_dfsdm.pdf; rm0455-stm32h7a37b3-and-stm32h7b0-value-line-advanced-armbased-32bit-mcus-stmicroelectronics_dfsdm.pdf; rm0468-stm32h723733-stm32h725735-and-stm32h730-value-line-advanced-armbased-32bit-mcus-stmicroelectronics_dfsdm.pdf; rm0475-stm32mp13xx-advanced-armbased-32bit-mpus-stmicroelectronics_dfsdm.pdf,7:0,7.0:0.0,NOT_APPLICABLE,15,1
SID,rm0436-stm32mp157-advanced-armbased-32bit-mpus-stmicroelectronics_dfsdm.pdf; rm0441-stm32mp151-advanced-armbased-32bit-mpus-stmicroelectronics_dfsdm.pdf; rm0442-stm32mp153-advanced-armbased-32bit-mpus-stmicroelectronics_dfsdm.pdf; rm0475-stm32mp13xx-advanced-armbased-32bit-mpus-stmicroelectronics_dfsdm.pdf,31:0,31.0:0.0,NOT_APPLICABLE,4,1
SITP,rm0351-stm32l47xxx-stm32l48xxx-stm32l49xxx-and-stm32l4axxx-advanced-armbased-32bit-mcus-stmicroelectronics_dfsdm.pdf; rm0394-stm32l41xxx42xxx43xxx44xxx45xxx46xxx-advanced-armbased-32bit-mcus-stmicroelectronics_dfsdm.pdf; rm0399-stm32h745755-and-stm32h747757-advanced-armbased-32bit-mcus-stmicroelectronics_dfsdm.pdf; rm0402-stm32f412-advanced-armbased-32bit-mcus-stmicroelectronics_dfsdm.pdf; rm0410-stm32f76xxx-and-stm32f77xxx-advanced-armbased-32bit-mcus-stmicroelectronics_dfsdm.pdf; rm0430-stm32f413423-advanced-armbased-32bit-mcus-stmicroelectronics_dfsdm.pdf; rm0432-stm32l4-series-advanced-armbased-32bit-mcus-stmicroelectronics_dfsdm.pdf; rm0433-stm32h742-stm32h743753-and-stm32h750-value-line-advanced-armbased-32bit-mcus-stmicroelectronics_dfsdm.pdf; rm0436-stm32mp157-advanced-armbased-32bit-mpus-stmicroelectronics_dfsdm.pdf; rm0438-stm32l5-series-advanced-armbased-32bit-mcus-stmicroelectronics_dfsdm.pdf; rm0441-stm32mp151-advanced-armbased-32bit-mpus-stmicroelectronics_dfsdm.pdf; rm0442-stm32mp153-advanced-armbased-32bit-mpus-stmicroelectronics_dfsdm.pdf; rm0455-stm32h7a37b3-and-stm32h7b0-value-line-advanced-armbased-32bit-mcus-stmicroelectronics_dfsdm.pdf; rm0468-stm32h723733-stm32h725735-and-stm32h730-value-line-advanced-armbased-32bit-mcus-stmicroelectronics_dfsdm.pdf; rm0475-stm32mp13xx-advanced-armbased-32bit-mpus-stmicroelectronics_dfsdm.pdf,1:0,1.0:0.0,NOT_APPLICABLE,15,1
SPICKSEL,rm0351-stm32l47xxx-stm32l48xxx-stm32l49xxx-and-stm32l4axxx-advanced-armbased-32bit-mcus-stmicroelectronics_dfsdm.pdf; rm0394-stm32l41xxx42xxx43xxx44xxx45xxx46xxx-advanced-armbased-32bit-mcus-stmicroelectronics_dfsdm.pdf; rm0399-stm32h745755-and-stm32h747757-advanced-armbased-32bit-mcus-stmicroelectronics_dfsdm.pdf; rm0402-stm32f412-advanced-armbased-32bit-mcus-stmicroelectronics_dfsdm.pdf; rm0410-stm32f76xxx-and-stm32f77xxx-advanced-armbased-32bit-mcus-stmicroelectronics_dfsdm.pdf; rm0430-stm32f413423-advanced-armbased-32bit-mcus-stmicroelectronics_dfsdm.pdf; rm0432-stm32l4-series-advanced-armbased-32bit-mcus-stmicroelectronics_dfsdm.pdf; rm0433-stm32h742-stm32h743753-and-stm32h750-value-line-advanced-armbased-32bit-mcus-stmicroelectronics_dfsdm.pdf; rm0436-stm32mp157-advanced-armbased-32bit-mpus-stmicroelectronics_dfsdm.pdf; rm0438-stm32l5-series-advanced-armbased-32bit-mcus-stmicroelectronics_dfsdm.pdf; rm0441-stm32mp151-advanced-armbased-32bit-mpus-stmicroelectronics_dfsdm.pdf; rm0442-stm32mp153-advanced-armbased-32bit-mpus-stmicroelectronics_dfsdm.pdf; rm0455-stm32h7a37b3-and-stm32h7b0-value-line-advanced-armbased-32bit-mcus-stmicroelectronics_dfsdm.pdf; rm0468-stm32h723733-stm32h725735-and-stm32h730-value-line-advanced-armbased-32bit-mcus-stmicroelectronics_dfsdm.pdf; rm0475-stm32mp13xx-advanced-armbased-32bit-mpus-stmicroelectronics_dfsdm.pdf,3:2,1.0:0.0,NOT_APPLICABLE,15,1
WDATA,rm0351-stm32l47xxx-stm32l48xxx-stm32l49xxx-and-stm32l4axxx-advanced-armbased-32bit-mcus-stmicroelectronics_dfsdm.pdf; rm0394-stm32l41xxx42xxx43xxx44xxx45xxx46xxx-advanced-armbased-32bit-mcus-stmicroelectronics_dfsdm.pdf; rm0399-stm32h745755-and-stm32h747757-advanced-armbased-32bit-mcus-stmicroelectronics_dfsdm.pdf; rm0402-stm32f412-advanced-armbased-32bit-mcus-stmicroelectronics_dfsdm.pdf; rm0410-stm32f76xxx-and-stm32f77xxx-advanced-armbased-32bit-mcus-stmicroelectronics_dfsdm.pdf; rm0430-stm32f413423-advanced-armbased-32bit-mcus-stmicroelectronics_dfsdm.pdf; rm0432-stm32l4-series-advanced-armbased-32bit-mcus-stmicroelectronics_dfsdm.pdf; rm0433-stm32h742-stm32h743753-and-stm32h750-value-line-advanced-armbased-32bit-mcus-stmicroelectronics_dfsdm.pdf; rm0436-stm32mp157-advanced-armbased-32bit-mpus-stmicroelectronics_dfsdm.pdf; rm0438-stm32l5-series-advanced-armbased-32bit-mcus-stmicroelectronics_dfsdm.pdf; rm0441-stm32mp151-advanced-armbased-32bit-mpus-stmicroelectronics_dfsdm.pdf; rm0442-stm32mp153-advanced-armbased-32bit-mpus-stmicroelectronics_dfsdm.pdf; rm0455-stm32h7a37b3-and-stm32h7b0-value-line-advanced-armbased-32bit-mcus-stmicroelectronics_dfsdm.pdf; rm0468-stm32h723733-stm32h725735-and-stm32h730-value-line-advanced-armbased-32bit-mcus-stmicroelectronics_dfsdm.pdf; rm0475-stm32mp13xx-advanced-armbased-32bit-mpus-stmicroelectronics_dfsdm.pdf,15:0,15.0:0.0,NOT_APPLICABLE,15,1
